solid OpenSCAD_Model
  facet normal 0.595698 0.803209 -0
    outer loop
      vertex 24.7413 30.1474 0
      vertex 21.6672 32.4273 34
      vertex 24.7413 30.1474 34
    endloop
  endfacet
  facet normal 0.595698 0.803209 0
    outer loop
      vertex 21.6672 32.4273 34
      vertex 24.7413 30.1474 0
      vertex 21.6672 32.4273 0
    endloop
  endfacet
  facet normal -0.336892 0.941543 0
    outer loop
      vertex -11.3211 37.3207 0
      vertex -14.9247 36.0313 34
      vertex -11.3211 37.3207 34
    endloop
  endfacet
  facet normal -0.336892 0.941543 0
    outer loop
      vertex -14.9247 36.0313 34
      vertex -11.3211 37.3207 0
      vertex -14.9247 36.0313 0
    endloop
  endfacet
  facet normal -0.903986 0.427563 0
    outer loop
      vertex -36.0313 14.9247 0
      vertex -34.3949 18.3845 34
      vertex -34.3949 18.3845 0
    endloop
  endfacet
  facet normal -0.903986 0.427563 0
    outer loop
      vertex -34.3949 18.3845 34
      vertex -36.0313 14.9247 0
      vertex -36.0313 14.9247 34
    endloop
  endfacet
  facet normal 0.903986 0.427563 0
    outer loop
      vertex 36.0313 14.9247 34
      vertex 34.3949 18.3845 0
      vertex 34.3949 18.3845 34
    endloop
  endfacet
  facet normal 0.903986 0.427563 0
    outer loop
      vertex 34.3949 18.3845 0
      vertex 36.0313 14.9247 34
      vertex 36.0313 14.9247 0
    endloop
  endfacet
  facet normal 0.857726 0.514108 0
    outer loop
      vertex 34.3949 18.3845 34
      vertex 32.4273 21.6672 0
      vertex 32.4273 21.6672 34
    endloop
  endfacet
  facet normal 0.857726 0.514108 0
    outer loop
      vertex 32.4273 21.6672 0
      vertex 34.3949 18.3845 34
      vertex 34.3949 18.3845 0
    endloop
  endfacet
  facet normal 0.336892 0.941543 -0
    outer loop
      vertex 14.9247 36.0313 0
      vertex 11.3211 37.3207 34
      vertex 14.9247 36.0313 34
    endloop
  endfacet
  facet normal 0.336892 0.941543 0
    outer loop
      vertex 11.3211 37.3207 34
      vertex 14.9247 36.0313 0
      vertex 11.3211 37.3207 0
    endloop
  endfacet
  facet normal 0.146736 0.989176 -0
    outer loop
      vertex 7.60852 38.2506 0
      vertex 3.82267 38.8122 34
      vertex 7.60852 38.2506 34
    endloop
  endfacet
  facet normal 0.146736 0.989176 0
    outer loop
      vertex 3.82267 38.8122 34
      vertex 7.60852 38.2506 0
      vertex 3.82267 38.8122 0
    endloop
  endfacet
  facet normal -0.740965 0.671543 0
    outer loop
      vertex -30.1474 24.7413 0
      vertex -27.5772 27.5772 34
      vertex -27.5772 27.5772 0
    endloop
  endfacet
  facet normal -0.740965 0.671543 0
    outer loop
      vertex -27.5772 27.5772 34
      vertex -30.1474 24.7413 0
      vertex -30.1474 24.7413 34
    endloop
  endfacet
  facet normal -0.146736 0.989176 0
    outer loop
      vertex -3.82267 38.8122 0
      vertex -7.60852 38.2506 34
      vertex -3.82267 38.8122 34
    endloop
  endfacet
  facet normal -0.146736 0.989176 0
    outer loop
      vertex -7.60852 38.2506 34
      vertex -3.82267 38.8122 0
      vertex -7.60852 38.2506 0
    endloop
  endfacet
  facet normal 0.998797 -0.0490319 0
    outer loop
      vertex 39 0 34
      vertex 38.946 -1.1 27
      vertex 39 0 27
    endloop
  endfacet
  facet normal 0.998795 -0.0490837 0
    outer loop
      vertex 38.946 -1.1 27
      vertex 38.8122 -3.82267 34
      vertex 38.946 -1.1 13
    endloop
  endfacet
  facet normal 0.998795 -0.0490688 5.81614e-06
    outer loop
      vertex 38.8122 -3.82267 34
      vertex 38.946 -1.1 27
      vertex 39 0 34
    endloop
  endfacet
  facet normal 0.998797 -0.0490319 0
    outer loop
      vertex 38.946 -1.1 13
      vertex 39 0 0
      vertex 39 0 13
    endloop
  endfacet
  facet normal 0.998795 -0.0490837 0
    outer loop
      vertex 38.8122 -3.82267 0
      vertex 38.946 -1.1 13
      vertex 38.8122 -3.82267 34
    endloop
  endfacet
  facet normal 0.998795 -0.0490688 -3.13177e-06
    outer loop
      vertex 38.946 -1.1 13
      vertex 38.8122 -3.82267 0
      vertex 39 0 0
    endloop
  endfacet
  facet normal 0.803209 -0.595698 0
    outer loop
      vertex 30.1474 -24.7413 34
      vertex 32.4273 -21.6672 0
      vertex 32.4273 -21.6672 34
    endloop
  endfacet
  facet normal 0.803209 -0.595698 0
    outer loop
      vertex 32.4273 -21.6672 0
      vertex 30.1474 -24.7413 34
      vertex 30.1474 -24.7413 0
    endloop
  endfacet
  facet normal -0.146736 -0.989176 0
    outer loop
      vertex -7.60852 -38.2506 0
      vertex -3.82267 -38.8122 34
      vertex -7.60852 -38.2506 34
    endloop
  endfacet
  facet normal -0.146736 -0.989176 -0
    outer loop
      vertex -3.82267 -38.8122 34
      vertex -7.60852 -38.2506 0
      vertex -3.82267 -38.8122 0
    endloop
  endfacet
  facet normal -0.671543 -0.740965 0
    outer loop
      vertex -27.5772 -27.5772 0
      vertex -24.7413 -30.1474 34
      vertex -27.5772 -27.5772 34
    endloop
  endfacet
  facet normal -0.671543 -0.740965 -0
    outer loop
      vertex -24.7413 -30.1474 34
      vertex -27.5772 -27.5772 0
      vertex -24.7413 -30.1474 0
    endloop
  endfacet
  facet normal -0.989179 -0.146714 0
    outer loop
      vertex -38.8122 -3.82267 0
      vertex -38.4151 -6.5 22.5
      vertex -38.8122 -3.82267 22.5
    endloop
  endfacet
  facet normal -0.989176 -0.146736 -2.64177e-06
    outer loop
      vertex -38.2506 -7.60852 0
      vertex -38.4151 -6.5 22.5
      vertex -38.8122 -3.82267 0
    endloop
  endfacet
  facet normal -0.989168 -0.146789 -0
    outer loop
      vertex -38.2506 -7.60852 34
      vertex -38.4151 -6.5 22.5
      vertex -38.2506 -7.60852 0
    endloop
  endfacet
  facet normal -0.989168 -0.146789 0
    outer loop
      vertex -38.4151 -6.5 22.5
      vertex -38.2506 -7.60852 34
      vertex -38.4151 -6.5 34
    endloop
  endfacet
  facet normal 0 0 1
    outer loop
      vertex 36.6 0 34
      vertex 39 0 34
      vertex 38.8122 3.82267 34
    endloop
  endfacet
  facet normal 0 0 1
    outer loop
      vertex 36.4238 3.58743 34
      vertex 38.8122 3.82267 34
      vertex 38.2506 7.60852 34
    endloop
  endfacet
  facet normal 0 0 1
    outer loop
      vertex 39 0 34
      vertex 36.6 0 34
      vertex 38.8122 -3.82267 34
    endloop
  endfacet
  facet normal 0 0 1
    outer loop
      vertex 35.8967 7.14031 34
      vertex 38.2506 7.60852 34
      vertex 37.3207 11.3211 34
    endloop
  endfacet
  facet normal -0 0 1
    outer loop
      vertex 36.4238 -3.58743 34
      vertex 38.8122 -3.82267 34
      vertex 36.6 0 34
    endloop
  endfacet
  facet normal 0 0 1
    outer loop
      vertex 38.8122 -3.82267 34
      vertex 36.4238 -3.58743 34
      vertex 38.2506 -7.60852 34
    endloop
  endfacet
  facet normal 0 0 1
    outer loop
      vertex 38.8122 3.82267 34
      vertex 36.4238 3.58743 34
      vertex 36.6 0 34
    endloop
  endfacet
  facet normal 0 0 1
    outer loop
      vertex 35.024 10.6244 34
      vertex 37.3207 11.3211 34
      vertex 36.0313 14.9247 34
    endloop
  endfacet
  facet normal 0 0 1
    outer loop
      vertex 38.2506 7.60852 34
      vertex 35.8967 7.14031 34
      vertex 36.4238 3.58743 34
    endloop
  endfacet
  facet normal 0 0 1
    outer loop
      vertex 37.3207 11.3211 34
      vertex 35.024 10.6244 34
      vertex 35.8967 7.14031 34
    endloop
  endfacet
  facet normal 0 0 1
    outer loop
      vertex 33.814 14.0062 34
      vertex 36.0313 14.9247 34
      vertex 34.3949 18.3845 34
    endloop
  endfacet
  facet normal 0 0 1
    outer loop
      vertex 36.0313 14.9247 34
      vertex 33.814 14.0062 34
      vertex 35.024 10.6244 34
    endloop
  endfacet
  facet normal 0 0 1
    outer loop
      vertex 32.2783 17.2531 34
      vertex 34.3949 18.3845 34
      vertex 32.4273 21.6672 34
    endloop
  endfacet
  facet normal 0 0 1
    outer loop
      vertex 34.3949 18.3845 34
      vertex 32.2783 17.2531 34
      vertex 33.814 14.0062 34
    endloop
  endfacet
  facet normal 0 0 1
    outer loop
      vertex 32.4273 21.6672 34
      vertex 30.4318 20.3339 34
      vertex 32.2783 17.2531 34
    endloop
  endfacet
  facet normal 0 0 1
    outer loop
      vertex 30.1474 24.7413 34
      vertex 30.4318 20.3339 34
      vertex 32.4273 21.6672 34
    endloop
  endfacet
  facet normal 0 0 1
    outer loop
      vertex 30.1474 24.7413 34
      vertex 28.2922 23.2188 34
      vertex 30.4318 20.3339 34
    endloop
  endfacet
  facet normal 0 0 1
    outer loop
      vertex 27.5772 27.5772 34
      vertex 28.2922 23.2188 34
      vertex 30.1474 24.7413 34
    endloop
  endfacet
  facet normal 0 0 1
    outer loop
      vertex 27.5772 27.5772 34
      vertex 25.8801 25.8801 34
      vertex 28.2922 23.2188 34
    endloop
  endfacet
  facet normal 0 0 1
    outer loop
      vertex 24.7413 30.1474 34
      vertex 25.8801 25.8801 34
      vertex 27.5772 27.5772 34
    endloop
  endfacet
  facet normal 0 0 1
    outer loop
      vertex 24.7413 30.1474 34
      vertex 23.2188 28.2922 34
      vertex 25.8801 25.8801 34
    endloop
  endfacet
  facet normal 0 0 1
    outer loop
      vertex 21.6672 32.4273 34
      vertex 23.2188 28.2922 34
      vertex 24.7413 30.1474 34
    endloop
  endfacet
  facet normal 0 0 1
    outer loop
      vertex 21.6672 32.4273 34
      vertex 20.3339 30.4318 34
      vertex 23.2188 28.2922 34
    endloop
  endfacet
  facet normal 0 0 1
    outer loop
      vertex 18.3845 34.3949 34
      vertex 20.3339 30.4318 34
      vertex 21.6672 32.4273 34
    endloop
  endfacet
  facet normal 0 0 1
    outer loop
      vertex 18.3845 34.3949 34
      vertex 17.2531 32.2783 34
      vertex 20.3339 30.4318 34
    endloop
  endfacet
  facet normal 0 0 1
    outer loop
      vertex 14.9247 36.0313 34
      vertex 17.2531 32.2783 34
      vertex 18.3845 34.3949 34
    endloop
  endfacet
  facet normal 0 0 1
    outer loop
      vertex 14.9247 36.0313 34
      vertex 14.0062 33.814 34
      vertex 17.2531 32.2783 34
    endloop
  endfacet
  facet normal 0 0 1
    outer loop
      vertex 11.3211 37.3207 34
      vertex 14.0062 33.814 34
      vertex 14.9247 36.0313 34
    endloop
  endfacet
  facet normal 0 0 1
    outer loop
      vertex 11.3211 37.3207 34
      vertex 10.6244 35.024 34
      vertex 14.0062 33.814 34
    endloop
  endfacet
  facet normal 0 0 1
    outer loop
      vertex 7.60852 38.2506 34
      vertex 10.6244 35.024 34
      vertex 11.3211 37.3207 34
    endloop
  endfacet
  facet normal 0 0 1
    outer loop
      vertex 7.60852 38.2506 34
      vertex 7.14031 35.8967 34
      vertex 10.6244 35.024 34
    endloop
  endfacet
  facet normal 0 0 1
    outer loop
      vertex 3.82267 38.8122 34
      vertex 7.14031 35.8967 34
      vertex 7.60852 38.2506 34
    endloop
  endfacet
  facet normal 0 0 1
    outer loop
      vertex 3.82267 38.8122 34
      vertex 3.58743 36.4238 34
      vertex 7.14031 35.8967 34
    endloop
  endfacet
  facet normal 0 0 1
    outer loop
      vertex 0 39 34
      vertex 3.58743 36.4238 34
      vertex 3.82267 38.8122 34
    endloop
  endfacet
  facet normal 0 0 1
    outer loop
      vertex 0 39 34
      vertex 0 36.6 34
      vertex 3.58743 36.4238 34
    endloop
  endfacet
  facet normal 0 0 1
    outer loop
      vertex 0 39 34
      vertex -3.58743 36.4238 34
      vertex 0 36.6 34
    endloop
  endfacet
  facet normal -0 0 1
    outer loop
      vertex -3.82267 38.8122 34
      vertex -3.58743 36.4238 34
      vertex 0 39 34
    endloop
  endfacet
  facet normal 0 0 1
    outer loop
      vertex -3.82267 38.8122 34
      vertex -7.14031 35.8967 34
      vertex -3.58743 36.4238 34
    endloop
  endfacet
  facet normal -0 0 1
    outer loop
      vertex -7.60852 38.2506 34
      vertex -7.14031 35.8967 34
      vertex -3.82267 38.8122 34
    endloop
  endfacet
  facet normal 0 0 1
    outer loop
      vertex -7.60852 38.2506 34
      vertex -10.6244 35.024 34
      vertex -7.14031 35.8967 34
    endloop
  endfacet
  facet normal -0 0 1
    outer loop
      vertex -11.3211 37.3207 34
      vertex -10.6244 35.024 34
      vertex -7.60852 38.2506 34
    endloop
  endfacet
  facet normal 0 0 1
    outer loop
      vertex -11.3211 37.3207 34
      vertex -14.0062 33.814 34
      vertex -10.6244 35.024 34
    endloop
  endfacet
  facet normal -0 0 1
    outer loop
      vertex -14.9247 36.0313 34
      vertex -14.0062 33.814 34
      vertex -11.3211 37.3207 34
    endloop
  endfacet
  facet normal 0 0 1
    outer loop
      vertex -14.9247 36.0313 34
      vertex -17.2531 32.2783 34
      vertex -14.0062 33.814 34
    endloop
  endfacet
  facet normal -0 0 1
    outer loop
      vertex -18.3845 34.3949 34
      vertex -17.2531 32.2783 34
      vertex -14.9247 36.0313 34
    endloop
  endfacet
  facet normal 0 0 1
    outer loop
      vertex -18.3845 34.3949 34
      vertex -20.3339 30.4318 34
      vertex -17.2531 32.2783 34
    endloop
  endfacet
  facet normal -0 0 1
    outer loop
      vertex -21.6672 32.4273 34
      vertex -20.3339 30.4318 34
      vertex -18.3845 34.3949 34
    endloop
  endfacet
  facet normal 0 0 1
    outer loop
      vertex -21.6672 32.4273 34
      vertex -23.2188 28.2922 34
      vertex -20.3339 30.4318 34
    endloop
  endfacet
  facet normal -0 0 1
    outer loop
      vertex -24.7413 30.1474 34
      vertex -23.2188 28.2922 34
      vertex -21.6672 32.4273 34
    endloop
  endfacet
  facet normal 0 0 1
    outer loop
      vertex -24.7413 30.1474 34
      vertex -25.8801 25.8801 34
      vertex -23.2188 28.2922 34
    endloop
  endfacet
  facet normal -0 0 1
    outer loop
      vertex -27.5772 27.5772 34
      vertex -25.8801 25.8801 34
      vertex -24.7413 30.1474 34
    endloop
  endfacet
  facet normal 0 0 1
    outer loop
      vertex -27.5772 27.5772 34
      vertex -28.2922 23.2188 34
      vertex -25.8801 25.8801 34
    endloop
  endfacet
  facet normal -0 0 1
    outer loop
      vertex -30.1474 24.7413 34
      vertex -28.2922 23.2188 34
      vertex -27.5772 27.5772 34
    endloop
  endfacet
  facet normal 0 0 1
    outer loop
      vertex -30.1474 24.7413 34
      vertex -30.4318 20.3339 34
      vertex -28.2922 23.2188 34
    endloop
  endfacet
  facet normal -0 0 1
    outer loop
      vertex -32.4273 21.6672 34
      vertex -30.4318 20.3339 34
      vertex -30.1474 24.7413 34
    endloop
  endfacet
  facet normal 0 0 1
    outer loop
      vertex -30.4318 20.3339 34
      vertex -32.4273 21.6672 34
      vertex -32.2783 17.2531 34
    endloop
  endfacet
  facet normal -0 0 1
    outer loop
      vertex -34.3949 18.3845 34
      vertex -32.2783 17.2531 34
      vertex -32.4273 21.6672 34
    endloop
  endfacet
  facet normal 0 0 1
    outer loop
      vertex -32.2783 17.2531 34
      vertex -34.3949 18.3845 34
      vertex -33.814 14.0062 34
    endloop
  endfacet
  facet normal -0 0 1
    outer loop
      vertex -36.0313 14.9247 34
      vertex -33.814 14.0062 34
      vertex -34.3949 18.3845 34
    endloop
  endfacet
  facet normal 0 0 1
    outer loop
      vertex -33.814 14.0062 34
      vertex -36.0313 14.9247 34
      vertex -35.024 10.6244 34
    endloop
  endfacet
  facet normal -0 0 1
    outer loop
      vertex -37.3207 11.3211 34
      vertex -35.024 10.6244 34
      vertex -36.0313 14.9247 34
    endloop
  endfacet
  facet normal 0 0 1
    outer loop
      vertex -35.024 10.6244 34
      vertex -37.3207 11.3211 34
      vertex -35.8967 7.14031 34
    endloop
  endfacet
  facet normal -0 0 1
    outer loop
      vertex -38.2506 7.60852 34
      vertex -35.8967 7.14031 34
      vertex -37.3207 11.3211 34
    endloop
  endfacet
  facet normal 0 0 1
    outer loop
      vertex -35.8967 7.14031 34
      vertex -38.2506 7.60852 34
      vertex -35.9917 6.5 34
    endloop
  endfacet
  facet normal 0 0 1
    outer loop
      vertex -35.9917 6.5 34
      vertex -38.2506 7.60852 34
      vertex -38.4151 6.5 34
    endloop
  endfacet
  facet normal -0 0 1
    outer loop
      vertex 35.8967 -7.14031 34
      vertex 38.2506 -7.60852 34
      vertex 36.4238 -3.58743 34
    endloop
  endfacet
  facet normal 0 0 1
    outer loop
      vertex 38.2506 -7.60852 34
      vertex 35.8967 -7.14031 34
      vertex 37.3207 -11.3211 34
    endloop
  endfacet
  facet normal -0 0 1
    outer loop
      vertex 35.024 -10.6244 34
      vertex 37.3207 -11.3211 34
      vertex 35.8967 -7.14031 34
    endloop
  endfacet
  facet normal 0 0 1
    outer loop
      vertex 37.3207 -11.3211 34
      vertex 35.024 -10.6244 34
      vertex 36.0313 -14.9247 34
    endloop
  endfacet
  facet normal -0 0 1
    outer loop
      vertex 33.814 -14.0062 34
      vertex 36.0313 -14.9247 34
      vertex 35.024 -10.6244 34
    endloop
  endfacet
  facet normal 0 0 1
    outer loop
      vertex 36.0313 -14.9247 34
      vertex 33.814 -14.0062 34
      vertex 34.3949 -18.3845 34
    endloop
  endfacet
  facet normal -0 0 1
    outer loop
      vertex 32.2783 -17.2531 34
      vertex 34.3949 -18.3845 34
      vertex 33.814 -14.0062 34
    endloop
  endfacet
  facet normal 0 0 1
    outer loop
      vertex 34.3949 -18.3845 34
      vertex 32.2783 -17.2531 34
      vertex 32.4273 -21.6672 34
    endloop
  endfacet
  facet normal -0 0 1
    outer loop
      vertex 30.4318 -20.3339 34
      vertex 32.4273 -21.6672 34
      vertex 32.2783 -17.2531 34
    endloop
  endfacet
  facet normal 0 0 1
    outer loop
      vertex 30.4318 -20.3339 34
      vertex 30.1474 -24.7413 34
      vertex 32.4273 -21.6672 34
    endloop
  endfacet
  facet normal -0 0 1
    outer loop
      vertex 28.2922 -23.2188 34
      vertex 30.1474 -24.7413 34
      vertex 30.4318 -20.3339 34
    endloop
  endfacet
  facet normal 0 0 1
    outer loop
      vertex 28.2922 -23.2188 34
      vertex 27.5772 -27.5772 34
      vertex 30.1474 -24.7413 34
    endloop
  endfacet
  facet normal -0 0 1
    outer loop
      vertex 25.8801 -25.8801 34
      vertex 27.5772 -27.5772 34
      vertex 28.2922 -23.2188 34
    endloop
  endfacet
  facet normal 0 0 1
    outer loop
      vertex 25.8801 -25.8801 34
      vertex 24.7413 -30.1474 34
      vertex 27.5772 -27.5772 34
    endloop
  endfacet
  facet normal -0 0 1
    outer loop
      vertex 23.2188 -28.2922 34
      vertex 24.7413 -30.1474 34
      vertex 25.8801 -25.8801 34
    endloop
  endfacet
  facet normal 0 0 1
    outer loop
      vertex 23.2188 -28.2922 34
      vertex 21.6672 -32.4273 34
      vertex 24.7413 -30.1474 34
    endloop
  endfacet
  facet normal -0 0 1
    outer loop
      vertex 20.3339 -30.4318 34
      vertex 21.6672 -32.4273 34
      vertex 23.2188 -28.2922 34
    endloop
  endfacet
  facet normal 0 0 1
    outer loop
      vertex 20.3339 -30.4318 34
      vertex 18.3845 -34.3949 34
      vertex 21.6672 -32.4273 34
    endloop
  endfacet
  facet normal -0 0 1
    outer loop
      vertex 17.2531 -32.2783 34
      vertex 18.3845 -34.3949 34
      vertex 20.3339 -30.4318 34
    endloop
  endfacet
  facet normal 0 0 1
    outer loop
      vertex 17.2531 -32.2783 34
      vertex 14.9247 -36.0313 34
      vertex 18.3845 -34.3949 34
    endloop
  endfacet
  facet normal -0 0 1
    outer loop
      vertex 14.0062 -33.814 34
      vertex 14.9247 -36.0313 34
      vertex 17.2531 -32.2783 34
    endloop
  endfacet
  facet normal 0 0 1
    outer loop
      vertex 14.0062 -33.814 34
      vertex 11.3211 -37.3207 34
      vertex 14.9247 -36.0313 34
    endloop
  endfacet
  facet normal -0 0 1
    outer loop
      vertex 10.6244 -35.024 34
      vertex 11.3211 -37.3207 34
      vertex 14.0062 -33.814 34
    endloop
  endfacet
  facet normal 0 0 1
    outer loop
      vertex 10.6244 -35.024 34
      vertex 7.60852 -38.2506 34
      vertex 11.3211 -37.3207 34
    endloop
  endfacet
  facet normal -0 0 1
    outer loop
      vertex 7.14031 -35.8967 34
      vertex 7.60852 -38.2506 34
      vertex 10.6244 -35.024 34
    endloop
  endfacet
  facet normal 0 0 1
    outer loop
      vertex 7.14031 -35.8967 34
      vertex 3.82267 -38.8122 34
      vertex 7.60852 -38.2506 34
    endloop
  endfacet
  facet normal -0 0 1
    outer loop
      vertex 3.58743 -36.4238 34
      vertex 3.82267 -38.8122 34
      vertex 7.14031 -35.8967 34
    endloop
  endfacet
  facet normal -0 0 1
    outer loop
      vertex 0 -36.6 34
      vertex 3.82267 -38.8122 34
      vertex 3.58743 -36.4238 34
    endloop
  endfacet
  facet normal 0 0 1
    outer loop
      vertex 0 -36.6 34
      vertex 0 -39 34
      vertex 3.82267 -38.8122 34
    endloop
  endfacet
  facet normal 0 0 1
    outer loop
      vertex -3.58743 -36.4238 34
      vertex 0 -39 34
      vertex 0 -36.6 34
    endloop
  endfacet
  facet normal 0 0 1
    outer loop
      vertex -3.58743 -36.4238 34
      vertex -3.82267 -38.8122 34
      vertex 0 -39 34
    endloop
  endfacet
  facet normal 0 0 1
    outer loop
      vertex -7.14031 -35.8967 34
      vertex -3.82267 -38.8122 34
      vertex -3.58743 -36.4238 34
    endloop
  endfacet
  facet normal 0 0 1
    outer loop
      vertex -7.14031 -35.8967 34
      vertex -7.60852 -38.2506 34
      vertex -3.82267 -38.8122 34
    endloop
  endfacet
  facet normal 0 0 1
    outer loop
      vertex -10.6244 -35.024 34
      vertex -7.60852 -38.2506 34
      vertex -7.14031 -35.8967 34
    endloop
  endfacet
  facet normal 0 0 1
    outer loop
      vertex -10.6244 -35.024 34
      vertex -11.3211 -37.3207 34
      vertex -7.60852 -38.2506 34
    endloop
  endfacet
  facet normal 0 0 1
    outer loop
      vertex -14.0062 -33.814 34
      vertex -11.3211 -37.3207 34
      vertex -10.6244 -35.024 34
    endloop
  endfacet
  facet normal 0 0 1
    outer loop
      vertex -14.0062 -33.814 34
      vertex -14.9247 -36.0313 34
      vertex -11.3211 -37.3207 34
    endloop
  endfacet
  facet normal 0 0 1
    outer loop
      vertex -17.2531 -32.2783 34
      vertex -14.9247 -36.0313 34
      vertex -14.0062 -33.814 34
    endloop
  endfacet
  facet normal 0 0 1
    outer loop
      vertex -17.2531 -32.2783 34
      vertex -18.3845 -34.3949 34
      vertex -14.9247 -36.0313 34
    endloop
  endfacet
  facet normal 0 0 1
    outer loop
      vertex -20.3339 -30.4318 34
      vertex -18.3845 -34.3949 34
      vertex -17.2531 -32.2783 34
    endloop
  endfacet
  facet normal 0 0 1
    outer loop
      vertex -20.3339 -30.4318 34
      vertex -21.6672 -32.4273 34
      vertex -18.3845 -34.3949 34
    endloop
  endfacet
  facet normal 0 0 1
    outer loop
      vertex -23.2188 -28.2922 34
      vertex -21.6672 -32.4273 34
      vertex -20.3339 -30.4318 34
    endloop
  endfacet
  facet normal 0 0 1
    outer loop
      vertex -23.2188 -28.2922 34
      vertex -24.7413 -30.1474 34
      vertex -21.6672 -32.4273 34
    endloop
  endfacet
  facet normal 0 0 1
    outer loop
      vertex -25.8801 -25.8801 34
      vertex -24.7413 -30.1474 34
      vertex -23.2188 -28.2922 34
    endloop
  endfacet
  facet normal 0 0 1
    outer loop
      vertex -25.8801 -25.8801 34
      vertex -27.5772 -27.5772 34
      vertex -24.7413 -30.1474 34
    endloop
  endfacet
  facet normal 0 0 1
    outer loop
      vertex -28.2922 -23.2188 34
      vertex -27.5772 -27.5772 34
      vertex -25.8801 -25.8801 34
    endloop
  endfacet
  facet normal 0 0 1
    outer loop
      vertex -28.2922 -23.2188 34
      vertex -30.1474 -24.7413 34
      vertex -27.5772 -27.5772 34
    endloop
  endfacet
  facet normal 0 0 1
    outer loop
      vertex -30.4318 -20.3339 34
      vertex -30.1474 -24.7413 34
      vertex -28.2922 -23.2188 34
    endloop
  endfacet
  facet normal 0 0 1
    outer loop
      vertex -32.4273 -21.6672 34
      vertex -30.4318 -20.3339 34
      vertex -32.2783 -17.2531 34
    endloop
  endfacet
  facet normal 0 0 1
    outer loop
      vertex -30.4318 -20.3339 34
      vertex -32.4273 -21.6672 34
      vertex -30.1474 -24.7413 34
    endloop
  endfacet
  facet normal 0 0 1
    outer loop
      vertex -34.3949 -18.3845 34
      vertex -32.2783 -17.2531 34
      vertex -33.814 -14.0062 34
    endloop
  endfacet
  facet normal 0 0 1
    outer loop
      vertex -32.2783 -17.2531 34
      vertex -34.3949 -18.3845 34
      vertex -32.4273 -21.6672 34
    endloop
  endfacet
  facet normal 0 0 1
    outer loop
      vertex -36.0313 -14.9247 34
      vertex -33.814 -14.0062 34
      vertex -35.024 -10.6244 34
    endloop
  endfacet
  facet normal 0 0 1
    outer loop
      vertex -37.3207 -11.3211 34
      vertex -35.024 -10.6244 34
      vertex -35.8967 -7.14031 34
    endloop
  endfacet
  facet normal 0 0 1
    outer loop
      vertex -38.2506 -7.60852 34
      vertex -35.8967 -7.14031 34
      vertex -35.9917 -6.5 34
    endloop
  endfacet
  facet normal 0 0 1
    outer loop
      vertex -33.814 -14.0062 34
      vertex -36.0313 -14.9247 34
      vertex -34.3949 -18.3845 34
    endloop
  endfacet
  facet normal 0 0 1
    outer loop
      vertex -35.024 -10.6244 34
      vertex -37.3207 -11.3211 34
      vertex -36.0313 -14.9247 34
    endloop
  endfacet
  facet normal 0 0 1
    outer loop
      vertex -35.8967 -7.14031 34
      vertex -38.2506 -7.60852 34
      vertex -37.3207 -11.3211 34
    endloop
  endfacet
  facet normal 0 -0 1
    outer loop
      vertex -38.2506 -7.60852 34
      vertex -35.9917 -6.5 34
      vertex -38.4151 -6.5 34
    endloop
  endfacet
  facet normal 0.989157 0.14686 -0
    outer loop
      vertex 38.3261 7.1 13
      vertex 38.2506 7.60852 34
      vertex 38.3261 7.1 27
    endloop
  endfacet
  facet normal 0.989179 0.146713 1.09146e-05
    outer loop
      vertex 38.2506 7.60852 34
      vertex 38.6524 4.9 27
      vertex 38.3261 7.1 27
    endloop
  endfacet
  facet normal 0.989177 0.146724 0
    outer loop
      vertex 38.6524 4.9 27
      vertex 38.8122 3.82267 34
      vertex 38.6524 4.9 13
    endloop
  endfacet
  facet normal 0.989176 0.146736 1.85503e-06
    outer loop
      vertex 38.8122 3.82267 34
      vertex 38.6524 4.9 27
      vertex 38.2506 7.60852 34
    endloop
  endfacet
  facet normal 0.989157 0.14686 0
    outer loop
      vertex 38.2506 7.60852 34
      vertex 38.3261 7.1 13
      vertex 38.2506 7.60852 0
    endloop
  endfacet
  facet normal 0.989179 0.146713 -5.87711e-06
    outer loop
      vertex 38.6524 4.9 13
      vertex 38.2506 7.60852 0
      vertex 38.3261 7.1 13
    endloop
  endfacet
  facet normal 0.989176 0.146736 -9.98862e-07
    outer loop
      vertex 38.6524 4.9 13
      vertex 38.8122 3.82267 0
      vertex 38.2506 7.60852 0
    endloop
  endfacet
  facet normal 0.989177 0.146724 -0
    outer loop
      vertex 38.8122 3.82267 0
      vertex 38.6524 4.9 13
      vertex 38.8122 3.82267 34
    endloop
  endfacet
  facet normal 0.970035 0.242967 0
    outer loop
      vertex 38.2506 7.60852 34
      vertex 37.3207 11.3211 0
      vertex 37.3207 11.3211 34
    endloop
  endfacet
  facet normal 0.970035 0.242967 0
    outer loop
      vertex 37.3207 11.3211 0
      vertex 38.2506 7.60852 34
      vertex 38.2506 7.60852 0
    endloop
  endfacet
  facet normal 0.941543 0.336892 0
    outer loop
      vertex 37.3207 11.3211 34
      vertex 36.0313 14.9247 0
      vertex 36.0313 14.9247 34
    endloop
  endfacet
  facet normal 0.941543 0.336892 0
    outer loop
      vertex 36.0313 14.9247 0
      vertex 37.3207 11.3211 34
      vertex 37.3207 11.3211 0
    endloop
  endfacet
  facet normal 0.740965 0.671543 0
    outer loop
      vertex 30.1474 24.7413 34
      vertex 27.5772 27.5772 0
      vertex 27.5772 27.5772 34
    endloop
  endfacet
  facet normal 0.740965 0.671543 0
    outer loop
      vertex 27.5772 27.5772 0
      vertex 30.1474 24.7413 34
      vertex 30.1474 24.7413 0
    endloop
  endfacet
  facet normal 0.803209 0.595698 0
    outer loop
      vertex 32.4273 21.6672 34
      vertex 30.1474 24.7413 0
      vertex 30.1474 24.7413 34
    endloop
  endfacet
  facet normal 0.803209 0.595698 0
    outer loop
      vertex 30.1474 24.7413 0
      vertex 32.4273 21.6672 34
      vertex 32.4273 21.6672 0
    endloop
  endfacet
  facet normal 0.671543 0.740965 -0
    outer loop
      vertex 27.5772 27.5772 0
      vertex 24.7413 30.1474 34
      vertex 27.5772 27.5772 34
    endloop
  endfacet
  facet normal 0.671543 0.740965 0
    outer loop
      vertex 24.7413 30.1474 34
      vertex 27.5772 27.5772 0
      vertex 24.7413 30.1474 0
    endloop
  endfacet
  facet normal 0.514108 0.857726 -0
    outer loop
      vertex 21.6672 32.4273 0
      vertex 18.3845 34.3949 34
      vertex 21.6672 32.4273 34
    endloop
  endfacet
  facet normal 0.514108 0.857726 0
    outer loop
      vertex 18.3845 34.3949 34
      vertex 21.6672 32.4273 0
      vertex 18.3845 34.3949 0
    endloop
  endfacet
  facet normal 0.0490688 0.998795 -0
    outer loop
      vertex 3.82267 38.8122 0
      vertex 0 39 34
      vertex 3.82267 38.8122 34
    endloop
  endfacet
  facet normal 0.0490688 0.998795 0
    outer loop
      vertex 0 39 34
      vertex 3.82267 38.8122 0
      vertex 0 39 0
    endloop
  endfacet
  facet normal 0.427563 0.903986 -0
    outer loop
      vertex 18.3845 34.3949 0
      vertex 14.9247 36.0313 34
      vertex 18.3845 34.3949 34
    endloop
  endfacet
  facet normal 0.427563 0.903986 0
    outer loop
      vertex 14.9247 36.0313 34
      vertex 18.3845 34.3949 0
      vertex 14.9247 36.0313 0
    endloop
  endfacet
  facet normal 0.242967 0.970035 -0
    outer loop
      vertex 11.3211 37.3207 0
      vertex 7.60852 38.2506 34
      vertex 11.3211 37.3207 34
    endloop
  endfacet
  facet normal 0.242967 0.970035 0
    outer loop
      vertex 7.60852 38.2506 34
      vertex 11.3211 37.3207 0
      vertex 7.60852 38.2506 0
    endloop
  endfacet
  facet normal -0.998795 0.0490688 0
    outer loop
      vertex -39 0 0
      vertex -38.8122 3.82267 22.5
      vertex -38.8122 3.82267 0
    endloop
  endfacet
  facet normal -0.998795 0.0490688 0
    outer loop
      vertex -38.8122 3.82267 22.5
      vertex -39 0 0
      vertex -39 0 22.5
    endloop
  endfacet
  facet normal -0.941543 0.336892 0
    outer loop
      vertex -37.3207 11.3211 0
      vertex -36.0313 14.9247 34
      vertex -36.0313 14.9247 0
    endloop
  endfacet
  facet normal -0.941543 0.336892 0
    outer loop
      vertex -36.0313 14.9247 34
      vertex -37.3207 11.3211 0
      vertex -37.3207 11.3211 34
    endloop
  endfacet
  facet normal -0.970035 0.242967 0
    outer loop
      vertex -38.2506 7.60852 0
      vertex -37.3207 11.3211 34
      vertex -37.3207 11.3211 0
    endloop
  endfacet
  facet normal -0.970035 0.242967 0
    outer loop
      vertex -37.3207 11.3211 34
      vertex -38.2506 7.60852 0
      vertex -38.2506 7.60852 34
    endloop
  endfacet
  facet normal -0.857726 0.514108 0
    outer loop
      vertex -34.3949 18.3845 0
      vertex -32.4273 21.6672 34
      vertex -32.4273 21.6672 0
    endloop
  endfacet
  facet normal -0.857726 0.514108 0
    outer loop
      vertex -32.4273 21.6672 34
      vertex -34.3949 18.3845 0
      vertex -34.3949 18.3845 34
    endloop
  endfacet
  facet normal -0.803209 0.595698 0
    outer loop
      vertex -32.4273 21.6672 0
      vertex -30.1474 24.7413 34
      vertex -30.1474 24.7413 0
    endloop
  endfacet
  facet normal -0.803209 0.595698 0
    outer loop
      vertex -30.1474 24.7413 34
      vertex -32.4273 21.6672 0
      vertex -32.4273 21.6672 34
    endloop
  endfacet
  facet normal -0.242967 0.970035 0
    outer loop
      vertex -7.60852 38.2506 0
      vertex -11.3211 37.3207 34
      vertex -7.60852 38.2506 34
    endloop
  endfacet
  facet normal -0.242967 0.970035 0
    outer loop
      vertex -11.3211 37.3207 34
      vertex -7.60852 38.2506 0
      vertex -11.3211 37.3207 0
    endloop
  endfacet
  facet normal -0.0490688 0.998795 0
    outer loop
      vertex 0 39 0
      vertex -3.82267 38.8122 34
      vertex 0 39 34
    endloop
  endfacet
  facet normal -0.0490688 0.998795 0
    outer loop
      vertex -3.82267 38.8122 34
      vertex 0 39 0
      vertex -3.82267 38.8122 0
    endloop
  endfacet
  facet normal -0.514108 0.857726 0
    outer loop
      vertex -18.3845 34.3949 0
      vertex -21.6672 32.4273 34
      vertex -18.3845 34.3949 34
    endloop
  endfacet
  facet normal -0.514108 0.857726 0
    outer loop
      vertex -21.6672 32.4273 34
      vertex -18.3845 34.3949 0
      vertex -21.6672 32.4273 0
    endloop
  endfacet
  facet normal -0.595698 0.803209 0
    outer loop
      vertex -21.6672 32.4273 0
      vertex -24.7413 30.1474 34
      vertex -21.6672 32.4273 34
    endloop
  endfacet
  facet normal -0.595698 0.803209 0
    outer loop
      vertex -24.7413 30.1474 34
      vertex -21.6672 32.4273 0
      vertex -24.7413 30.1474 0
    endloop
  endfacet
  facet normal -0.427563 0.903986 0
    outer loop
      vertex -14.9247 36.0313 0
      vertex -18.3845 34.3949 34
      vertex -14.9247 36.0313 34
    endloop
  endfacet
  facet normal -0.427563 0.903986 0
    outer loop
      vertex -18.3845 34.3949 34
      vertex -14.9247 36.0313 0
      vertex -18.3845 34.3949 0
    endloop
  endfacet
  facet normal -0.671543 0.740965 0
    outer loop
      vertex -24.7413 30.1474 0
      vertex -27.5772 27.5772 34
      vertex -24.7413 30.1474 34
    endloop
  endfacet
  facet normal -0.671543 0.740965 0
    outer loop
      vertex -27.5772 27.5772 34
      vertex -24.7413 30.1474 0
      vertex -27.5772 27.5772 0
    endloop
  endfacet
  facet normal 0.998795 0.0490837 -0
    outer loop
      vertex 38.946 1.1 13
      vertex 38.8122 3.82267 34
      vertex 38.946 1.1 27
    endloop
  endfacet
  facet normal 0.998795 0.0490688 5.81614e-06
    outer loop
      vertex 39 0 34
      vertex 38.946 1.1 27
      vertex 38.8122 3.82267 34
    endloop
  endfacet
  facet normal 0.998797 0.0490319 0
    outer loop
      vertex 38.946 1.1 27
      vertex 39 0 34
      vertex 39 0 27
    endloop
  endfacet
  facet normal 0.998795 0.0490837 0
    outer loop
      vertex 38.8122 3.82267 34
      vertex 38.946 1.1 13
      vertex 38.8122 3.82267 0
    endloop
  endfacet
  facet normal 0.998797 0.0490319 -0
    outer loop
      vertex 39 0 0
      vertex 38.946 1.1 13
      vertex 39 0 13
    endloop
  endfacet
  facet normal 0.998795 0.0490688 -3.13177e-06
    outer loop
      vertex 38.946 1.1 13
      vertex 39 0 0
      vertex 38.8122 3.82267 0
    endloop
  endfacet
  facet normal 0.0490688 -0.998795 0
    outer loop
      vertex 0 -39 0
      vertex 3.82267 -38.8122 34
      vertex 0 -39 34
    endloop
  endfacet
  facet normal 0.0490688 -0.998795 0
    outer loop
      vertex 3.82267 -38.8122 34
      vertex 0 -39 0
      vertex 3.82267 -38.8122 0
    endloop
  endfacet
  facet normal 0.146736 -0.989176 0
    outer loop
      vertex 3.82267 -38.8122 0
      vertex 7.60852 -38.2506 34
      vertex 3.82267 -38.8122 34
    endloop
  endfacet
  facet normal 0.146736 -0.989176 0
    outer loop
      vertex 7.60852 -38.2506 34
      vertex 3.82267 -38.8122 0
      vertex 7.60852 -38.2506 0
    endloop
  endfacet
  facet normal 0.242967 -0.970035 0
    outer loop
      vertex 7.60852 -38.2506 0
      vertex 11.3211 -37.3207 34
      vertex 7.60852 -38.2506 34
    endloop
  endfacet
  facet normal 0.242967 -0.970035 0
    outer loop
      vertex 11.3211 -37.3207 34
      vertex 7.60852 -38.2506 0
      vertex 11.3211 -37.3207 0
    endloop
  endfacet
  facet normal 0.671543 -0.740965 0
    outer loop
      vertex 24.7413 -30.1474 0
      vertex 27.5772 -27.5772 34
      vertex 24.7413 -30.1474 34
    endloop
  endfacet
  facet normal 0.671543 -0.740965 0
    outer loop
      vertex 27.5772 -27.5772 34
      vertex 24.7413 -30.1474 0
      vertex 27.5772 -27.5772 0
    endloop
  endfacet
  facet normal 0.903986 -0.427563 0
    outer loop
      vertex 34.3949 -18.3845 34
      vertex 36.0313 -14.9247 0
      vertex 36.0313 -14.9247 34
    endloop
  endfacet
  facet normal 0.903986 -0.427563 0
    outer loop
      vertex 36.0313 -14.9247 0
      vertex 34.3949 -18.3845 34
      vertex 34.3949 -18.3845 0
    endloop
  endfacet
  facet normal -0.0490688 -0.998795 0
    outer loop
      vertex -3.82267 -38.8122 0
      vertex 0 -39 34
      vertex -3.82267 -38.8122 34
    endloop
  endfacet
  facet normal -0.0490688 -0.998795 -0
    outer loop
      vertex 0 -39 34
      vertex -3.82267 -38.8122 0
      vertex 0 -39 0
    endloop
  endfacet
  facet normal -0.336892 -0.941543 0
    outer loop
      vertex -14.9247 -36.0313 0
      vertex -11.3211 -37.3207 34
      vertex -14.9247 -36.0313 34
    endloop
  endfacet
  facet normal -0.336892 -0.941543 -0
    outer loop
      vertex -11.3211 -37.3207 34
      vertex -14.9247 -36.0313 0
      vertex -11.3211 -37.3207 0
    endloop
  endfacet
  facet normal -0.514108 -0.857726 0
    outer loop
      vertex -21.6672 -32.4273 0
      vertex -18.3845 -34.3949 34
      vertex -21.6672 -32.4273 34
    endloop
  endfacet
  facet normal -0.514108 -0.857726 -0
    outer loop
      vertex -18.3845 -34.3949 34
      vertex -21.6672 -32.4273 0
      vertex -18.3845 -34.3949 0
    endloop
  endfacet
  facet normal -0.970035 -0.242967 0
    outer loop
      vertex -37.3207 -11.3211 0
      vertex -38.2506 -7.60852 34
      vertex -38.2506 -7.60852 0
    endloop
  endfacet
  facet normal -0.970035 -0.242967 0
    outer loop
      vertex -38.2506 -7.60852 34
      vertex -37.3207 -11.3211 0
      vertex -37.3207 -11.3211 34
    endloop
  endfacet
  facet normal -0.998795 -0.0490688 0
    outer loop
      vertex -38.8122 -3.82267 0
      vertex -39 0 22.5
      vertex -39 0 0
    endloop
  endfacet
  facet normal -0.998795 -0.0490688 0
    outer loop
      vertex -39 0 22.5
      vertex -38.8122 -3.82267 0
      vertex -38.8122 -3.82267 22.5
    endloop
  endfacet
  facet normal -0.803209 -0.595698 0
    outer loop
      vertex -30.1474 -24.7413 0
      vertex -32.4273 -21.6672 34
      vertex -32.4273 -21.6672 0
    endloop
  endfacet
  facet normal -0.803209 -0.595698 0
    outer loop
      vertex -32.4273 -21.6672 34
      vertex -30.1474 -24.7413 0
      vertex -30.1474 -24.7413 34
    endloop
  endfacet
  facet normal -0.903986 -0.427563 0
    outer loop
      vertex -34.3949 -18.3845 0
      vertex -36.0313 -14.9247 34
      vertex -36.0313 -14.9247 0
    endloop
  endfacet
  facet normal -0.903986 -0.427563 0
    outer loop
      vertex -36.0313 -14.9247 34
      vertex -34.3949 -18.3845 0
      vertex -34.3949 -18.3845 34
    endloop
  endfacet
  facet normal -0.740965 -0.671543 0
    outer loop
      vertex -27.5772 -27.5772 0
      vertex -30.1474 -24.7413 34
      vertex -30.1474 -24.7413 0
    endloop
  endfacet
  facet normal -0.740965 -0.671543 0
    outer loop
      vertex -30.1474 -24.7413 34
      vertex -27.5772 -27.5772 0
      vertex -27.5772 -27.5772 34
    endloop
  endfacet
  facet normal 0 0 -1
    outer loop
      vertex 9.92079 -0.0857649 0
      vertex 39 0 0
      vertex 38.8122 -3.82267 0
    endloop
  endfacet
  facet normal 0 0 -1
    outer loop
      vertex 9.90819 -0.170704 0
      vertex 38.8122 -3.82267 0
      vertex 38.2506 -7.60852 0
    endloop
  endfacet
  facet normal -0 0 -1
    outer loop
      vertex 39 0 0
      vertex 9.92079 -0.0857649 0
      vertex 9.925 0 0
    endloop
  endfacet
  facet normal 0 0 -1
    outer loop
      vertex 9.85839 -0.334847 0
      vertex 38.2506 -7.60852 0
      vertex 37.3207 -11.3211 0
    endloop
  endfacet
  facet normal 0 0 -1
    outer loop
      vertex 9.92079 0.0857649 0
      vertex 39 0 0
      vertex 9.925 0 0
    endloop
  endfacet
  facet normal 0 0 -1
    outer loop
      vertex 9.82168 -0.412472 0
      vertex 37.3207 -11.3211 0
      vertex 36.0313 -14.9247 0
    endloop
  endfacet
  facet normal 0 0 -1
    outer loop
      vertex 39 0 0
      vertex 9.92079 0.0857649 0
      vertex 38.8122 3.82267 0
    endloop
  endfacet
  facet normal 0 0 -1
    outer loop
      vertex 9.72638 -0.555094 0
      vertex 36.0313 -14.9247 0
      vertex 34.3949 -18.3845 0
    endloop
  endfacet
  facet normal 0 0 -1
    outer loop
      vertex 9.90819 0.170704 0
      vertex 38.8122 3.82267 0
      vertex 9.92079 0.0857649 0
    endloop
  endfacet
  facet normal 0 0 -1
    outer loop
      vertex 6.6 -6.7 0
      vertex 34.3949 -18.3845 0
      vertex 32.4273 -21.6672 0
    endloop
  endfacet
  facet normal -0 0 -1
    outer loop
      vertex 38.8122 3.82267 0
      vertex 9.90819 0.170704 0
      vertex 38.2506 7.60852 0
    endloop
  endfacet
  facet normal 0 0 -1
    outer loop
      vertex 6.6 -6.7 0
      vertex 32.4273 -21.6672 0
      vertex 30.1474 -24.7413 0
    endloop
  endfacet
  facet normal 0 0 -1
    outer loop
      vertex 9.88732 0.253999 0
      vertex 38.2506 7.60852 0
      vertex 9.90819 0.170704 0
    endloop
  endfacet
  facet normal 0 0 -1
    outer loop
      vertex 6.6 -6.7 0
      vertex 30.1474 -24.7413 0
      vertex 27.5772 -27.5772 0
    endloop
  endfacet
  facet normal 0 0 -1
    outer loop
      vertex 9.85839 0.334847 0
      vertex 38.2506 7.60852 0
      vertex 9.88732 0.253999 0
    endloop
  endfacet
  facet normal 0 0 -1
    outer loop
      vertex 6.6 -6.7 0
      vertex 27.5772 -27.5772 0
      vertex 24.7413 -30.1474 0
    endloop
  endfacet
  facet normal -0 0 -1
    outer loop
      vertex 38.2506 7.60852 0
      vertex 9.85839 0.334847 0
      vertex 37.3207 11.3211 0
    endloop
  endfacet
  facet normal 0 0 -1
    outer loop
      vertex 6.6 -6.7 0
      vertex 24.7413 -30.1474 0
      vertex 21.6672 -32.4273 0
    endloop
  endfacet
  facet normal 0 0 -1
    outer loop
      vertex 9.82168 0.412472 0
      vertex 37.3207 11.3211 0
      vertex 9.85839 0.334847 0
    endloop
  endfacet
  facet normal 0 0 -1
    outer loop
      vertex 6.6 -6.7 0
      vertex 21.6672 -32.4273 0
      vertex 18.3845 -34.3949 0
    endloop
  endfacet
  facet normal 0 0 -1
    outer loop
      vertex 9.77754 0.486123 0
      vertex 36.0313 14.9247 0
      vertex 9.82168 0.412472 0
    endloop
  endfacet
  facet normal 0 0 -1
    outer loop
      vertex 6.6 -6.7 0
      vertex 18.3845 -34.3949 0
      vertex 14.9247 -36.0313 0
    endloop
  endfacet
  facet normal 0 0 -1
    outer loop
      vertex 9.72638 0.555094 0
      vertex 36.0313 14.9247 0
      vertex 9.77754 0.486123 0
    endloop
  endfacet
  facet normal 0 0 -1
    outer loop
      vertex 6.6 -6.7 0
      vertex 14.9247 -36.0313 0
      vertex 11.3211 -37.3207 0
    endloop
  endfacet
  facet normal -0 0 -1
    outer loop
      vertex 36.0313 14.9247 0
      vertex 9.72638 0.555094 0
      vertex 34.3949 18.3845 0
    endloop
  endfacet
  facet normal 0 0 -1
    outer loop
      vertex 6.6 6.7 0
      vertex 34.3949 18.3845 0
      vertex 9.72638 0.555094 0
    endloop
  endfacet
  facet normal -0 0 -1
    outer loop
      vertex 37.3207 11.3211 0
      vertex 9.82168 0.412472 0
      vertex 36.0313 14.9247 0
    endloop
  endfacet
  facet normal 0 0 -1
    outer loop
      vertex 38.8122 -3.82267 0
      vertex 9.90819 -0.170704 0
      vertex 9.92079 -0.0857649 0
    endloop
  endfacet
  facet normal 0 0 -1
    outer loop
      vertex 38.2506 -7.60852 0
      vertex 9.88732 -0.253999 0
      vertex 9.90819 -0.170704 0
    endloop
  endfacet
  facet normal 0 0 -1
    outer loop
      vertex 38.2506 -7.60852 0
      vertex 9.85839 -0.334847 0
      vertex 9.88732 -0.253999 0
    endloop
  endfacet
  facet normal 0 0 -1
    outer loop
      vertex 37.3207 -11.3211 0
      vertex 9.82168 -0.412472 0
      vertex 9.85839 -0.334847 0
    endloop
  endfacet
  facet normal 0 0 -1
    outer loop
      vertex 36.0313 -14.9247 0
      vertex 9.77754 -0.486123 0
      vertex 9.82168 -0.412472 0
    endloop
  endfacet
  facet normal 0 0 -1
    outer loop
      vertex 34.3949 -18.3845 0
      vertex 6.6 -6.7 0
      vertex 9.72638 -0.555094 0
    endloop
  endfacet
  facet normal 0 0 -1
    outer loop
      vertex 36.0313 -14.9247 0
      vertex 9.72638 -0.555094 0
      vertex 9.77754 -0.486123 0
    endloop
  endfacet
  facet normal 0 0 -1
    outer loop
      vertex 9.72638 -0.555094 0
      vertex 6.6 -6.7 0
      vertex 9.66872 -0.618718 0
    endloop
  endfacet
  facet normal 0 0 -1
    outer loop
      vertex 9.66872 -0.618718 0
      vertex 6.6 -6.7 0
      vertex 9.60509 -0.676384 0
    endloop
  endfacet
  facet normal 0 0 -1
    outer loop
      vertex 9.60509 -0.676384 0
      vertex 6.6 -6.7 0
      vertex 9.53612 -0.727535 0
    endloop
  endfacet
  facet normal 0 0 -1
    outer loop
      vertex 9.53612 -0.727535 0
      vertex 6.6 -6.7 0
      vertex 9.46247 -0.771681 0
    endloop
  endfacet
  facet normal 0 0 -1
    outer loop
      vertex 9.46247 -0.771681 0
      vertex 6.6 -6.7 0
      vertex 9.38485 -0.808394 0
    endloop
  endfacet
  facet normal 0 0 -1
    outer loop
      vertex 9.38485 -0.808394 0
      vertex 6.6 -6.7 0
      vertex 9.304 -0.837322 0
    endloop
  endfacet
  facet normal 0 0 -1
    outer loop
      vertex 9.304 -0.837322 0
      vertex 6.6 -6.7 0
      vertex 9.2207 -0.858187 0
    endloop
  endfacet
  facet normal 0 0 -1
    outer loop
      vertex 9.2207 -0.858187 0
      vertex 6.6 -6.7 0
      vertex 9.13576 -0.870786 0
    endloop
  endfacet
  facet normal 0 0 -1
    outer loop
      vertex 9.13576 -0.870786 0
      vertex 6.6 -6.7 0
      vertex 9.05 -0.875 0
    endloop
  endfacet
  facet normal -0 0 -1
    outer loop
      vertex 9.05 -0.875 0
      vertex 6.6 -6.7 0
      vertex 7.85 -0.875 0
    endloop
  endfacet
  facet normal -0 0 -1
    outer loop
      vertex 7.85 -0.875 0
      vertex 6.6 -6.7 0
      vertex 7.76423 -0.870786 0
    endloop
  endfacet
  facet normal 0 0 -1
    outer loop
      vertex 6.6 -6.7 0
      vertex 11.3211 -37.3207 0
      vertex 7.60852 -38.2506 0
    endloop
  endfacet
  facet normal -0 0 -1
    outer loop
      vertex 7.76423 -0.870786 0
      vertex 6.6 -6.7 0
      vertex 7.6793 -0.858187 0
    endloop
  endfacet
  facet normal -0 0 -1
    outer loop
      vertex 7.6793 -0.858187 0
      vertex 6.6 -6.7 0
      vertex 7.596 -0.837322 0
    endloop
  endfacet
  facet normal -0 0 -1
    outer loop
      vertex 7.596 -0.837322 0
      vertex 6.6 -6.7 0
      vertex 7.51515 -0.808394 0
    endloop
  endfacet
  facet normal -0 0 -1
    outer loop
      vertex 7.51515 -0.808394 0
      vertex 6.6 -6.7 0
      vertex 7.43753 -0.771681 0
    endloop
  endfacet
  facet normal -0 0 -1
    outer loop
      vertex 7.43753 -0.771681 0
      vertex 6.6 -6.7 0
      vertex 7.36388 -0.727535 0
    endloop
  endfacet
  facet normal -0 0 -1
    outer loop
      vertex 7.36388 -0.727535 0
      vertex 6.6 -6.7 0
      vertex 7.29491 -0.676384 0
    endloop
  endfacet
  facet normal -0 0 -1
    outer loop
      vertex 7.29491 -0.676384 0
      vertex 6.6 -6.7 0
      vertex 7.23128 -0.618718 0
    endloop
  endfacet
  facet normal -0 0 -1
    outer loop
      vertex 7.23128 -0.618718 0
      vertex 6.6 -6.7 0
      vertex 7.17362 -0.555094 0
    endloop
  endfacet
  facet normal -0 0 -1
    outer loop
      vertex 7.17362 -0.555094 0
      vertex 6.6 -6.7 0
      vertex 7.12246 -0.486123 0
    endloop
  endfacet
  facet normal -0 0 -1
    outer loop
      vertex 7.12246 -0.486123 0
      vertex 6.6 -6.7 0
      vertex 7.07832 -0.412472 0
    endloop
  endfacet
  facet normal -0 0 -1
    outer loop
      vertex 7.07832 -0.412472 0
      vertex 6.6 -6.7 0
      vertex 7.0416 -0.334847 0
    endloop
  endfacet
  facet normal -0 0 -1
    outer loop
      vertex 7.0416 -0.334847 0
      vertex 6.6 -6.7 0
      vertex 7.01268 -0.253999 0
    endloop
  endfacet
  facet normal -0 0 -1
    outer loop
      vertex 7.01268 -0.253999 0
      vertex 6.6 -6.7 0
      vertex 6.99181 -0.170704 0
    endloop
  endfacet
  facet normal -0 0 -1
    outer loop
      vertex 6.99181 -0.170704 0
      vertex 6.6 -6.7 0
      vertex 6.97921 -0.0857649 0
    endloop
  endfacet
  facet normal -0 0 -1
    outer loop
      vertex 6.97921 -0.0857649 0
      vertex 6.6 -6.7 0
      vertex 6.975 0 0
    endloop
  endfacet
  facet normal 0 0 -1
    outer loop
      vertex 3.82267 -38.8122 0
      vertex 6.6 -6.7 0
      vertex 7.60852 -38.2506 0
    endloop
  endfacet
  facet normal 0 0 -1
    outer loop
      vertex 0 -39 0
      vertex 6.6 -6.7 0
      vertex 3.82267 -38.8122 0
    endloop
  endfacet
  facet normal 0 0 -1
    outer loop
      vertex -3.82267 -38.8122 0
      vertex 6.6 -6.7 0
      vertex 0 -39 0
    endloop
  endfacet
  facet normal 0 0 -1
    outer loop
      vertex -7.60852 -38.2506 0
      vertex 6.6 -6.7 0
      vertex -3.82267 -38.8122 0
    endloop
  endfacet
  facet normal 0 0 -1
    outer loop
      vertex -11.3211 -37.3207 0
      vertex 6.6 -6.7 0
      vertex -7.60852 -38.2506 0
    endloop
  endfacet
  facet normal 0 0 -1
    outer loop
      vertex -17.6 -6.7 0
      vertex -11.3211 -37.3207 0
      vertex -14.9247 -36.0313 0
    endloop
  endfacet
  facet normal 0 0 -1
    outer loop
      vertex -11.3211 -37.3207 0
      vertex -17.6 -6.7 0
      vertex 6.6 -6.7 0
    endloop
  endfacet
  facet normal 0 0 -1
    outer loop
      vertex -17.6 -6.7 0
      vertex -17.975 0 0
      vertex -17.6 6.7 0
    endloop
  endfacet
  facet normal 0 0 -1
    outer loop
      vertex -17.6 -6.7 0
      vertex -17.9792 -0.0857649 0
      vertex -17.975 0 0
    endloop
  endfacet
  facet normal 0 0 -1
    outer loop
      vertex -17.6 -6.7 0
      vertex -17.9918 -0.170704 0
      vertex -17.9792 -0.0857649 0
    endloop
  endfacet
  facet normal 0 0 -1
    outer loop
      vertex -17.6 -6.7 0
      vertex -18.0127 -0.253999 0
      vertex -17.9918 -0.170704 0
    endloop
  endfacet
  facet normal 0 0 -1
    outer loop
      vertex -17.6 -6.7 0
      vertex -18.0416 -0.334847 0
      vertex -18.0127 -0.253999 0
    endloop
  endfacet
  facet normal 0 0 -1
    outer loop
      vertex -17.6 -6.7 0
      vertex -18.0783 -0.412472 0
      vertex -18.0416 -0.334847 0
    endloop
  endfacet
  facet normal 0 0 -1
    outer loop
      vertex -17.6 -6.7 0
      vertex -18.1225 -0.486123 0
      vertex -18.0783 -0.412472 0
    endloop
  endfacet
  facet normal 0 0 -1
    outer loop
      vertex -17.6 -6.7 0
      vertex -18.1736 -0.555094 0
      vertex -18.1225 -0.486123 0
    endloop
  endfacet
  facet normal 0 0 -1
    outer loop
      vertex -18.3845 -34.3949 0
      vertex -17.6 -6.7 0
      vertex -14.9247 -36.0313 0
    endloop
  endfacet
  facet normal 0 0 -1
    outer loop
      vertex -17.6 -6.7 0
      vertex -18.2313 -0.618718 0
      vertex -18.1736 -0.555094 0
    endloop
  endfacet
  facet normal 0 0 -1
    outer loop
      vertex -17.6 -6.7 0
      vertex -18.2949 -0.676384 0
      vertex -18.2313 -0.618718 0
    endloop
  endfacet
  facet normal 0 0 -1
    outer loop
      vertex -17.6 -6.7 0
      vertex -18.3639 -0.727535 0
      vertex -18.2949 -0.676384 0
    endloop
  endfacet
  facet normal 0 0 -1
    outer loop
      vertex -21.6672 -32.4273 0
      vertex -17.6 -6.7 0
      vertex -18.3845 -34.3949 0
    endloop
  endfacet
  facet normal 0 0 -1
    outer loop
      vertex -17.6 -6.7 0
      vertex -18.4375 -0.771681 0
      vertex -18.3639 -0.727535 0
    endloop
  endfacet
  facet normal 0 0 -1
    outer loop
      vertex -17.6 -6.7 0
      vertex -18.5152 -0.808394 0
      vertex -18.4375 -0.771681 0
    endloop
  endfacet
  facet normal 0 0 -1
    outer loop
      vertex -24.7413 -30.1474 0
      vertex -17.6 -6.7 0
      vertex -21.6672 -32.4273 0
    endloop
  endfacet
  facet normal 0 0 -1
    outer loop
      vertex -17.6 -6.7 0
      vertex -18.596 -0.837322 0
      vertex -18.5152 -0.808394 0
    endloop
  endfacet
  facet normal 0 0 -1
    outer loop
      vertex -27.5772 -27.5772 0
      vertex -17.6 -6.7 0
      vertex -24.7413 -30.1474 0
    endloop
  endfacet
  facet normal 0 0 -1
    outer loop
      vertex -17.6 -6.7 0
      vertex -18.6793 -0.858187 0
      vertex -18.596 -0.837322 0
    endloop
  endfacet
  facet normal 0 0 -1
    outer loop
      vertex -30.1474 -24.7413 0
      vertex -17.6 -6.7 0
      vertex -27.5772 -27.5772 0
    endloop
  endfacet
  facet normal 0 0 -1
    outer loop
      vertex -17.6 -6.7 0
      vertex -18.7642 -0.870786 0
      vertex -18.6793 -0.858187 0
    endloop
  endfacet
  facet normal 0 0 -1
    outer loop
      vertex -32.4273 -21.6672 0
      vertex -17.6 -6.7 0
      vertex -30.1474 -24.7413 0
    endloop
  endfacet
  facet normal 0 0 -1
    outer loop
      vertex -17.6 -6.7 0
      vertex -18.85 -0.875 0
      vertex -18.7642 -0.870786 0
    endloop
  endfacet
  facet normal 0 0 -1
    outer loop
      vertex -17.6 -6.7 0
      vertex -20.05 -0.875 0
      vertex -18.85 -0.875 0
    endloop
  endfacet
  facet normal 0 0 -1
    outer loop
      vertex -34.3949 -18.3845 0
      vertex -17.6 -6.7 0
      vertex -32.4273 -21.6672 0
    endloop
  endfacet
  facet normal 0 0 -1
    outer loop
      vertex -17.6 -6.7 0
      vertex -20.1358 -0.870786 0
      vertex -20.05 -0.875 0
    endloop
  endfacet
  facet normal 0 0 -1
    outer loop
      vertex -17.6 -6.7 0
      vertex -20.2207 -0.858187 0
      vertex -20.1358 -0.870786 0
    endloop
  endfacet
  facet normal 0 0 -1
    outer loop
      vertex -36.0313 -14.9247 0
      vertex -17.6 -6.7 0
      vertex -34.3949 -18.3845 0
    endloop
  endfacet
  facet normal 0 0 -1
    outer loop
      vertex -17.6 -6.7 0
      vertex -20.304 -0.837322 0
      vertex -20.2207 -0.858187 0
    endloop
  endfacet
  facet normal 0 0 -1
    outer loop
      vertex -17.6 -6.7 0
      vertex -20.3848 -0.808394 0
      vertex -20.304 -0.837322 0
    endloop
  endfacet
  facet normal 0 0 -1
    outer loop
      vertex -37.3207 -11.3211 0
      vertex -17.6 -6.7 0
      vertex -36.0313 -14.9247 0
    endloop
  endfacet
  facet normal 0 0 -1
    outer loop
      vertex -17.6 -6.7 0
      vertex -20.4625 -0.771681 0
      vertex -20.3848 -0.808394 0
    endloop
  endfacet
  facet normal 0 0 -1
    outer loop
      vertex -17.6 -6.7 0
      vertex -20.5361 -0.727535 0
      vertex -20.4625 -0.771681 0
    endloop
  endfacet
  facet normal 0 -0 -1
    outer loop
      vertex -20.6687 -0.618718 0
      vertex -17.6 -6.7 0
      vertex -37.3207 -11.3211 0
    endloop
  endfacet
  facet normal 0 0 -1
    outer loop
      vertex -17.6 -6.7 0
      vertex -20.6051 -0.676384 0
      vertex -20.5361 -0.727535 0
    endloop
  endfacet
  facet normal -0 0 -1
    outer loop
      vertex -20.6687 -0.618718 0
      vertex -37.3207 -11.3211 0
      vertex -20.7264 -0.555094 0
    endloop
  endfacet
  facet normal 0 0 -1
    outer loop
      vertex -17.6 -6.7 0
      vertex -20.6687 -0.618718 0
      vertex -20.6051 -0.676384 0
    endloop
  endfacet
  facet normal -0 0 -1
    outer loop
      vertex 34.3949 18.3845 0
      vertex 6.6 6.7 0
      vertex 32.4273 21.6672 0
    endloop
  endfacet
  facet normal -0 0 -1
    outer loop
      vertex 32.4273 21.6672 0
      vertex 6.6 6.7 0
      vertex 30.1474 24.7413 0
    endloop
  endfacet
  facet normal -0 0 -1
    outer loop
      vertex 30.1474 24.7413 0
      vertex 6.6 6.7 0
      vertex 27.5772 27.5772 0
    endloop
  endfacet
  facet normal -0 0 -1
    outer loop
      vertex 24.7413 30.1474 0
      vertex 6.6 6.7 0
      vertex 21.6672 32.4273 0
    endloop
  endfacet
  facet normal 0 0 -1
    outer loop
      vertex 2.12132 30.3787 0
      vertex 21.6672 32.4273 0
      vertex 6.6 6.7 0
    endloop
  endfacet
  facet normal 0 -0 -1
    outer loop
      vertex 2.31903 30.5968 0
      vertex 21.6672 32.4273 0
      vertex 2.12132 30.3787 0
    endloop
  endfacet
  facet normal -0 0 -1
    outer loop
      vertex 27.5772 27.5772 0
      vertex 6.6 6.7 0
      vertex 24.7413 30.1474 0
    endloop
  endfacet
  facet normal 0 0 -1
    outer loop
      vertex 6.6 6.7 0
      vertex 9.72638 0.555094 0
      vertex 9.66872 0.618718 0
    endloop
  endfacet
  facet normal 0 0 -1
    outer loop
      vertex 6.6 6.7 0
      vertex 9.66872 0.618718 0
      vertex 9.60509 0.676384 0
    endloop
  endfacet
  facet normal 0 0 -1
    outer loop
      vertex 6.6 6.7 0
      vertex 9.60509 0.676384 0
      vertex 9.53612 0.727535 0
    endloop
  endfacet
  facet normal 0 0 -1
    outer loop
      vertex 6.6 6.7 0
      vertex 9.53612 0.727535 0
      vertex 9.46247 0.771681 0
    endloop
  endfacet
  facet normal 0 0 -1
    outer loop
      vertex 6.6 6.7 0
      vertex 9.46247 0.771681 0
      vertex 9.38485 0.808394 0
    endloop
  endfacet
  facet normal 0 0 -1
    outer loop
      vertex 6.6 6.7 0
      vertex 9.38485 0.808394 0
      vertex 9.304 0.837322 0
    endloop
  endfacet
  facet normal 0 0 -1
    outer loop
      vertex 6.6 6.7 0
      vertex 9.304 0.837322 0
      vertex 9.2207 0.858187 0
    endloop
  endfacet
  facet normal 0 0 -1
    outer loop
      vertex 6.6 6.7 0
      vertex 9.2207 0.858187 0
      vertex 9.13576 0.870786 0
    endloop
  endfacet
  facet normal 0 0 -1
    outer loop
      vertex 6.6 6.7 0
      vertex 9.13576 0.870786 0
      vertex 9.05 0.875 0
    endloop
  endfacet
  facet normal 0 0 -1
    outer loop
      vertex 6.6 6.7 0
      vertex 9.05 0.875 0
      vertex 7.85 0.875 0
    endloop
  endfacet
  facet normal 0 0 -1
    outer loop
      vertex 6.6 6.7 0
      vertex 7.85 0.875 0
      vertex 7.76423 0.870786 0
    endloop
  endfacet
  facet normal 0 0 -1
    outer loop
      vertex 6.6 6.7 0
      vertex 7.76423 0.870786 0
      vertex 7.6793 0.858187 0
    endloop
  endfacet
  facet normal 0 -0 -1
    outer loop
      vertex 2.49441 30.8333 0
      vertex 18.3845 34.3949 0
      vertex 2.31903 30.5968 0
    endloop
  endfacet
  facet normal 0 0 -1
    outer loop
      vertex 6.6 6.7 0
      vertex 7.6793 0.858187 0
      vertex 7.596 0.837322 0
    endloop
  endfacet
  facet normal 0 0 -1
    outer loop
      vertex 6.6 6.7 0
      vertex 7.596 0.837322 0
      vertex 7.51515 0.808394 0
    endloop
  endfacet
  facet normal 0 0 -1
    outer loop
      vertex 6.6 6.7 0
      vertex 7.51515 0.808394 0
      vertex 7.43753 0.771681 0
    endloop
  endfacet
  facet normal 0 0 -1
    outer loop
      vertex 6.6 6.7 0
      vertex 7.43753 0.771681 0
      vertex 7.36388 0.727535 0
    endloop
  endfacet
  facet normal 0 0 -1
    outer loop
      vertex 6.6 6.7 0
      vertex 7.36388 0.727535 0
      vertex 7.29491 0.676384 0
    endloop
  endfacet
  facet normal 0 0 -1
    outer loop
      vertex 6.6 6.7 0
      vertex 7.29491 0.676384 0
      vertex 7.23128 0.618718 0
    endloop
  endfacet
  facet normal 0 0 -1
    outer loop
      vertex 6.6 6.7 0
      vertex 7.23128 0.618718 0
      vertex 7.17362 0.555094 0
    endloop
  endfacet
  facet normal 0 0 -1
    outer loop
      vertex 6.6 6.7 0
      vertex 7.17362 0.555094 0
      vertex 7.12246 0.486123 0
    endloop
  endfacet
  facet normal 0 0 -1
    outer loop
      vertex 6.6 6.7 0
      vertex 7.12246 0.486123 0
      vertex 7.07832 0.412472 0
    endloop
  endfacet
  facet normal 0 0 -1
    outer loop
      vertex 6.6 6.7 0
      vertex 7.07832 0.412472 0
      vertex 7.0416 0.334847 0
    endloop
  endfacet
  facet normal 0 0 -1
    outer loop
      vertex 6.6 6.7 0
      vertex 7.0416 0.334847 0
      vertex 7.01268 0.253999 0
    endloop
  endfacet
  facet normal 0 0 -1
    outer loop
      vertex 6.6 6.7 0
      vertex 7.01268 0.253999 0
      vertex 6.99181 0.170704 0
    endloop
  endfacet
  facet normal 0 0 -1
    outer loop
      vertex 6.6 6.7 0
      vertex 6.99181 0.170704 0
      vertex 6.97921 0.0857649 0
    endloop
  endfacet
  facet normal 0 0 -1
    outer loop
      vertex 6.6 6.7 0
      vertex 6.97921 0.0857649 0
      vertex 6.975 0 0
    endloop
  endfacet
  facet normal 0 0 -1
    outer loop
      vertex 6.6 6.7 0
      vertex 6.975 0 0
      vertex 6.6 -6.7 0
    endloop
  endfacet
  facet normal -0 0 -1
    outer loop
      vertex 18.3845 34.3949 0
      vertex 2.64576 31.0858 0
      vertex 14.9247 36.0313 0
    endloop
  endfacet
  facet normal -0 0 -1
    outer loop
      vertex 14.9247 36.0313 0
      vertex 2.87082 31.6291 0
      vertex 11.3211 37.3207 0
    endloop
  endfacet
  facet normal 0 0 -1
    outer loop
      vertex 2.98555 32.7941 0
      vertex 11.3211 37.3207 0
      vertex 3 32.5 0
    endloop
  endfacet
  facet normal -0 0 -1
    outer loop
      vertex 11.3211 37.3207 0
      vertex 2.98555 32.7941 0
      vertex 7.60852 38.2506 0
    endloop
  endfacet
  facet normal 0 -0 -1
    outer loop
      vertex 3 32.5 0
      vertex 11.3211 37.3207 0
      vertex 2.98555 32.2059 0
    endloop
  endfacet
  facet normal 0 -0 -1
    outer loop
      vertex 2.98555 32.2059 0
      vertex 11.3211 37.3207 0
      vertex 2.94236 31.9147 0
    endloop
  endfacet
  facet normal 0 -0 -1
    outer loop
      vertex 2.94236 31.9147 0
      vertex 11.3211 37.3207 0
      vertex 2.87082 31.6291 0
    endloop
  endfacet
  facet normal 0 -0 -1
    outer loop
      vertex 2.87082 31.6291 0
      vertex 14.9247 36.0313 0
      vertex 2.77164 31.3519 0
    endloop
  endfacet
  facet normal 0 -0 -1
    outer loop
      vertex 2.77164 31.3519 0
      vertex 14.9247 36.0313 0
      vertex 2.64576 31.0858 0
    endloop
  endfacet
  facet normal 0 -0 -1
    outer loop
      vertex 2.64576 31.0858 0
      vertex 18.3845 34.3949 0
      vertex 2.49441 30.8333 0
    endloop
  endfacet
  facet normal -0 0 -1
    outer loop
      vertex 21.6672 32.4273 0
      vertex 2.31903 30.5968 0
      vertex 18.3845 34.3949 0
    endloop
  endfacet
  facet normal 0 0 -1
    outer loop
      vertex 6.6 6.7 0
      vertex 1.90318 30.181 0
      vertex 2.12132 30.3787 0
    endloop
  endfacet
  facet normal 0 0 -1
    outer loop
      vertex 6.6 6.7 0
      vertex 1.66671 30.0056 0
      vertex 1.90318 30.181 0
    endloop
  endfacet
  facet normal 0 0 -1
    outer loop
      vertex 6.6 6.7 0
      vertex 1.41419 29.8542 0
      vertex 1.66671 30.0056 0
    endloop
  endfacet
  facet normal 0 0 -1
    outer loop
      vertex 6.6 6.7 0
      vertex 1.14805 29.7284 0
      vertex 1.41419 29.8542 0
    endloop
  endfacet
  facet normal 0 0 -1
    outer loop
      vertex 6.6 6.7 0
      vertex 0.870853 29.6292 0
      vertex 1.14805 29.7284 0
    endloop
  endfacet
  facet normal 0 0 -1
    outer loop
      vertex 6.6 6.7 0
      vertex 0.585271 29.5576 0
      vertex 0.870853 29.6292 0
    endloop
  endfacet
  facet normal 0 0 -1
    outer loop
      vertex 6.6 6.7 0
      vertex 0.294051 29.5144 0
      vertex 0.585271 29.5576 0
    endloop
  endfacet
  facet normal 0 0 -1
    outer loop
      vertex 6.6 6.7 0
      vertex 0 29.5 0
      vertex 0.294051 29.5144 0
    endloop
  endfacet
  facet normal 0 0 -1
    outer loop
      vertex 6.6 6.7 0
      vertex -0.294051 29.5144 0
      vertex 0 29.5 0
    endloop
  endfacet
  facet normal 0 0 -1
    outer loop
      vertex 6.6 6.7 0
      vertex -0.585271 29.5576 0
      vertex -0.294051 29.5144 0
    endloop
  endfacet
  facet normal 0 0 -1
    outer loop
      vertex 6.6 6.7 0
      vertex -0.870853 29.6292 0
      vertex -0.585271 29.5576 0
    endloop
  endfacet
  facet normal 0 0 -1
    outer loop
      vertex -17.6 6.7 0
      vertex -0.870853 29.6292 0
      vertex 6.6 6.7 0
    endloop
  endfacet
  facet normal -0 0 -1
    outer loop
      vertex -0.870853 29.6292 0
      vertex -17.6 6.7 0
      vertex -1.14805 29.7284 0
    endloop
  endfacet
  facet normal -0 0 -1
    outer loop
      vertex -1.14805 29.7284 0
      vertex -17.6 6.7 0
      vertex -1.41419 29.8542 0
    endloop
  endfacet
  facet normal -0 0 -1
    outer loop
      vertex -1.41419 29.8542 0
      vertex -17.6 6.7 0
      vertex -1.66671 30.0056 0
    endloop
  endfacet
  facet normal -0 0 -1
    outer loop
      vertex -1.66671 30.0056 0
      vertex -17.6 6.7 0
      vertex -1.90318 30.181 0
    endloop
  endfacet
  facet normal -0 0 -1
    outer loop
      vertex -1.90318 30.181 0
      vertex -17.6 6.7 0
      vertex -2.12132 30.3787 0
    endloop
  endfacet
  facet normal -0 0 -1
    outer loop
      vertex -2.12132 30.3787 0
      vertex -17.6 6.7 0
      vertex -2.31903 30.5968 0
    endloop
  endfacet
  facet normal 0 0 -1
    outer loop
      vertex -21.6672 32.4273 0
      vertex -2.31903 30.5968 0
      vertex -17.6 6.7 0
    endloop
  endfacet
  facet normal 0 -0 -1
    outer loop
      vertex -18.3845 34.3949 0
      vertex -2.31903 30.5968 0
      vertex -21.6672 32.4273 0
    endloop
  endfacet
  facet normal 0 0 -1
    outer loop
      vertex -11.3211 37.3207 0
      vertex -3 32.5 0
      vertex -2.98555 32.2059 0
    endloop
  endfacet
  facet normal 0 0 -1
    outer loop
      vertex -3 32.5 0
      vertex -7.60852 38.2506 0
      vertex -3.82267 38.8122 0
    endloop
  endfacet
  facet normal 0 0 -1
    outer loop
      vertex -11.3211 37.3207 0
      vertex -2.98555 32.2059 0
      vertex -2.94236 31.9147 0
    endloop
  endfacet
  facet normal 0 0 -1
    outer loop
      vertex -11.3211 37.3207 0
      vertex -2.94236 31.9147 0
      vertex -2.87082 31.6291 0
    endloop
  endfacet
  facet normal 0 0 -1
    outer loop
      vertex -14.9247 36.0313 0
      vertex -2.87082 31.6291 0
      vertex -2.77164 31.3519 0
    endloop
  endfacet
  facet normal 0 0 -1
    outer loop
      vertex -2.31903 30.5968 0
      vertex -18.3845 34.3949 0
      vertex -2.49441 30.8333 0
    endloop
  endfacet
  facet normal 0 0 -1
    outer loop
      vertex -3 32.5 0
      vertex -11.3211 37.3207 0
      vertex -7.60852 38.2506 0
    endloop
  endfacet
  facet normal 0 0 -1
    outer loop
      vertex -2.49441 30.8333 0
      vertex -18.3845 34.3949 0
      vertex -2.64576 31.0858 0
    endloop
  endfacet
  facet normal 0 0 -1
    outer loop
      vertex -2.87082 31.6291 0
      vertex -14.9247 36.0313 0
      vertex -11.3211 37.3207 0
    endloop
  endfacet
  facet normal 0 0 -1
    outer loop
      vertex -17.9792 0.0857649 0
      vertex -17.6 6.7 0
      vertex -17.975 0 0
    endloop
  endfacet
  facet normal 0 0 -1
    outer loop
      vertex -17.9918 0.170704 0
      vertex -17.6 6.7 0
      vertex -17.9792 0.0857649 0
    endloop
  endfacet
  facet normal 0 0 -1
    outer loop
      vertex -18.0127 0.253999 0
      vertex -17.6 6.7 0
      vertex -17.9918 0.170704 0
    endloop
  endfacet
  facet normal 0 0 -1
    outer loop
      vertex -18.0416 0.334847 0
      vertex -17.6 6.7 0
      vertex -18.0127 0.253999 0
    endloop
  endfacet
  facet normal 0 0 -1
    outer loop
      vertex -18.0783 0.412472 0
      vertex -17.6 6.7 0
      vertex -18.0416 0.334847 0
    endloop
  endfacet
  facet normal 0 0 -1
    outer loop
      vertex -18.1225 0.486123 0
      vertex -17.6 6.7 0
      vertex -18.0783 0.412472 0
    endloop
  endfacet
  facet normal 0 0 -1
    outer loop
      vertex -18.1736 0.555094 0
      vertex -17.6 6.7 0
      vertex -18.1225 0.486123 0
    endloop
  endfacet
  facet normal 0 0 -1
    outer loop
      vertex -18.2313 0.618718 0
      vertex -17.6 6.7 0
      vertex -18.1736 0.555094 0
    endloop
  endfacet
  facet normal 0 0 -1
    outer loop
      vertex -18.2949 0.676384 0
      vertex -17.6 6.7 0
      vertex -18.2313 0.618718 0
    endloop
  endfacet
  facet normal 0 0 -1
    outer loop
      vertex -18.3639 0.727535 0
      vertex -17.6 6.7 0
      vertex -18.2949 0.676384 0
    endloop
  endfacet
  facet normal 0 0 -1
    outer loop
      vertex -18.4375 0.771681 0
      vertex -17.6 6.7 0
      vertex -18.3639 0.727535 0
    endloop
  endfacet
  facet normal 0 0 -1
    outer loop
      vertex -2.64576 31.0858 0
      vertex -14.9247 36.0313 0
      vertex -2.77164 31.3519 0
    endloop
  endfacet
  facet normal 0 0 -1
    outer loop
      vertex -18.5152 0.808394 0
      vertex -17.6 6.7 0
      vertex -18.4375 0.771681 0
    endloop
  endfacet
  facet normal 0 0 -1
    outer loop
      vertex -18.596 0.837322 0
      vertex -17.6 6.7 0
      vertex -18.5152 0.808394 0
    endloop
  endfacet
  facet normal 0 0 -1
    outer loop
      vertex -18.6793 0.858187 0
      vertex -17.6 6.7 0
      vertex -18.596 0.837322 0
    endloop
  endfacet
  facet normal 0 0 -1
    outer loop
      vertex -18.7642 0.870786 0
      vertex -17.6 6.7 0
      vertex -18.6793 0.858187 0
    endloop
  endfacet
  facet normal 0 0 -1
    outer loop
      vertex -18.85 0.875 0
      vertex -17.6 6.7 0
      vertex -18.7642 0.870786 0
    endloop
  endfacet
  facet normal 0 0 -1
    outer loop
      vertex -20.05 0.875 0
      vertex -17.6 6.7 0
      vertex -18.85 0.875 0
    endloop
  endfacet
  facet normal 0 0 -1
    outer loop
      vertex -20.1358 0.870786 0
      vertex -17.6 6.7 0
      vertex -20.05 0.875 0
    endloop
  endfacet
  facet normal 0 0 -1
    outer loop
      vertex -20.2207 0.858187 0
      vertex -17.6 6.7 0
      vertex -20.1358 0.870786 0
    endloop
  endfacet
  facet normal 0 0 -1
    outer loop
      vertex -20.304 0.837322 0
      vertex -17.6 6.7 0
      vertex -20.2207 0.858187 0
    endloop
  endfacet
  facet normal 0 0 -1
    outer loop
      vertex -20.3848 0.808394 0
      vertex -17.6 6.7 0
      vertex -20.304 0.837322 0
    endloop
  endfacet
  facet normal 0 0 -1
    outer loop
      vertex -20.4625 0.771681 0
      vertex -17.6 6.7 0
      vertex -20.3848 0.808394 0
    endloop
  endfacet
  facet normal 0 0 -1
    outer loop
      vertex -20.5361 0.727535 0
      vertex -17.6 6.7 0
      vertex -20.4625 0.771681 0
    endloop
  endfacet
  facet normal 0 0 -1
    outer loop
      vertex -20.6051 0.676384 0
      vertex -17.6 6.7 0
      vertex -20.5361 0.727535 0
    endloop
  endfacet
  facet normal 0 0 -1
    outer loop
      vertex -20.6687 0.618718 0
      vertex -17.6 6.7 0
      vertex -20.6051 0.676384 0
    endloop
  endfacet
  facet normal -0 0 -1
    outer loop
      vertex -17.6 6.7 0
      vertex -20.6687 0.618718 0
      vertex -37.3207 11.3211 0
    endloop
  endfacet
  facet normal 0 0 -1
    outer loop
      vertex -37.3207 11.3211 0
      vertex -20.6687 0.618718 0
      vertex -20.7264 0.555094 0
    endloop
  endfacet
  facet normal 0 0 -1
    outer loop
      vertex -38.2506 7.60852 0
      vertex -20.7264 0.555094 0
      vertex -20.7775 0.486123 0
    endloop
  endfacet
  facet normal 0 0 -1
    outer loop
      vertex -38.2506 7.60852 0
      vertex -20.7775 0.486123 0
      vertex -20.8217 0.412472 0
    endloop
  endfacet
  facet normal 0 0 -1
    outer loop
      vertex -38.2506 7.60852 0
      vertex -20.8217 0.412472 0
      vertex -20.8584 0.334847 0
    endloop
  endfacet
  facet normal 0 0 -1
    outer loop
      vertex -38.8122 3.82267 0
      vertex -20.8584 0.334847 0
      vertex -20.8873 0.253999 0
    endloop
  endfacet
  facet normal 0 0 -1
    outer loop
      vertex -38.8122 3.82267 0
      vertex -20.8873 0.253999 0
      vertex -20.9082 0.170704 0
    endloop
  endfacet
  facet normal 0 0 -1
    outer loop
      vertex -38.8122 3.82267 0
      vertex -20.9082 0.170704 0
      vertex -20.9208 0.0857649 0
    endloop
  endfacet
  facet normal 0 -0 -1
    outer loop
      vertex -14.9247 36.0313 0
      vertex -2.64576 31.0858 0
      vertex -18.3845 34.3949 0
    endloop
  endfacet
  facet normal 0 0 -1
    outer loop
      vertex -39 0 0
      vertex -20.9208 0.0857649 0
      vertex -20.925 0 0
    endloop
  endfacet
  facet normal 0 0 -1
    outer loop
      vertex -38.2506 -7.60852 0
      vertex -20.7264 -0.555094 0
      vertex -37.3207 -11.3211 0
    endloop
  endfacet
  facet normal -0 0 -1
    outer loop
      vertex -20.7264 -0.555094 0
      vertex -38.2506 -7.60852 0
      vertex -20.7775 -0.486123 0
    endloop
  endfacet
  facet normal 0 0 -1
    outer loop
      vertex -17.6 6.7 0
      vertex -24.7413 30.1474 0
      vertex -21.6672 32.4273 0
    endloop
  endfacet
  facet normal -0 0 -1
    outer loop
      vertex -20.7775 -0.486123 0
      vertex -38.2506 -7.60852 0
      vertex -20.8217 -0.412472 0
    endloop
  endfacet
  facet normal 0 0 -1
    outer loop
      vertex -17.6 6.7 0
      vertex -27.5772 27.5772 0
      vertex -24.7413 30.1474 0
    endloop
  endfacet
  facet normal -0 0 -1
    outer loop
      vertex -20.8217 -0.412472 0
      vertex -38.2506 -7.60852 0
      vertex -20.8584 -0.334847 0
    endloop
  endfacet
  facet normal 0 0 -1
    outer loop
      vertex -17.6 6.7 0
      vertex -30.1474 24.7413 0
      vertex -27.5772 27.5772 0
    endloop
  endfacet
  facet normal 0 0 -1
    outer loop
      vertex -38.8122 -3.82267 0
      vertex -20.8584 -0.334847 0
      vertex -38.2506 -7.60852 0
    endloop
  endfacet
  facet normal 0 0 -1
    outer loop
      vertex -17.6 6.7 0
      vertex -32.4273 21.6672 0
      vertex -30.1474 24.7413 0
    endloop
  endfacet
  facet normal -0 0 -1
    outer loop
      vertex -20.8584 -0.334847 0
      vertex -38.8122 -3.82267 0
      vertex -20.8873 -0.253999 0
    endloop
  endfacet
  facet normal 0 0 -1
    outer loop
      vertex -17.6 6.7 0
      vertex -34.3949 18.3845 0
      vertex -32.4273 21.6672 0
    endloop
  endfacet
  facet normal -0 0 -1
    outer loop
      vertex -20.8873 -0.253999 0
      vertex -38.8122 -3.82267 0
      vertex -20.9082 -0.170704 0
    endloop
  endfacet
  facet normal 0 0 -1
    outer loop
      vertex -17.6 6.7 0
      vertex -36.0313 14.9247 0
      vertex -34.3949 18.3845 0
    endloop
  endfacet
  facet normal -0 0 -1
    outer loop
      vertex -20.9082 -0.170704 0
      vertex -38.8122 -3.82267 0
      vertex -20.9208 -0.0857649 0
    endloop
  endfacet
  facet normal 0 0 -1
    outer loop
      vertex -17.6 6.7 0
      vertex -37.3207 11.3211 0
      vertex -36.0313 14.9247 0
    endloop
  endfacet
  facet normal 0 0 -1
    outer loop
      vertex -39 0 0
      vertex -20.9208 -0.0857649 0
      vertex -38.8122 -3.82267 0
    endloop
  endfacet
  facet normal 0 0 -1
    outer loop
      vertex -20.7264 0.555094 0
      vertex -38.2506 7.60852 0
      vertex -37.3207 11.3211 0
    endloop
  endfacet
  facet normal 0 0 -1
    outer loop
      vertex -20.9208 -0.0857649 0
      vertex -39 0 0
      vertex -20.925 0 0
    endloop
  endfacet
  facet normal 0 0 -1
    outer loop
      vertex -20.8584 0.334847 0
      vertex -38.8122 3.82267 0
      vertex -38.2506 7.60852 0
    endloop
  endfacet
  facet normal -0 0 -1
    outer loop
      vertex -20.9208 0.0857649 0
      vertex -39 0 0
      vertex -38.8122 3.82267 0
    endloop
  endfacet
  facet normal 0 0 -1
    outer loop
      vertex 2.94236 33.0853 0
      vertex 7.60852 38.2506 0
      vertex 2.98555 32.7941 0
    endloop
  endfacet
  facet normal 0 0 -1
    outer loop
      vertex 2.87082 33.3709 0
      vertex 7.60852 38.2506 0
      vertex 2.94236 33.0853 0
    endloop
  endfacet
  facet normal 0 0 -1
    outer loop
      vertex 2.77164 33.648 0
      vertex 7.60852 38.2506 0
      vertex 2.87082 33.3709 0
    endloop
  endfacet
  facet normal 0 0 -1
    outer loop
      vertex 2.64576 33.9142 0
      vertex 7.60852 38.2506 0
      vertex 2.77164 33.648 0
    endloop
  endfacet
  facet normal 0 0 -1
    outer loop
      vertex 2.49441 34.1667 0
      vertex 7.60852 38.2506 0
      vertex 2.64576 33.9142 0
    endloop
  endfacet
  facet normal -0 0 -1
    outer loop
      vertex 7.60852 38.2506 0
      vertex 2.49441 34.1667 0
      vertex 3.82267 38.8122 0
    endloop
  endfacet
  facet normal 0 0 -1
    outer loop
      vertex 2.31903 34.4032 0
      vertex 3.82267 38.8122 0
      vertex 2.49441 34.1667 0
    endloop
  endfacet
  facet normal 0 0 -1
    outer loop
      vertex 2.12132 34.6213 0
      vertex 3.82267 38.8122 0
      vertex 2.31903 34.4032 0
    endloop
  endfacet
  facet normal 0 0 -1
    outer loop
      vertex 1.90318 34.819 0
      vertex 3.82267 38.8122 0
      vertex 2.12132 34.6213 0
    endloop
  endfacet
  facet normal 0 0 -1
    outer loop
      vertex 1.66671 34.9944 0
      vertex 3.82267 38.8122 0
      vertex 1.90318 34.819 0
    endloop
  endfacet
  facet normal 0 0 -1
    outer loop
      vertex 1.41419 35.1458 0
      vertex 3.82267 38.8122 0
      vertex 1.66671 34.9944 0
    endloop
  endfacet
  facet normal 0 0 -1
    outer loop
      vertex 1.14805 35.2716 0
      vertex 3.82267 38.8122 0
      vertex 1.41419 35.1458 0
    endloop
  endfacet
  facet normal 0 0 -1
    outer loop
      vertex 0 39 0
      vertex 1.14805 35.2716 0
      vertex 0.870853 35.3708 0
    endloop
  endfacet
  facet normal 0 0 -1
    outer loop
      vertex 0 39 0
      vertex 0.870853 35.3708 0
      vertex 0.585271 35.4424 0
    endloop
  endfacet
  facet normal 0 0 -1
    outer loop
      vertex 0 39 0
      vertex 0.585271 35.4424 0
      vertex 0.294051 35.4856 0
    endloop
  endfacet
  facet normal 0 0 -1
    outer loop
      vertex 0 39 0
      vertex 0.294051 35.4856 0
      vertex 0 35.5 0
    endloop
  endfacet
  facet normal 0 0 -1
    outer loop
      vertex 1.14805 35.2716 0
      vertex 0 39 0
      vertex 3.82267 38.8122 0
    endloop
  endfacet
  facet normal 0 0 -1
    outer loop
      vertex -0.294051 35.4856 0
      vertex 0 39 0
      vertex 0 35.5 0
    endloop
  endfacet
  facet normal 0 0 -1
    outer loop
      vertex -0.585271 35.4424 0
      vertex 0 39 0
      vertex -0.294051 35.4856 0
    endloop
  endfacet
  facet normal 0 0 -1
    outer loop
      vertex -0.870853 35.3708 0
      vertex 0 39 0
      vertex -0.585271 35.4424 0
    endloop
  endfacet
  facet normal 0 0 -1
    outer loop
      vertex -1.14805 35.2716 0
      vertex 0 39 0
      vertex -0.870853 35.3708 0
    endloop
  endfacet
  facet normal 0 0 -1
    outer loop
      vertex -3.82267 38.8122 0
      vertex -1.14805 35.2716 0
      vertex -1.41419 35.1458 0
    endloop
  endfacet
  facet normal 0 0 -1
    outer loop
      vertex -3.82267 38.8122 0
      vertex -1.41419 35.1458 0
      vertex -1.66671 34.9944 0
    endloop
  endfacet
  facet normal 0 0 -1
    outer loop
      vertex -3.82267 38.8122 0
      vertex -1.66671 34.9944 0
      vertex -1.90318 34.819 0
    endloop
  endfacet
  facet normal 0 0 -1
    outer loop
      vertex -3.82267 38.8122 0
      vertex -1.90318 34.819 0
      vertex -2.12132 34.6213 0
    endloop
  endfacet
  facet normal 0 0 -1
    outer loop
      vertex -3.82267 38.8122 0
      vertex -2.12132 34.6213 0
      vertex -2.31903 34.4032 0
    endloop
  endfacet
  facet normal 0 0 -1
    outer loop
      vertex -3.82267 38.8122 0
      vertex -2.31903 34.4032 0
      vertex -2.49441 34.1667 0
    endloop
  endfacet
  facet normal 0 0 -1
    outer loop
      vertex -3.82267 38.8122 0
      vertex -2.49441 34.1667 0
      vertex -2.64576 33.9142 0
    endloop
  endfacet
  facet normal 0 0 -1
    outer loop
      vertex -1.14805 35.2716 0
      vertex -3.82267 38.8122 0
      vertex 0 39 0
    endloop
  endfacet
  facet normal 0 0 -1
    outer loop
      vertex -2.77164 33.648 0
      vertex -3.82267 38.8122 0
      vertex -2.64576 33.9142 0
    endloop
  endfacet
  facet normal 0 0 -1
    outer loop
      vertex -2.87082 33.3709 0
      vertex -3.82267 38.8122 0
      vertex -2.77164 33.648 0
    endloop
  endfacet
  facet normal 0 0 -1
    outer loop
      vertex -2.94236 33.0853 0
      vertex -3.82267 38.8122 0
      vertex -2.87082 33.3709 0
    endloop
  endfacet
  facet normal 0 0 -1
    outer loop
      vertex -2.98555 32.7941 0
      vertex -3.82267 38.8122 0
      vertex -2.94236 33.0853 0
    endloop
  endfacet
  facet normal 0 0 -1
    outer loop
      vertex -3.82267 38.8122 0
      vertex -2.98555 32.7941 0
      vertex -3 32.5 0
    endloop
  endfacet
  facet normal -0.989168 0.146789 0
    outer loop
      vertex -38.2506 7.60852 0
      vertex -38.4151 6.5 22.5
      vertex -38.2506 7.60852 34
    endloop
  endfacet
  facet normal -0.989176 0.146736 -2.64177e-06
    outer loop
      vertex -38.8122 3.82267 0
      vertex -38.4151 6.5 22.5
      vertex -38.2506 7.60852 0
    endloop
  endfacet
  facet normal -0.989179 0.146714 0
    outer loop
      vertex -38.4151 6.5 22.5
      vertex -38.8122 3.82267 0
      vertex -38.8122 3.82267 22.5
    endloop
  endfacet
  facet normal -0.989168 0.146789 0
    outer loop
      vertex -38.2506 7.60852 34
      vertex -38.4151 6.5 22.5
      vertex -38.4151 6.5 34
    endloop
  endfacet
  facet normal 0.989177 -0.146724 0
    outer loop
      vertex 38.6524 -4.9 13
      vertex 38.8122 -3.82267 34
      vertex 38.6524 -4.9 27
    endloop
  endfacet
  facet normal 0.989176 -0.146736 1.85503e-06
    outer loop
      vertex 38.2506 -7.60852 34
      vertex 38.6524 -4.9 27
      vertex 38.8122 -3.82267 34
    endloop
  endfacet
  facet normal 0.989157 -0.14686 0
    outer loop
      vertex 38.3261 -7.1 27
      vertex 38.2506 -7.60852 34
      vertex 38.3261 -7.1 13
    endloop
  endfacet
  facet normal 0.989179 -0.146713 1.09146e-05
    outer loop
      vertex 38.6524 -4.9 27
      vertex 38.2506 -7.60852 34
      vertex 38.3261 -7.1 27
    endloop
  endfacet
  facet normal 0.989177 -0.146724 0
    outer loop
      vertex 38.8122 -3.82267 34
      vertex 38.6524 -4.9 13
      vertex 38.8122 -3.82267 0
    endloop
  endfacet
  facet normal 0.989179 -0.146713 -5.87711e-06
    outer loop
      vertex 38.2506 -7.60852 0
      vertex 38.6524 -4.9 13
      vertex 38.3261 -7.1 13
    endloop
  endfacet
  facet normal 0.989176 -0.146736 -9.98862e-07
    outer loop
      vertex 38.6524 -4.9 13
      vertex 38.2506 -7.60852 0
      vertex 38.8122 -3.82267 0
    endloop
  endfacet
  facet normal 0.989157 -0.14686 0
    outer loop
      vertex 38.2506 -7.60852 0
      vertex 38.3261 -7.1 13
      vertex 38.2506 -7.60852 34
    endloop
  endfacet
  facet normal 0.970035 -0.242967 0
    outer loop
      vertex 37.3207 -11.3211 34
      vertex 38.2506 -7.60852 0
      vertex 38.2506 -7.60852 34
    endloop
  endfacet
  facet normal 0.970035 -0.242967 0
    outer loop
      vertex 38.2506 -7.60852 0
      vertex 37.3207 -11.3211 34
      vertex 37.3207 -11.3211 0
    endloop
  endfacet
  facet normal 0.336892 -0.941543 0
    outer loop
      vertex 11.3211 -37.3207 0
      vertex 14.9247 -36.0313 34
      vertex 11.3211 -37.3207 34
    endloop
  endfacet
  facet normal 0.336892 -0.941543 0
    outer loop
      vertex 14.9247 -36.0313 34
      vertex 11.3211 -37.3207 0
      vertex 14.9247 -36.0313 0
    endloop
  endfacet
  facet normal 0.740965 -0.671543 0
    outer loop
      vertex 27.5772 -27.5772 34
      vertex 30.1474 -24.7413 0
      vertex 30.1474 -24.7413 34
    endloop
  endfacet
  facet normal 0.740965 -0.671543 0
    outer loop
      vertex 30.1474 -24.7413 0
      vertex 27.5772 -27.5772 34
      vertex 27.5772 -27.5772 0
    endloop
  endfacet
  facet normal 0.595698 -0.803209 0
    outer loop
      vertex 21.6672 -32.4273 0
      vertex 24.7413 -30.1474 34
      vertex 21.6672 -32.4273 34
    endloop
  endfacet
  facet normal 0.595698 -0.803209 0
    outer loop
      vertex 24.7413 -30.1474 34
      vertex 21.6672 -32.4273 0
      vertex 24.7413 -30.1474 0
    endloop
  endfacet
  facet normal 0.427563 -0.903986 0
    outer loop
      vertex 14.9247 -36.0313 0
      vertex 18.3845 -34.3949 34
      vertex 14.9247 -36.0313 34
    endloop
  endfacet
  facet normal 0.427563 -0.903986 0
    outer loop
      vertex 18.3845 -34.3949 34
      vertex 14.9247 -36.0313 0
      vertex 18.3845 -34.3949 0
    endloop
  endfacet
  facet normal 0.941543 -0.336892 0
    outer loop
      vertex 36.0313 -14.9247 34
      vertex 37.3207 -11.3211 0
      vertex 37.3207 -11.3211 34
    endloop
  endfacet
  facet normal 0.941543 -0.336892 0
    outer loop
      vertex 37.3207 -11.3211 0
      vertex 36.0313 -14.9247 34
      vertex 36.0313 -14.9247 0
    endloop
  endfacet
  facet normal 0.857726 -0.514108 0
    outer loop
      vertex 32.4273 -21.6672 34
      vertex 34.3949 -18.3845 0
      vertex 34.3949 -18.3845 34
    endloop
  endfacet
  facet normal 0.857726 -0.514108 0
    outer loop
      vertex 34.3949 -18.3845 0
      vertex 32.4273 -21.6672 34
      vertex 32.4273 -21.6672 0
    endloop
  endfacet
  facet normal -0.242967 -0.970035 0
    outer loop
      vertex -11.3211 -37.3207 0
      vertex -7.60852 -38.2506 34
      vertex -11.3211 -37.3207 34
    endloop
  endfacet
  facet normal -0.242967 -0.970035 -0
    outer loop
      vertex -7.60852 -38.2506 34
      vertex -11.3211 -37.3207 0
      vertex -7.60852 -38.2506 0
    endloop
  endfacet
  facet normal -0.427563 -0.903986 0
    outer loop
      vertex -18.3845 -34.3949 0
      vertex -14.9247 -36.0313 34
      vertex -18.3845 -34.3949 34
    endloop
  endfacet
  facet normal -0.427563 -0.903986 -0
    outer loop
      vertex -14.9247 -36.0313 34
      vertex -18.3845 -34.3949 0
      vertex -14.9247 -36.0313 0
    endloop
  endfacet
  facet normal -0.595698 -0.803209 0
    outer loop
      vertex -24.7413 -30.1474 0
      vertex -21.6672 -32.4273 34
      vertex -24.7413 -30.1474 34
    endloop
  endfacet
  facet normal -0.595698 -0.803209 -0
    outer loop
      vertex -21.6672 -32.4273 34
      vertex -24.7413 -30.1474 0
      vertex -21.6672 -32.4273 0
    endloop
  endfacet
  facet normal -0.941543 -0.336892 0
    outer loop
      vertex -36.0313 -14.9247 0
      vertex -37.3207 -11.3211 34
      vertex -37.3207 -11.3211 0
    endloop
  endfacet
  facet normal -0.941543 -0.336892 0
    outer loop
      vertex -37.3207 -11.3211 34
      vertex -36.0313 -14.9247 0
      vertex -36.0313 -14.9247 34
    endloop
  endfacet
  facet normal -0.857726 -0.514108 0
    outer loop
      vertex -32.4273 -21.6672 0
      vertex -34.3949 -18.3845 34
      vertex -34.3949 -18.3845 0
    endloop
  endfacet
  facet normal -0.857726 -0.514108 0
    outer loop
      vertex -34.3949 -18.3845 34
      vertex -32.4273 -21.6672 0
      vertex -32.4273 -21.6672 34
    endloop
  endfacet
  facet normal 0.514108 -0.857726 0
    outer loop
      vertex 18.3845 -34.3949 0
      vertex 21.6672 -32.4273 34
      vertex 18.3845 -34.3949 34
    endloop
  endfacet
  facet normal 0.514108 -0.857726 0
    outer loop
      vertex 21.6672 -32.4273 34
      vertex 18.3845 -34.3949 0
      vertex 21.6672 -32.4273 0
    endloop
  endfacet
  facet normal -0.998795 -0.0490678 0
    outer loop
      vertex 36.4238 3.58743 3
      vertex 36.546 1.1 13
      vertex 36.4238 3.58743 34
    endloop
  endfacet
  facet normal -0.998796 -0.0490568 2.75019e-06
    outer loop
      vertex 36.6 0 3
      vertex 36.546 1.1 13
      vertex 36.4238 3.58743 3
    endloop
  endfacet
  facet normal -0.998797 -0.0490319 0
    outer loop
      vertex 36.546 1.1 13
      vertex 36.6 0 3
      vertex 36.6 0 13
    endloop
  endfacet
  facet normal -0.998795 -0.0490678 -0
    outer loop
      vertex 36.546 1.1 27
      vertex 36.4238 3.58743 34
      vertex 36.546 1.1 13
    endloop
  endfacet
  facet normal -0.998797 -0.0490319 -0
    outer loop
      vertex 36.6 0 34
      vertex 36.546 1.1 27
      vertex 36.6 0 27
    endloop
  endfacet
  facet normal -0.998796 -0.0490568 -3.92884e-06
    outer loop
      vertex 36.546 1.1 27
      vertex 36.6 0 34
      vertex 36.4238 3.58743 34
    endloop
  endfacet
  facet normal 0.998796 -0.0490568 0
    outer loop
      vertex -36.6 0 22.5
      vertex -36.4238 3.58743 3
      vertex -36.4238 3.58743 22.5
    endloop
  endfacet
  facet normal 0.998796 -0.0490568 0
    outer loop
      vertex -36.4238 3.58743 3
      vertex -36.6 0 22.5
      vertex -36.6 0 3
    endloop
  endfacet
  facet normal -0.0490568 -0.998796 0
    outer loop
      vertex 0 36.6 3
      vertex 3.58743 36.4238 34
      vertex 0 36.6 34
    endloop
  endfacet
  facet normal -0.0490568 -0.998796 -0
    outer loop
      vertex 3.58743 36.4238 34
      vertex 0 36.6 3
      vertex 3.58743 36.4238 3
    endloop
  endfacet
  facet normal 0.0490568 0.998796 -0
    outer loop
      vertex 0 -36.6 3
      vertex -3.58743 -36.4238 34
      vertex 0 -36.6 34
    endloop
  endfacet
  facet normal 0.0490568 0.998796 0
    outer loop
      vertex -3.58743 -36.4238 34
      vertex 0 -36.6 3
      vertex -3.58743 -36.4238 3
    endloop
  endfacet
  facet normal -0.740928 -0.671584 0
    outer loop
      vertex 27.1339 24.4967 3
      vertex 28.2922 23.2188 3
      vertex 27.1339 24.4967 31.5
    endloop
  endfacet
  facet normal -0.740962 -0.671547 0
    outer loop
      vertex 27.1339 24.4967 31.5
      vertex 25.8801 25.8801 34
      vertex 25.8801 25.8801 31.5
    endloop
  endfacet
  facet normal -0.740946 -0.671565 1.79522e-05
    outer loop
      vertex 27.1339 24.4967 31.5
      vertex 28.2922 23.2188 34
      vertex 25.8801 25.8801 34
    endloop
  endfacet
  facet normal -0.740928 -0.671584 -0
    outer loop
      vertex 28.2922 23.2188 34
      vertex 27.1339 24.4967 31.5
      vertex 28.2922 23.2188 3
    endloop
  endfacet
  facet normal 0.671547 -0.740962 0
    outer loop
      vertex -24.4967 27.1339 31.5
      vertex -25.8801 25.8801 34
      vertex -25.8801 25.8801 31.5
    endloop
  endfacet
  facet normal 0.671565 -0.740946 1.79522e-05
    outer loop
      vertex -25.8801 25.8801 34
      vertex -24.4967 27.1339 31.5
      vertex -23.2188 28.2922 34
    endloop
  endfacet
  facet normal 0.671584 -0.740928 0
    outer loop
      vertex -23.2188 28.2922 3
      vertex -24.4967 27.1339 31.5
      vertex -24.4967 27.1339 3
    endloop
  endfacet
  facet normal 0.671584 -0.740928 0
    outer loop
      vertex -24.4967 27.1339 31.5
      vertex -23.2188 28.2922 3
      vertex -23.2188 28.2922 34
    endloop
  endfacet
  facet normal 0.336883 -0.941546 0
    outer loop
      vertex -14.0062 33.814 3
      vertex -10.6244 35.024 34
      vertex -14.0062 33.814 34
    endloop
  endfacet
  facet normal 0.336883 -0.941546 0
    outer loop
      vertex -10.6244 35.024 34
      vertex -14.0062 33.814 3
      vertex -10.6244 35.024 3
    endloop
  endfacet
  facet normal 0.970033 0.242975 0
    outer loop
      vertex -35.024 -10.6244 34
      vertex -35.8967 -7.14031 3
      vertex -35.8967 -7.14031 34
    endloop
  endfacet
  facet normal 0.970033 0.242975 0
    outer loop
      vertex -35.8967 -7.14031 3
      vertex -35.024 -10.6244 34
      vertex -35.024 -10.6244 3
    endloop
  endfacet
  facet normal -0.941546 -0.336883 0
    outer loop
      vertex 35.024 10.6244 3
      vertex 33.814 14.0062 34
      vertex 33.814 14.0062 3
    endloop
  endfacet
  facet normal -0.941546 -0.336883 0
    outer loop
      vertex 33.814 14.0062 34
      vertex 35.024 10.6244 3
      vertex 35.024 10.6244 34
    endloop
  endfacet
  facet normal -0.989103 -0.147224 0
    outer loop
      vertex 35.8967 7.14031 3
      vertex 35.9027 7.1 13
      vertex 35.8967 7.14031 34
    endloop
  endfacet
  facet normal -0.989173 -0.146757 1.92511e-06
    outer loop
      vertex 35.8967 7.14031 3
      vertex 36.2291 4.9 13
      vertex 35.9027 7.1 13
    endloop
  endfacet
  facet normal -0.989177 -0.146729 -0
    outer loop
      vertex 36.4238 3.58743 34
      vertex 36.2291 4.9 13
      vertex 36.4238 3.58743 3
    endloop
  endfacet
  facet normal -0.989173 -0.146752 3.06008e-06
    outer loop
      vertex 36.4238 3.58743 3
      vertex 36.2291 4.9 13
      vertex 35.8967 7.14031 3
    endloop
  endfacet
  facet normal -0.989103 -0.147224 -0
    outer loop
      vertex 35.9027 7.1 27
      vertex 35.8967 7.14031 34
      vertex 35.9027 7.1 13
    endloop
  endfacet
  facet normal -0.989173 -0.146757 -2.75016e-06
    outer loop
      vertex 36.2291 4.9 27
      vertex 35.8967 7.14031 34
      vertex 35.9027 7.1 27
    endloop
  endfacet
  facet normal -0.989173 -0.146752 -4.37155e-06
    outer loop
      vertex 36.2291 4.9 27
      vertex 36.4238 3.58743 34
      vertex 35.8967 7.14031 34
    endloop
  endfacet
  facet normal -0.989177 -0.146729 0
    outer loop
      vertex 36.2291 4.9 13
      vertex 36.4238 3.58743 34
      vertex 36.2291 4.9 27
    endloop
  endfacet
  facet normal -0.427562 -0.903986 0
    outer loop
      vertex 14.0062 33.814 3
      vertex 17.2531 32.2783 34
      vertex 14.0062 33.814 34
    endloop
  endfacet
  facet normal -0.427562 -0.903986 -0
    outer loop
      vertex 17.2531 32.2783 34
      vertex 14.0062 33.814 3
      vertex 17.2531 32.2783 3
    endloop
  endfacet
  facet normal 0.857736 -0.51409 0
    outer loop
      vertex -32.2783 17.2531 34
      vertex -30.4318 20.3339 3
      vertex -30.4318 20.3339 34
    endloop
  endfacet
  facet normal 0.857736 -0.51409 0
    outer loop
      vertex -30.4318 20.3339 3
      vertex -32.2783 17.2531 34
      vertex -32.2783 17.2531 3
    endloop
  endfacet
  facet normal 0.803206 -0.595702 0
    outer loop
      vertex -30.4318 20.3339 34
      vertex -28.2922 23.2188 3
      vertex -28.2922 23.2188 34
    endloop
  endfacet
  facet normal 0.803206 -0.595702 0
    outer loop
      vertex -28.2922 23.2188 3
      vertex -30.4318 20.3339 34
      vertex -30.4318 20.3339 3
    endloop
  endfacet
  facet normal 0.146752 -0.989173 0
    outer loop
      vertex -7.14031 35.8967 3
      vertex -3.58743 36.4238 34
      vertex -7.14031 35.8967 34
    endloop
  endfacet
  facet normal 0.146752 -0.989173 0
    outer loop
      vertex -3.58743 36.4238 34
      vertex -7.14031 35.8967 3
      vertex -3.58743 36.4238 3
    endloop
  endfacet
  facet normal -0.857736 0.51409 0
    outer loop
      vertex 30.4318 -20.3339 3
      vertex 32.2783 -17.2531 34
      vertex 32.2783 -17.2531 3
    endloop
  endfacet
  facet normal -0.857736 0.51409 0
    outer loop
      vertex 32.2783 -17.2531 34
      vertex 30.4318 -20.3339 3
      vertex 30.4318 -20.3339 34
    endloop
  endfacet
  facet normal -0.242975 0.970033 0
    outer loop
      vertex 10.6244 -35.024 3
      vertex 7.14031 -35.8967 34
      vertex 10.6244 -35.024 34
    endloop
  endfacet
  facet normal -0.242975 0.970033 0
    outer loop
      vertex 7.14031 -35.8967 34
      vertex 10.6244 -35.024 3
      vertex 7.14031 -35.8967 3
    endloop
  endfacet
  facet normal -0.671547 0.740962 0
    outer loop
      vertex 24.4967 -27.1339 31.5
      vertex 25.8801 -25.8801 34
      vertex 25.8801 -25.8801 31.5
    endloop
  endfacet
  facet normal -0.671565 0.740946 1.79522e-05
    outer loop
      vertex 25.8801 -25.8801 34
      vertex 24.4967 -27.1339 31.5
      vertex 23.2188 -28.2922 34
    endloop
  endfacet
  facet normal -0.671584 0.740928 0
    outer loop
      vertex 23.2188 -28.2922 3
      vertex 24.4967 -27.1339 31.5
      vertex 24.4967 -27.1339 3
    endloop
  endfacet
  facet normal -0.671584 0.740928 0
    outer loop
      vertex 24.4967 -27.1339 31.5
      vertex 23.2188 -28.2922 3
      vertex 23.2188 -28.2922 34
    endloop
  endfacet
  facet normal -0.941546 0.336883 0
    outer loop
      vertex 33.814 -14.0062 3
      vertex 35.024 -10.6244 34
      vertex 35.024 -10.6244 3
    endloop
  endfacet
  facet normal -0.941546 0.336883 0
    outer loop
      vertex 35.024 -10.6244 34
      vertex 33.814 -14.0062 3
      vertex 33.814 -14.0062 34
    endloop
  endfacet
  facet normal 0.336883 0.941546 -0
    outer loop
      vertex -10.6244 -35.024 3
      vertex -14.0062 -33.814 34
      vertex -10.6244 -35.024 34
    endloop
  endfacet
  facet normal 0.336883 0.941546 0
    outer loop
      vertex -14.0062 -33.814 34
      vertex -10.6244 -35.024 3
      vertex -14.0062 -33.814 3
    endloop
  endfacet
  facet normal 0.740928 0.671584 0
    outer loop
      vertex -28.2922 -23.2188 34
      vertex -27.1339 -24.4967 31.5
      vertex -28.2922 -23.2188 3
    endloop
  endfacet
  facet normal 0.740946 0.671565 1.79522e-05
    outer loop
      vertex -25.8801 -25.8801 34
      vertex -27.1339 -24.4967 31.5
      vertex -28.2922 -23.2188 34
    endloop
  endfacet
  facet normal 0.740962 0.671547 0
    outer loop
      vertex -27.1339 -24.4967 31.5
      vertex -25.8801 -25.8801 34
      vertex -25.8801 -25.8801 31.5
    endloop
  endfacet
  facet normal 0.740928 0.671584 0
    outer loop
      vertex -28.2922 -23.2188 3
      vertex -27.1339 -24.4967 31.5
      vertex -27.1339 -24.4967 3
    endloop
  endfacet
  facet normal 0.803206 0.595702 0
    outer loop
      vertex -28.2922 -23.2188 34
      vertex -30.4318 -20.3339 3
      vertex -30.4318 -20.3339 34
    endloop
  endfacet
  facet normal 0.803206 0.595702 0
    outer loop
      vertex -30.4318 -20.3339 3
      vertex -28.2922 -23.2188 34
      vertex -28.2922 -23.2188 3
    endloop
  endfacet
  facet normal -0.970033 -0.242975 0
    outer loop
      vertex 35.8967 7.14031 3
      vertex 35.024 10.6244 34
      vertex 35.024 10.6244 3
    endloop
  endfacet
  facet normal -0.970033 -0.242975 0
    outer loop
      vertex 35.024 10.6244 34
      vertex 35.8967 7.14031 3
      vertex 35.8967 7.14031 34
    endloop
  endfacet
  facet normal -0.857736 -0.51409 0
    outer loop
      vertex 32.2783 17.2531 3
      vertex 30.4318 20.3339 34
      vertex 30.4318 20.3339 3
    endloop
  endfacet
  facet normal -0.857736 -0.51409 0
    outer loop
      vertex 30.4318 20.3339 34
      vertex 32.2783 17.2531 3
      vertex 32.2783 17.2531 34
    endloop
  endfacet
  facet normal -0.803206 -0.595702 0
    outer loop
      vertex 30.4318 20.3339 3
      vertex 28.2922 23.2188 34
      vertex 28.2922 23.2188 3
    endloop
  endfacet
  facet normal -0.803206 -0.595702 0
    outer loop
      vertex 28.2922 23.2188 34
      vertex 30.4318 20.3339 3
      vertex 30.4318 20.3339 34
    endloop
  endfacet
  facet normal -0.903986 -0.427562 0
    outer loop
      vertex 33.814 14.0062 3
      vertex 32.2783 17.2531 34
      vertex 32.2783 17.2531 3
    endloop
  endfacet
  facet normal -0.903986 -0.427562 0
    outer loop
      vertex 32.2783 17.2531 34
      vertex 33.814 14.0062 3
      vertex 33.814 14.0062 34
    endloop
  endfacet
  facet normal -0.242975 -0.970033 0
    outer loop
      vertex 7.14031 35.8967 3
      vertex 10.6244 35.024 34
      vertex 7.14031 35.8967 34
    endloop
  endfacet
  facet normal -0.242975 -0.970033 -0
    outer loop
      vertex 10.6244 35.024 34
      vertex 7.14031 35.8967 3
      vertex 10.6244 35.024 3
    endloop
  endfacet
  facet normal -0.336883 -0.941546 0
    outer loop
      vertex 10.6244 35.024 3
      vertex 14.0062 33.814 34
      vertex 10.6244 35.024 34
    endloop
  endfacet
  facet normal -0.336883 -0.941546 -0
    outer loop
      vertex 14.0062 33.814 34
      vertex 10.6244 35.024 3
      vertex 14.0062 33.814 3
    endloop
  endfacet
  facet normal -0.146752 -0.989173 0
    outer loop
      vertex 3.58743 36.4238 3
      vertex 7.14031 35.8967 34
      vertex 3.58743 36.4238 34
    endloop
  endfacet
  facet normal -0.146752 -0.989173 -0
    outer loop
      vertex 7.14031 35.8967 34
      vertex 3.58743 36.4238 3
      vertex 7.14031 35.8967 3
    endloop
  endfacet
  facet normal -0.595702 -0.803206 0
    outer loop
      vertex 20.3339 30.4318 3
      vertex 23.2188 28.2922 34
      vertex 20.3339 30.4318 34
    endloop
  endfacet
  facet normal -0.595702 -0.803206 -0
    outer loop
      vertex 23.2188 28.2922 34
      vertex 20.3339 30.4318 3
      vertex 23.2188 28.2922 3
    endloop
  endfacet
  facet normal -0.51409 -0.857736 0
    outer loop
      vertex 17.2531 32.2783 3
      vertex 20.3339 30.4318 34
      vertex 17.2531 32.2783 34
    endloop
  endfacet
  facet normal -0.51409 -0.857736 -0
    outer loop
      vertex 20.3339 30.4318 34
      vertex 17.2531 32.2783 3
      vertex 20.3339 30.4318 3
    endloop
  endfacet
  facet normal -0.671565 -0.740946 1.79522e-05
    outer loop
      vertex 23.2188 28.2922 34
      vertex 24.4967 27.1339 31.5
      vertex 25.8801 25.8801 34
    endloop
  endfacet
  facet normal -0.671584 -0.740928 0
    outer loop
      vertex 23.2188 28.2922 3
      vertex 24.4967 27.1339 31.5
      vertex 23.2188 28.2922 34
    endloop
  endfacet
  facet normal -0.671584 -0.740928 -0
    outer loop
      vertex 24.4967 27.1339 31.5
      vertex 23.2188 28.2922 3
      vertex 24.4967 27.1339 3
    endloop
  endfacet
  facet normal -0.671547 -0.740962 -0
    outer loop
      vertex 25.8801 25.8801 34
      vertex 24.4967 27.1339 31.5
      vertex 25.8801 25.8801 31.5
    endloop
  endfacet
  facet normal 0.970033 -0.242975 0
    outer loop
      vertex -35.8967 7.14031 34
      vertex -35.024 10.6244 3
      vertex -35.024 10.6244 34
    endloop
  endfacet
  facet normal 0.970033 -0.242975 0
    outer loop
      vertex -35.024 10.6244 3
      vertex -35.8967 7.14031 34
      vertex -35.8967 7.14031 3
    endloop
  endfacet
  facet normal 0.740962 -0.671547 0
    outer loop
      vertex -25.8801 25.8801 34
      vertex -27.1339 24.4967 31.5
      vertex -25.8801 25.8801 31.5
    endloop
  endfacet
  facet normal 0.740946 -0.671565 1.79522e-05
    outer loop
      vertex -28.2922 23.2188 34
      vertex -27.1339 24.4967 31.5
      vertex -25.8801 25.8801 34
    endloop
  endfacet
  facet normal 0.740928 -0.671584 0
    outer loop
      vertex -28.2922 23.2188 3
      vertex -27.1339 24.4967 31.5
      vertex -28.2922 23.2188 34
    endloop
  endfacet
  facet normal 0.740928 -0.671584 0
    outer loop
      vertex -27.1339 24.4967 31.5
      vertex -28.2922 23.2188 3
      vertex -27.1339 24.4967 3
    endloop
  endfacet
  facet normal 0.903986 -0.427562 0
    outer loop
      vertex -33.814 14.0062 34
      vertex -32.2783 17.2531 3
      vertex -32.2783 17.2531 34
    endloop
  endfacet
  facet normal 0.903986 -0.427562 0
    outer loop
      vertex -32.2783 17.2531 3
      vertex -33.814 14.0062 34
      vertex -33.814 14.0062 3
    endloop
  endfacet
  facet normal 0.941546 -0.336883 0
    outer loop
      vertex -35.024 10.6244 34
      vertex -33.814 14.0062 3
      vertex -33.814 14.0062 34
    endloop
  endfacet
  facet normal 0.941546 -0.336883 0
    outer loop
      vertex -33.814 14.0062 3
      vertex -35.024 10.6244 34
      vertex -35.024 10.6244 3
    endloop
  endfacet
  facet normal 0.989172 -0.146759 0
    outer loop
      vertex -35.9917 6.5 22.5
      vertex -35.8967 7.14031 34
      vertex -35.9917 6.5 34
    endloop
  endfacet
  facet normal 0.989172 -0.146759 0
    outer loop
      vertex -35.8967 7.14031 34
      vertex -35.9917 6.5 22.5
      vertex -35.8967 7.14031 3
    endloop
  endfacet
  facet normal 0.989174 -0.146751 0
    outer loop
      vertex -36.4238 3.58743 3
      vertex -35.9917 6.5 22.5
      vertex -36.4238 3.58743 22.5
    endloop
  endfacet
  facet normal 0.989173 -0.146752 2.31284e-07
    outer loop
      vertex -35.9917 6.5 22.5
      vertex -36.4238 3.58743 3
      vertex -35.8967 7.14031 3
    endloop
  endfacet
  facet normal 0.51409 -0.857736 0
    outer loop
      vertex -20.3339 30.4318 3
      vertex -17.2531 32.2783 34
      vertex -20.3339 30.4318 34
    endloop
  endfacet
  facet normal 0.51409 -0.857736 0
    outer loop
      vertex -17.2531 32.2783 34
      vertex -20.3339 30.4318 3
      vertex -17.2531 32.2783 3
    endloop
  endfacet
  facet normal 0.595702 -0.803206 0
    outer loop
      vertex -23.2188 28.2922 3
      vertex -20.3339 30.4318 34
      vertex -23.2188 28.2922 34
    endloop
  endfacet
  facet normal 0.595702 -0.803206 0
    outer loop
      vertex -20.3339 30.4318 34
      vertex -23.2188 28.2922 3
      vertex -20.3339 30.4318 3
    endloop
  endfacet
  facet normal 0.0490568 -0.998796 0
    outer loop
      vertex -3.58743 36.4238 3
      vertex 0 36.6 34
      vertex -3.58743 36.4238 34
    endloop
  endfacet
  facet normal 0.0490568 -0.998796 0
    outer loop
      vertex 0 36.6 34
      vertex -3.58743 36.4238 3
      vertex 0 36.6 3
    endloop
  endfacet
  facet normal -0.0490568 0.998796 0
    outer loop
      vertex 3.58743 -36.4238 3
      vertex 0 -36.6 34
      vertex 3.58743 -36.4238 34
    endloop
  endfacet
  facet normal -0.0490568 0.998796 0
    outer loop
      vertex 0 -36.6 34
      vertex 3.58743 -36.4238 3
      vertex 0 -36.6 3
    endloop
  endfacet
  facet normal -0.427562 0.903986 0
    outer loop
      vertex 17.2531 -32.2783 3
      vertex 14.0062 -33.814 34
      vertex 17.2531 -32.2783 34
    endloop
  endfacet
  facet normal -0.427562 0.903986 0
    outer loop
      vertex 14.0062 -33.814 34
      vertex 17.2531 -32.2783 3
      vertex 14.0062 -33.814 3
    endloop
  endfacet
  facet normal -0.595702 0.803206 0
    outer loop
      vertex 23.2188 -28.2922 3
      vertex 20.3339 -30.4318 34
      vertex 23.2188 -28.2922 34
    endloop
  endfacet
  facet normal -0.595702 0.803206 0
    outer loop
      vertex 20.3339 -30.4318 34
      vertex 23.2188 -28.2922 3
      vertex 20.3339 -30.4318 3
    endloop
  endfacet
  facet normal -0.740928 0.671584 0
    outer loop
      vertex 27.1339 -24.4967 31.5
      vertex 28.2922 -23.2188 3
      vertex 27.1339 -24.4967 3
    endloop
  endfacet
  facet normal -0.740928 0.671584 0
    outer loop
      vertex 28.2922 -23.2188 3
      vertex 27.1339 -24.4967 31.5
      vertex 28.2922 -23.2188 34
    endloop
  endfacet
  facet normal -0.740962 0.671547 0
    outer loop
      vertex 25.8801 -25.8801 34
      vertex 27.1339 -24.4967 31.5
      vertex 25.8801 -25.8801 31.5
    endloop
  endfacet
  facet normal -0.740946 0.671565 1.79522e-05
    outer loop
      vertex 27.1339 -24.4967 31.5
      vertex 25.8801 -25.8801 34
      vertex 28.2922 -23.2188 34
    endloop
  endfacet
  facet normal -0.803206 0.595702 0
    outer loop
      vertex 28.2922 -23.2188 3
      vertex 30.4318 -20.3339 34
      vertex 30.4318 -20.3339 3
    endloop
  endfacet
  facet normal -0.803206 0.595702 0
    outer loop
      vertex 30.4318 -20.3339 34
      vertex 28.2922 -23.2188 3
      vertex 28.2922 -23.2188 34
    endloop
  endfacet
  facet normal 0.671565 0.740946 1.79522e-05
    outer loop
      vertex -23.2188 -28.2922 34
      vertex -24.4967 -27.1339 31.5
      vertex -25.8801 -25.8801 34
    endloop
  endfacet
  facet normal 0.671584 0.740928 -0
    outer loop
      vertex -23.2188 -28.2922 3
      vertex -24.4967 -27.1339 31.5
      vertex -23.2188 -28.2922 34
    endloop
  endfacet
  facet normal 0.671584 0.740928 0
    outer loop
      vertex -24.4967 -27.1339 31.5
      vertex -23.2188 -28.2922 3
      vertex -24.4967 -27.1339 3
    endloop
  endfacet
  facet normal 0.671547 0.740962 0
    outer loop
      vertex -25.8801 -25.8801 34
      vertex -24.4967 -27.1339 31.5
      vertex -25.8801 -25.8801 31.5
    endloop
  endfacet
  facet normal 0.595702 0.803206 -0
    outer loop
      vertex -20.3339 -30.4318 3
      vertex -23.2188 -28.2922 34
      vertex -20.3339 -30.4318 34
    endloop
  endfacet
  facet normal 0.595702 0.803206 0
    outer loop
      vertex -23.2188 -28.2922 34
      vertex -20.3339 -30.4318 3
      vertex -23.2188 -28.2922 3
    endloop
  endfacet
  facet normal 0.51409 0.857736 -0
    outer loop
      vertex -17.2531 -32.2783 3
      vertex -20.3339 -30.4318 34
      vertex -17.2531 -32.2783 34
    endloop
  endfacet
  facet normal 0.51409 0.857736 0
    outer loop
      vertex -20.3339 -30.4318 34
      vertex -17.2531 -32.2783 3
      vertex -20.3339 -30.4318 3
    endloop
  endfacet
  facet normal 0.146752 0.989173 -0
    outer loop
      vertex -3.58743 -36.4238 3
      vertex -7.14031 -35.8967 34
      vertex -3.58743 -36.4238 34
    endloop
  endfacet
  facet normal 0.146752 0.989173 0
    outer loop
      vertex -7.14031 -35.8967 34
      vertex -3.58743 -36.4238 3
      vertex -7.14031 -35.8967 3
    endloop
  endfacet
  facet normal 0.903986 0.427562 0
    outer loop
      vertex -32.2783 -17.2531 34
      vertex -33.814 -14.0062 3
      vertex -33.814 -14.0062 34
    endloop
  endfacet
  facet normal 0.903986 0.427562 0
    outer loop
      vertex -33.814 -14.0062 3
      vertex -32.2783 -17.2531 34
      vertex -32.2783 -17.2531 3
    endloop
  endfacet
  facet normal 0.998796 0.0490568 0
    outer loop
      vertex -36.4238 -3.58743 22.5
      vertex -36.6 0 3
      vertex -36.6 0 22.5
    endloop
  endfacet
  facet normal 0.998796 0.0490568 0
    outer loop
      vertex -36.6 0 3
      vertex -36.4238 -3.58743 22.5
      vertex -36.4238 -3.58743 3
    endloop
  endfacet
  facet normal 0.427562 -0.903986 0
    outer loop
      vertex -17.2531 32.2783 3
      vertex -14.0062 33.814 34
      vertex -17.2531 32.2783 34
    endloop
  endfacet
  facet normal 0.427562 -0.903986 0
    outer loop
      vertex -14.0062 33.814 34
      vertex -17.2531 32.2783 3
      vertex -14.0062 33.814 3
    endloop
  endfacet
  facet normal 0.242975 -0.970033 0
    outer loop
      vertex -10.6244 35.024 3
      vertex -7.14031 35.8967 34
      vertex -10.6244 35.024 34
    endloop
  endfacet
  facet normal 0.242975 -0.970033 0
    outer loop
      vertex -7.14031 35.8967 34
      vertex -10.6244 35.024 3
      vertex -7.14031 35.8967 3
    endloop
  endfacet
  facet normal -0.998797 0.0490319 0
    outer loop
      vertex 36.6 0 3
      vertex 36.546 -1.1 13
      vertex 36.6 0 13
    endloop
  endfacet
  facet normal -0.998795 0.0490678 0
    outer loop
      vertex 36.4238 -3.58743 34
      vertex 36.546 -1.1 13
      vertex 36.4238 -3.58743 3
    endloop
  endfacet
  facet normal -0.998796 0.0490568 2.75019e-06
    outer loop
      vertex 36.4238 -3.58743 3
      vertex 36.546 -1.1 13
      vertex 36.6 0 3
    endloop
  endfacet
  facet normal -0.998797 0.0490319 0
    outer loop
      vertex 36.546 -1.1 27
      vertex 36.6 0 34
      vertex 36.6 0 27
    endloop
  endfacet
  facet normal -0.998796 0.0490568 -3.92884e-06
    outer loop
      vertex 36.546 -1.1 27
      vertex 36.4238 -3.58743 34
      vertex 36.6 0 34
    endloop
  endfacet
  facet normal -0.998795 0.0490678 0
    outer loop
      vertex 36.546 -1.1 13
      vertex 36.4238 -3.58743 34
      vertex 36.546 -1.1 27
    endloop
  endfacet
  facet normal -0.146752 0.989173 0
    outer loop
      vertex 7.14031 -35.8967 3
      vertex 3.58743 -36.4238 34
      vertex 7.14031 -35.8967 34
    endloop
  endfacet
  facet normal -0.146752 0.989173 0
    outer loop
      vertex 3.58743 -36.4238 34
      vertex 7.14031 -35.8967 3
      vertex 3.58743 -36.4238 3
    endloop
  endfacet
  facet normal -0.336883 0.941546 0
    outer loop
      vertex 14.0062 -33.814 3
      vertex 10.6244 -35.024 34
      vertex 14.0062 -33.814 34
    endloop
  endfacet
  facet normal -0.336883 0.941546 0
    outer loop
      vertex 10.6244 -35.024 34
      vertex 14.0062 -33.814 3
      vertex 10.6244 -35.024 3
    endloop
  endfacet
  facet normal -0.51409 0.857736 0
    outer loop
      vertex 20.3339 -30.4318 3
      vertex 17.2531 -32.2783 34
      vertex 20.3339 -30.4318 34
    endloop
  endfacet
  facet normal -0.51409 0.857736 0
    outer loop
      vertex 17.2531 -32.2783 34
      vertex 20.3339 -30.4318 3
      vertex 17.2531 -32.2783 3
    endloop
  endfacet
  facet normal -0.903986 0.427562 0
    outer loop
      vertex 32.2783 -17.2531 3
      vertex 33.814 -14.0062 34
      vertex 33.814 -14.0062 3
    endloop
  endfacet
  facet normal -0.903986 0.427562 0
    outer loop
      vertex 33.814 -14.0062 34
      vertex 32.2783 -17.2531 3
      vertex 32.2783 -17.2531 34
    endloop
  endfacet
  facet normal -0.970033 0.242975 0
    outer loop
      vertex 35.024 -10.6244 3
      vertex 35.8967 -7.14031 34
      vertex 35.8967 -7.14031 3
    endloop
  endfacet
  facet normal -0.970033 0.242975 0
    outer loop
      vertex 35.8967 -7.14031 34
      vertex 35.024 -10.6244 3
      vertex 35.024 -10.6244 34
    endloop
  endfacet
  facet normal -0.989177 0.146729 0
    outer loop
      vertex 36.4238 -3.58743 3
      vertex 36.2291 -4.9 13
      vertex 36.4238 -3.58743 34
    endloop
  endfacet
  facet normal -0.989173 0.146752 3.06008e-06
    outer loop
      vertex 35.8967 -7.14031 3
      vertex 36.2291 -4.9 13
      vertex 36.4238 -3.58743 3
    endloop
  endfacet
  facet normal -0.989103 0.147224 0
    outer loop
      vertex 35.9027 -7.1 13
      vertex 35.8967 -7.14031 3
      vertex 35.9027 -7.1 27
    endloop
  endfacet
  facet normal -0.989173 0.146757 1.92511e-06
    outer loop
      vertex 36.2291 -4.9 13
      vertex 35.8967 -7.14031 3
      vertex 35.9027 -7.1 13
    endloop
  endfacet
  facet normal -0.989177 0.146729 0
    outer loop
      vertex 36.2291 -4.9 27
      vertex 36.4238 -3.58743 34
      vertex 36.2291 -4.9 13
    endloop
  endfacet
  facet normal -0.989173 0.146757 -2.75016e-06
    outer loop
      vertex 35.8967 -7.14031 34
      vertex 36.2291 -4.9 27
      vertex 35.9027 -7.1 27
    endloop
  endfacet
  facet normal -0.989173 0.146752 -4.37155e-06
    outer loop
      vertex 36.2291 -4.9 27
      vertex 35.8967 -7.14031 34
      vertex 36.4238 -3.58743 34
    endloop
  endfacet
  facet normal -0.989103 0.147224 0
    outer loop
      vertex 35.8967 -7.14031 34
      vertex 35.9027 -7.1 27
      vertex 35.8967 -7.14031 3
    endloop
  endfacet
  facet normal 0.427562 0.903986 -0
    outer loop
      vertex -14.0062 -33.814 3
      vertex -17.2531 -32.2783 34
      vertex -14.0062 -33.814 34
    endloop
  endfacet
  facet normal 0.427562 0.903986 0
    outer loop
      vertex -17.2531 -32.2783 34
      vertex -14.0062 -33.814 3
      vertex -17.2531 -32.2783 3
    endloop
  endfacet
  facet normal 0.242975 0.970033 -0
    outer loop
      vertex -7.14031 -35.8967 3
      vertex -10.6244 -35.024 34
      vertex -7.14031 -35.8967 34
    endloop
  endfacet
  facet normal 0.242975 0.970033 0
    outer loop
      vertex -10.6244 -35.024 34
      vertex -7.14031 -35.8967 3
      vertex -10.6244 -35.024 3
    endloop
  endfacet
  facet normal 0.857736 0.51409 0
    outer loop
      vertex -30.4318 -20.3339 34
      vertex -32.2783 -17.2531 3
      vertex -32.2783 -17.2531 34
    endloop
  endfacet
  facet normal 0.857736 0.51409 0
    outer loop
      vertex -32.2783 -17.2531 3
      vertex -30.4318 -20.3339 34
      vertex -30.4318 -20.3339 3
    endloop
  endfacet
  facet normal 0.941546 0.336883 0
    outer loop
      vertex -33.814 -14.0062 34
      vertex -35.024 -10.6244 3
      vertex -35.024 -10.6244 34
    endloop
  endfacet
  facet normal 0.941546 0.336883 0
    outer loop
      vertex -35.024 -10.6244 3
      vertex -33.814 -14.0062 34
      vertex -33.814 -14.0062 3
    endloop
  endfacet
  facet normal 0.989172 0.146759 0
    outer loop
      vertex -35.9917 -6.5 34
      vertex -35.8967 -7.14031 34
      vertex -35.9917 -6.5 22.5
    endloop
  endfacet
  facet normal 0.989174 0.146751 0
    outer loop
      vertex -35.9917 -6.5 22.5
      vertex -36.4238 -3.58743 3
      vertex -36.4238 -3.58743 22.5
    endloop
  endfacet
  facet normal 0.989173 0.146752 2.31284e-07
    outer loop
      vertex -35.9917 -6.5 22.5
      vertex -35.8967 -7.14031 3
      vertex -36.4238 -3.58743 3
    endloop
  endfacet
  facet normal 0.989172 0.146759 -0
    outer loop
      vertex -35.8967 -7.14031 3
      vertex -35.9917 -6.5 22.5
      vertex -35.8967 -7.14031 34
    endloop
  endfacet
  facet normal 0 0 1
    outer loop
      vertex -24.879 -20.8255 3
      vertex -32.2783 -17.2531 3
      vertex -25.1793 -20.933 3
    endloop
  endfacet
  facet normal 0 0 1
    outer loop
      vertex -27.1699 24.2541 3
      vertex -28.2922 23.2188 3
      vertex -27.1856 23.9356 3
    endloop
  endfacet
  facet normal 0 0 1
    outer loop
      vertex -28.2922 23.2188 3
      vertex -27.1699 24.2541 3
      vertex -27.1339 24.4967 3
    endloop
  endfacet
  facet normal 0 0 1
    outer loop
      vertex 23.2188 28.2922 3
      vertex 24.2541 27.1699 3
      vertex 24.4967 27.1339 3
    endloop
  endfacet
  facet normal 0 0 1
    outer loop
      vertex 23.2188 28.2922 3
      vertex 23.9356 27.1856 3
      vertex 24.2541 27.1699 3
    endloop
  endfacet
  facet normal 0 0 1
    outer loop
      vertex 23.2188 28.2922 3
      vertex 23.617 27.1699 3
      vertex 23.9356 27.1856 3
    endloop
  endfacet
  facet normal 0 0 1
    outer loop
      vertex 23.2188 28.2922 3
      vertex 23.3015 27.1231 3
      vertex 23.617 27.1699 3
    endloop
  endfacet
  facet normal 0 0 1
    outer loop
      vertex 23.2188 28.2922 3
      vertex 22.9921 27.0456 3
      vertex 23.3015 27.1231 3
    endloop
  endfacet
  facet normal 0 0 1
    outer loop
      vertex 23.2188 28.2922 3
      vertex 22.6918 26.9382 3
      vertex 22.9921 27.0456 3
    endloop
  endfacet
  facet normal 0 0 1
    outer loop
      vertex 23.2188 28.2922 3
      vertex 22.4035 26.8018 3
      vertex 22.6918 26.9382 3
    endloop
  endfacet
  facet normal 0 0 1
    outer loop
      vertex 23.2188 28.2922 3
      vertex 22.13 26.6378 3
      vertex 22.4035 26.8018 3
    endloop
  endfacet
  facet normal 0 0 1
    outer loop
      vertex 20.3339 30.4318 3
      vertex 22.13 26.6378 3
      vertex 23.2188 28.2922 3
    endloop
  endfacet
  facet normal 0 0 1
    outer loop
      vertex 22.13 26.6378 3
      vertex 20.3339 30.4318 3
      vertex 21.8738 26.4478 3
    endloop
  endfacet
  facet normal 0 0 1
    outer loop
      vertex 21.8738 26.4478 3
      vertex 20.3339 30.4318 3
      vertex 21.6375 26.2337 3
    endloop
  endfacet
  facet normal 0 0 1
    outer loop
      vertex 14.0062 33.814 3
      vertex 20.7012 24.2541 3
      vertex 17.2531 32.2783 3
    endloop
  endfacet
  facet normal 0 0 1
    outer loop
      vertex 20.748 24.5696 3
      vertex 17.2531 32.2783 3
      vertex 20.7012 24.2541 3
    endloop
  endfacet
  facet normal 0 0 1
    outer loop
      vertex 20.8255 24.879 3
      vertex 17.2531 32.2783 3
      vertex 20.748 24.5696 3
    endloop
  endfacet
  facet normal 0 0 1
    outer loop
      vertex 20.933 25.1793 3
      vertex 17.2531 32.2783 3
      vertex 20.8255 24.879 3
    endloop
  endfacet
  facet normal 0 0 1
    outer loop
      vertex 17.2531 32.2783 3
      vertex 20.933 25.1793 3
      vertex 20.3339 30.4318 3
    endloop
  endfacet
  facet normal 0 0 1
    outer loop
      vertex 21.0693 25.4676 3
      vertex 20.3339 30.4318 3
      vertex 20.933 25.1793 3
    endloop
  endfacet
  facet normal 0 0 1
    outer loop
      vertex 21.2333 25.7412 3
      vertex 20.3339 30.4318 3
      vertex 21.0693 25.4676 3
    endloop
  endfacet
  facet normal 0 0 1
    outer loop
      vertex 21.4233 25.9973 3
      vertex 20.3339 30.4318 3
      vertex 21.2333 25.7412 3
    endloop
  endfacet
  facet normal 0 0 1
    outer loop
      vertex 21.6375 26.2337 3
      vertex 20.3339 30.4318 3
      vertex 21.4233 25.9973 3
    endloop
  endfacet
  facet normal -0 0 1
    outer loop
      vertex 25.7412 21.2333 3
      vertex 30.4318 20.3339 3
      vertex 25.9973 21.4233 3
    endloop
  endfacet
  facet normal 0 0 1
    outer loop
      vertex 35.8967 -7.14031 3
      vertex 27.1699 -23.617 3
      vertex 27.1856 -23.9356 3
    endloop
  endfacet
  facet normal -0 0 1
    outer loop
      vertex 25.4676 21.0693 3
      vertex 30.4318 20.3339 3
      vertex 25.7412 21.2333 3
    endloop
  endfacet
  facet normal 0 0 1
    outer loop
      vertex 35.8967 -7.14031 3
      vertex 27.1231 -23.3015 3
      vertex 27.1699 -23.617 3
    endloop
  endfacet
  facet normal -0 0 1
    outer loop
      vertex 25.1793 20.933 3
      vertex 30.4318 20.3339 3
      vertex 25.4676 21.0693 3
    endloop
  endfacet
  facet normal 0 0 1
    outer loop
      vertex 35.8967 -7.14031 3
      vertex 27.0456 -22.9921 3
      vertex 27.1231 -23.3015 3
    endloop
  endfacet
  facet normal 0 0 1
    outer loop
      vertex 30.4318 20.3339 3
      vertex 25.1793 20.933 3
      vertex 32.2783 17.2531 3
    endloop
  endfacet
  facet normal 0 0 1
    outer loop
      vertex 35.8967 -7.14031 3
      vertex 26.9382 -22.6918 3
      vertex 27.0456 -22.9921 3
    endloop
  endfacet
  facet normal -0 0 1
    outer loop
      vertex 24.879 20.8255 3
      vertex 32.2783 17.2531 3
      vertex 25.1793 20.933 3
    endloop
  endfacet
  facet normal 0 0 1
    outer loop
      vertex 35.8967 -7.14031 3
      vertex 26.8018 -22.4035 3
      vertex 26.9382 -22.6918 3
    endloop
  endfacet
  facet normal -0 0 1
    outer loop
      vertex 24.5696 20.748 3
      vertex 32.2783 17.2531 3
      vertex 24.879 20.8255 3
    endloop
  endfacet
  facet normal 0 0 1
    outer loop
      vertex 35.8967 -7.14031 3
      vertex 26.6378 -22.13 3
      vertex 26.8018 -22.4035 3
    endloop
  endfacet
  facet normal -0 0 1
    outer loop
      vertex 24.2541 20.7012 3
      vertex 32.2783 17.2531 3
      vertex 24.5696 20.748 3
    endloop
  endfacet
  facet normal 0 0 1
    outer loop
      vertex 35.8967 -7.14031 3
      vertex 26.4478 -21.8738 3
      vertex 26.6378 -22.13 3
    endloop
  endfacet
  facet normal 0 0 1
    outer loop
      vertex 32.2783 17.2531 3
      vertex 24.2541 20.7012 3
      vertex 33.814 14.0062 3
    endloop
  endfacet
  facet normal 0 0 1
    outer loop
      vertex 35.8967 -7.14031 3
      vertex 26.2337 -21.6375 3
      vertex 26.4478 -21.8738 3
    endloop
  endfacet
  facet normal -0 0 1
    outer loop
      vertex 23.9356 20.6856 3
      vertex 33.814 14.0062 3
      vertex 24.2541 20.7012 3
    endloop
  endfacet
  facet normal 0 0 1
    outer loop
      vertex 35.8967 -7.14031 3
      vertex 25.9973 -21.4233 3
      vertex 26.2337 -21.6375 3
    endloop
  endfacet
  facet normal 0 0 1
    outer loop
      vertex 23.617 20.7012 3
      vertex 33.814 14.0062 3
      vertex 23.9356 20.6856 3
    endloop
  endfacet
  facet normal 0 0 1
    outer loop
      vertex 35.8967 -7.14031 3
      vertex 25.7412 -21.2333 3
      vertex 25.9973 -21.4233 3
    endloop
  endfacet
  facet normal 0 0 1
    outer loop
      vertex 33.814 14.0062 3
      vertex 23.617 20.7012 3
      vertex 35.024 10.6244 3
    endloop
  endfacet
  facet normal 0 0 1
    outer loop
      vertex 35.8967 -7.14031 3
      vertex 25.4676 -21.0693 3
      vertex 25.7412 -21.2333 3
    endloop
  endfacet
  facet normal 0 0 1
    outer loop
      vertex 23.3015 20.748 3
      vertex 35.024 10.6244 3
      vertex 23.617 20.7012 3
    endloop
  endfacet
  facet normal 0 0 1
    outer loop
      vertex 35.8967 -7.14031 3
      vertex 25.1793 -20.933 3
      vertex 25.4676 -21.0693 3
    endloop
  endfacet
  facet normal 0 0 1
    outer loop
      vertex 35.024 10.6244 3
      vertex 23.3015 20.748 3
      vertex 35.8967 7.14031 3
    endloop
  endfacet
  facet normal 0 0 1
    outer loop
      vertex 35.8967 -7.14031 3
      vertex 24.879 -20.8255 3
      vertex 25.1793 -20.933 3
    endloop
  endfacet
  facet normal 0 0 1
    outer loop
      vertex 22.9921 20.8255 3
      vertex 35.8967 7.14031 3
      vertex 23.3015 20.748 3
    endloop
  endfacet
  facet normal 0 0 1
    outer loop
      vertex 35.8967 -7.14031 3
      vertex 24.5696 -20.748 3
      vertex 24.879 -20.8255 3
    endloop
  endfacet
  facet normal 0 0 1
    outer loop
      vertex 35.8967 7.14031 3
      vertex 22.9921 20.8255 3
      vertex 36.4238 3.58743 3
    endloop
  endfacet
  facet normal 0 0 1
    outer loop
      vertex 35.8967 -7.14031 3
      vertex 24.2541 -20.7012 3
      vertex 24.5696 -20.748 3
    endloop
  endfacet
  facet normal 0 0 1
    outer loop
      vertex 22.6918 20.933 3
      vertex 36.4238 3.58743 3
      vertex 22.9921 20.8255 3
    endloop
  endfacet
  facet normal 0 0 1
    outer loop
      vertex 35.8967 -7.14031 3
      vertex 23.9356 -20.6856 3
      vertex 24.2541 -20.7012 3
    endloop
  endfacet
  facet normal 0 0 1
    outer loop
      vertex 36.4238 3.58743 3
      vertex 22.6918 20.933 3
      vertex 36.6 0 3
    endloop
  endfacet
  facet normal 0 0 1
    outer loop
      vertex 35.8967 -7.14031 3
      vertex 23.617 -20.7012 3
      vertex 23.9356 -20.6856 3
    endloop
  endfacet
  facet normal 0 0 1
    outer loop
      vertex 22.6918 -20.933 3
      vertex 36.6 0 3
      vertex 22.6918 20.933 3
    endloop
  endfacet
  facet normal 0 0 1
    outer loop
      vertex 35.8967 -7.14031 3
      vertex 23.3015 -20.748 3
      vertex 23.617 -20.7012 3
    endloop
  endfacet
  facet normal 0 0 1
    outer loop
      vertex 36.6 0 3
      vertex 22.6918 -20.933 3
      vertex 36.4238 -3.58743 3
    endloop
  endfacet
  facet normal 0 0 1
    outer loop
      vertex 35.8967 -7.14031 3
      vertex 22.9921 -20.8255 3
      vertex 23.3015 -20.748 3
    endloop
  endfacet
  facet normal 0 -0 1
    outer loop
      vertex 22.9921 -20.8255 3
      vertex 36.4238 -3.58743 3
      vertex 22.6918 -20.933 3
    endloop
  endfacet
  facet normal 0 0 1
    outer loop
      vertex 36.4238 -3.58743 3
      vertex 22.9921 -20.8255 3
      vertex 35.8967 -7.14031 3
    endloop
  endfacet
  facet normal 0 0 1
    outer loop
      vertex 22.4035 21.0693 3
      vertex 22.6918 -20.933 3
      vertex 22.6918 20.933 3
    endloop
  endfacet
  facet normal 0 0 1
    outer loop
      vertex 22.4035 21.0693 3
      vertex 22.4035 -21.0693 3
      vertex 22.6918 -20.933 3
    endloop
  endfacet
  facet normal 0 0 1
    outer loop
      vertex 22.13 21.2333 3
      vertex 22.4035 -21.0693 3
      vertex 22.4035 21.0693 3
    endloop
  endfacet
  facet normal 0 0 1
    outer loop
      vertex 22.13 21.2333 3
      vertex 22.13 -21.2333 3
      vertex 22.4035 -21.0693 3
    endloop
  endfacet
  facet normal 0 0 1
    outer loop
      vertex 21.8738 21.4233 3
      vertex 22.13 -21.2333 3
      vertex 22.13 21.2333 3
    endloop
  endfacet
  facet normal 0 0 1
    outer loop
      vertex 21.8738 21.4233 3
      vertex 21.8738 -21.4233 3
      vertex 22.13 -21.2333 3
    endloop
  endfacet
  facet normal 0 0 1
    outer loop
      vertex 21.6375 21.6375 3
      vertex 21.8738 -21.4233 3
      vertex 21.8738 21.4233 3
    endloop
  endfacet
  facet normal 0 0 1
    outer loop
      vertex 21.6375 21.6375 3
      vertex 21.6375 -21.6375 3
      vertex 21.8738 -21.4233 3
    endloop
  endfacet
  facet normal 0 0 1
    outer loop
      vertex 21.4233 21.8738 3
      vertex 21.6375 -21.6375 3
      vertex 21.6375 21.6375 3
    endloop
  endfacet
  facet normal 0 0 1
    outer loop
      vertex 21.4233 21.8738 3
      vertex 21.4233 -21.8738 3
      vertex 21.6375 -21.6375 3
    endloop
  endfacet
  facet normal 0 0 1
    outer loop
      vertex 21.2333 22.13 3
      vertex 21.4233 -21.8738 3
      vertex 21.4233 21.8738 3
    endloop
  endfacet
  facet normal 0 0 1
    outer loop
      vertex 21.2333 22.13 3
      vertex 21.2333 -22.13 3
      vertex 21.4233 -21.8738 3
    endloop
  endfacet
  facet normal 0 0 1
    outer loop
      vertex 21.0693 22.4035 3
      vertex 21.2333 -22.13 3
      vertex 21.2333 22.13 3
    endloop
  endfacet
  facet normal 0 0 1
    outer loop
      vertex 21.0693 22.4035 3
      vertex 21.0693 -22.4035 3
      vertex 21.2333 -22.13 3
    endloop
  endfacet
  facet normal 0 0 1
    outer loop
      vertex 20.933 22.6918 3
      vertex 21.0693 -22.4035 3
      vertex 21.0693 22.4035 3
    endloop
  endfacet
  facet normal 0 0 1
    outer loop
      vertex 20.933 22.6918 3
      vertex 20.933 -22.6918 3
      vertex 21.0693 -22.4035 3
    endloop
  endfacet
  facet normal 0 0 1
    outer loop
      vertex 20.8255 22.9921 3
      vertex 20.933 -22.6918 3
      vertex 20.933 22.6918 3
    endloop
  endfacet
  facet normal 0 0 1
    outer loop
      vertex 20.8255 22.9921 3
      vertex 20.8255 -22.9921 3
      vertex 20.933 -22.6918 3
    endloop
  endfacet
  facet normal 0 0 1
    outer loop
      vertex 20.748 23.3015 3
      vertex 20.8255 -22.9921 3
      vertex 20.8255 22.9921 3
    endloop
  endfacet
  facet normal 0 0 1
    outer loop
      vertex 20.748 23.3015 3
      vertex 20.748 -23.3015 3
      vertex 20.8255 -22.9921 3
    endloop
  endfacet
  facet normal 0 0 1
    outer loop
      vertex 20.7012 23.617 3
      vertex 20.748 -23.3015 3
      vertex 20.748 23.3015 3
    endloop
  endfacet
  facet normal 0 0 1
    outer loop
      vertex 20.7012 23.617 3
      vertex 20.7012 -23.617 3
      vertex 20.748 -23.3015 3
    endloop
  endfacet
  facet normal 0 0 1
    outer loop
      vertex 20.6856 23.9356 3
      vertex 20.7012 -23.617 3
      vertex 20.7012 23.617 3
    endloop
  endfacet
  facet normal 0 0 1
    outer loop
      vertex 20.7012 -23.617 3
      vertex 20.6856 23.9356 3
      vertex 20.6856 -23.9356 3
    endloop
  endfacet
  facet normal -0 0 1
    outer loop
      vertex 25.9973 21.4233 3
      vertex 30.4318 20.3339 3
      vertex 26.2337 21.6375 3
    endloop
  endfacet
  facet normal 0 0 1
    outer loop
      vertex 28.2922 23.2188 3
      vertex 26.6378 22.13 3
      vertex 30.4318 20.3339 3
    endloop
  endfacet
  facet normal -0 0 1
    outer loop
      vertex 26.4478 21.8738 3
      vertex 30.4318 20.3339 3
      vertex 26.6378 22.13 3
    endloop
  endfacet
  facet normal 0 0 1
    outer loop
      vertex 26.8018 22.4035 3
      vertex 28.2922 23.2188 3
      vertex 26.9382 22.6918 3
    endloop
  endfacet
  facet normal 0 0 1
    outer loop
      vertex 26.6378 22.13 3
      vertex 28.2922 23.2188 3
      vertex 26.8018 22.4035 3
    endloop
  endfacet
  facet normal 0 0 1
    outer loop
      vertex 26.9382 22.6918 3
      vertex 28.2922 23.2188 3
      vertex 27.0456 22.9921 3
    endloop
  endfacet
  facet normal -0 0 1
    outer loop
      vertex 26.2337 21.6375 3
      vertex 30.4318 20.3339 3
      vertex 26.4478 21.8738 3
    endloop
  endfacet
  facet normal 0 0 1
    outer loop
      vertex 27.0456 22.9921 3
      vertex 28.2922 23.2188 3
      vertex 27.1231 23.3015 3
    endloop
  endfacet
  facet normal 0 0 1
    outer loop
      vertex 35.8967 -7.14031 3
      vertex 27.1856 -23.9356 3
      vertex 35.024 -10.6244 3
    endloop
  endfacet
  facet normal -0 0 1
    outer loop
      vertex 27.1231 23.3015 3
      vertex 28.2922 23.2188 3
      vertex 27.1699 23.617 3
    endloop
  endfacet
  facet normal 0 0 1
    outer loop
      vertex 35.024 -10.6244 3
      vertex 27.1856 -23.9356 3
      vertex 33.814 -14.0062 3
    endloop
  endfacet
  facet normal -0 0 1
    outer loop
      vertex 27.1699 23.617 3
      vertex 28.2922 23.2188 3
      vertex 27.1856 23.9356 3
    endloop
  endfacet
  facet normal 0 0 1
    outer loop
      vertex 33.814 -14.0062 3
      vertex 27.1856 -23.9356 3
      vertex 32.2783 -17.2531 3
    endloop
  endfacet
  facet normal 0 0 1
    outer loop
      vertex 32.2783 -17.2531 3
      vertex 27.1856 -23.9356 3
      vertex 30.4318 -20.3339 3
    endloop
  endfacet
  facet normal 0 0 1
    outer loop
      vertex 28.2922 23.2188 3
      vertex 27.1699 24.2541 3
      vertex 27.1856 23.9356 3
    endloop
  endfacet
  facet normal -0 -0 1
    outer loop
      vertex 27.1699 24.2541 3
      vertex 28.2922 23.2188 3
      vertex 27.1339 24.4967 3
    endloop
  endfacet
  facet normal 0 0 1
    outer loop
      vertex 30.4318 -20.3339 3
      vertex 27.1856 -23.9356 3
      vertex 28.2922 -23.2188 3
    endloop
  endfacet
  facet normal 0 0 1
    outer loop
      vertex 27.1699 -24.2541 3
      vertex 28.2922 -23.2188 3
      vertex 27.1856 -23.9356 3
    endloop
  endfacet
  facet normal 0 0 1
    outer loop
      vertex 28.2922 -23.2188 3
      vertex 27.1699 -24.2541 3
      vertex 27.1339 -24.4967 3
    endloop
  endfacet
  facet normal -0 0 1
    outer loop
      vertex 24.2541 -27.1699 3
      vertex 23.2188 -28.2922 3
      vertex 24.4967 -27.1339 3
    endloop
  endfacet
  facet normal -0 0 1
    outer loop
      vertex 23.9356 -27.1856 3
      vertex 23.2188 -28.2922 3
      vertex 24.2541 -27.1699 3
    endloop
  endfacet
  facet normal 0 0 1
    outer loop
      vertex 23.617 -27.1699 3
      vertex 23.2188 -28.2922 3
      vertex 23.9356 -27.1856 3
    endloop
  endfacet
  facet normal 0 0 1
    outer loop
      vertex 23.3015 -27.1231 3
      vertex 23.2188 -28.2922 3
      vertex 23.617 -27.1699 3
    endloop
  endfacet
  facet normal 0 0 1
    outer loop
      vertex 22.9921 -27.0456 3
      vertex 23.2188 -28.2922 3
      vertex 23.3015 -27.1231 3
    endloop
  endfacet
  facet normal 0 0 1
    outer loop
      vertex 22.6918 -26.9382 3
      vertex 23.2188 -28.2922 3
      vertex 22.9921 -27.0456 3
    endloop
  endfacet
  facet normal 0 0 1
    outer loop
      vertex 22.4035 -26.8018 3
      vertex 23.2188 -28.2922 3
      vertex 22.6918 -26.9382 3
    endloop
  endfacet
  facet normal 0 0 1
    outer loop
      vertex 22.13 -26.6378 3
      vertex 23.2188 -28.2922 3
      vertex 22.4035 -26.8018 3
    endloop
  endfacet
  facet normal 0 0 1
    outer loop
      vertex 20.3339 -30.4318 3
      vertex 22.13 -26.6378 3
      vertex 21.8738 -26.4478 3
    endloop
  endfacet
  facet normal 0 0 1
    outer loop
      vertex 20.3339 -30.4318 3
      vertex 21.8738 -26.4478 3
      vertex 21.6375 -26.2337 3
    endloop
  endfacet
  facet normal 0 0 1
    outer loop
      vertex 20.3339 -30.4318 3
      vertex 21.6375 -26.2337 3
      vertex 21.4233 -25.9973 3
    endloop
  endfacet
  facet normal 0 0 1
    outer loop
      vertex 22.13 -26.6378 3
      vertex 20.3339 -30.4318 3
      vertex 23.2188 -28.2922 3
    endloop
  endfacet
  facet normal 0 0 1
    outer loop
      vertex 21.2333 -25.7412 3
      vertex 20.3339 -30.4318 3
      vertex 21.4233 -25.9973 3
    endloop
  endfacet
  facet normal 0 0 1
    outer loop
      vertex 21.0693 -25.4676 3
      vertex 20.3339 -30.4318 3
      vertex 21.2333 -25.7412 3
    endloop
  endfacet
  facet normal 0 0 1
    outer loop
      vertex 20.933 -25.1793 3
      vertex 20.3339 -30.4318 3
      vertex 21.0693 -25.4676 3
    endloop
  endfacet
  facet normal 0 0 1
    outer loop
      vertex 17.2531 -32.2783 3
      vertex 20.933 -25.1793 3
      vertex 20.8255 -24.879 3
    endloop
  endfacet
  facet normal 0 0 1
    outer loop
      vertex 17.2531 -32.2783 3
      vertex 20.8255 -24.879 3
      vertex 20.748 -24.5696 3
    endloop
  endfacet
  facet normal 0 0 1
    outer loop
      vertex 17.2531 -32.2783 3
      vertex 20.748 -24.5696 3
      vertex 20.7012 -24.2541 3
    endloop
  endfacet
  facet normal 0 0 1
    outer loop
      vertex 14.0062 -33.814 3
      vertex 20.7012 -24.2541 3
      vertex 20.6856 -23.9356 3
    endloop
  endfacet
  facet normal 0 -0 1
    outer loop
      vertex 11.45 0 3
      vertex 20.6856 23.9356 3
      vertex 11.4356 0.294051 3
    endloop
  endfacet
  facet normal 0 0 1
    outer loop
      vertex 20.7012 24.2541 3
      vertex 14.0062 33.814 3
      vertex 20.6856 23.9356 3
    endloop
  endfacet
  facet normal -0 0 1
    outer loop
      vertex 11.4356 -0.294051 3
      vertex 20.6856 -23.9356 3
      vertex 11.45 0 3
    endloop
  endfacet
  facet normal -0 0 1
    outer loop
      vertex 2.31903 30.5968 3
      vertex 20.6856 23.9356 3
      vertex 14.0062 33.814 3
    endloop
  endfacet
  facet normal -0 0 1
    outer loop
      vertex 11.3924 -0.585271 3
      vertex 20.6856 -23.9356 3
      vertex 11.4356 -0.294051 3
    endloop
  endfacet
  facet normal -0 0 1
    outer loop
      vertex 11.3208 -0.870853 3
      vertex 20.6856 -23.9356 3
      vertex 11.3924 -0.585271 3
    endloop
  endfacet
  facet normal 0 0 1
    outer loop
      vertex 20.6856 23.9356 3
      vertex 11.45 0 3
      vertex 20.6856 -23.9356 3
    endloop
  endfacet
  facet normal 0 0 1
    outer loop
      vertex 20.6856 23.9356 3
      vertex 11.3924 0.585271 3
      vertex 11.4356 0.294051 3
    endloop
  endfacet
  facet normal 0 0 1
    outer loop
      vertex 20.6856 23.9356 3
      vertex 11.3208 0.870853 3
      vertex 11.3924 0.585271 3
    endloop
  endfacet
  facet normal 0 0 1
    outer loop
      vertex 20.6856 23.9356 3
      vertex 11.2216 1.14805 3
      vertex 11.3208 0.870853 3
    endloop
  endfacet
  facet normal 0 0 1
    outer loop
      vertex 20.6856 23.9356 3
      vertex 11.0958 1.41419 3
      vertex 11.2216 1.14805 3
    endloop
  endfacet
  facet normal 0 0 1
    outer loop
      vertex 20.6856 23.9356 3
      vertex 10.9444 1.66671 3
      vertex 11.0958 1.41419 3
    endloop
  endfacet
  facet normal 0 0 1
    outer loop
      vertex 20.6856 23.9356 3
      vertex 10.769 1.90318 3
      vertex 10.9444 1.66671 3
    endloop
  endfacet
  facet normal 0 0 1
    outer loop
      vertex 2.64576 31.0858 3
      vertex 14.0062 33.814 3
      vertex 10.6244 35.024 3
    endloop
  endfacet
  facet normal 0 0 1
    outer loop
      vertex 20.6856 23.9356 3
      vertex 10.5713 2.12132 3
      vertex 10.769 1.90318 3
    endloop
  endfacet
  facet normal 0 0 1
    outer loop
      vertex 20.6856 23.9356 3
      vertex 10.3532 2.31903 3
      vertex 10.5713 2.12132 3
    endloop
  endfacet
  facet normal 0 0 1
    outer loop
      vertex 20.6856 23.9356 3
      vertex 6.6 6.7 3
      vertex 10.3532 2.31903 3
    endloop
  endfacet
  facet normal 0 0 1
    outer loop
      vertex 10.3532 2.31903 3
      vertex 6.6 6.7 3
      vertex 10.1167 2.49441 3
    endloop
  endfacet
  facet normal 0 0 1
    outer loop
      vertex 10.1167 2.49441 3
      vertex 6.6 6.7 3
      vertex 9.86419 2.64576 3
    endloop
  endfacet
  facet normal 0 0 1
    outer loop
      vertex 9.86419 2.64576 3
      vertex 6.6 6.7 3
      vertex 9.59805 2.77164 3
    endloop
  endfacet
  facet normal 0 0 1
    outer loop
      vertex 9.59805 2.77164 3
      vertex 6.6 6.7 3
      vertex 9.32085 2.87082 3
    endloop
  endfacet
  facet normal 0 0 1
    outer loop
      vertex 9.32085 2.87082 3
      vertex 6.6 6.7 3
      vertex 9.03527 2.94236 3
    endloop
  endfacet
  facet normal 0 0 1
    outer loop
      vertex 9.03527 2.94236 3
      vertex 6.6 6.7 3
      vertex 8.74405 2.98555 3
    endloop
  endfacet
  facet normal 0 0 1
    outer loop
      vertex 8.74405 2.98555 3
      vertex 6.6 6.7 3
      vertex 8.45 3 3
    endloop
  endfacet
  facet normal 0 0 1
    outer loop
      vertex 8.45 3 3
      vertex 6.6 6.7 3
      vertex 8.15595 2.98555 3
    endloop
  endfacet
  facet normal 0 0 1
    outer loop
      vertex 8.15595 2.98555 3
      vertex 6.6 6.7 3
      vertex 7.86473 2.94236 3
    endloop
  endfacet
  facet normal 0 0 1
    outer loop
      vertex 7.86473 2.94236 3
      vertex 6.6 6.7 3
      vertex 7.57915 2.87082 3
    endloop
  endfacet
  facet normal 0 0 1
    outer loop
      vertex 2.94236 31.9147 3
      vertex 10.6244 35.024 3
      vertex 7.14031 35.8967 3
    endloop
  endfacet
  facet normal 0 0 1
    outer loop
      vertex 7.57915 2.87082 3
      vertex 6.6 6.7 3
      vertex 7.30195 2.77164 3
    endloop
  endfacet
  facet normal 0 0 1
    outer loop
      vertex 7.30195 2.77164 3
      vertex 6.6 6.7 3
      vertex 7.03581 2.64576 3
    endloop
  endfacet
  facet normal 0 0 1
    outer loop
      vertex 7.03581 2.64576 3
      vertex 6.6 6.7 3
      vertex 6.78329 2.49441 3
    endloop
  endfacet
  facet normal 0 0 1
    outer loop
      vertex 2.77164 33.648 3
      vertex 7.14031 35.8967 3
      vertex 3.58743 36.4238 3
    endloop
  endfacet
  facet normal 0 0 1
    outer loop
      vertex 7.14031 35.8967 3
      vertex 3 32.5 3
      vertex 2.98555 32.2059 3
    endloop
  endfacet
  facet normal 0 0 1
    outer loop
      vertex 2.94236 31.9147 3
      vertex 7.14031 35.8967 3
      vertex 2.98555 32.2059 3
    endloop
  endfacet
  facet normal 0 0 1
    outer loop
      vertex 10.6244 35.024 3
      vertex 2.94236 31.9147 3
      vertex 2.87082 31.6291 3
    endloop
  endfacet
  facet normal 0 0 1
    outer loop
      vertex 10.6244 35.024 3
      vertex 2.87082 31.6291 3
      vertex 2.77164 31.3519 3
    endloop
  endfacet
  facet normal 0 0 1
    outer loop
      vertex 10.6244 35.024 3
      vertex 2.77164 31.3519 3
      vertex 2.64576 31.0858 3
    endloop
  endfacet
  facet normal 0 0 1
    outer loop
      vertex 14.0062 33.814 3
      vertex 2.64576 31.0858 3
      vertex 2.49441 30.8333 3
    endloop
  endfacet
  facet normal 0 0 1
    outer loop
      vertex 14.0062 33.814 3
      vertex 2.49441 30.8333 3
      vertex 2.31903 30.5968 3
    endloop
  endfacet
  facet normal 0 0 1
    outer loop
      vertex 20.6856 23.9356 3
      vertex 2.31903 30.5968 3
      vertex 2.12132 30.3787 3
    endloop
  endfacet
  facet normal 0 0 1
    outer loop
      vertex 20.6856 23.9356 3
      vertex 2.12132 30.3787 3
      vertex 1.90318 30.181 3
    endloop
  endfacet
  facet normal -0 0 1
    outer loop
      vertex 1.66671 30.0056 3
      vertex 20.6856 23.9356 3
      vertex 1.90318 30.181 3
    endloop
  endfacet
  facet normal 0 0 1
    outer loop
      vertex 20.6856 23.9356 3
      vertex 1.66671 30.0056 3
      vertex 6.6 6.7 3
    endloop
  endfacet
  facet normal -0 0 1
    outer loop
      vertex 1.41419 29.8542 3
      vertex 6.6 6.7 3
      vertex 1.66671 30.0056 3
    endloop
  endfacet
  facet normal -0 0 1
    outer loop
      vertex 1.14805 29.7284 3
      vertex 6.6 6.7 3
      vertex 1.41419 29.8542 3
    endloop
  endfacet
  facet normal -0 0 1
    outer loop
      vertex 0.870853 29.6292 3
      vertex 6.6 6.7 3
      vertex 1.14805 29.7284 3
    endloop
  endfacet
  facet normal -0 0 1
    outer loop
      vertex 0.585271 29.5576 3
      vertex 6.6 6.7 3
      vertex 0.870853 29.6292 3
    endloop
  endfacet
  facet normal -0 0 1
    outer loop
      vertex 0.294051 29.5144 3
      vertex 6.6 6.7 3
      vertex 0.585271 29.5576 3
    endloop
  endfacet
  facet normal -0 0 1
    outer loop
      vertex 0 29.5 3
      vertex 6.6 6.7 3
      vertex 0.294051 29.5144 3
    endloop
  endfacet
  facet normal 0 0 1
    outer loop
      vertex -0.294051 29.5144 3
      vertex 6.6 6.7 3
      vertex 0 29.5 3
    endloop
  endfacet
  facet normal 0 0 1
    outer loop
      vertex -0.585271 29.5576 3
      vertex 6.6 6.7 3
      vertex -0.294051 29.5144 3
    endloop
  endfacet
  facet normal 0 0 1
    outer loop
      vertex -0.870853 29.6292 3
      vertex 6.6 6.7 3
      vertex -0.585271 29.5576 3
    endloop
  endfacet
  facet normal 0 0 1
    outer loop
      vertex -17.6 6.7 3
      vertex -0.870853 29.6292 3
      vertex -1.14805 29.7284 3
    endloop
  endfacet
  facet normal 0 0 1
    outer loop
      vertex -17.6 6.7 3
      vertex -1.14805 29.7284 3
      vertex -1.41419 29.8542 3
    endloop
  endfacet
  facet normal 0 0 1
    outer loop
      vertex -20.8255 22.9921 3
      vertex -1.41419 29.8542 3
      vertex -1.66671 30.0056 3
    endloop
  endfacet
  facet normal 0 0 1
    outer loop
      vertex -20.748 23.3015 3
      vertex -1.66671 30.0056 3
      vertex -1.90318 30.181 3
    endloop
  endfacet
  facet normal 0 0 1
    outer loop
      vertex -20.7012 23.617 3
      vertex -1.90318 30.181 3
      vertex -2.12132 30.3787 3
    endloop
  endfacet
  facet normal 0 0 1
    outer loop
      vertex -20.7012 23.617 3
      vertex -2.12132 30.3787 3
      vertex -2.31903 30.5968 3
    endloop
  endfacet
  facet normal 0 0 1
    outer loop
      vertex -14.0062 33.814 3
      vertex -2.31903 30.5968 3
      vertex -2.49441 30.8333 3
    endloop
  endfacet
  facet normal 0 0 1
    outer loop
      vertex -14.0062 33.814 3
      vertex -2.49441 30.8333 3
      vertex -2.64576 31.0858 3
    endloop
  endfacet
  facet normal 0 0 1
    outer loop
      vertex -10.6244 35.024 3
      vertex -2.64576 31.0858 3
      vertex -2.77164 31.3519 3
    endloop
  endfacet
  facet normal 0 0 1
    outer loop
      vertex -2.98555 32.7941 3
      vertex -7.14031 35.8967 3
      vertex -3 32.5 3
    endloop
  endfacet
  facet normal 0 0 1
    outer loop
      vertex -3 32.5 3
      vertex -7.14031 35.8967 3
      vertex -2.98555 32.2059 3
    endloop
  endfacet
  facet normal 0 0 1
    outer loop
      vertex -7.14031 35.8967 3
      vertex -2.94236 31.9147 3
      vertex -2.98555 32.2059 3
    endloop
  endfacet
  facet normal -0 0 1
    outer loop
      vertex -10.6244 35.024 3
      vertex -2.94236 31.9147 3
      vertex -7.14031 35.8967 3
    endloop
  endfacet
  facet normal 0 0 1
    outer loop
      vertex -2.94236 31.9147 3
      vertex -10.6244 35.024 3
      vertex -2.87082 31.6291 3
    endloop
  endfacet
  facet normal 0 0 1
    outer loop
      vertex -2.87082 31.6291 3
      vertex -10.6244 35.024 3
      vertex -2.77164 31.3519 3
    endloop
  endfacet
  facet normal 0 0 1
    outer loop
      vertex -2.64576 31.0858 3
      vertex -10.6244 35.024 3
      vertex -14.0062 33.814 3
    endloop
  endfacet
  facet normal 0 0 1
    outer loop
      vertex -2.31903 30.5968 3
      vertex -14.0062 33.814 3
      vertex -20.6856 23.9356 3
    endloop
  endfacet
  facet normal 0 0 1
    outer loop
      vertex -20.7012 24.2541 3
      vertex -14.0062 33.814 3
      vertex -17.2531 32.2783 3
    endloop
  endfacet
  facet normal 0 0 1
    outer loop
      vertex -1.90318 30.181 3
      vertex -20.7012 23.617 3
      vertex -20.748 23.3015 3
    endloop
  endfacet
  facet normal 0 0 1
    outer loop
      vertex -17.6 6.7 3
      vertex -17.7833 2.49441 3
      vertex -17.6 2.35847 3
    endloop
  endfacet
  facet normal 0 0 1
    outer loop
      vertex -1.41419 29.8542 3
      vertex -20.8255 22.9921 3
      vertex -20.933 22.6918 3
    endloop
  endfacet
  facet normal 0 0 1
    outer loop
      vertex -0.870853 29.6292 3
      vertex -17.6 6.7 3
      vertex 6.6 6.7 3
    endloop
  endfacet
  facet normal 0 0 1
    outer loop
      vertex -1.41419 29.8542 3
      vertex -20.933 22.6918 3
      vertex -17.6 6.7 3
    endloop
  endfacet
  facet normal -0 0 1
    outer loop
      vertex -21.0693 22.4035 3
      vertex -17.6 6.7 3
      vertex -20.933 22.6918 3
    endloop
  endfacet
  facet normal -0 0 1
    outer loop
      vertex -21.2333 22.13 3
      vertex -17.6 6.7 3
      vertex -21.0693 22.4035 3
    endloop
  endfacet
  facet normal -0 0 1
    outer loop
      vertex -21.4233 21.8738 3
      vertex -17.6 6.7 3
      vertex -21.2333 22.13 3
    endloop
  endfacet
  facet normal -0 0 1
    outer loop
      vertex -21.6375 21.6375 3
      vertex -17.6 6.7 3
      vertex -21.4233 21.8738 3
    endloop
  endfacet
  facet normal 0 0 1
    outer loop
      vertex -17.6 6.7 3
      vertex -18.0358 2.64576 3
      vertex -17.7833 2.49441 3
    endloop
  endfacet
  facet normal -0 0 1
    outer loop
      vertex -21.8738 21.4233 3
      vertex -17.6 6.7 3
      vertex -21.6375 21.6375 3
    endloop
  endfacet
  facet normal 0 0 1
    outer loop
      vertex -17.6 6.7 3
      vertex -18.3019 2.77164 3
      vertex -18.0358 2.64576 3
    endloop
  endfacet
  facet normal 0 0 1
    outer loop
      vertex -20.933 25.1793 3
      vertex -17.2531 32.2783 3
      vertex -20.3339 30.4318 3
    endloop
  endfacet
  facet normal 0 0 1
    outer loop
      vertex -2.31903 30.5968 3
      vertex -20.6856 23.9356 3
      vertex -20.7012 23.617 3
    endloop
  endfacet
  facet normal 0 0 1
    outer loop
      vertex -1.66671 30.0056 3
      vertex -20.748 23.3015 3
      vertex -20.8255 22.9921 3
    endloop
  endfacet
  facet normal 0 0 1
    outer loop
      vertex -14.0062 33.814 3
      vertex -20.7012 24.2541 3
      vertex -20.6856 23.9356 3
    endloop
  endfacet
  facet normal 0 0 1
    outer loop
      vertex -17.2531 32.2783 3
      vertex -20.748 24.5696 3
      vertex -20.7012 24.2541 3
    endloop
  endfacet
  facet normal 0 0 1
    outer loop
      vertex -17.2531 32.2783 3
      vertex -20.8255 24.879 3
      vertex -20.748 24.5696 3
    endloop
  endfacet
  facet normal 0 0 1
    outer loop
      vertex -17.2531 32.2783 3
      vertex -20.933 25.1793 3
      vertex -20.8255 24.879 3
    endloop
  endfacet
  facet normal 0 0 1
    outer loop
      vertex -20.3339 30.4318 3
      vertex -21.0693 25.4676 3
      vertex -20.933 25.1793 3
    endloop
  endfacet
  facet normal 0 0 1
    outer loop
      vertex -20.3339 30.4318 3
      vertex -21.2333 25.7412 3
      vertex -21.0693 25.4676 3
    endloop
  endfacet
  facet normal 0 0 1
    outer loop
      vertex -20.3339 30.4318 3
      vertex -21.4233 25.9973 3
      vertex -21.2333 25.7412 3
    endloop
  endfacet
  facet normal 0 0 1
    outer loop
      vertex -20.3339 30.4318 3
      vertex -21.6375 26.2337 3
      vertex -21.4233 25.9973 3
    endloop
  endfacet
  facet normal 0 0 1
    outer loop
      vertex -20.3339 30.4318 3
      vertex -21.8738 26.4478 3
      vertex -21.6375 26.2337 3
    endloop
  endfacet
  facet normal 0 0 1
    outer loop
      vertex -20.3339 30.4318 3
      vertex -22.13 26.6378 3
      vertex -21.8738 26.4478 3
    endloop
  endfacet
  facet normal -0 0 1
    outer loop
      vertex -23.2188 28.2922 3
      vertex -22.13 26.6378 3
      vertex -20.3339 30.4318 3
    endloop
  endfacet
  facet normal 0 0 1
    outer loop
      vertex -22.13 26.6378 3
      vertex -23.2188 28.2922 3
      vertex -22.4035 26.8018 3
    endloop
  endfacet
  facet normal 0 0 1
    outer loop
      vertex -22.4035 26.8018 3
      vertex -23.2188 28.2922 3
      vertex -22.6918 26.9382 3
    endloop
  endfacet
  facet normal 0 0 1
    outer loop
      vertex -22.6918 26.9382 3
      vertex -23.2188 28.2922 3
      vertex -22.9921 27.0456 3
    endloop
  endfacet
  facet normal 0 0 1
    outer loop
      vertex -23.2188 28.2922 3
      vertex -23.3015 27.1231 3
      vertex -22.9921 27.0456 3
    endloop
  endfacet
  facet normal 0 0 1
    outer loop
      vertex -23.2188 28.2922 3
      vertex -23.617 27.1699 3
      vertex -23.3015 27.1231 3
    endloop
  endfacet
  facet normal 0 0 1
    outer loop
      vertex -23.2188 28.2922 3
      vertex -23.9356 27.1856 3
      vertex -23.617 27.1699 3
    endloop
  endfacet
  facet normal 0 0 1
    outer loop
      vertex -23.2188 28.2922 3
      vertex -24.2541 27.1699 3
      vertex -23.9356 27.1856 3
    endloop
  endfacet
  facet normal 0 -0 1
    outer loop
      vertex -24.2541 27.1699 3
      vertex -23.2188 28.2922 3
      vertex -24.4967 27.1339 3
    endloop
  endfacet
  facet normal 0 0 1
    outer loop
      vertex -27.1699 -24.2541 3
      vertex -28.2922 -23.2188 3
      vertex -27.1339 -24.4967 3
    endloop
  endfacet
  facet normal 0 0 1
    outer loop
      vertex -27.1856 -23.9356 3
      vertex -28.2922 -23.2188 3
      vertex -27.1699 -24.2541 3
    endloop
  endfacet
  facet normal -0 -0 1
    outer loop
      vertex -30.4318 -20.3339 3
      vertex -25.1793 -20.933 3
      vertex -32.2783 -17.2531 3
    endloop
  endfacet
  facet normal 0 0 1
    outer loop
      vertex -25.1793 -20.933 3
      vertex -30.4318 -20.3339 3
      vertex -25.4676 -21.0693 3
    endloop
  endfacet
  facet normal 0 0 1
    outer loop
      vertex -27.1699 -23.617 3
      vertex -28.2922 -23.2188 3
      vertex -27.1856 -23.9356 3
    endloop
  endfacet
  facet normal 0 0 1
    outer loop
      vertex -25.4676 -21.0693 3
      vertex -30.4318 -20.3339 3
      vertex -25.7412 -21.2333 3
    endloop
  endfacet
  facet normal 0 0 1
    outer loop
      vertex -27.1231 -23.3015 3
      vertex -28.2922 -23.2188 3
      vertex -27.1699 -23.617 3
    endloop
  endfacet
  facet normal 0 0 1
    outer loop
      vertex -25.7412 -21.2333 3
      vertex -30.4318 -20.3339 3
      vertex -25.9973 -21.4233 3
    endloop
  endfacet
  facet normal 0 0 1
    outer loop
      vertex -27.0456 -22.9921 3
      vertex -28.2922 -23.2188 3
      vertex -27.1231 -23.3015 3
    endloop
  endfacet
  facet normal 0 0 1
    outer loop
      vertex -26.2337 -21.6375 3
      vertex -30.4318 -20.3339 3
      vertex -26.4478 -21.8738 3
    endloop
  endfacet
  facet normal 0 0 1
    outer loop
      vertex -26.9382 -22.6918 3
      vertex -28.2922 -23.2188 3
      vertex -27.0456 -22.9921 3
    endloop
  endfacet
  facet normal 0 0 1
    outer loop
      vertex -26.6378 -22.13 3
      vertex -28.2922 -23.2188 3
      vertex -26.8018 -22.4035 3
    endloop
  endfacet
  facet normal 0 0 1
    outer loop
      vertex -26.8018 -22.4035 3
      vertex -28.2922 -23.2188 3
      vertex -26.9382 -22.6918 3
    endloop
  endfacet
  facet normal 0 0 1
    outer loop
      vertex -26.4478 -21.8738 3
      vertex -30.4318 -20.3339 3
      vertex -26.6378 -22.13 3
    endloop
  endfacet
  facet normal 0 -0 1
    outer loop
      vertex -28.2922 -23.2188 3
      vertex -26.6378 -22.13 3
      vertex -30.4318 -20.3339 3
    endloop
  endfacet
  facet normal 0 0 1
    outer loop
      vertex -25.9973 -21.4233 3
      vertex -30.4318 -20.3339 3
      vertex -26.2337 -21.6375 3
    endloop
  endfacet
  facet normal 0 0 1
    outer loop
      vertex -17.6 -2.35847 3
      vertex -17.7833 -2.49441 3
      vertex -17.6 -6.7 3
    endloop
  endfacet
  facet normal 0 0 1
    outer loop
      vertex -14.0062 -33.814 3
      vertex -20.7012 -23.617 3
      vertex -20.6856 -23.9356 3
    endloop
  endfacet
  facet normal 0 0 1
    outer loop
      vertex -17.6 -6.7 3
      vertex -20.748 -23.3015 3
      vertex -20.7012 -23.617 3
    endloop
  endfacet
  facet normal 0 0 1
    outer loop
      vertex -17.6 -6.7 3
      vertex -20.8255 -22.9921 3
      vertex -20.748 -23.3015 3
    endloop
  endfacet
  facet normal 0 0 1
    outer loop
      vertex -21.1167 -2.49441 3
      vertex -17.6 -6.7 3
      vertex -20.8642 -2.64576 3
    endloop
  endfacet
  facet normal 0 0 1
    outer loop
      vertex -17.6 -6.7 3
      vertex -20.933 -22.6918 3
      vertex -20.8255 -22.9921 3
    endloop
  endfacet
  facet normal 0 0 1
    outer loop
      vertex -17.6 -6.7 3
      vertex -21.0693 -22.4035 3
      vertex -20.933 -22.6918 3
    endloop
  endfacet
  facet normal 0 0 1
    outer loop
      vertex -21.3532 -2.31903 3
      vertex -35.024 -10.6244 3
      vertex -21.1167 -2.49441 3
    endloop
  endfacet
  facet normal 0 0 1
    outer loop
      vertex -17.6 -6.7 3
      vertex -21.2333 -22.13 3
      vertex -21.0693 -22.4035 3
    endloop
  endfacet
  facet normal 0 0 1
    outer loop
      vertex -21.5713 -2.12132 3
      vertex -35.024 -10.6244 3
      vertex -21.3532 -2.31903 3
    endloop
  endfacet
  facet normal 0 0 1
    outer loop
      vertex -17.6 -6.7 3
      vertex -21.4233 -21.8738 3
      vertex -21.2333 -22.13 3
    endloop
  endfacet
  facet normal 0 -0 1
    outer loop
      vertex -35.024 -10.6244 3
      vertex -21.769 -1.90318 3
      vertex -35.8967 -7.14031 3
    endloop
  endfacet
  facet normal 0 0 1
    outer loop
      vertex -17.6 -6.7 3
      vertex -21.6375 -21.6375 3
      vertex -21.4233 -21.8738 3
    endloop
  endfacet
  facet normal 0 0 1
    outer loop
      vertex -22.0958 -1.41419 3
      vertex -35.8967 -7.14031 3
      vertex -21.9444 -1.66671 3
    endloop
  endfacet
  facet normal 0 0 1
    outer loop
      vertex -17.6 -6.7 3
      vertex -21.8738 -21.4233 3
      vertex -21.6375 -21.6375 3
    endloop
  endfacet
  facet normal 0 0 1
    outer loop
      vertex -22.2216 -1.14805 3
      vertex -35.8967 -7.14031 3
      vertex -22.0958 -1.41419 3
    endloop
  endfacet
  facet normal 0 0 1
    outer loop
      vertex -22.3208 -0.870853 3
      vertex -36.4238 -3.58743 3
      vertex -22.2216 -1.14805 3
    endloop
  endfacet
  facet normal 0 0 1
    outer loop
      vertex -17.6 -6.7 3
      vertex -22.13 -21.2333 3
      vertex -21.8738 -21.4233 3
    endloop
  endfacet
  facet normal 0 -0 1
    outer loop
      vertex -36.4238 -3.58743 3
      vertex -22.3924 -0.585271 3
      vertex -36.6 0 3
    endloop
  endfacet
  facet normal 0 0 1
    outer loop
      vertex -22.45 0 3
      vertex -36.6 0 3
      vertex -22.4356 -0.294051 3
    endloop
  endfacet
  facet normal 0 0 1
    outer loop
      vertex -36.6 0 3
      vertex -22.4356 0.294051 3
      vertex -36.4238 3.58743 3
    endloop
  endfacet
  facet normal 0 0 1
    outer loop
      vertex -17.6 -6.7 3
      vertex -22.4035 -21.0693 3
      vertex -22.13 -21.2333 3
    endloop
  endfacet
  facet normal 0 0 1
    outer loop
      vertex -22.3208 0.870853 3
      vertex -36.4238 3.58743 3
      vertex -22.3924 0.585271 3
    endloop
  endfacet
  facet normal -0 0 1
    outer loop
      vertex -36.4238 3.58743 3
      vertex -22.2216 1.14805 3
      vertex -35.8967 7.14031 3
    endloop
  endfacet
  facet normal 0 0 1
    outer loop
      vertex -30.4318 20.3339 3
      vertex -25.1793 20.933 3
      vertex -25.4676 21.0693 3
    endloop
  endfacet
  facet normal 0 0 1
    outer loop
      vertex -17.6 -6.7 3
      vertex -22.6918 -20.933 3
      vertex -22.4035 -21.0693 3
    endloop
  endfacet
  facet normal 0 0 1
    outer loop
      vertex -17.6 6.7 3
      vertex -33.814 14.0062 3
      vertex -21.1167 2.49441 3
    endloop
  endfacet
  facet normal 0 0 1
    outer loop
      vertex -17.6 -6.7 3
      vertex -22.9921 -20.8255 3
      vertex -22.6918 -20.933 3
    endloop
  endfacet
  facet normal 0 0 1
    outer loop
      vertex -30.4318 20.3339 3
      vertex -25.4676 21.0693 3
      vertex -25.7412 21.2333 3
    endloop
  endfacet
  facet normal 0 0 1
    outer loop
      vertex -17.6 -6.7 3
      vertex -23.3015 -20.748 3
      vertex -22.9921 -20.8255 3
    endloop
  endfacet
  facet normal 0 0 1
    outer loop
      vertex -21.1167 2.49441 3
      vertex -33.814 14.0062 3
      vertex -21.3532 2.31903 3
    endloop
  endfacet
  facet normal 0 0 1
    outer loop
      vertex -17.6 -6.7 3
      vertex -23.617 -20.7012 3
      vertex -23.3015 -20.748 3
    endloop
  endfacet
  facet normal -0 0 1
    outer loop
      vertex -35.024 10.6244 3
      vertex -21.3532 2.31903 3
      vertex -33.814 14.0062 3
    endloop
  endfacet
  facet normal 0 0 1
    outer loop
      vertex -17.6 -6.7 3
      vertex -23.9356 -20.6856 3
      vertex -23.617 -20.7012 3
    endloop
  endfacet
  facet normal 0 0 1
    outer loop
      vertex -30.4318 20.3339 3
      vertex -25.7412 21.2333 3
      vertex -25.9973 21.4233 3
    endloop
  endfacet
  facet normal 0 0 1
    outer loop
      vertex -17.6 -6.7 3
      vertex -24.2541 -20.7012 3
      vertex -23.9356 -20.6856 3
    endloop
  endfacet
  facet normal 0 0 1
    outer loop
      vertex -21.3532 2.31903 3
      vertex -35.024 10.6244 3
      vertex -21.5713 2.12132 3
    endloop
  endfacet
  facet normal 0 0 1
    outer loop
      vertex -21.1167 -2.49441 3
      vertex -33.814 -14.0062 3
      vertex -17.6 -6.7 3
    endloop
  endfacet
  facet normal 0 0 1
    outer loop
      vertex -30.4318 20.3339 3
      vertex -25.9973 21.4233 3
      vertex -26.2337 21.6375 3
    endloop
  endfacet
  facet normal 0 -0 1
    outer loop
      vertex -33.814 -14.0062 3
      vertex -21.1167 -2.49441 3
      vertex -35.024 -10.6244 3
    endloop
  endfacet
  facet normal 0 0 1
    outer loop
      vertex -26.4478 21.8738 3
      vertex -30.4318 20.3339 3
      vertex -26.2337 21.6375 3
    endloop
  endfacet
  facet normal 0 0 1
    outer loop
      vertex -21.769 -1.90318 3
      vertex -35.024 -10.6244 3
      vertex -21.5713 -2.12132 3
    endloop
  endfacet
  facet normal 0 0 1
    outer loop
      vertex -26.6378 22.13 3
      vertex -30.4318 20.3339 3
      vertex -26.4478 21.8738 3
    endloop
  endfacet
  facet normal 0 0 1
    outer loop
      vertex -17.6 -6.7 3
      vertex -33.814 -14.0062 3
      vertex -24.2541 -20.7012 3
    endloop
  endfacet
  facet normal 0 0 1
    outer loop
      vertex -21.5713 2.12132 3
      vertex -35.024 10.6244 3
      vertex -21.769 1.90318 3
    endloop
  endfacet
  facet normal 0 0 1
    outer loop
      vertex -21.9444 -1.66671 3
      vertex -35.8967 -7.14031 3
      vertex -21.769 -1.90318 3
    endloop
  endfacet
  facet normal 0 0 1
    outer loop
      vertex -30.4318 20.3339 3
      vertex -26.6378 22.13 3
      vertex -28.2922 23.2188 3
    endloop
  endfacet
  facet normal 0 -0 1
    outer loop
      vertex -35.8967 -7.14031 3
      vertex -22.2216 -1.14805 3
      vertex -36.4238 -3.58743 3
    endloop
  endfacet
  facet normal -0 0 1
    outer loop
      vertex -35.8967 7.14031 3
      vertex -21.769 1.90318 3
      vertex -35.024 10.6244 3
    endloop
  endfacet
  facet normal 0 0 1
    outer loop
      vertex -22.3924 -0.585271 3
      vertex -36.4238 -3.58743 3
      vertex -22.3208 -0.870853 3
    endloop
  endfacet
  facet normal 0 0 1
    outer loop
      vertex -28.2922 23.2188 3
      vertex -26.6378 22.13 3
      vertex -26.8018 22.4035 3
    endloop
  endfacet
  facet normal 0 0 1
    outer loop
      vertex -22.4356 -0.294051 3
      vertex -36.6 0 3
      vertex -22.3924 -0.585271 3
    endloop
  endfacet
  facet normal 0 0 1
    outer loop
      vertex -21.769 1.90318 3
      vertex -35.8967 7.14031 3
      vertex -21.9444 1.66671 3
    endloop
  endfacet
  facet normal 0 0 1
    outer loop
      vertex -22.4356 0.294051 3
      vertex -36.6 0 3
      vertex -22.45 0 3
    endloop
  endfacet
  facet normal 0 0 1
    outer loop
      vertex -28.2922 23.2188 3
      vertex -26.8018 22.4035 3
      vertex -26.9382 22.6918 3
    endloop
  endfacet
  facet normal 0 0 1
    outer loop
      vertex -22.3924 0.585271 3
      vertex -36.4238 3.58743 3
      vertex -22.4356 0.294051 3
    endloop
  endfacet
  facet normal 0 0 1
    outer loop
      vertex -21.9444 1.66671 3
      vertex -35.8967 7.14031 3
      vertex -22.0958 1.41419 3
    endloop
  endfacet
  facet normal 0 0 1
    outer loop
      vertex -22.2216 1.14805 3
      vertex -36.4238 3.58743 3
      vertex -22.3208 0.870853 3
    endloop
  endfacet
  facet normal 0 0 1
    outer loop
      vertex -28.2922 23.2188 3
      vertex -26.9382 22.6918 3
      vertex -27.0456 22.9921 3
    endloop
  endfacet
  facet normal 0 0 1
    outer loop
      vertex -22.0958 1.41419 3
      vertex -35.8967 7.14031 3
      vertex -22.2216 1.14805 3
    endloop
  endfacet
  facet normal -0 0 1
    outer loop
      vertex -28.2922 23.2188 3
      vertex -27.0456 22.9921 3
      vertex -27.1231 23.3015 3
    endloop
  endfacet
  facet normal -0 -0 1
    outer loop
      vertex -32.2783 -17.2531 3
      vertex -24.2541 -20.7012 3
      vertex -33.814 -14.0062 3
    endloop
  endfacet
  facet normal 0 0 1
    outer loop
      vertex -28.2922 23.2188 3
      vertex -27.1231 23.3015 3
      vertex -27.1699 23.617 3
    endloop
  endfacet
  facet normal 0 0 1
    outer loop
      vertex -24.2541 -20.7012 3
      vertex -32.2783 -17.2531 3
      vertex -24.5696 -20.748 3
    endloop
  endfacet
  facet normal 0 0 1
    outer loop
      vertex -28.2922 23.2188 3
      vertex -27.1699 23.617 3
      vertex -27.1856 23.9356 3
    endloop
  endfacet
  facet normal 0 0 1
    outer loop
      vertex -24.5696 -20.748 3
      vertex -32.2783 -17.2531 3
      vertex -24.879 -20.8255 3
    endloop
  endfacet
  facet normal -0 0 1
    outer loop
      vertex -22.13 21.2333 3
      vertex -17.6 6.7 3
      vertex -21.8738 21.4233 3
    endloop
  endfacet
  facet normal 0 0 1
    outer loop
      vertex -17.6 6.7 3
      vertex -18.5791 2.87082 3
      vertex -18.3019 2.77164 3
    endloop
  endfacet
  facet normal -0 0 1
    outer loop
      vertex -22.4035 21.0693 3
      vertex -17.6 6.7 3
      vertex -22.13 21.2333 3
    endloop
  endfacet
  facet normal 0 0 1
    outer loop
      vertex -17.6 6.7 3
      vertex -18.8647 2.94236 3
      vertex -18.5791 2.87082 3
    endloop
  endfacet
  facet normal -0 0 1
    outer loop
      vertex -22.6918 20.933 3
      vertex -17.6 6.7 3
      vertex -22.4035 21.0693 3
    endloop
  endfacet
  facet normal 0 0 1
    outer loop
      vertex -17.6 6.7 3
      vertex -19.1559 2.98555 3
      vertex -18.8647 2.94236 3
    endloop
  endfacet
  facet normal -0 0 1
    outer loop
      vertex -22.9921 20.8255 3
      vertex -17.6 6.7 3
      vertex -22.6918 20.933 3
    endloop
  endfacet
  facet normal 0 0 1
    outer loop
      vertex -17.6 6.7 3
      vertex -19.45 3 3
      vertex -19.1559 2.98555 3
    endloop
  endfacet
  facet normal -0 0 1
    outer loop
      vertex -23.3015 20.748 3
      vertex -17.6 6.7 3
      vertex -22.9921 20.8255 3
    endloop
  endfacet
  facet normal 0 0 1
    outer loop
      vertex -17.6 6.7 3
      vertex -19.7441 2.98555 3
      vertex -19.45 3 3
    endloop
  endfacet
  facet normal -0 0 1
    outer loop
      vertex -23.617 20.7012 3
      vertex -17.6 6.7 3
      vertex -23.3015 20.748 3
    endloop
  endfacet
  facet normal 0 0 1
    outer loop
      vertex -17.6 6.7 3
      vertex -20.0353 2.94236 3
      vertex -19.7441 2.98555 3
    endloop
  endfacet
  facet normal -0 0 1
    outer loop
      vertex -23.9356 20.6856 3
      vertex -17.6 6.7 3
      vertex -23.617 20.7012 3
    endloop
  endfacet
  facet normal 0 0 1
    outer loop
      vertex -17.6 6.7 3
      vertex -20.3209 2.87082 3
      vertex -20.0353 2.94236 3
    endloop
  endfacet
  facet normal 0 0 1
    outer loop
      vertex -24.2541 20.7012 3
      vertex -17.6 6.7 3
      vertex -23.9356 20.6856 3
    endloop
  endfacet
  facet normal 0 0 1
    outer loop
      vertex -17.6 6.7 3
      vertex -20.598 2.77164 3
      vertex -20.3209 2.87082 3
    endloop
  endfacet
  facet normal 0 0 1
    outer loop
      vertex -32.2783 17.2531 3
      vertex -24.2541 20.7012 3
      vertex -24.5696 20.748 3
    endloop
  endfacet
  facet normal 0 0 1
    outer loop
      vertex -17.6 6.7 3
      vertex -20.8642 2.64576 3
      vertex -20.598 2.77164 3
    endloop
  endfacet
  facet normal 0 0 1
    outer loop
      vertex -33.814 14.0062 3
      vertex -24.2541 20.7012 3
      vertex -32.2783 17.2531 3
    endloop
  endfacet
  facet normal 0 0 1
    outer loop
      vertex -17.6 6.7 3
      vertex -21.1167 2.49441 3
      vertex -20.8642 2.64576 3
    endloop
  endfacet
  facet normal 0 0 1
    outer loop
      vertex -25.1793 20.933 3
      vertex -32.2783 17.2531 3
      vertex -24.879 20.8255 3
    endloop
  endfacet
  facet normal 0 0 1
    outer loop
      vertex -24.879 20.8255 3
      vertex -32.2783 17.2531 3
      vertex -24.5696 20.748 3
    endloop
  endfacet
  facet normal 0 0 1
    outer loop
      vertex -32.2783 17.2531 3
      vertex -25.1793 20.933 3
      vertex -30.4318 20.3339 3
    endloop
  endfacet
  facet normal 0 0 1
    outer loop
      vertex -24.2541 20.7012 3
      vertex -33.814 14.0062 3
      vertex -17.6 6.7 3
    endloop
  endfacet
  facet normal 0 0 1
    outer loop
      vertex 7.14031 35.8967 3
      vertex 2.98555 32.7941 3
      vertex 3 32.5 3
    endloop
  endfacet
  facet normal 0 0 1
    outer loop
      vertex 7.14031 35.8967 3
      vertex 2.94236 33.0853 3
      vertex 2.98555 32.7941 3
    endloop
  endfacet
  facet normal 0 0 1
    outer loop
      vertex 7.14031 35.8967 3
      vertex 2.87082 33.3709 3
      vertex 2.94236 33.0853 3
    endloop
  endfacet
  facet normal 0 0 1
    outer loop
      vertex 7.14031 35.8967 3
      vertex 2.77164 33.648 3
      vertex 2.87082 33.3709 3
    endloop
  endfacet
  facet normal 0 0 1
    outer loop
      vertex 3.58743 36.4238 3
      vertex 2.64576 33.9142 3
      vertex 2.77164 33.648 3
    endloop
  endfacet
  facet normal 0 0 1
    outer loop
      vertex 3.58743 36.4238 3
      vertex 2.49441 34.1667 3
      vertex 2.64576 33.9142 3
    endloop
  endfacet
  facet normal 0 0 1
    outer loop
      vertex 3.58743 36.4238 3
      vertex 2.31903 34.4032 3
      vertex 2.49441 34.1667 3
    endloop
  endfacet
  facet normal 0 0 1
    outer loop
      vertex 3.58743 36.4238 3
      vertex 2.12132 34.6213 3
      vertex 2.31903 34.4032 3
    endloop
  endfacet
  facet normal 0 0 1
    outer loop
      vertex 3.58743 36.4238 3
      vertex 1.90318 34.819 3
      vertex 2.12132 34.6213 3
    endloop
  endfacet
  facet normal 0 0 1
    outer loop
      vertex 3.58743 36.4238 3
      vertex 1.66671 34.9944 3
      vertex 1.90318 34.819 3
    endloop
  endfacet
  facet normal 0 0 1
    outer loop
      vertex 3.58743 36.4238 3
      vertex 1.41419 35.1458 3
      vertex 1.66671 34.9944 3
    endloop
  endfacet
  facet normal 0 0 1
    outer loop
      vertex 3.58743 36.4238 3
      vertex 1.14805 35.2716 3
      vertex 1.41419 35.1458 3
    endloop
  endfacet
  facet normal 0 0 1
    outer loop
      vertex 0 36.6 3
      vertex 1.14805 35.2716 3
      vertex 3.58743 36.4238 3
    endloop
  endfacet
  facet normal 0 0 1
    outer loop
      vertex 1.14805 35.2716 3
      vertex 0 36.6 3
      vertex 0.870853 35.3708 3
    endloop
  endfacet
  facet normal 0 0 1
    outer loop
      vertex 0.870853 35.3708 3
      vertex 0 36.6 3
      vertex 0.585271 35.4424 3
    endloop
  endfacet
  facet normal 0 0 1
    outer loop
      vertex 0.585271 35.4424 3
      vertex 0 36.6 3
      vertex 0.294051 35.4856 3
    endloop
  endfacet
  facet normal 0 0 1
    outer loop
      vertex 0 36.6 3
      vertex 0 35.5 3
      vertex 0.294051 35.4856 3
    endloop
  endfacet
  facet normal 0 0 1
    outer loop
      vertex 0 36.6 3
      vertex -0.294051 35.4856 3
      vertex 0 35.5 3
    endloop
  endfacet
  facet normal 0 0 1
    outer loop
      vertex 0 36.6 3
      vertex -0.585271 35.4424 3
      vertex -0.294051 35.4856 3
    endloop
  endfacet
  facet normal 0 0 1
    outer loop
      vertex 0 36.6 3
      vertex -0.870853 35.3708 3
      vertex -0.585271 35.4424 3
    endloop
  endfacet
  facet normal 0 0 1
    outer loop
      vertex 0 36.6 3
      vertex -1.14805 35.2716 3
      vertex -0.870853 35.3708 3
    endloop
  endfacet
  facet normal -0 0 1
    outer loop
      vertex -3.58743 36.4238 3
      vertex -1.14805 35.2716 3
      vertex 0 36.6 3
    endloop
  endfacet
  facet normal 0 0 1
    outer loop
      vertex -1.14805 35.2716 3
      vertex -3.58743 36.4238 3
      vertex -1.41419 35.1458 3
    endloop
  endfacet
  facet normal 0 0 1
    outer loop
      vertex -1.41419 35.1458 3
      vertex -3.58743 36.4238 3
      vertex -1.66671 34.9944 3
    endloop
  endfacet
  facet normal 0 0 1
    outer loop
      vertex -1.66671 34.9944 3
      vertex -3.58743 36.4238 3
      vertex -1.90318 34.819 3
    endloop
  endfacet
  facet normal 0 0 1
    outer loop
      vertex -2.94236 33.0853 3
      vertex -7.14031 35.8967 3
      vertex -2.98555 32.7941 3
    endloop
  endfacet
  facet normal 0 0 1
    outer loop
      vertex -2.87082 33.3709 3
      vertex -7.14031 35.8967 3
      vertex -2.94236 33.0853 3
    endloop
  endfacet
  facet normal 0 0 1
    outer loop
      vertex -2.77164 33.648 3
      vertex -7.14031 35.8967 3
      vertex -2.87082 33.3709 3
    endloop
  endfacet
  facet normal -0 0 1
    outer loop
      vertex -7.14031 35.8967 3
      vertex -2.77164 33.648 3
      vertex -3.58743 36.4238 3
    endloop
  endfacet
  facet normal 0 0 1
    outer loop
      vertex -2.64576 33.9142 3
      vertex -3.58743 36.4238 3
      vertex -2.77164 33.648 3
    endloop
  endfacet
  facet normal 0 0 1
    outer loop
      vertex -2.49441 34.1667 3
      vertex -3.58743 36.4238 3
      vertex -2.64576 33.9142 3
    endloop
  endfacet
  facet normal 0 0 1
    outer loop
      vertex -2.31903 34.4032 3
      vertex -3.58743 36.4238 3
      vertex -2.49441 34.1667 3
    endloop
  endfacet
  facet normal 0 0 1
    outer loop
      vertex -2.12132 34.6213 3
      vertex -3.58743 36.4238 3
      vertex -2.31903 34.4032 3
    endloop
  endfacet
  facet normal 0 0 1
    outer loop
      vertex -1.90318 34.819 3
      vertex -3.58743 36.4238 3
      vertex -2.12132 34.6213 3
    endloop
  endfacet
  facet normal -0 0 1
    outer loop
      vertex 11.2216 -1.14805 3
      vertex 20.6856 -23.9356 3
      vertex 11.3208 -0.870853 3
    endloop
  endfacet
  facet normal -0 0 1
    outer loop
      vertex 11.0958 -1.41419 3
      vertex 20.6856 -23.9356 3
      vertex 11.2216 -1.14805 3
    endloop
  endfacet
  facet normal -0 0 1
    outer loop
      vertex 10.9444 -1.66671 3
      vertex 20.6856 -23.9356 3
      vertex 11.0958 -1.41419 3
    endloop
  endfacet
  facet normal -0 0 1
    outer loop
      vertex 10.769 -1.90318 3
      vertex 20.6856 -23.9356 3
      vertex 10.9444 -1.66671 3
    endloop
  endfacet
  facet normal -0 0 1
    outer loop
      vertex 10.5713 -2.12132 3
      vertex 20.6856 -23.9356 3
      vertex 10.769 -1.90318 3
    endloop
  endfacet
  facet normal -0 0 1
    outer loop
      vertex 10.3532 -2.31903 3
      vertex 20.6856 -23.9356 3
      vertex 10.5713 -2.12132 3
    endloop
  endfacet
  facet normal -0 0 1
    outer loop
      vertex 6.6 -6.7 3
      vertex 20.6856 -23.9356 3
      vertex 10.3532 -2.31903 3
    endloop
  endfacet
  facet normal 0 -0 1
    outer loop
      vertex 10.6244 -35.024 3
      vertex 20.6856 -23.9356 3
      vertex 6.6 -6.7 3
    endloop
  endfacet
  facet normal 0 0 1
    outer loop
      vertex 20.933 -25.1793 3
      vertex 17.2531 -32.2783 3
      vertex 20.3339 -30.4318 3
    endloop
  endfacet
  facet normal 0 0 1
    outer loop
      vertex 20.7012 -24.2541 3
      vertex 14.0062 -33.814 3
      vertex 17.2531 -32.2783 3
    endloop
  endfacet
  facet normal 0 0 1
    outer loop
      vertex 6.6 -6.7 3
      vertex 10.3532 -2.31903 3
      vertex 10.1167 -2.49441 3
    endloop
  endfacet
  facet normal 0 0 1
    outer loop
      vertex 6.6 -6.7 3
      vertex 10.1167 -2.49441 3
      vertex 9.86419 -2.64576 3
    endloop
  endfacet
  facet normal 0 0 1
    outer loop
      vertex 6.6 -6.7 3
      vertex 9.86419 -2.64576 3
      vertex 9.59805 -2.77164 3
    endloop
  endfacet
  facet normal 0 0 1
    outer loop
      vertex 6.6 -6.7 3
      vertex 9.59805 -2.77164 3
      vertex 9.32085 -2.87082 3
    endloop
  endfacet
  facet normal 0 0 1
    outer loop
      vertex 6.6 -6.7 3
      vertex 9.32085 -2.87082 3
      vertex 9.03527 -2.94236 3
    endloop
  endfacet
  facet normal 0 0 1
    outer loop
      vertex 6.6 -6.7 3
      vertex 9.03527 -2.94236 3
      vertex 8.74405 -2.98555 3
    endloop
  endfacet
  facet normal 0 0 1
    outer loop
      vertex 6.6 -6.7 3
      vertex 8.74405 -2.98555 3
      vertex 8.45 -3 3
    endloop
  endfacet
  facet normal 0 0 1
    outer loop
      vertex 6.6 -6.7 3
      vertex 8.45 -3 3
      vertex 8.15595 -2.98555 3
    endloop
  endfacet
  facet normal 0 0 1
    outer loop
      vertex 6.6 -6.7 3
      vertex 8.15595 -2.98555 3
      vertex 7.86473 -2.94236 3
    endloop
  endfacet
  facet normal 0 0 1
    outer loop
      vertex 6.6 -6.7 3
      vertex 7.86473 -2.94236 3
      vertex 7.57915 -2.87082 3
    endloop
  endfacet
  facet normal 0 0 1
    outer loop
      vertex 6.6 -6.7 3
      vertex 7.57915 -2.87082 3
      vertex 7.30195 -2.77164 3
    endloop
  endfacet
  facet normal 0 0 1
    outer loop
      vertex 20.6856 -23.9356 3
      vertex 10.6244 -35.024 3
      vertex 14.0062 -33.814 3
    endloop
  endfacet
  facet normal 0 0 1
    outer loop
      vertex 6.6 -6.7 3
      vertex 7.30195 -2.77164 3
      vertex 7.03581 -2.64576 3
    endloop
  endfacet
  facet normal 0 0 1
    outer loop
      vertex 6.6 -6.7 3
      vertex 7.03581 -2.64576 3
      vertex 6.78329 -2.49441 3
    endloop
  endfacet
  facet normal 0 0 1
    outer loop
      vertex 6.6 -6.7 3
      vertex 6.78329 -2.49441 3
      vertex 6.6 -2.35847 3
    endloop
  endfacet
  facet normal 0 0 1
    outer loop
      vertex 10.6244 -35.024 3
      vertex 6.6 -6.7 3
      vertex 7.14031 -35.8967 3
    endloop
  endfacet
  facet normal 0 0 1
    outer loop
      vertex 6.6 -6.7 3
      vertex 3.58743 -36.4238 3
      vertex 7.14031 -35.8967 3
    endloop
  endfacet
  facet normal 0 0 1
    outer loop
      vertex 6.6 -6.7 3
      vertex 0 -36.6 3
      vertex 3.58743 -36.4238 3
    endloop
  endfacet
  facet normal 0 0 1
    outer loop
      vertex 6.6 -6.7 3
      vertex -3.58743 -36.4238 3
      vertex 0 -36.6 3
    endloop
  endfacet
  facet normal 0 0 1
    outer loop
      vertex 6.6 -6.7 3
      vertex -7.14031 -35.8967 3
      vertex -3.58743 -36.4238 3
    endloop
  endfacet
  facet normal -0 0 1
    outer loop
      vertex -20.7012 -23.617 3
      vertex -7.14031 -35.8967 3
      vertex 6.6 -6.7 3
    endloop
  endfacet
  facet normal 0 0 1
    outer loop
      vertex -20.7012 -23.617 3
      vertex -10.6244 -35.024 3
      vertex -7.14031 -35.8967 3
    endloop
  endfacet
  facet normal 0 0 1
    outer loop
      vertex -20.7012 -23.617 3
      vertex -14.0062 -33.814 3
      vertex -10.6244 -35.024 3
    endloop
  endfacet
  facet normal 0 0 1
    outer loop
      vertex -20.7012 -23.617 3
      vertex 6.6 -6.7 3
      vertex -17.6 -6.7 3
    endloop
  endfacet
  facet normal -0 0 1
    outer loop
      vertex -18.0358 -2.64576 3
      vertex -17.6 -6.7 3
      vertex -17.7833 -2.49441 3
    endloop
  endfacet
  facet normal -0 0 1
    outer loop
      vertex -18.3019 -2.77164 3
      vertex -17.6 -6.7 3
      vertex -18.0358 -2.64576 3
    endloop
  endfacet
  facet normal -0 0 1
    outer loop
      vertex -18.5791 -2.87082 3
      vertex -17.6 -6.7 3
      vertex -18.3019 -2.77164 3
    endloop
  endfacet
  facet normal -0 0 1
    outer loop
      vertex -18.8647 -2.94236 3
      vertex -17.6 -6.7 3
      vertex -18.5791 -2.87082 3
    endloop
  endfacet
  facet normal -0 0 1
    outer loop
      vertex -19.1559 -2.98555 3
      vertex -17.6 -6.7 3
      vertex -18.8647 -2.94236 3
    endloop
  endfacet
  facet normal -0 0 1
    outer loop
      vertex -19.45 -3 3
      vertex -17.6 -6.7 3
      vertex -19.1559 -2.98555 3
    endloop
  endfacet
  facet normal 0 0 1
    outer loop
      vertex -19.7441 -2.98555 3
      vertex -17.6 -6.7 3
      vertex -19.45 -3 3
    endloop
  endfacet
  facet normal 0 0 1
    outer loop
      vertex -20.0353 -2.94236 3
      vertex -17.6 -6.7 3
      vertex -19.7441 -2.98555 3
    endloop
  endfacet
  facet normal 0 0 1
    outer loop
      vertex -20.3209 -2.87082 3
      vertex -17.6 -6.7 3
      vertex -20.0353 -2.94236 3
    endloop
  endfacet
  facet normal 0 0 1
    outer loop
      vertex -20.598 -2.77164 3
      vertex -17.6 -6.7 3
      vertex -20.3209 -2.87082 3
    endloop
  endfacet
  facet normal -0 0 1
    outer loop
      vertex -20.7012 -24.2541 3
      vertex -14.0062 -33.814 3
      vertex -20.6856 -23.9356 3
    endloop
  endfacet
  facet normal 0 0 1
    outer loop
      vertex -20.8642 -2.64576 3
      vertex -17.6 -6.7 3
      vertex -20.598 -2.77164 3
    endloop
  endfacet
  facet normal 0 0 1
    outer loop
      vertex -14.0062 -33.814 3
      vertex -20.7012 -24.2541 3
      vertex -17.2531 -32.2783 3
    endloop
  endfacet
  facet normal -0 0 1
    outer loop
      vertex -20.748 -24.5696 3
      vertex -17.2531 -32.2783 3
      vertex -20.7012 -24.2541 3
    endloop
  endfacet
  facet normal -0 0 1
    outer loop
      vertex -20.8255 -24.879 3
      vertex -17.2531 -32.2783 3
      vertex -20.748 -24.5696 3
    endloop
  endfacet
  facet normal -0 0 1
    outer loop
      vertex -20.933 -25.1793 3
      vertex -17.2531 -32.2783 3
      vertex -20.8255 -24.879 3
    endloop
  endfacet
  facet normal 0 0 1
    outer loop
      vertex -17.2531 -32.2783 3
      vertex -20.933 -25.1793 3
      vertex -20.3339 -30.4318 3
    endloop
  endfacet
  facet normal -0 0 1
    outer loop
      vertex -21.0693 -25.4676 3
      vertex -20.3339 -30.4318 3
      vertex -20.933 -25.1793 3
    endloop
  endfacet
  facet normal -0 0 1
    outer loop
      vertex -21.2333 -25.7412 3
      vertex -20.3339 -30.4318 3
      vertex -21.0693 -25.4676 3
    endloop
  endfacet
  facet normal -0 0 1
    outer loop
      vertex -21.4233 -25.9973 3
      vertex -20.3339 -30.4318 3
      vertex -21.2333 -25.7412 3
    endloop
  endfacet
  facet normal -0 0 1
    outer loop
      vertex -21.6375 -26.2337 3
      vertex -20.3339 -30.4318 3
      vertex -21.4233 -25.9973 3
    endloop
  endfacet
  facet normal -0 0 1
    outer loop
      vertex -21.8738 -26.4478 3
      vertex -20.3339 -30.4318 3
      vertex -21.6375 -26.2337 3
    endloop
  endfacet
  facet normal -0 0 1
    outer loop
      vertex -22.13 -26.6378 3
      vertex -20.3339 -30.4318 3
      vertex -21.8738 -26.4478 3
    endloop
  endfacet
  facet normal 0 0 1
    outer loop
      vertex -23.2188 -28.2922 3
      vertex -22.13 -26.6378 3
      vertex -22.4035 -26.8018 3
    endloop
  endfacet
  facet normal 0 0 1
    outer loop
      vertex -23.2188 -28.2922 3
      vertex -22.4035 -26.8018 3
      vertex -22.6918 -26.9382 3
    endloop
  endfacet
  facet normal 0 0 1
    outer loop
      vertex -23.2188 -28.2922 3
      vertex -22.6918 -26.9382 3
      vertex -22.9921 -27.0456 3
    endloop
  endfacet
  facet normal 0 0 1
    outer loop
      vertex -22.13 -26.6378 3
      vertex -23.2188 -28.2922 3
      vertex -20.3339 -30.4318 3
    endloop
  endfacet
  facet normal -0 0 1
    outer loop
      vertex -23.3015 -27.1231 3
      vertex -23.2188 -28.2922 3
      vertex -22.9921 -27.0456 3
    endloop
  endfacet
  facet normal -0 0 1
    outer loop
      vertex -23.617 -27.1699 3
      vertex -23.2188 -28.2922 3
      vertex -23.3015 -27.1231 3
    endloop
  endfacet
  facet normal -0 0 1
    outer loop
      vertex -23.9356 -27.1856 3
      vertex -23.2188 -28.2922 3
      vertex -23.617 -27.1699 3
    endloop
  endfacet
  facet normal 0 0 1
    outer loop
      vertex -24.2541 -27.1699 3
      vertex -23.2188 -28.2922 3
      vertex -23.9356 -27.1856 3
    endloop
  endfacet
  facet normal 0 0 1
    outer loop
      vertex -23.2188 -28.2922 3
      vertex -24.2541 -27.1699 3
      vertex -24.4967 -27.1339 3
    endloop
  endfacet
  facet normal 0 0 1
    outer loop
      vertex 6.78329 2.49441 3
      vertex 6.6 6.7 3
      vertex 6.6 2.35847 3
    endloop
  endfacet
  facet normal -0.427668 0.903936 0
    outer loop
      vertex 22.6918 26.9382 3
      vertex 22.4035 26.8018 31.5
      vertex 22.6918 26.9382 31.5
    endloop
  endfacet
  facet normal -0.427668 0.903936 0
    outer loop
      vertex 22.4035 26.8018 31.5
      vertex 22.6918 26.9382 3
      vertex 22.4035 26.8018 3
    endloop
  endfacet
  facet normal -0.941493 0.337031 0
    outer loop
      vertex 20.8255 24.879 3
      vertex 20.933 25.1793 31.5
      vertex 20.933 25.1793 3
    endloop
  endfacet
  facet normal -0.941493 0.337031 0
    outer loop
      vertex 20.933 25.1793 31.5
      vertex 20.8255 24.879 3
      vertex 20.8255 24.879 31.5
    endloop
  endfacet
  facet normal 0.941593 -0.336753 0
    outer loop
      vertex 26.9382 22.6918 31.5
      vertex 27.0456 22.9921 3
      vertex 27.0456 22.9921 31.5
    endloop
  endfacet
  facet normal 0.941593 -0.336753 0
    outer loop
      vertex 27.0456 22.9921 3
      vertex 26.9382 22.6918 31.5
      vertex 26.9382 22.6918 3
    endloop
  endfacet
  facet normal -0.740904 -0.671611 0
    outer loop
      vertex 21.6375 21.6375 3
      vertex 21.4233 21.8738 31.5
      vertex 21.4233 21.8738 3
    endloop
  endfacet
  facet normal -0.740904 -0.671611 0
    outer loop
      vertex 21.4233 21.8738 31.5
      vertex 21.6375 21.6375 3
      vertex 21.6375 21.6375 31.5
    endloop
  endfacet
  facet normal -0.941493 -0.337031 0
    outer loop
      vertex 20.933 22.6918 3
      vertex 20.8255 22.9921 31.5
      vertex 20.8255 22.9921 3
    endloop
  endfacet
  facet normal -0.941493 -0.337031 0
    outer loop
      vertex 20.8255 22.9921 31.5
      vertex 20.933 22.6918 3
      vertex 20.933 22.6918 31.5
    endloop
  endfacet
  facet normal -0.970032 0.242978 0
    outer loop
      vertex 20.748 24.5696 3
      vertex 20.8255 24.879 31.5
      vertex 20.8255 24.879 3
    endloop
  endfacet
  facet normal -0.970032 0.242978 0
    outer loop
      vertex 20.8255 24.879 31.5
      vertex 20.748 24.5696 3
      vertex 20.748 24.5696 31.5
    endloop
  endfacet
  facet normal -0.989177 0.14673 0
    outer loop
      vertex 20.7012 24.2541 3
      vertex 20.748 24.5696 31.5
      vertex 20.748 24.5696 3
    endloop
  endfacet
  facet normal -0.989177 0.14673 0
    outer loop
      vertex 20.748 24.5696 31.5
      vertex 20.7012 24.2541 3
      vertex 20.7012 24.2541 31.5
    endloop
  endfacet
  facet normal 0.671455 -0.741045 0
    outer loop
      vertex 25.9973 21.4233 3
      vertex 26.2337 21.6375 31.5
      vertex 25.9973 21.4233 31.5
    endloop
  endfacet
  facet normal 0.671455 -0.741045 0
    outer loop
      vertex 26.2337 21.6375 31.5
      vertex 25.9973 21.4233 3
      vertex 26.2337 21.6375 3
    endloop
  endfacet
  facet normal 0.903936 -0.427668 0
    outer loop
      vertex 26.8018 22.4035 31.5
      vertex 26.9382 22.6918 3
      vertex 26.9382 22.6918 31.5
    endloop
  endfacet
  facet normal 0.903936 -0.427668 0
    outer loop
      vertex 26.9382 22.6918 3
      vertex 26.8018 22.4035 31.5
      vertex 26.8018 22.4035 3
    endloop
  endfacet
  facet normal 0.970032 -0.242978 0
    outer loop
      vertex 27.0456 22.9921 31.5
      vertex 27.1231 23.3015 3
      vertex 27.1231 23.3015 31.5
    endloop
  endfacet
  facet normal 0.970032 -0.242978 0
    outer loop
      vertex 27.1231 23.3015 3
      vertex 27.0456 22.9921 31.5
      vertex 27.0456 22.9921 3
    endloop
  endfacet
  facet normal 0.146785 0.989168 -0
    outer loop
      vertex 24.4967 27.1339 3
      vertex 24.2541 27.1699 31.5
      vertex 24.4967 27.1339 31.5
    endloop
  endfacet
  facet normal 0.146785 0.989168 0
    outer loop
      vertex 24.2541 27.1699 31.5
      vertex 24.4967 27.1339 3
      vertex 24.2541 27.1699 3
    endloop
  endfacet
  facet normal -0.0492184 0.998788 0
    outer loop
      vertex 23.9356 27.1856 3
      vertex 23.617 27.1699 31.5
      vertex 23.9356 27.1856 31.5
    endloop
  endfacet
  facet normal -0.0492184 0.998788 0
    outer loop
      vertex 23.617 27.1699 31.5
      vertex 23.9356 27.1856 3
      vertex 23.617 27.1699 3
    endloop
  endfacet
  facet normal -0.741045 0.671455 0
    outer loop
      vertex 21.4233 25.9973 3
      vertex 21.6375 26.2337 31.5
      vertex 21.6375 26.2337 3
    endloop
  endfacet
  facet normal -0.741045 0.671455 0
    outer loop
      vertex 21.6375 26.2337 31.5
      vertex 21.4233 25.9973 3
      vertex 21.4233 25.9973 31.5
    endloop
  endfacet
  facet normal -0.514265 0.857631 0
    outer loop
      vertex 22.4035 26.8018 3
      vertex 22.13 26.6378 31.5
      vertex 22.4035 26.8018 31.5
    endloop
  endfacet
  facet normal -0.514265 0.857631 0
    outer loop
      vertex 22.13 26.6378 31.5
      vertex 22.4035 26.8018 3
      vertex 22.13 26.6378 3
    endloop
  endfacet
  facet normal -0.595677 0.803224 0
    outer loop
      vertex 22.13 26.6378 3
      vertex 21.8738 26.4478 31.5
      vertex 22.13 26.6378 31.5
    endloop
  endfacet
  facet normal -0.595677 0.803224 0
    outer loop
      vertex 21.8738 26.4478 31.5
      vertex 22.13 26.6378 3
      vertex 21.8738 26.4478 3
    endloop
  endfacet
  facet normal -0.14673 0.989177 0
    outer loop
      vertex 23.617 27.1699 3
      vertex 23.3015 27.1231 31.5
      vertex 23.617 27.1699 31.5
    endloop
  endfacet
  facet normal -0.14673 0.989177 0
    outer loop
      vertex 23.3015 27.1231 31.5
      vertex 23.617 27.1699 3
      vertex 23.3015 27.1231 3
    endloop
  endfacet
  facet normal -0.336753 0.941593 0
    outer loop
      vertex 22.9921 27.0456 3
      vertex 22.6918 26.9382 31.5
      vertex 22.9921 27.0456 31.5
    endloop
  endfacet
  facet normal -0.336753 0.941593 0
    outer loop
      vertex 22.6918 26.9382 31.5
      vertex 22.9921 27.0456 3
      vertex 22.6918 26.9382 3
    endloop
  endfacet
  facet normal -0.242978 0.970032 0
    outer loop
      vertex 23.3015 27.1231 3
      vertex 22.9921 27.0456 31.5
      vertex 23.3015 27.1231 31.5
    endloop
  endfacet
  facet normal -0.242978 0.970032 0
    outer loop
      vertex 22.9921 27.0456 31.5
      vertex 23.3015 27.1231 3
      vertex 22.9921 27.0456 3
    endloop
  endfacet
  facet normal -0.857631 -0.514265 0
    outer loop
      vertex 21.2333 22.13 3
      vertex 21.0693 22.4035 31.5
      vertex 21.0693 22.4035 3
    endloop
  endfacet
  facet normal -0.857631 -0.514265 0
    outer loop
      vertex 21.0693 22.4035 31.5
      vertex 21.2333 22.13 3
      vertex 21.2333 22.13 31.5
    endloop
  endfacet
  facet normal -0.904057 -0.427412 0
    outer loop
      vertex 21.0693 22.4035 3
      vertex 20.933 22.6918 31.5
      vertex 20.933 22.6918 3
    endloop
  endfacet
  facet normal -0.904057 -0.427412 0
    outer loop
      vertex 20.933 22.6918 31.5
      vertex 21.0693 22.4035 3
      vertex 21.0693 22.4035 31.5
    endloop
  endfacet
  facet normal -0.803224 -0.595677 0
    outer loop
      vertex 21.4233 21.8738 3
      vertex 21.2333 22.13 31.5
      vertex 21.2333 22.13 3
    endloop
  endfacet
  facet normal -0.803224 -0.595677 0
    outer loop
      vertex 21.2333 22.13 31.5
      vertex 21.4233 21.8738 3
      vertex 21.4233 21.8738 31.5
    endloop
  endfacet
  facet normal -0.998803 -0.0489056 0
    outer loop
      vertex 20.7012 23.617 3
      vertex 20.6856 23.9356 31.5
      vertex 20.6856 23.9356 3
    endloop
  endfacet
  facet normal -0.998803 -0.0489056 0
    outer loop
      vertex 20.6856 23.9356 31.5
      vertex 20.7012 23.617 3
      vertex 20.7012 23.617 31.5
    endloop
  endfacet
  facet normal -0.970032 -0.242978 0
    outer loop
      vertex 20.8255 22.9921 3
      vertex 20.748 23.3015 31.5
      vertex 20.748 23.3015 3
    endloop
  endfacet
  facet normal -0.970032 -0.242978 0
    outer loop
      vertex 20.748 23.3015 31.5
      vertex 20.8255 22.9921 3
      vertex 20.8255 22.9921 31.5
    endloop
  endfacet
  facet normal 0 0 1
    outer loop
      vertex 24.8106 23.9356 31.5
      vertex 27.1856 23.9356 31.5
      vertex 27.1699 24.2541 31.5
    endloop
  endfacet
  facet normal 0 0 1
    outer loop
      vertex 24.8064 24.0213 31.5
      vertex 27.1699 24.2541 31.5
      vertex 27.1339 24.4967 31.5
    endloop
  endfacet
  facet normal 0 0 1
    outer loop
      vertex 27.1856 23.9356 31.5
      vertex 24.8106 23.9356 31.5
      vertex 27.1699 23.617 31.5
    endloop
  endfacet
  facet normal -0 0 1
    outer loop
      vertex 24.8064 23.8498 31.5
      vertex 27.1699 23.617 31.5
      vertex 24.8106 23.9356 31.5
    endloop
  endfacet
  facet normal -0 0 1
    outer loop
      vertex 24.7938 23.7649 31.5
      vertex 27.1231 23.3015 31.5
      vertex 24.8064 23.8498 31.5
    endloop
  endfacet
  facet normal 0 0 1
    outer loop
      vertex 27.1231 23.3015 31.5
      vertex 24.7938 23.7649 31.5
      vertex 27.0456 22.9921 31.5
    endloop
  endfacet
  facet normal 0 0 1
    outer loop
      vertex 27.0456 22.9921 31.5
      vertex 24.7729 23.6816 31.5
      vertex 26.9382 22.6918 31.5
    endloop
  endfacet
  facet normal -0 0 1
    outer loop
      vertex 24.744 23.6007 31.5
      vertex 26.9382 22.6918 31.5
      vertex 24.7729 23.6816 31.5
    endloop
  endfacet
  facet normal -0 0 1
    outer loop
      vertex 24.7072 23.5231 31.5
      vertex 26.8018 22.4035 31.5
      vertex 24.744 23.6007 31.5
    endloop
  endfacet
  facet normal 0 0 1
    outer loop
      vertex 26.8018 22.4035 31.5
      vertex 24.7072 23.5231 31.5
      vertex 26.6378 22.13 31.5
    endloop
  endfacet
  facet normal 0 0 1
    outer loop
      vertex 24.7729 24.1896 31.5
      vertex 27.1339 24.4967 31.5
      vertex 25.8801 25.8801 31.5
    endloop
  endfacet
  facet normal -0 0 1
    outer loop
      vertex 24.7729 23.6816 31.5
      vertex 27.0456 22.9921 31.5
      vertex 24.7938 23.7649 31.5
    endloop
  endfacet
  facet normal 0 0 1
    outer loop
      vertex 26.9382 22.6918 31.5
      vertex 24.744 23.6007 31.5
      vertex 26.8018 22.4035 31.5
    endloop
  endfacet
  facet normal 0 0 1
    outer loop
      vertex 26.6378 22.13 31.5
      vertex 24.6631 23.4494 31.5
      vertex 26.4478 21.8738 31.5
    endloop
  endfacet
  facet normal -0 0 1
    outer loop
      vertex 24.6119 23.3805 31.5
      vertex 26.4478 21.8738 31.5
      vertex 24.6631 23.4494 31.5
    endloop
  endfacet
  facet normal 0 0 1
    outer loop
      vertex 27.1699 23.617 31.5
      vertex 24.8064 23.8498 31.5
      vertex 27.1231 23.3015 31.5
    endloop
  endfacet
  facet normal 0 0 1
    outer loop
      vertex 27.1699 24.2541 31.5
      vertex 24.8064 24.0213 31.5
      vertex 24.8106 23.9356 31.5
    endloop
  endfacet
  facet normal 0 0 1
    outer loop
      vertex 27.1339 24.4967 31.5
      vertex 24.7938 24.1063 31.5
      vertex 24.8064 24.0213 31.5
    endloop
  endfacet
  facet normal 0 0 1
    outer loop
      vertex 27.1339 24.4967 31.5
      vertex 24.7729 24.1896 31.5
      vertex 24.7938 24.1063 31.5
    endloop
  endfacet
  facet normal 0 0 1
    outer loop
      vertex 25.8801 25.8801 31.5
      vertex 24.744 24.2704 31.5
      vertex 24.7729 24.1896 31.5
    endloop
  endfacet
  facet normal 0 0 1
    outer loop
      vertex 25.8801 25.8801 31.5
      vertex 24.7072 24.348 31.5
      vertex 24.744 24.2704 31.5
    endloop
  endfacet
  facet normal 0 0 1
    outer loop
      vertex 25.8801 25.8801 31.5
      vertex 24.6631 24.4217 31.5
      vertex 24.7072 24.348 31.5
    endloop
  endfacet
  facet normal 0 0 1
    outer loop
      vertex 25.8801 25.8801 31.5
      vertex 24.6119 24.4907 31.5
      vertex 24.6631 24.4217 31.5
    endloop
  endfacet
  facet normal 0 0 1
    outer loop
      vertex 25.8801 25.8801 31.5
      vertex 24.5543 24.5543 31.5
      vertex 24.6119 24.4907 31.5
    endloop
  endfacet
  facet normal 0 0 1
    outer loop
      vertex 24.2704 24.744 31.5
      vertex 25.8801 25.8801 31.5
      vertex 24.4967 27.1339 31.5
    endloop
  endfacet
  facet normal 0 0 1
    outer loop
      vertex 25.8801 25.8801 31.5
      vertex 24.4907 24.6119 31.5
      vertex 24.5543 24.5543 31.5
    endloop
  endfacet
  facet normal 0 0 1
    outer loop
      vertex 25.8801 25.8801 31.5
      vertex 24.4217 24.6631 31.5
      vertex 24.4907 24.6119 31.5
    endloop
  endfacet
  facet normal 0 0 1
    outer loop
      vertex 25.8801 25.8801 31.5
      vertex 24.348 24.7072 31.5
      vertex 24.4217 24.6631 31.5
    endloop
  endfacet
  facet normal 0 0 1
    outer loop
      vertex 25.8801 25.8801 31.5
      vertex 24.2704 24.744 31.5
      vertex 24.348 24.7072 31.5
    endloop
  endfacet
  facet normal 0 0 1
    outer loop
      vertex 24.0213 24.8064 31.5
      vertex 24.4967 27.1339 31.5
      vertex 24.2541 27.1699 31.5
    endloop
  endfacet
  facet normal 0 0 1
    outer loop
      vertex 24.4967 27.1339 31.5
      vertex 24.1896 24.7729 31.5
      vertex 24.2704 24.744 31.5
    endloop
  endfacet
  facet normal 0 0 1
    outer loop
      vertex 24.4967 27.1339 31.5
      vertex 24.1063 24.7938 31.5
      vertex 24.1896 24.7729 31.5
    endloop
  endfacet
  facet normal 0 0 1
    outer loop
      vertex 24.4967 27.1339 31.5
      vertex 24.0213 24.8064 31.5
      vertex 24.1063 24.7938 31.5
    endloop
  endfacet
  facet normal 0 0 1
    outer loop
      vertex 23.9356 27.1856 31.5
      vertex 24.0213 24.8064 31.5
      vertex 24.2541 27.1699 31.5
    endloop
  endfacet
  facet normal 0 0 1
    outer loop
      vertex 23.9356 27.1856 31.5
      vertex 23.9356 24.8106 31.5
      vertex 24.0213 24.8064 31.5
    endloop
  endfacet
  facet normal 0 0 1
    outer loop
      vertex 23.9356 27.1856 31.5
      vertex 23.8498 24.8064 31.5
      vertex 23.9356 24.8106 31.5
    endloop
  endfacet
  facet normal -0 0 1
    outer loop
      vertex 23.617 27.1699 31.5
      vertex 23.8498 24.8064 31.5
      vertex 23.9356 27.1856 31.5
    endloop
  endfacet
  facet normal 0 0 1
    outer loop
      vertex 23.8498 24.8064 31.5
      vertex 23.617 27.1699 31.5
      vertex 23.7649 24.7938 31.5
    endloop
  endfacet
  facet normal -0 0 1
    outer loop
      vertex 23.3015 27.1231 31.5
      vertex 23.7649 24.7938 31.5
      vertex 23.617 27.1699 31.5
    endloop
  endfacet
  facet normal 0 0 1
    outer loop
      vertex 23.7649 24.7938 31.5
      vertex 23.3015 27.1231 31.5
      vertex 23.6816 24.7729 31.5
    endloop
  endfacet
  facet normal -0 0 1
    outer loop
      vertex 22.9921 27.0456 31.5
      vertex 23.6816 24.7729 31.5
      vertex 23.3015 27.1231 31.5
    endloop
  endfacet
  facet normal 0 0 1
    outer loop
      vertex 23.6816 24.7729 31.5
      vertex 22.9921 27.0456 31.5
      vertex 23.6007 24.744 31.5
    endloop
  endfacet
  facet normal -0 0 1
    outer loop
      vertex 22.6918 26.9382 31.5
      vertex 23.6007 24.744 31.5
      vertex 22.9921 27.0456 31.5
    endloop
  endfacet
  facet normal 0 0 1
    outer loop
      vertex 23.6007 24.744 31.5
      vertex 22.6918 26.9382 31.5
      vertex 23.5231 24.7072 31.5
    endloop
  endfacet
  facet normal -0 0 1
    outer loop
      vertex 22.4035 26.8018 31.5
      vertex 23.5231 24.7072 31.5
      vertex 22.6918 26.9382 31.5
    endloop
  endfacet
  facet normal 0 0 1
    outer loop
      vertex 23.5231 24.7072 31.5
      vertex 22.4035 26.8018 31.5
      vertex 23.4494 24.6631 31.5
    endloop
  endfacet
  facet normal -0 0 1
    outer loop
      vertex 22.13 26.6378 31.5
      vertex 23.4494 24.6631 31.5
      vertex 22.4035 26.8018 31.5
    endloop
  endfacet
  facet normal 0 0 1
    outer loop
      vertex 23.4494 24.6631 31.5
      vertex 22.13 26.6378 31.5
      vertex 23.3805 24.6119 31.5
    endloop
  endfacet
  facet normal -0 0 1
    outer loop
      vertex 21.8738 26.4478 31.5
      vertex 23.3805 24.6119 31.5
      vertex 22.13 26.6378 31.5
    endloop
  endfacet
  facet normal 0 0 1
    outer loop
      vertex 23.3805 24.6119 31.5
      vertex 21.8738 26.4478 31.5
      vertex 23.3168 24.5543 31.5
    endloop
  endfacet
  facet normal -0 0 1
    outer loop
      vertex 21.6375 26.2337 31.5
      vertex 23.3168 24.5543 31.5
      vertex 21.8738 26.4478 31.5
    endloop
  endfacet
  facet normal 0 0 1
    outer loop
      vertex 23.3168 24.5543 31.5
      vertex 21.6375 26.2337 31.5
      vertex 23.2592 24.4907 31.5
    endloop
  endfacet
  facet normal 0 0 1
    outer loop
      vertex 23.2592 24.4907 31.5
      vertex 21.4233 25.9973 31.5
      vertex 23.208 24.4217 31.5
    endloop
  endfacet
  facet normal -0 0 1
    outer loop
      vertex 21.4233 25.9973 31.5
      vertex 23.2592 24.4907 31.5
      vertex 21.6375 26.2337 31.5
    endloop
  endfacet
  facet normal -0 0 1
    outer loop
      vertex 24.6631 23.4494 31.5
      vertex 26.6378 22.13 31.5
      vertex 24.7072 23.5231 31.5
    endloop
  endfacet
  facet normal 0 0 1
    outer loop
      vertex 26.4478 21.8738 31.5
      vertex 24.6119 23.3805 31.5
      vertex 26.2337 21.6375 31.5
    endloop
  endfacet
  facet normal -0 0 1
    outer loop
      vertex 24.5543 23.3168 31.5
      vertex 26.2337 21.6375 31.5
      vertex 24.6119 23.3805 31.5
    endloop
  endfacet
  facet normal 0 0 1
    outer loop
      vertex 26.2337 21.6375 31.5
      vertex 24.5543 23.3168 31.5
      vertex 25.9973 21.4233 31.5
    endloop
  endfacet
  facet normal -0 0 1
    outer loop
      vertex 24.4907 23.2592 31.5
      vertex 25.9973 21.4233 31.5
      vertex 24.5543 23.3168 31.5
    endloop
  endfacet
  facet normal 0 0 1
    outer loop
      vertex 25.9973 21.4233 31.5
      vertex 24.4907 23.2592 31.5
      vertex 25.7412 21.2333 31.5
    endloop
  endfacet
  facet normal -0 0 1
    outer loop
      vertex 24.4217 23.208 31.5
      vertex 25.7412 21.2333 31.5
      vertex 24.4907 23.2592 31.5
    endloop
  endfacet
  facet normal 0 0 1
    outer loop
      vertex 25.7412 21.2333 31.5
      vertex 24.4217 23.208 31.5
      vertex 25.4676 21.0693 31.5
    endloop
  endfacet
  facet normal -0 0 1
    outer loop
      vertex 24.348 23.1639 31.5
      vertex 25.4676 21.0693 31.5
      vertex 24.4217 23.208 31.5
    endloop
  endfacet
  facet normal 0 0 1
    outer loop
      vertex 25.4676 21.0693 31.5
      vertex 24.348 23.1639 31.5
      vertex 25.1793 20.933 31.5
    endloop
  endfacet
  facet normal -0 0 1
    outer loop
      vertex 24.2704 23.1272 31.5
      vertex 25.1793 20.933 31.5
      vertex 24.348 23.1639 31.5
    endloop
  endfacet
  facet normal 0 0 1
    outer loop
      vertex 25.1793 20.933 31.5
      vertex 24.2704 23.1272 31.5
      vertex 24.879 20.8255 31.5
    endloop
  endfacet
  facet normal -0 0 1
    outer loop
      vertex 24.1896 23.0982 31.5
      vertex 24.879 20.8255 31.5
      vertex 24.2704 23.1272 31.5
    endloop
  endfacet
  facet normal 0 0 1
    outer loop
      vertex 24.879 20.8255 31.5
      vertex 24.1896 23.0982 31.5
      vertex 24.5696 20.748 31.5
    endloop
  endfacet
  facet normal -0 0 1
    outer loop
      vertex 24.1063 23.0774 31.5
      vertex 24.5696 20.748 31.5
      vertex 24.1896 23.0982 31.5
    endloop
  endfacet
  facet normal 0 0 1
    outer loop
      vertex 24.5696 20.748 31.5
      vertex 24.1063 23.0774 31.5
      vertex 24.2541 20.7012 31.5
    endloop
  endfacet
  facet normal -0 0 1
    outer loop
      vertex 24.0213 23.0648 31.5
      vertex 24.2541 20.7012 31.5
      vertex 24.1063 23.0774 31.5
    endloop
  endfacet
  facet normal -0 0 1
    outer loop
      vertex 23.9356 23.0606 31.5
      vertex 24.2541 20.7012 31.5
      vertex 24.0213 23.0648 31.5
    endloop
  endfacet
  facet normal 0 0 1
    outer loop
      vertex 23.9356 23.0606 31.5
      vertex 23.9356 20.6856 31.5
      vertex 24.2541 20.7012 31.5
    endloop
  endfacet
  facet normal 0 0 1
    outer loop
      vertex 23.8498 23.0648 31.5
      vertex 23.9356 20.6856 31.5
      vertex 23.9356 23.0606 31.5
    endloop
  endfacet
  facet normal 0 0 1
    outer loop
      vertex 23.617 20.7012 31.5
      vertex 23.8498 23.0648 31.5
      vertex 23.7649 23.0774 31.5
    endloop
  endfacet
  facet normal 0 0 1
    outer loop
      vertex 23.3015 20.748 31.5
      vertex 23.7649 23.0774 31.5
      vertex 23.6816 23.0982 31.5
    endloop
  endfacet
  facet normal 0 0 1
    outer loop
      vertex 23.8498 23.0648 31.5
      vertex 23.617 20.7012 31.5
      vertex 23.9356 20.6856 31.5
    endloop
  endfacet
  facet normal 0 0 1
    outer loop
      vertex 22.9921 20.8255 31.5
      vertex 23.6816 23.0982 31.5
      vertex 23.6007 23.1272 31.5
    endloop
  endfacet
  facet normal 0 0 1
    outer loop
      vertex 22.6918 20.933 31.5
      vertex 23.6007 23.1272 31.5
      vertex 23.5231 23.1639 31.5
    endloop
  endfacet
  facet normal 0 0 1
    outer loop
      vertex 22.4035 21.0693 31.5
      vertex 23.5231 23.1639 31.5
      vertex 23.4494 23.208 31.5
    endloop
  endfacet
  facet normal 0 0 1
    outer loop
      vertex 22.13 21.2333 31.5
      vertex 23.4494 23.208 31.5
      vertex 23.3805 23.2592 31.5
    endloop
  endfacet
  facet normal 0 0 1
    outer loop
      vertex 21.8738 21.4233 31.5
      vertex 23.3805 23.2592 31.5
      vertex 23.3168 23.3168 31.5
    endloop
  endfacet
  facet normal 0 0 1
    outer loop
      vertex 23.7649 23.0774 31.5
      vertex 23.3015 20.748 31.5
      vertex 23.617 20.7012 31.5
    endloop
  endfacet
  facet normal 0 0 1
    outer loop
      vertex 21.6375 21.6375 31.5
      vertex 23.3168 23.3168 31.5
      vertex 23.2592 23.3805 31.5
    endloop
  endfacet
  facet normal 0 0 1
    outer loop
      vertex 21.4233 21.8738 31.5
      vertex 23.2592 23.3805 31.5
      vertex 23.208 23.4494 31.5
    endloop
  endfacet
  facet normal 0 0 1
    outer loop
      vertex 21.2333 22.13 31.5
      vertex 23.208 23.4494 31.5
      vertex 23.1639 23.5231 31.5
    endloop
  endfacet
  facet normal 0 0 1
    outer loop
      vertex 21.0693 22.4035 31.5
      vertex 23.1639 23.5231 31.5
      vertex 23.1272 23.6007 31.5
    endloop
  endfacet
  facet normal 0 0 1
    outer loop
      vertex 20.933 22.6918 31.5
      vertex 23.1272 23.6007 31.5
      vertex 23.0982 23.6816 31.5
    endloop
  endfacet
  facet normal 0 0 1
    outer loop
      vertex 20.8255 22.9921 31.5
      vertex 23.0982 23.6816 31.5
      vertex 23.0774 23.7649 31.5
    endloop
  endfacet
  facet normal 0 0 1
    outer loop
      vertex 20.748 23.3015 31.5
      vertex 23.0774 23.7649 31.5
      vertex 23.0648 23.8498 31.5
    endloop
  endfacet
  facet normal 0 0 1
    outer loop
      vertex 23.6816 23.0982 31.5
      vertex 22.9921 20.8255 31.5
      vertex 23.3015 20.748 31.5
    endloop
  endfacet
  facet normal 0 0 1
    outer loop
      vertex 20.7012 23.617 31.5
      vertex 23.0648 23.8498 31.5
      vertex 23.0606 23.9356 31.5
    endloop
  endfacet
  facet normal -0 0 1
    outer loop
      vertex 21.2333 25.7412 31.5
      vertex 23.208 24.4217 31.5
      vertex 21.4233 25.9973 31.5
    endloop
  endfacet
  facet normal 0 0 1
    outer loop
      vertex 23.208 24.4217 31.5
      vertex 21.2333 25.7412 31.5
      vertex 23.1639 24.348 31.5
    endloop
  endfacet
  facet normal 0 0 1
    outer loop
      vertex 23.6007 23.1272 31.5
      vertex 22.6918 20.933 31.5
      vertex 22.9921 20.8255 31.5
    endloop
  endfacet
  facet normal -0 0 1
    outer loop
      vertex 21.0693 25.4676 31.5
      vertex 23.1639 24.348 31.5
      vertex 21.2333 25.7412 31.5
    endloop
  endfacet
  facet normal 0 0 1
    outer loop
      vertex 23.5231 23.1639 31.5
      vertex 22.4035 21.0693 31.5
      vertex 22.6918 20.933 31.5
    endloop
  endfacet
  facet normal 0 0 1
    outer loop
      vertex 23.1639 24.348 31.5
      vertex 21.0693 25.4676 31.5
      vertex 23.1272 24.2704 31.5
    endloop
  endfacet
  facet normal 0 0 1
    outer loop
      vertex 23.4494 23.208 31.5
      vertex 22.13 21.2333 31.5
      vertex 22.4035 21.0693 31.5
    endloop
  endfacet
  facet normal -0 0 1
    outer loop
      vertex 20.933 25.1793 31.5
      vertex 23.1272 24.2704 31.5
      vertex 21.0693 25.4676 31.5
    endloop
  endfacet
  facet normal 0 0 1
    outer loop
      vertex 23.3805 23.2592 31.5
      vertex 21.8738 21.4233 31.5
      vertex 22.13 21.2333 31.5
    endloop
  endfacet
  facet normal 0 0 1
    outer loop
      vertex 23.1272 24.2704 31.5
      vertex 20.933 25.1793 31.5
      vertex 23.0982 24.1896 31.5
    endloop
  endfacet
  facet normal 0 0 1
    outer loop
      vertex 23.3168 23.3168 31.5
      vertex 21.6375 21.6375 31.5
      vertex 21.8738 21.4233 31.5
    endloop
  endfacet
  facet normal -0 0 1
    outer loop
      vertex 20.8255 24.879 31.5
      vertex 23.0982 24.1896 31.5
      vertex 20.933 25.1793 31.5
    endloop
  endfacet
  facet normal 0 0 1
    outer loop
      vertex 23.2592 23.3805 31.5
      vertex 21.4233 21.8738 31.5
      vertex 21.6375 21.6375 31.5
    endloop
  endfacet
  facet normal 0 0 1
    outer loop
      vertex 23.0982 24.1896 31.5
      vertex 20.8255 24.879 31.5
      vertex 23.0774 24.1063 31.5
    endloop
  endfacet
  facet normal 0 0 1
    outer loop
      vertex 23.208 23.4494 31.5
      vertex 21.2333 22.13 31.5
      vertex 21.4233 21.8738 31.5
    endloop
  endfacet
  facet normal -0 0 1
    outer loop
      vertex 20.748 24.5696 31.5
      vertex 23.0774 24.1063 31.5
      vertex 20.8255 24.879 31.5
    endloop
  endfacet
  facet normal 0 0 1
    outer loop
      vertex 23.1639 23.5231 31.5
      vertex 21.0693 22.4035 31.5
      vertex 21.2333 22.13 31.5
    endloop
  endfacet
  facet normal 0 0 1
    outer loop
      vertex 23.0774 24.1063 31.5
      vertex 20.748 24.5696 31.5
      vertex 23.0648 24.0213 31.5
    endloop
  endfacet
  facet normal 0 0 1
    outer loop
      vertex 23.1272 23.6007 31.5
      vertex 20.933 22.6918 31.5
      vertex 21.0693 22.4035 31.5
    endloop
  endfacet
  facet normal -0 0 1
    outer loop
      vertex 20.7012 24.2541 31.5
      vertex 23.0648 24.0213 31.5
      vertex 20.748 24.5696 31.5
    endloop
  endfacet
  facet normal 0 0 1
    outer loop
      vertex 23.0982 23.6816 31.5
      vertex 20.8255 22.9921 31.5
      vertex 20.933 22.6918 31.5
    endloop
  endfacet
  facet normal 0 0 1
    outer loop
      vertex 23.0648 24.0213 31.5
      vertex 20.7012 24.2541 31.5
      vertex 23.0606 23.9356 31.5
    endloop
  endfacet
  facet normal 0 0 1
    outer loop
      vertex 23.0774 23.7649 31.5
      vertex 20.748 23.3015 31.5
      vertex 20.8255 22.9921 31.5
    endloop
  endfacet
  facet normal 0 0 1
    outer loop
      vertex 20.6856 23.9356 31.5
      vertex 23.0606 23.9356 31.5
      vertex 20.7012 24.2541 31.5
    endloop
  endfacet
  facet normal 0 0 1
    outer loop
      vertex 23.0648 23.8498 31.5
      vertex 20.7012 23.617 31.5
      vertex 20.748 23.3015 31.5
    endloop
  endfacet
  facet normal 0 0 1
    outer loop
      vertex 23.0606 23.9356 31.5
      vertex 20.6856 23.9356 31.5
      vertex 20.7012 23.617 31.5
    endloop
  endfacet
  facet normal -0.803113 0.595827 0
    outer loop
      vertex 21.2333 25.7412 3
      vertex 21.4233 25.9973 31.5
      vertex 21.4233 25.9973 3
    endloop
  endfacet
  facet normal -0.803113 0.595827 0
    outer loop
      vertex 21.4233 25.9973 31.5
      vertex 21.2333 25.7412 3
      vertex 21.2333 25.7412 31.5
    endloop
  endfacet
  facet normal -0.904057 0.427412 0
    outer loop
      vertex 20.933 25.1793 3
      vertex 21.0693 25.4676 31.5
      vertex 21.0693 25.4676 3
    endloop
  endfacet
  facet normal -0.904057 0.427412 0
    outer loop
      vertex 21.0693 25.4676 31.5
      vertex 20.933 25.1793 3
      vertex 20.933 25.1793 31.5
    endloop
  endfacet
  facet normal -0.857714 0.514127 0
    outer loop
      vertex 21.0693 25.4676 3
      vertex 21.2333 25.7412 31.5
      vertex 21.2333 25.7412 3
    endloop
  endfacet
  facet normal -0.857714 0.514127 0
    outer loop
      vertex 21.2333 25.7412 31.5
      vertex 21.0693 25.4676 3
      vertex 21.0693 25.4676 31.5
    endloop
  endfacet
  facet normal -0.998803 0.0489209 0
    outer loop
      vertex 20.6856 23.9356 3
      vertex 20.7012 24.2541 31.5
      vertex 20.7012 24.2541 3
    endloop
  endfacet
  facet normal -0.998803 0.0489209 0
    outer loop
      vertex 20.7012 24.2541 31.5
      vertex 20.6856 23.9356 3
      vertex 20.6856 23.9356 31.5
    endloop
  endfacet
  facet normal 0.998787 0.0492338 0
    outer loop
      vertex 27.1856 23.9356 31.5
      vertex 27.1699 24.2541 3
      vertex 27.1699 24.2541 31.5
    endloop
  endfacet
  facet normal 0.998787 0.0492338 0
    outer loop
      vertex 27.1699 24.2541 3
      vertex 27.1856 23.9356 31.5
      vertex 27.1856 23.9356 3
    endloop
  endfacet
  facet normal -0.14673 -0.989177 0
    outer loop
      vertex 23.3015 20.748 3
      vertex 23.617 20.7012 31.5
      vertex 23.3015 20.748 31.5
    endloop
  endfacet
  facet normal -0.14673 -0.989177 -0
    outer loop
      vertex 23.617 20.7012 31.5
      vertex 23.3015 20.748 3
      vertex 23.617 20.7012 3
    endloop
  endfacet
  facet normal -0.514265 -0.857631 0
    outer loop
      vertex 22.13 21.2333 3
      vertex 22.4035 21.0693 31.5
      vertex 22.13 21.2333 31.5
    endloop
  endfacet
  facet normal -0.514265 -0.857631 -0
    outer loop
      vertex 22.4035 21.0693 31.5
      vertex 22.13 21.2333 3
      vertex 22.4035 21.0693 3
    endloop
  endfacet
  facet normal 0.803224 -0.595677 0
    outer loop
      vertex 26.4478 21.8738 31.5
      vertex 26.6378 22.13 3
      vertex 26.6378 22.13 31.5
    endloop
  endfacet
  facet normal 0.803224 -0.595677 0
    outer loop
      vertex 26.6378 22.13 3
      vertex 26.4478 21.8738 31.5
      vertex 26.4478 21.8738 3
    endloop
  endfacet
  facet normal 0.0492338 0.998787 -0
    outer loop
      vertex 24.2541 27.1699 3
      vertex 23.9356 27.1856 31.5
      vertex 24.2541 27.1699 31.5
    endloop
  endfacet
  facet normal 0.0492338 0.998787 0
    outer loop
      vertex 23.9356 27.1856 31.5
      vertex 24.2541 27.1699 3
      vertex 23.9356 27.1856 3
    endloop
  endfacet
  facet normal -0.671439 0.74106 0
    outer loop
      vertex 21.8738 26.4478 3
      vertex 21.6375 26.2337 31.5
      vertex 21.8738 26.4478 31.5
    endloop
  endfacet
  facet normal -0.671439 0.74106 0
    outer loop
      vertex 21.6375 26.2337 31.5
      vertex 21.8738 26.4478 3
      vertex 21.6375 26.2337 3
    endloop
  endfacet
  facet normal -0.989177 -0.14673 0
    outer loop
      vertex 20.748 23.3015 3
      vertex 20.7012 23.617 31.5
      vertex 20.7012 23.617 3
    endloop
  endfacet
  facet normal -0.989177 -0.14673 0
    outer loop
      vertex 20.7012 23.617 31.5
      vertex 20.748 23.3015 3
      vertex 20.748 23.3015 31.5
    endloop
  endfacet
  facet normal 0.0489209 -0.998803 0
    outer loop
      vertex 23.9356 20.6856 3
      vertex 24.2541 20.7012 31.5
      vertex 23.9356 20.6856 31.5
    endloop
  endfacet
  facet normal 0.0489209 -0.998803 0
    outer loop
      vertex 24.2541 20.7012 31.5
      vertex 23.9356 20.6856 3
      vertex 24.2541 20.7012 3
    endloop
  endfacet
  facet normal 0.427412 -0.904057 0
    outer loop
      vertex 25.1793 20.933 3
      vertex 25.4676 21.0693 31.5
      vertex 25.1793 20.933 31.5
    endloop
  endfacet
  facet normal 0.427412 -0.904057 0
    outer loop
      vertex 25.4676 21.0693 31.5
      vertex 25.1793 20.933 3
      vertex 25.4676 21.0693 3
    endloop
  endfacet
  facet normal -0.671611 -0.740904 0
    outer loop
      vertex 21.6375 21.6375 3
      vertex 21.8738 21.4233 31.5
      vertex 21.6375 21.6375 31.5
    endloop
  endfacet
  facet normal -0.671611 -0.740904 -0
    outer loop
      vertex 21.8738 21.4233 31.5
      vertex 21.6375 21.6375 3
      vertex 21.8738 21.4233 3
    endloop
  endfacet
  facet normal -0.427412 -0.904057 0
    outer loop
      vertex 22.4035 21.0693 3
      vertex 22.6918 20.933 31.5
      vertex 22.4035 21.0693 31.5
    endloop
  endfacet
  facet normal -0.427412 -0.904057 -0
    outer loop
      vertex 22.6918 20.933 31.5
      vertex 22.4035 21.0693 3
      vertex 22.6918 20.933 3
    endloop
  endfacet
  facet normal -0.0489056 -0.998803 0
    outer loop
      vertex 23.617 20.7012 3
      vertex 23.9356 20.6856 31.5
      vertex 23.617 20.7012 31.5
    endloop
  endfacet
  facet normal -0.0489056 -0.998803 -0
    outer loop
      vertex 23.9356 20.6856 31.5
      vertex 23.617 20.7012 3
      vertex 23.9356 20.6856 3
    endloop
  endfacet
  facet normal -0.337031 -0.941493 0
    outer loop
      vertex 22.6918 20.933 3
      vertex 22.9921 20.8255 31.5
      vertex 22.6918 20.933 31.5
    endloop
  endfacet
  facet normal -0.337031 -0.941493 -0
    outer loop
      vertex 22.9921 20.8255 31.5
      vertex 22.6918 20.933 3
      vertex 22.9921 20.8255 3
    endloop
  endfacet
  facet normal 0.989168 0.146785 0
    outer loop
      vertex 27.1699 24.2541 31.5
      vertex 27.1339 24.4967 3
      vertex 27.1339 24.4967 31.5
    endloop
  endfacet
  facet normal 0.989168 0.146785 0
    outer loop
      vertex 27.1339 24.4967 3
      vertex 27.1699 24.2541 31.5
      vertex 27.1699 24.2541 3
    endloop
  endfacet
  facet normal 0.74106 -0.671439 0
    outer loop
      vertex 26.2337 21.6375 31.5
      vertex 26.4478 21.8738 3
      vertex 26.4478 21.8738 31.5
    endloop
  endfacet
  facet normal 0.74106 -0.671439 0
    outer loop
      vertex 26.4478 21.8738 3
      vertex 26.2337 21.6375 31.5
      vertex 26.2337 21.6375 3
    endloop
  endfacet
  facet normal 0.514127 -0.857714 0
    outer loop
      vertex 25.4676 21.0693 3
      vertex 25.7412 21.2333 31.5
      vertex 25.4676 21.0693 31.5
    endloop
  endfacet
  facet normal 0.514127 -0.857714 0
    outer loop
      vertex 25.7412 21.2333 31.5
      vertex 25.4676 21.0693 3
      vertex 25.7412 21.2333 3
    endloop
  endfacet
  facet normal 0.242978 -0.970032 0
    outer loop
      vertex 24.5696 20.748 3
      vertex 24.879 20.8255 31.5
      vertex 24.5696 20.748 31.5
    endloop
  endfacet
  facet normal 0.242978 -0.970032 0
    outer loop
      vertex 24.879 20.8255 31.5
      vertex 24.5696 20.748 3
      vertex 24.879 20.8255 3
    endloop
  endfacet
  facet normal -0.595677 -0.803224 0
    outer loop
      vertex 21.8738 21.4233 3
      vertex 22.13 21.2333 31.5
      vertex 21.8738 21.4233 31.5
    endloop
  endfacet
  facet normal -0.595677 -0.803224 -0
    outer loop
      vertex 22.13 21.2333 31.5
      vertex 21.8738 21.4233 3
      vertex 22.13 21.2333 3
    endloop
  endfacet
  facet normal -0.242978 -0.970032 0
    outer loop
      vertex 22.9921 20.8255 3
      vertex 23.3015 20.748 31.5
      vertex 22.9921 20.8255 31.5
    endloop
  endfacet
  facet normal -0.242978 -0.970032 -0
    outer loop
      vertex 23.3015 20.748 31.5
      vertex 22.9921 20.8255 3
      vertex 23.3015 20.748 3
    endloop
  endfacet
  facet normal 0.857631 -0.514265 0
    outer loop
      vertex 26.6378 22.13 31.5
      vertex 26.8018 22.4035 3
      vertex 26.8018 22.4035 31.5
    endloop
  endfacet
  facet normal 0.857631 -0.514265 0
    outer loop
      vertex 26.8018 22.4035 3
      vertex 26.6378 22.13 31.5
      vertex 26.6378 22.13 3
    endloop
  endfacet
  facet normal 0.998788 -0.0492184 0
    outer loop
      vertex 27.1699 23.617 31.5
      vertex 27.1856 23.9356 3
      vertex 27.1856 23.9356 31.5
    endloop
  endfacet
  facet normal 0.998788 -0.0492184 0
    outer loop
      vertex 27.1856 23.9356 3
      vertex 27.1699 23.617 31.5
      vertex 27.1699 23.617 3
    endloop
  endfacet
  facet normal 0.989177 -0.14673 0
    outer loop
      vertex 27.1231 23.3015 31.5
      vertex 27.1699 23.617 3
      vertex 27.1699 23.617 31.5
    endloop
  endfacet
  facet normal 0.989177 -0.14673 0
    outer loop
      vertex 27.1699 23.617 3
      vertex 27.1231 23.3015 31.5
      vertex 27.1231 23.3015 3
    endloop
  endfacet
  facet normal 0.595827 -0.803113 0
    outer loop
      vertex 25.7412 21.2333 3
      vertex 25.9973 21.4233 31.5
      vertex 25.7412 21.2333 31.5
    endloop
  endfacet
  facet normal 0.595827 -0.803113 0
    outer loop
      vertex 25.9973 21.4233 31.5
      vertex 25.7412 21.2333 3
      vertex 25.9973 21.4233 3
    endloop
  endfacet
  facet normal 0.14673 -0.989177 0
    outer loop
      vertex 24.2541 20.7012 3
      vertex 24.5696 20.748 31.5
      vertex 24.2541 20.7012 31.5
    endloop
  endfacet
  facet normal 0.14673 -0.989177 0
    outer loop
      vertex 24.5696 20.748 31.5
      vertex 24.2541 20.7012 3
      vertex 24.5696 20.748 3
    endloop
  endfacet
  facet normal 0.337031 -0.941493 0
    outer loop
      vertex 24.879 20.8255 3
      vertex 25.1793 20.933 31.5
      vertex 24.879 20.8255 31.5
    endloop
  endfacet
  facet normal 0.337031 -0.941493 0
    outer loop
      vertex 25.1793 20.933 31.5
      vertex 24.879 20.8255 3
      vertex 25.1793 20.933 3
    endloop
  endfacet
  facet normal -0.903936 -0.427668 0
    outer loop
      vertex -26.8018 22.4035 3
      vertex -26.9382 22.6918 31.5
      vertex -26.9382 22.6918 3
    endloop
  endfacet
  facet normal -0.903936 -0.427668 0
    outer loop
      vertex -26.9382 22.6918 31.5
      vertex -26.8018 22.4035 3
      vertex -26.8018 22.4035 31.5
    endloop
  endfacet
  facet normal -0.337031 -0.941493 0
    outer loop
      vertex -25.1793 20.933 3
      vertex -24.879 20.8255 31.5
      vertex -25.1793 20.933 31.5
    endloop
  endfacet
  facet normal -0.337031 -0.941493 -0
    outer loop
      vertex -24.879 20.8255 31.5
      vertex -25.1793 20.933 3
      vertex -24.879 20.8255 3
    endloop
  endfacet
  facet normal 0 0 1
    outer loop
      vertex -23.0606 23.9356 31.5
      vertex -20.6856 23.9356 31.5
      vertex -20.7012 24.2541 31.5
    endloop
  endfacet
  facet normal 0 0 1
    outer loop
      vertex -23.0648 24.0213 31.5
      vertex -20.7012 24.2541 31.5
      vertex -20.748 24.5696 31.5
    endloop
  endfacet
  facet normal 0 0 1
    outer loop
      vertex -20.6856 23.9356 31.5
      vertex -23.0606 23.9356 31.5
      vertex -20.7012 23.617 31.5
    endloop
  endfacet
  facet normal 0 0 1
    outer loop
      vertex -23.0774 24.1063 31.5
      vertex -20.748 24.5696 31.5
      vertex -20.8255 24.879 31.5
    endloop
  endfacet
  facet normal -0 0 1
    outer loop
      vertex -23.0648 23.8498 31.5
      vertex -20.7012 23.617 31.5
      vertex -23.0606 23.9356 31.5
    endloop
  endfacet
  facet normal 0 0 1
    outer loop
      vertex -23.0982 24.1896 31.5
      vertex -20.8255 24.879 31.5
      vertex -20.933 25.1793 31.5
    endloop
  endfacet
  facet normal 0 0 1
    outer loop
      vertex -20.7012 23.617 31.5
      vertex -23.0648 23.8498 31.5
      vertex -20.748 23.3015 31.5
    endloop
  endfacet
  facet normal 0 0 1
    outer loop
      vertex -23.1272 24.2704 31.5
      vertex -20.933 25.1793 31.5
      vertex -21.0693 25.4676 31.5
    endloop
  endfacet
  facet normal -0 0 1
    outer loop
      vertex -23.0774 23.7649 31.5
      vertex -20.748 23.3015 31.5
      vertex -23.0648 23.8498 31.5
    endloop
  endfacet
  facet normal 0 0 1
    outer loop
      vertex -23.1639 24.348 31.5
      vertex -21.0693 25.4676 31.5
      vertex -21.2333 25.7412 31.5
    endloop
  endfacet
  facet normal 0 0 1
    outer loop
      vertex -20.748 23.3015 31.5
      vertex -23.0774 23.7649 31.5
      vertex -20.8255 22.9921 31.5
    endloop
  endfacet
  facet normal 0 0 1
    outer loop
      vertex -23.208 24.4217 31.5
      vertex -21.2333 25.7412 31.5
      vertex -21.4233 25.9973 31.5
    endloop
  endfacet
  facet normal -0 0 1
    outer loop
      vertex -23.0982 23.6816 31.5
      vertex -20.8255 22.9921 31.5
      vertex -23.0774 23.7649 31.5
    endloop
  endfacet
  facet normal 0 0 1
    outer loop
      vertex -23.2592 24.4907 31.5
      vertex -21.4233 25.9973 31.5
      vertex -21.6375 26.2337 31.5
    endloop
  endfacet
  facet normal 0 0 1
    outer loop
      vertex -20.8255 22.9921 31.5
      vertex -23.0982 23.6816 31.5
      vertex -20.933 22.6918 31.5
    endloop
  endfacet
  facet normal 0 0 1
    outer loop
      vertex -23.3168 24.5543 31.5
      vertex -21.6375 26.2337 31.5
      vertex -21.8738 26.4478 31.5
    endloop
  endfacet
  facet normal -0 0 1
    outer loop
      vertex -23.1272 23.6007 31.5
      vertex -20.933 22.6918 31.5
      vertex -23.0982 23.6816 31.5
    endloop
  endfacet
  facet normal 0 0 1
    outer loop
      vertex -23.3805 24.6119 31.5
      vertex -21.8738 26.4478 31.5
      vertex -22.13 26.6378 31.5
    endloop
  endfacet
  facet normal 0 0 1
    outer loop
      vertex -20.933 22.6918 31.5
      vertex -23.1272 23.6007 31.5
      vertex -21.0693 22.4035 31.5
    endloop
  endfacet
  facet normal 0 0 1
    outer loop
      vertex -23.4494 24.6631 31.5
      vertex -22.13 26.6378 31.5
      vertex -22.4035 26.8018 31.5
    endloop
  endfacet
  facet normal -0 0 1
    outer loop
      vertex -23.1639 23.5231 31.5
      vertex -21.0693 22.4035 31.5
      vertex -23.1272 23.6007 31.5
    endloop
  endfacet
  facet normal 0 0 1
    outer loop
      vertex -23.5231 24.7072 31.5
      vertex -22.4035 26.8018 31.5
      vertex -22.6918 26.9382 31.5
    endloop
  endfacet
  facet normal 0 0 1
    outer loop
      vertex -21.0693 22.4035 31.5
      vertex -23.1639 23.5231 31.5
      vertex -21.2333 22.13 31.5
    endloop
  endfacet
  facet normal 0 0 1
    outer loop
      vertex -23.6007 24.744 31.5
      vertex -22.6918 26.9382 31.5
      vertex -22.9921 27.0456 31.5
    endloop
  endfacet
  facet normal -0 0 1
    outer loop
      vertex -23.208 23.4494 31.5
      vertex -21.2333 22.13 31.5
      vertex -23.1639 23.5231 31.5
    endloop
  endfacet
  facet normal 0 0 1
    outer loop
      vertex -21.2333 22.13 31.5
      vertex -23.208 23.4494 31.5
      vertex -21.4233 21.8738 31.5
    endloop
  endfacet
  facet normal 0 0 1
    outer loop
      vertex -20.7012 24.2541 31.5
      vertex -23.0648 24.0213 31.5
      vertex -23.0606 23.9356 31.5
    endloop
  endfacet
  facet normal 0 0 1
    outer loop
      vertex -20.748 24.5696 31.5
      vertex -23.0774 24.1063 31.5
      vertex -23.0648 24.0213 31.5
    endloop
  endfacet
  facet normal 0 0 1
    outer loop
      vertex -20.8255 24.879 31.5
      vertex -23.0982 24.1896 31.5
      vertex -23.0774 24.1063 31.5
    endloop
  endfacet
  facet normal 0 0 1
    outer loop
      vertex -20.933 25.1793 31.5
      vertex -23.1272 24.2704 31.5
      vertex -23.0982 24.1896 31.5
    endloop
  endfacet
  facet normal 0 0 1
    outer loop
      vertex -21.0693 25.4676 31.5
      vertex -23.1639 24.348 31.5
      vertex -23.1272 24.2704 31.5
    endloop
  endfacet
  facet normal 0 0 1
    outer loop
      vertex -21.2333 25.7412 31.5
      vertex -23.208 24.4217 31.5
      vertex -23.1639 24.348 31.5
    endloop
  endfacet
  facet normal 0 0 1
    outer loop
      vertex -21.4233 25.9973 31.5
      vertex -23.2592 24.4907 31.5
      vertex -23.208 24.4217 31.5
    endloop
  endfacet
  facet normal 0 0 1
    outer loop
      vertex -23.6816 24.7729 31.5
      vertex -22.9921 27.0456 31.5
      vertex -23.3015 27.1231 31.5
    endloop
  endfacet
  facet normal 0 0 1
    outer loop
      vertex -21.6375 26.2337 31.5
      vertex -23.3168 24.5543 31.5
      vertex -23.2592 24.4907 31.5
    endloop
  endfacet
  facet normal 0 0 1
    outer loop
      vertex -21.8738 26.4478 31.5
      vertex -23.3805 24.6119 31.5
      vertex -23.3168 24.5543 31.5
    endloop
  endfacet
  facet normal 0 0 1
    outer loop
      vertex -22.13 26.6378 31.5
      vertex -23.4494 24.6631 31.5
      vertex -23.3805 24.6119 31.5
    endloop
  endfacet
  facet normal 0 0 1
    outer loop
      vertex -22.4035 26.8018 31.5
      vertex -23.5231 24.7072 31.5
      vertex -23.4494 24.6631 31.5
    endloop
  endfacet
  facet normal 0 0 1
    outer loop
      vertex -22.6918 26.9382 31.5
      vertex -23.6007 24.744 31.5
      vertex -23.5231 24.7072 31.5
    endloop
  endfacet
  facet normal 0 0 1
    outer loop
      vertex -23.7649 24.7938 31.5
      vertex -23.3015 27.1231 31.5
      vertex -23.617 27.1699 31.5
    endloop
  endfacet
  facet normal 0 0 1
    outer loop
      vertex -22.9921 27.0456 31.5
      vertex -23.6816 24.7729 31.5
      vertex -23.6007 24.744 31.5
    endloop
  endfacet
  facet normal 0 0 1
    outer loop
      vertex -23.3015 27.1231 31.5
      vertex -23.7649 24.7938 31.5
      vertex -23.6816 24.7729 31.5
    endloop
  endfacet
  facet normal 0 0 1
    outer loop
      vertex -23.617 27.1699 31.5
      vertex -23.8498 24.8064 31.5
      vertex -23.7649 24.7938 31.5
    endloop
  endfacet
  facet normal 0 0 1
    outer loop
      vertex -23.9356 27.1856 31.5
      vertex -23.8498 24.8064 31.5
      vertex -23.617 27.1699 31.5
    endloop
  endfacet
  facet normal 0 0 1
    outer loop
      vertex -23.9356 27.1856 31.5
      vertex -23.9356 24.8106 31.5
      vertex -23.8498 24.8064 31.5
    endloop
  endfacet
  facet normal 0 0 1
    outer loop
      vertex -23.9356 27.1856 31.5
      vertex -24.0213 24.8064 31.5
      vertex -23.9356 24.8106 31.5
    endloop
  endfacet
  facet normal -0 0 1
    outer loop
      vertex -24.2541 27.1699 31.5
      vertex -24.0213 24.8064 31.5
      vertex -23.9356 27.1856 31.5
    endloop
  endfacet
  facet normal -0 0 1
    outer loop
      vertex -24.4967 27.1339 31.5
      vertex -24.0213 24.8064 31.5
      vertex -24.2541 27.1699 31.5
    endloop
  endfacet
  facet normal 0 0 1
    outer loop
      vertex -24.0213 24.8064 31.5
      vertex -24.4967 27.1339 31.5
      vertex -24.1063 24.7938 31.5
    endloop
  endfacet
  facet normal 0 0 1
    outer loop
      vertex -24.1063 24.7938 31.5
      vertex -24.4967 27.1339 31.5
      vertex -24.1896 24.7729 31.5
    endloop
  endfacet
  facet normal 0 0 1
    outer loop
      vertex -24.1896 24.7729 31.5
      vertex -24.4967 27.1339 31.5
      vertex -24.2704 24.744 31.5
    endloop
  endfacet
  facet normal -0 0 1
    outer loop
      vertex -25.8801 25.8801 31.5
      vertex -24.2704 24.744 31.5
      vertex -24.4967 27.1339 31.5
    endloop
  endfacet
  facet normal 0 0 1
    outer loop
      vertex -24.2704 24.744 31.5
      vertex -25.8801 25.8801 31.5
      vertex -24.348 24.7072 31.5
    endloop
  endfacet
  facet normal 0 0 1
    outer loop
      vertex -24.348 24.7072 31.5
      vertex -25.8801 25.8801 31.5
      vertex -24.4217 24.6631 31.5
    endloop
  endfacet
  facet normal 0 0 1
    outer loop
      vertex -24.4217 24.6631 31.5
      vertex -25.8801 25.8801 31.5
      vertex -24.4907 24.6119 31.5
    endloop
  endfacet
  facet normal 0 0 1
    outer loop
      vertex -24.4907 24.6119 31.5
      vertex -25.8801 25.8801 31.5
      vertex -24.5543 24.5543 31.5
    endloop
  endfacet
  facet normal 0 0 1
    outer loop
      vertex -24.5543 24.5543 31.5
      vertex -25.8801 25.8801 31.5
      vertex -24.6119 24.4907 31.5
    endloop
  endfacet
  facet normal 0 0 1
    outer loop
      vertex -24.6119 24.4907 31.5
      vertex -25.8801 25.8801 31.5
      vertex -24.6631 24.4217 31.5
    endloop
  endfacet
  facet normal 0 0 1
    outer loop
      vertex -24.6631 24.4217 31.5
      vertex -25.8801 25.8801 31.5
      vertex -24.7072 24.348 31.5
    endloop
  endfacet
  facet normal 0 0 1
    outer loop
      vertex -24.7072 24.348 31.5
      vertex -25.8801 25.8801 31.5
      vertex -24.744 24.2704 31.5
    endloop
  endfacet
  facet normal 0 0 1
    outer loop
      vertex -24.744 24.2704 31.5
      vertex -25.8801 25.8801 31.5
      vertex -24.7729 24.1896 31.5
    endloop
  endfacet
  facet normal -0 0 1
    outer loop
      vertex -27.1339 24.4967 31.5
      vertex -24.7729 24.1896 31.5
      vertex -25.8801 25.8801 31.5
    endloop
  endfacet
  facet normal 0 0 1
    outer loop
      vertex -24.2704 23.1272 31.5
      vertex -25.1793 20.933 31.5
      vertex -24.879 20.8255 31.5
    endloop
  endfacet
  facet normal 0 0 1
    outer loop
      vertex -27.1856 23.9356 31.5
      vertex -24.8106 23.9356 31.5
      vertex -24.8064 24.0213 31.5
    endloop
  endfacet
  facet normal 0 0 1
    outer loop
      vertex -24.7729 24.1896 31.5
      vertex -27.1339 24.4967 31.5
      vertex -24.7938 24.1063 31.5
    endloop
  endfacet
  facet normal 0 0 1
    outer loop
      vertex -24.7938 24.1063 31.5
      vertex -27.1339 24.4967 31.5
      vertex -24.8064 24.0213 31.5
    endloop
  endfacet
  facet normal 0 0 1
    outer loop
      vertex -24.8064 23.8498 31.5
      vertex -25.4676 21.0693 31.5
      vertex -25.1793 20.933 31.5
    endloop
  endfacet
  facet normal 0 0 1
    outer loop
      vertex -24.8064 23.8498 31.5
      vertex -25.7412 21.2333 31.5
      vertex -25.4676 21.0693 31.5
    endloop
  endfacet
  facet normal 0 0 1
    outer loop
      vertex -24.8064 23.8498 31.5
      vertex -25.9973 21.4233 31.5
      vertex -25.7412 21.2333 31.5
    endloop
  endfacet
  facet normal 0 0 1
    outer loop
      vertex -24.8064 23.8498 31.5
      vertex -26.2337 21.6375 31.5
      vertex -25.9973 21.4233 31.5
    endloop
  endfacet
  facet normal 0 0 1
    outer loop
      vertex -24.8064 23.8498 31.5
      vertex -26.4478 21.8738 31.5
      vertex -26.2337 21.6375 31.5
    endloop
  endfacet
  facet normal 0 0 1
    outer loop
      vertex -24.8064 23.8498 31.5
      vertex -26.6378 22.13 31.5
      vertex -26.4478 21.8738 31.5
    endloop
  endfacet
  facet normal 0 0 1
    outer loop
      vertex -24.8064 23.8498 31.5
      vertex -26.8018 22.4035 31.5
      vertex -26.6378 22.13 31.5
    endloop
  endfacet
  facet normal 0 0 1
    outer loop
      vertex -24.8064 23.8498 31.5
      vertex -26.9382 22.6918 31.5
      vertex -26.8018 22.4035 31.5
    endloop
  endfacet
  facet normal 0 0 1
    outer loop
      vertex -24.8064 23.8498 31.5
      vertex -27.0456 22.9921 31.5
      vertex -26.9382 22.6918 31.5
    endloop
  endfacet
  facet normal 0 0 1
    outer loop
      vertex -24.8064 23.8498 31.5
      vertex -27.1231 23.3015 31.5
      vertex -27.0456 22.9921 31.5
    endloop
  endfacet
  facet normal 0 0 1
    outer loop
      vertex -24.8064 24.0213 31.5
      vertex -27.1339 24.4967 31.5
      vertex -27.1699 24.2541 31.5
    endloop
  endfacet
  facet normal 0 0 1
    outer loop
      vertex -24.8064 24.0213 31.5
      vertex -27.1699 24.2541 31.5
      vertex -27.1856 23.9356 31.5
    endloop
  endfacet
  facet normal 0 0 1
    outer loop
      vertex -24.8064 23.8498 31.5
      vertex -27.1699 23.617 31.5
      vertex -27.1231 23.3015 31.5
    endloop
  endfacet
  facet normal 0 0 1
    outer loop
      vertex -24.8106 23.9356 31.5
      vertex -27.1856 23.9356 31.5
      vertex -27.1699 23.617 31.5
    endloop
  endfacet
  facet normal -0 0 1
    outer loop
      vertex -23.2592 23.3805 31.5
      vertex -21.4233 21.8738 31.5
      vertex -23.208 23.4494 31.5
    endloop
  endfacet
  facet normal 0 0 1
    outer loop
      vertex -21.4233 21.8738 31.5
      vertex -23.2592 23.3805 31.5
      vertex -21.6375 21.6375 31.5
    endloop
  endfacet
  facet normal -0 0 1
    outer loop
      vertex -23.3168 23.3168 31.5
      vertex -21.6375 21.6375 31.5
      vertex -23.2592 23.3805 31.5
    endloop
  endfacet
  facet normal 0 0 1
    outer loop
      vertex -21.6375 21.6375 31.5
      vertex -23.3168 23.3168 31.5
      vertex -21.8738 21.4233 31.5
    endloop
  endfacet
  facet normal -0 0 1
    outer loop
      vertex -23.3805 23.2592 31.5
      vertex -21.8738 21.4233 31.5
      vertex -23.3168 23.3168 31.5
    endloop
  endfacet
  facet normal 0 0 1
    outer loop
      vertex -21.8738 21.4233 31.5
      vertex -23.3805 23.2592 31.5
      vertex -22.13 21.2333 31.5
    endloop
  endfacet
  facet normal -0 0 1
    outer loop
      vertex -23.4494 23.208 31.5
      vertex -22.13 21.2333 31.5
      vertex -23.3805 23.2592 31.5
    endloop
  endfacet
  facet normal 0 0 1
    outer loop
      vertex -22.13 21.2333 31.5
      vertex -23.4494 23.208 31.5
      vertex -22.4035 21.0693 31.5
    endloop
  endfacet
  facet normal -0 0 1
    outer loop
      vertex -23.5231 23.1639 31.5
      vertex -22.4035 21.0693 31.5
      vertex -23.4494 23.208 31.5
    endloop
  endfacet
  facet normal 0 0 1
    outer loop
      vertex -22.4035 21.0693 31.5
      vertex -23.5231 23.1639 31.5
      vertex -22.6918 20.933 31.5
    endloop
  endfacet
  facet normal -0 0 1
    outer loop
      vertex -23.6007 23.1272 31.5
      vertex -22.6918 20.933 31.5
      vertex -23.5231 23.1639 31.5
    endloop
  endfacet
  facet normal 0 0 1
    outer loop
      vertex -22.6918 20.933 31.5
      vertex -23.6007 23.1272 31.5
      vertex -22.9921 20.8255 31.5
    endloop
  endfacet
  facet normal -0 0 1
    outer loop
      vertex -23.6816 23.0982 31.5
      vertex -22.9921 20.8255 31.5
      vertex -23.6007 23.1272 31.5
    endloop
  endfacet
  facet normal 0 0 1
    outer loop
      vertex -22.9921 20.8255 31.5
      vertex -23.6816 23.0982 31.5
      vertex -23.3015 20.748 31.5
    endloop
  endfacet
  facet normal -0 0 1
    outer loop
      vertex -23.7649 23.0774 31.5
      vertex -23.3015 20.748 31.5
      vertex -23.6816 23.0982 31.5
    endloop
  endfacet
  facet normal 0 0 1
    outer loop
      vertex -23.3015 20.748 31.5
      vertex -23.7649 23.0774 31.5
      vertex -23.617 20.7012 31.5
    endloop
  endfacet
  facet normal -0 0 1
    outer loop
      vertex -23.8498 23.0648 31.5
      vertex -23.617 20.7012 31.5
      vertex -23.7649 23.0774 31.5
    endloop
  endfacet
  facet normal -0 0 1
    outer loop
      vertex -23.9356 23.0606 31.5
      vertex -23.617 20.7012 31.5
      vertex -23.8498 23.0648 31.5
    endloop
  endfacet
  facet normal 0 0 1
    outer loop
      vertex -23.9356 23.0606 31.5
      vertex -23.9356 20.6856 31.5
      vertex -23.617 20.7012 31.5
    endloop
  endfacet
  facet normal 0 0 1
    outer loop
      vertex -24.0213 23.0648 31.5
      vertex -23.9356 20.6856 31.5
      vertex -23.9356 23.0606 31.5
    endloop
  endfacet
  facet normal 0 0 1
    outer loop
      vertex -24.2541 20.7012 31.5
      vertex -24.0213 23.0648 31.5
      vertex -24.1063 23.0774 31.5
    endloop
  endfacet
  facet normal 0 0 1
    outer loop
      vertex -24.5696 20.748 31.5
      vertex -24.1063 23.0774 31.5
      vertex -24.1896 23.0982 31.5
    endloop
  endfacet
  facet normal 0 0 1
    outer loop
      vertex -24.0213 23.0648 31.5
      vertex -24.2541 20.7012 31.5
      vertex -23.9356 20.6856 31.5
    endloop
  endfacet
  facet normal 0 0 1
    outer loop
      vertex -24.879 20.8255 31.5
      vertex -24.1896 23.0982 31.5
      vertex -24.2704 23.1272 31.5
    endloop
  endfacet
  facet normal 0 0 1
    outer loop
      vertex -25.1793 20.933 31.5
      vertex -24.2704 23.1272 31.5
      vertex -24.348 23.1639 31.5
    endloop
  endfacet
  facet normal 0 0 1
    outer loop
      vertex -25.1793 20.933 31.5
      vertex -24.348 23.1639 31.5
      vertex -24.4217 23.208 31.5
    endloop
  endfacet
  facet normal 0 0 1
    outer loop
      vertex -25.1793 20.933 31.5
      vertex -24.4217 23.208 31.5
      vertex -24.4907 23.2592 31.5
    endloop
  endfacet
  facet normal 0 0 1
    outer loop
      vertex -25.1793 20.933 31.5
      vertex -24.4907 23.2592 31.5
      vertex -24.5543 23.3168 31.5
    endloop
  endfacet
  facet normal 0 0 1
    outer loop
      vertex -24.1063 23.0774 31.5
      vertex -24.5696 20.748 31.5
      vertex -24.2541 20.7012 31.5
    endloop
  endfacet
  facet normal 0 0 1
    outer loop
      vertex -25.1793 20.933 31.5
      vertex -24.5543 23.3168 31.5
      vertex -24.6119 23.3805 31.5
    endloop
  endfacet
  facet normal 0 0 1
    outer loop
      vertex -25.1793 20.933 31.5
      vertex -24.6119 23.3805 31.5
      vertex -24.6631 23.4494 31.5
    endloop
  endfacet
  facet normal 0 0 1
    outer loop
      vertex -25.1793 20.933 31.5
      vertex -24.6631 23.4494 31.5
      vertex -24.7072 23.5231 31.5
    endloop
  endfacet
  facet normal 0 0 1
    outer loop
      vertex -25.1793 20.933 31.5
      vertex -24.7072 23.5231 31.5
      vertex -24.744 23.6007 31.5
    endloop
  endfacet
  facet normal 0 0 1
    outer loop
      vertex -25.1793 20.933 31.5
      vertex -24.744 23.6007 31.5
      vertex -24.7729 23.6816 31.5
    endloop
  endfacet
  facet normal 0 0 1
    outer loop
      vertex -25.1793 20.933 31.5
      vertex -24.7729 23.6816 31.5
      vertex -24.7938 23.7649 31.5
    endloop
  endfacet
  facet normal 0 0 1
    outer loop
      vertex -25.1793 20.933 31.5
      vertex -24.7938 23.7649 31.5
      vertex -24.8064 23.8498 31.5
    endloop
  endfacet
  facet normal 0 0 1
    outer loop
      vertex -24.1896 23.0982 31.5
      vertex -24.879 20.8255 31.5
      vertex -24.5696 20.748 31.5
    endloop
  endfacet
  facet normal 0 0 1
    outer loop
      vertex -27.1699 23.617 31.5
      vertex -24.8064 23.8498 31.5
      vertex -24.8106 23.9356 31.5
    endloop
  endfacet
  facet normal -0.74106 -0.671439 0
    outer loop
      vertex -26.2337 21.6375 3
      vertex -26.4478 21.8738 31.5
      vertex -26.4478 21.8738 3
    endloop
  endfacet
  facet normal -0.74106 -0.671439 0
    outer loop
      vertex -26.4478 21.8738 31.5
      vertex -26.2337 21.6375 3
      vertex -26.2337 21.6375 31.5
    endloop
  endfacet
  facet normal -0.970032 -0.242978 0
    outer loop
      vertex -27.0456 22.9921 3
      vertex -27.1231 23.3015 31.5
      vertex -27.1231 23.3015 3
    endloop
  endfacet
  facet normal -0.970032 -0.242978 0
    outer loop
      vertex -27.1231 23.3015 31.5
      vertex -27.0456 22.9921 3
      vertex -27.0456 22.9921 31.5
    endloop
  endfacet
  facet normal 0.595677 -0.803224 0
    outer loop
      vertex -22.13 21.2333 3
      vertex -21.8738 21.4233 31.5
      vertex -22.13 21.2333 31.5
    endloop
  endfacet
  facet normal 0.595677 -0.803224 0
    outer loop
      vertex -21.8738 21.4233 31.5
      vertex -22.13 21.2333 3
      vertex -21.8738 21.4233 3
    endloop
  endfacet
  facet normal 0.0489056 -0.998803 0
    outer loop
      vertex -23.9356 20.6856 3
      vertex -23.617 20.7012 31.5
      vertex -23.9356 20.6856 31.5
    endloop
  endfacet
  facet normal 0.0489056 -0.998803 0
    outer loop
      vertex -23.617 20.7012 31.5
      vertex -23.9356 20.6856 3
      vertex -23.617 20.7012 3
    endloop
  endfacet
  facet normal -0.242978 -0.970032 0
    outer loop
      vertex -24.879 20.8255 3
      vertex -24.5696 20.748 31.5
      vertex -24.879 20.8255 31.5
    endloop
  endfacet
  facet normal -0.242978 -0.970032 -0
    outer loop
      vertex -24.5696 20.748 31.5
      vertex -24.879 20.8255 3
      vertex -24.5696 20.748 3
    endloop
  endfacet
  facet normal -0.514127 -0.857714 0
    outer loop
      vertex -25.7412 21.2333 3
      vertex -25.4676 21.0693 31.5
      vertex -25.7412 21.2333 31.5
    endloop
  endfacet
  facet normal -0.514127 -0.857714 -0
    outer loop
      vertex -25.4676 21.0693 31.5
      vertex -25.7412 21.2333 3
      vertex -25.4676 21.0693 3
    endloop
  endfacet
  facet normal 0.998803 0.0489209 0
    outer loop
      vertex -20.6856 23.9356 31.5
      vertex -20.7012 24.2541 3
      vertex -20.7012 24.2541 31.5
    endloop
  endfacet
  facet normal 0.998803 0.0489209 0
    outer loop
      vertex -20.7012 24.2541 3
      vertex -20.6856 23.9356 31.5
      vertex -20.6856 23.9356 3
    endloop
  endfacet
  facet normal 0.941493 -0.337031 0
    outer loop
      vertex -20.933 22.6918 31.5
      vertex -20.8255 22.9921 3
      vertex -20.8255 22.9921 31.5
    endloop
  endfacet
  facet normal 0.941493 -0.337031 0
    outer loop
      vertex -20.8255 22.9921 3
      vertex -20.933 22.6918 31.5
      vertex -20.933 22.6918 3
    endloop
  endfacet
  facet normal -0.989168 0.146785 0
    outer loop
      vertex -27.1699 24.2541 3
      vertex -27.1339 24.4967 31.5
      vertex -27.1339 24.4967 3
    endloop
  endfacet
  facet normal -0.989168 0.146785 0
    outer loop
      vertex -27.1339 24.4967 31.5
      vertex -27.1699 24.2541 3
      vertex -27.1699 24.2541 31.5
    endloop
  endfacet
  facet normal -0.998788 -0.0492184 0
    outer loop
      vertex -27.1699 23.617 3
      vertex -27.1856 23.9356 31.5
      vertex -27.1856 23.9356 3
    endloop
  endfacet
  facet normal -0.998788 -0.0492184 0
    outer loop
      vertex -27.1856 23.9356 31.5
      vertex -27.1699 23.617 3
      vertex -27.1699 23.617 31.5
    endloop
  endfacet
  facet normal -0.671455 -0.741045 0
    outer loop
      vertex -26.2337 21.6375 3
      vertex -25.9973 21.4233 31.5
      vertex -26.2337 21.6375 31.5
    endloop
  endfacet
  facet normal -0.671455 -0.741045 -0
    outer loop
      vertex -25.9973 21.4233 31.5
      vertex -26.2337 21.6375 3
      vertex -25.9973 21.4233 3
    endloop
  endfacet
  facet normal -0.857631 -0.514265 0
    outer loop
      vertex -26.6378 22.13 3
      vertex -26.8018 22.4035 31.5
      vertex -26.8018 22.4035 3
    endloop
  endfacet
  facet normal -0.857631 -0.514265 0
    outer loop
      vertex -26.8018 22.4035 31.5
      vertex -26.6378 22.13 3
      vertex -26.6378 22.13 31.5
    endloop
  endfacet
  facet normal -0.941593 -0.336753 0
    outer loop
      vertex -26.9382 22.6918 3
      vertex -27.0456 22.9921 31.5
      vertex -27.0456 22.9921 3
    endloop
  endfacet
  facet normal -0.941593 -0.336753 0
    outer loop
      vertex -27.0456 22.9921 31.5
      vertex -26.9382 22.6918 3
      vertex -26.9382 22.6918 31.5
    endloop
  endfacet
  facet normal -0.989177 -0.14673 0
    outer loop
      vertex -27.1231 23.3015 3
      vertex -27.1699 23.617 31.5
      vertex -27.1699 23.617 3
    endloop
  endfacet
  facet normal -0.989177 -0.14673 0
    outer loop
      vertex -27.1699 23.617 31.5
      vertex -27.1231 23.3015 3
      vertex -27.1231 23.3015 31.5
    endloop
  endfacet
  facet normal 0.671611 -0.740904 0
    outer loop
      vertex -21.8738 21.4233 3
      vertex -21.6375 21.6375 31.5
      vertex -21.8738 21.4233 31.5
    endloop
  endfacet
  facet normal 0.671611 -0.740904 0
    outer loop
      vertex -21.6375 21.6375 31.5
      vertex -21.8738 21.4233 3
      vertex -21.6375 21.6375 3
    endloop
  endfacet
  facet normal 0.427412 -0.904057 0
    outer loop
      vertex -22.6918 20.933 3
      vertex -22.4035 21.0693 31.5
      vertex -22.6918 20.933 31.5
    endloop
  endfacet
  facet normal 0.427412 -0.904057 0
    outer loop
      vertex -22.4035 21.0693 31.5
      vertex -22.6918 20.933 3
      vertex -22.4035 21.0693 3
    endloop
  endfacet
  facet normal 0.242978 -0.970032 0
    outer loop
      vertex -23.3015 20.748 3
      vertex -22.9921 20.8255 31.5
      vertex -23.3015 20.748 31.5
    endloop
  endfacet
  facet normal 0.242978 -0.970032 0
    outer loop
      vertex -22.9921 20.8255 31.5
      vertex -23.3015 20.748 3
      vertex -22.9921 20.8255 3
    endloop
  endfacet
  facet normal -0.427412 -0.904057 0
    outer loop
      vertex -25.4676 21.0693 3
      vertex -25.1793 20.933 31.5
      vertex -25.4676 21.0693 31.5
    endloop
  endfacet
  facet normal -0.427412 -0.904057 -0
    outer loop
      vertex -25.1793 20.933 31.5
      vertex -25.4676 21.0693 3
      vertex -25.1793 20.933 3
    endloop
  endfacet
  facet normal -0.595827 -0.803113 0
    outer loop
      vertex -25.9973 21.4233 3
      vertex -25.7412 21.2333 31.5
      vertex -25.9973 21.4233 31.5
    endloop
  endfacet
  facet normal -0.595827 -0.803113 -0
    outer loop
      vertex -25.7412 21.2333 31.5
      vertex -25.9973 21.4233 3
      vertex -25.7412 21.2333 3
    endloop
  endfacet
  facet normal -0.14673 -0.989177 0
    outer loop
      vertex -24.5696 20.748 3
      vertex -24.2541 20.7012 31.5
      vertex -24.5696 20.748 31.5
    endloop
  endfacet
  facet normal -0.14673 -0.989177 -0
    outer loop
      vertex -24.2541 20.7012 31.5
      vertex -24.5696 20.748 3
      vertex -24.2541 20.7012 3
    endloop
  endfacet
  facet normal 0.989177 -0.14673 0
    outer loop
      vertex -20.748 23.3015 31.5
      vertex -20.7012 23.617 3
      vertex -20.7012 23.617 31.5
    endloop
  endfacet
  facet normal 0.989177 -0.14673 0
    outer loop
      vertex -20.7012 23.617 3
      vertex -20.748 23.3015 31.5
      vertex -20.748 23.3015 3
    endloop
  endfacet
  facet normal 0.336753 0.941593 -0
    outer loop
      vertex -22.6918 26.9382 3
      vertex -22.9921 27.0456 31.5
      vertex -22.6918 26.9382 31.5
    endloop
  endfacet
  facet normal 0.336753 0.941593 0
    outer loop
      vertex -22.9921 27.0456 31.5
      vertex -22.6918 26.9382 3
      vertex -22.9921 27.0456 3
    endloop
  endfacet
  facet normal -0.998787 0.0492338 0
    outer loop
      vertex -27.1856 23.9356 3
      vertex -27.1699 24.2541 31.5
      vertex -27.1699 24.2541 3
    endloop
  endfacet
  facet normal -0.998787 0.0492338 0
    outer loop
      vertex -27.1699 24.2541 31.5
      vertex -27.1856 23.9356 3
      vertex -27.1856 23.9356 31.5
    endloop
  endfacet
  facet normal -0.803224 -0.595677 0
    outer loop
      vertex -26.4478 21.8738 3
      vertex -26.6378 22.13 31.5
      vertex -26.6378 22.13 3
    endloop
  endfacet
  facet normal -0.803224 -0.595677 0
    outer loop
      vertex -26.6378 22.13 31.5
      vertex -26.4478 21.8738 3
      vertex -26.4478 21.8738 31.5
    endloop
  endfacet
  facet normal 0.514265 -0.857631 0
    outer loop
      vertex -22.4035 21.0693 3
      vertex -22.13 21.2333 31.5
      vertex -22.4035 21.0693 31.5
    endloop
  endfacet
  facet normal 0.514265 -0.857631 0
    outer loop
      vertex -22.13 21.2333 31.5
      vertex -22.4035 21.0693 3
      vertex -22.13 21.2333 3
    endloop
  endfacet
  facet normal 0.337031 -0.941493 0
    outer loop
      vertex -22.9921 20.8255 3
      vertex -22.6918 20.933 31.5
      vertex -22.9921 20.8255 31.5
    endloop
  endfacet
  facet normal 0.337031 -0.941493 0
    outer loop
      vertex -22.6918 20.933 31.5
      vertex -22.9921 20.8255 3
      vertex -22.6918 20.933 3
    endloop
  endfacet
  facet normal 0.14673 -0.989177 0
    outer loop
      vertex -23.617 20.7012 3
      vertex -23.3015 20.748 31.5
      vertex -23.617 20.7012 31.5
    endloop
  endfacet
  facet normal 0.14673 -0.989177 0
    outer loop
      vertex -23.3015 20.748 31.5
      vertex -23.617 20.7012 3
      vertex -23.3015 20.748 3
    endloop
  endfacet
  facet normal -0.0489209 -0.998803 0
    outer loop
      vertex -24.2541 20.7012 3
      vertex -23.9356 20.6856 31.5
      vertex -24.2541 20.7012 31.5
    endloop
  endfacet
  facet normal -0.0489209 -0.998803 -0
    outer loop
      vertex -23.9356 20.6856 31.5
      vertex -24.2541 20.7012 3
      vertex -23.9356 20.6856 3
    endloop
  endfacet
  facet normal 0.0492184 0.998788 -0
    outer loop
      vertex -23.617 27.1699 3
      vertex -23.9356 27.1856 31.5
      vertex -23.617 27.1699 31.5
    endloop
  endfacet
  facet normal 0.0492184 0.998788 0
    outer loop
      vertex -23.9356 27.1856 31.5
      vertex -23.617 27.1699 3
      vertex -23.9356 27.1856 3
    endloop
  endfacet
  facet normal 0.904057 0.427412 0
    outer loop
      vertex -20.933 25.1793 31.5
      vertex -21.0693 25.4676 3
      vertex -21.0693 25.4676 31.5
    endloop
  endfacet
  facet normal 0.904057 0.427412 0
    outer loop
      vertex -21.0693 25.4676 3
      vertex -20.933 25.1793 31.5
      vertex -20.933 25.1793 3
    endloop
  endfacet
  facet normal 0.671439 0.74106 -0
    outer loop
      vertex -21.6375 26.2337 3
      vertex -21.8738 26.4478 31.5
      vertex -21.6375 26.2337 31.5
    endloop
  endfacet
  facet normal 0.671439 0.74106 0
    outer loop
      vertex -21.8738 26.4478 31.5
      vertex -21.6375 26.2337 3
      vertex -21.8738 26.4478 3
    endloop
  endfacet
  facet normal 0.740904 -0.671611 0
    outer loop
      vertex -21.6375 21.6375 31.5
      vertex -21.4233 21.8738 3
      vertex -21.4233 21.8738 31.5
    endloop
  endfacet
  facet normal 0.740904 -0.671611 0
    outer loop
      vertex -21.4233 21.8738 3
      vertex -21.6375 21.6375 31.5
      vertex -21.6375 21.6375 3
    endloop
  endfacet
  facet normal 0.904057 -0.427412 0
    outer loop
      vertex -21.0693 22.4035 31.5
      vertex -20.933 22.6918 3
      vertex -20.933 22.6918 31.5
    endloop
  endfacet
  facet normal 0.904057 -0.427412 0
    outer loop
      vertex -20.933 22.6918 3
      vertex -21.0693 22.4035 31.5
      vertex -21.0693 22.4035 3
    endloop
  endfacet
  facet normal 0.857631 -0.514265 0
    outer loop
      vertex -21.2333 22.13 31.5
      vertex -21.0693 22.4035 3
      vertex -21.0693 22.4035 31.5
    endloop
  endfacet
  facet normal 0.857631 -0.514265 0
    outer loop
      vertex -21.0693 22.4035 3
      vertex -21.2333 22.13 31.5
      vertex -21.2333 22.13 3
    endloop
  endfacet
  facet normal 0.998803 -0.0489056 0
    outer loop
      vertex -20.7012 23.617 31.5
      vertex -20.6856 23.9356 3
      vertex -20.6856 23.9356 31.5
    endloop
  endfacet
  facet normal 0.998803 -0.0489056 0
    outer loop
      vertex -20.6856 23.9356 3
      vertex -20.7012 23.617 31.5
      vertex -20.7012 23.617 3
    endloop
  endfacet
  facet normal 0.427668 0.903936 -0
    outer loop
      vertex -22.4035 26.8018 3
      vertex -22.6918 26.9382 31.5
      vertex -22.4035 26.8018 31.5
    endloop
  endfacet
  facet normal 0.427668 0.903936 0
    outer loop
      vertex -22.6918 26.9382 31.5
      vertex -22.4035 26.8018 3
      vertex -22.6918 26.9382 3
    endloop
  endfacet
  facet normal -0.146785 0.989168 0
    outer loop
      vertex -24.2541 27.1699 3
      vertex -24.4967 27.1339 31.5
      vertex -24.2541 27.1699 31.5
    endloop
  endfacet
  facet normal -0.146785 0.989168 0
    outer loop
      vertex -24.4967 27.1339 31.5
      vertex -24.2541 27.1699 3
      vertex -24.4967 27.1339 3
    endloop
  endfacet
  facet normal 0.989177 0.14673 0
    outer loop
      vertex -20.7012 24.2541 31.5
      vertex -20.748 24.5696 3
      vertex -20.748 24.5696 31.5
    endloop
  endfacet
  facet normal 0.989177 0.14673 0
    outer loop
      vertex -20.748 24.5696 3
      vertex -20.7012 24.2541 31.5
      vertex -20.7012 24.2541 3
    endloop
  endfacet
  facet normal 0.741045 0.671455 0
    outer loop
      vertex -21.4233 25.9973 31.5
      vertex -21.6375 26.2337 3
      vertex -21.6375 26.2337 31.5
    endloop
  endfacet
  facet normal 0.741045 0.671455 0
    outer loop
      vertex -21.6375 26.2337 3
      vertex -21.4233 25.9973 31.5
      vertex -21.4233 25.9973 3
    endloop
  endfacet
  facet normal 0.970032 0.242978 0
    outer loop
      vertex -20.748 24.5696 31.5
      vertex -20.8255 24.879 3
      vertex -20.8255 24.879 31.5
    endloop
  endfacet
  facet normal 0.970032 0.242978 0
    outer loop
      vertex -20.8255 24.879 3
      vertex -20.748 24.5696 31.5
      vertex -20.748 24.5696 3
    endloop
  endfacet
  facet normal 0.857714 0.514127 0
    outer loop
      vertex -21.0693 25.4676 31.5
      vertex -21.2333 25.7412 3
      vertex -21.2333 25.7412 31.5
    endloop
  endfacet
  facet normal 0.857714 0.514127 0
    outer loop
      vertex -21.2333 25.7412 3
      vertex -21.0693 25.4676 31.5
      vertex -21.0693 25.4676 3
    endloop
  endfacet
  facet normal 0.803113 0.595827 0
    outer loop
      vertex -21.2333 25.7412 31.5
      vertex -21.4233 25.9973 3
      vertex -21.4233 25.9973 31.5
    endloop
  endfacet
  facet normal 0.803113 0.595827 0
    outer loop
      vertex -21.4233 25.9973 3
      vertex -21.2333 25.7412 31.5
      vertex -21.2333 25.7412 3
    endloop
  endfacet
  facet normal 0.803224 -0.595677 0
    outer loop
      vertex -21.4233 21.8738 31.5
      vertex -21.2333 22.13 3
      vertex -21.2333 22.13 31.5
    endloop
  endfacet
  facet normal 0.803224 -0.595677 0
    outer loop
      vertex -21.2333 22.13 3
      vertex -21.4233 21.8738 31.5
      vertex -21.4233 21.8738 3
    endloop
  endfacet
  facet normal 0.970032 -0.242978 0
    outer loop
      vertex -20.8255 22.9921 31.5
      vertex -20.748 23.3015 3
      vertex -20.748 23.3015 31.5
    endloop
  endfacet
  facet normal 0.970032 -0.242978 0
    outer loop
      vertex -20.748 23.3015 3
      vertex -20.8255 22.9921 31.5
      vertex -20.8255 22.9921 3
    endloop
  endfacet
  facet normal 0.514265 0.857631 -0
    outer loop
      vertex -22.13 26.6378 3
      vertex -22.4035 26.8018 31.5
      vertex -22.13 26.6378 31.5
    endloop
  endfacet
  facet normal 0.514265 0.857631 0
    outer loop
      vertex -22.4035 26.8018 31.5
      vertex -22.13 26.6378 3
      vertex -22.4035 26.8018 3
    endloop
  endfacet
  facet normal 0.595677 0.803224 -0
    outer loop
      vertex -21.8738 26.4478 3
      vertex -22.13 26.6378 31.5
      vertex -21.8738 26.4478 31.5
    endloop
  endfacet
  facet normal 0.595677 0.803224 0
    outer loop
      vertex -22.13 26.6378 31.5
      vertex -21.8738 26.4478 3
      vertex -22.13 26.6378 3
    endloop
  endfacet
  facet normal -0.0492338 0.998787 0
    outer loop
      vertex -23.9356 27.1856 3
      vertex -24.2541 27.1699 31.5
      vertex -23.9356 27.1856 31.5
    endloop
  endfacet
  facet normal -0.0492338 0.998787 0
    outer loop
      vertex -24.2541 27.1699 31.5
      vertex -23.9356 27.1856 3
      vertex -24.2541 27.1699 3
    endloop
  endfacet
  facet normal 0.14673 0.989177 -0
    outer loop
      vertex -23.3015 27.1231 3
      vertex -23.617 27.1699 31.5
      vertex -23.3015 27.1231 31.5
    endloop
  endfacet
  facet normal 0.14673 0.989177 0
    outer loop
      vertex -23.617 27.1699 31.5
      vertex -23.3015 27.1231 3
      vertex -23.617 27.1699 3
    endloop
  endfacet
  facet normal 0.242978 0.970032 -0
    outer loop
      vertex -22.9921 27.0456 3
      vertex -23.3015 27.1231 31.5
      vertex -22.9921 27.0456 31.5
    endloop
  endfacet
  facet normal 0.242978 0.970032 0
    outer loop
      vertex -23.3015 27.1231 31.5
      vertex -22.9921 27.0456 3
      vertex -23.3015 27.1231 3
    endloop
  endfacet
  facet normal 0.941493 0.337031 0
    outer loop
      vertex -20.8255 24.879 31.5
      vertex -20.933 25.1793 3
      vertex -20.933 25.1793 31.5
    endloop
  endfacet
  facet normal 0.941493 0.337031 0
    outer loop
      vertex -20.933 25.1793 3
      vertex -20.8255 24.879 31.5
      vertex -20.8255 24.879 3
    endloop
  endfacet
  facet normal 0.740904 0.671611 0
    outer loop
      vertex -21.4233 -21.8738 31.5
      vertex -21.6375 -21.6375 3
      vertex -21.6375 -21.6375 31.5
    endloop
  endfacet
  facet normal 0.740904 0.671611 0
    outer loop
      vertex -21.6375 -21.6375 3
      vertex -21.4233 -21.8738 31.5
      vertex -21.4233 -21.8738 3
    endloop
  endfacet
  facet normal -0.74106 0.671439 0
    outer loop
      vertex -26.4478 -21.8738 3
      vertex -26.2337 -21.6375 31.5
      vertex -26.2337 -21.6375 3
    endloop
  endfacet
  facet normal -0.74106 0.671439 0
    outer loop
      vertex -26.2337 -21.6375 31.5
      vertex -26.4478 -21.8738 3
      vertex -26.4478 -21.8738 31.5
    endloop
  endfacet
  facet normal 0.970032 0.242978 0
    outer loop
      vertex -20.748 -23.3015 31.5
      vertex -20.8255 -22.9921 3
      vertex -20.8255 -22.9921 31.5
    endloop
  endfacet
  facet normal 0.970032 0.242978 0
    outer loop
      vertex -20.8255 -22.9921 3
      vertex -20.748 -23.3015 31.5
      vertex -20.748 -23.3015 3
    endloop
  endfacet
  facet normal 0.989177 0.14673 0
    outer loop
      vertex -20.7012 -23.617 31.5
      vertex -20.748 -23.3015 3
      vertex -20.748 -23.3015 31.5
    endloop
  endfacet
  facet normal 0.989177 0.14673 0
    outer loop
      vertex -20.748 -23.3015 3
      vertex -20.7012 -23.617 31.5
      vertex -20.7012 -23.617 3
    endloop
  endfacet
  facet normal 0.970032 -0.242978 0
    outer loop
      vertex -20.8255 -24.879 31.5
      vertex -20.748 -24.5696 3
      vertex -20.748 -24.5696 31.5
    endloop
  endfacet
  facet normal 0.970032 -0.242978 0
    outer loop
      vertex -20.748 -24.5696 3
      vertex -20.8255 -24.879 31.5
      vertex -20.8255 -24.879 3
    endloop
  endfacet
  facet normal 0.998803 -0.0489209 0
    outer loop
      vertex -20.7012 -24.2541 31.5
      vertex -20.6856 -23.9356 3
      vertex -20.6856 -23.9356 31.5
    endloop
  endfacet
  facet normal 0.998803 -0.0489209 0
    outer loop
      vertex -20.6856 -23.9356 3
      vertex -20.7012 -24.2541 31.5
      vertex -20.7012 -24.2541 3
    endloop
  endfacet
  facet normal -0.941593 0.336753 0
    outer loop
      vertex -27.0456 -22.9921 3
      vertex -26.9382 -22.6918 31.5
      vertex -26.9382 -22.6918 3
    endloop
  endfacet
  facet normal -0.941593 0.336753 0
    outer loop
      vertex -26.9382 -22.6918 31.5
      vertex -27.0456 -22.9921 3
      vertex -27.0456 -22.9921 31.5
    endloop
  endfacet
  facet normal -0.0492338 -0.998787 0
    outer loop
      vertex -24.2541 -27.1699 3
      vertex -23.9356 -27.1856 31.5
      vertex -24.2541 -27.1699 31.5
    endloop
  endfacet
  facet normal -0.0492338 -0.998787 -0
    outer loop
      vertex -23.9356 -27.1856 31.5
      vertex -24.2541 -27.1699 3
      vertex -23.9356 -27.1856 3
    endloop
  endfacet
  facet normal -0.146785 -0.989168 0
    outer loop
      vertex -24.4967 -27.1339 3
      vertex -24.2541 -27.1699 31.5
      vertex -24.4967 -27.1339 31.5
    endloop
  endfacet
  facet normal -0.146785 -0.989168 -0
    outer loop
      vertex -24.2541 -27.1699 31.5
      vertex -24.4967 -27.1339 3
      vertex -24.2541 -27.1699 3
    endloop
  endfacet
  facet normal 0.595677 -0.803224 0
    outer loop
      vertex -22.13 -26.6378 3
      vertex -21.8738 -26.4478 31.5
      vertex -22.13 -26.6378 31.5
    endloop
  endfacet
  facet normal 0.595677 -0.803224 0
    outer loop
      vertex -21.8738 -26.4478 31.5
      vertex -22.13 -26.6378 3
      vertex -21.8738 -26.4478 3
    endloop
  endfacet
  facet normal 0.514265 -0.857631 0
    outer loop
      vertex -22.4035 -26.8018 3
      vertex -22.13 -26.6378 31.5
      vertex -22.4035 -26.8018 31.5
    endloop
  endfacet
  facet normal 0.514265 -0.857631 0
    outer loop
      vertex -22.13 -26.6378 31.5
      vertex -22.4035 -26.8018 3
      vertex -22.13 -26.6378 3
    endloop
  endfacet
  facet normal 0.671439 -0.74106 0
    outer loop
      vertex -21.8738 -26.4478 3
      vertex -21.6375 -26.2337 31.5
      vertex -21.8738 -26.4478 31.5
    endloop
  endfacet
  facet normal 0.671439 -0.74106 0
    outer loop
      vertex -21.6375 -26.2337 31.5
      vertex -21.8738 -26.4478 3
      vertex -21.6375 -26.2337 3
    endloop
  endfacet
  facet normal 0.336753 -0.941593 0
    outer loop
      vertex -22.9921 -27.0456 3
      vertex -22.6918 -26.9382 31.5
      vertex -22.9921 -27.0456 31.5
    endloop
  endfacet
  facet normal 0.336753 -0.941593 0
    outer loop
      vertex -22.6918 -26.9382 31.5
      vertex -22.9921 -27.0456 3
      vertex -22.6918 -26.9382 3
    endloop
  endfacet
  facet normal 0.427668 -0.903936 0
    outer loop
      vertex -22.6918 -26.9382 3
      vertex -22.4035 -26.8018 31.5
      vertex -22.6918 -26.9382 31.5
    endloop
  endfacet
  facet normal 0.427668 -0.903936 0
    outer loop
      vertex -22.4035 -26.8018 31.5
      vertex -22.6918 -26.9382 3
      vertex -22.4035 -26.8018 3
    endloop
  endfacet
  facet normal 0.14673 -0.989177 0
    outer loop
      vertex -23.617 -27.1699 3
      vertex -23.3015 -27.1231 31.5
      vertex -23.617 -27.1699 31.5
    endloop
  endfacet
  facet normal 0.14673 -0.989177 0
    outer loop
      vertex -23.3015 -27.1231 31.5
      vertex -23.617 -27.1699 3
      vertex -23.3015 -27.1231 3
    endloop
  endfacet
  facet normal 0.857631 0.514265 0
    outer loop
      vertex -21.0693 -22.4035 31.5
      vertex -21.2333 -22.13 3
      vertex -21.2333 -22.13 31.5
    endloop
  endfacet
  facet normal 0.857631 0.514265 0
    outer loop
      vertex -21.2333 -22.13 3
      vertex -21.0693 -22.4035 31.5
      vertex -21.0693 -22.4035 3
    endloop
  endfacet
  facet normal 0.941493 0.337031 0
    outer loop
      vertex -20.8255 -22.9921 31.5
      vertex -20.933 -22.6918 3
      vertex -20.933 -22.6918 31.5
    endloop
  endfacet
  facet normal 0.941493 0.337031 0
    outer loop
      vertex -20.933 -22.6918 3
      vertex -20.8255 -22.9921 31.5
      vertex -20.8255 -22.9921 3
    endloop
  endfacet
  facet normal 0.803224 0.595677 0
    outer loop
      vertex -21.2333 -22.13 31.5
      vertex -21.4233 -21.8738 3
      vertex -21.4233 -21.8738 31.5
    endloop
  endfacet
  facet normal 0.803224 0.595677 0
    outer loop
      vertex -21.4233 -21.8738 3
      vertex -21.2333 -22.13 31.5
      vertex -21.2333 -22.13 3
    endloop
  endfacet
  facet normal 0.989177 -0.14673 0
    outer loop
      vertex -20.748 -24.5696 31.5
      vertex -20.7012 -24.2541 3
      vertex -20.7012 -24.2541 31.5
    endloop
  endfacet
  facet normal 0.989177 -0.14673 0
    outer loop
      vertex -20.7012 -24.2541 3
      vertex -20.748 -24.5696 31.5
      vertex -20.748 -24.5696 3
    endloop
  endfacet
  facet normal 0.904057 -0.427412 0
    outer loop
      vertex -21.0693 -25.4676 31.5
      vertex -20.933 -25.1793 3
      vertex -20.933 -25.1793 31.5
    endloop
  endfacet
  facet normal 0.904057 -0.427412 0
    outer loop
      vertex -20.933 -25.1793 3
      vertex -21.0693 -25.4676 31.5
      vertex -21.0693 -25.4676 3
    endloop
  endfacet
  facet normal 0.941493 -0.337031 0
    outer loop
      vertex -20.933 -25.1793 31.5
      vertex -20.8255 -24.879 3
      vertex -20.8255 -24.879 31.5
    endloop
  endfacet
  facet normal 0.941493 -0.337031 0
    outer loop
      vertex -20.8255 -24.879 3
      vertex -20.933 -25.1793 31.5
      vertex -20.933 -25.1793 3
    endloop
  endfacet
  facet normal 0.803113 -0.595827 0
    outer loop
      vertex -21.4233 -25.9973 31.5
      vertex -21.2333 -25.7412 3
      vertex -21.2333 -25.7412 31.5
    endloop
  endfacet
  facet normal 0.803113 -0.595827 0
    outer loop
      vertex -21.2333 -25.7412 3
      vertex -21.4233 -25.9973 31.5
      vertex -21.4233 -25.9973 3
    endloop
  endfacet
  facet normal -0.998787 -0.0492338 0
    outer loop
      vertex -27.1699 -24.2541 3
      vertex -27.1856 -23.9356 31.5
      vertex -27.1856 -23.9356 3
    endloop
  endfacet
  facet normal -0.998787 -0.0492338 0
    outer loop
      vertex -27.1856 -23.9356 31.5
      vertex -27.1699 -24.2541 3
      vertex -27.1699 -24.2541 31.5
    endloop
  endfacet
  facet normal 0.0492184 -0.998788 0
    outer loop
      vertex -23.9356 -27.1856 3
      vertex -23.617 -27.1699 31.5
      vertex -23.9356 -27.1856 31.5
    endloop
  endfacet
  facet normal 0.0492184 -0.998788 0
    outer loop
      vertex -23.617 -27.1699 31.5
      vertex -23.9356 -27.1856 3
      vertex -23.617 -27.1699 3
    endloop
  endfacet
  facet normal 0.741045 -0.671455 0
    outer loop
      vertex -21.6375 -26.2337 31.5
      vertex -21.4233 -25.9973 3
      vertex -21.4233 -25.9973 31.5
    endloop
  endfacet
  facet normal 0.741045 -0.671455 0
    outer loop
      vertex -21.4233 -25.9973 3
      vertex -21.6375 -26.2337 31.5
      vertex -21.6375 -26.2337 3
    endloop
  endfacet
  facet normal 0.242978 -0.970032 0
    outer loop
      vertex -23.3015 -27.1231 3
      vertex -22.9921 -27.0456 31.5
      vertex -23.3015 -27.1231 31.5
    endloop
  endfacet
  facet normal 0.242978 -0.970032 0
    outer loop
      vertex -22.9921 -27.0456 31.5
      vertex -23.3015 -27.1231 3
      vertex -22.9921 -27.0456 3
    endloop
  endfacet
  facet normal 0.998803 0.0489056 0
    outer loop
      vertex -20.6856 -23.9356 31.5
      vertex -20.7012 -23.617 3
      vertex -20.7012 -23.617 31.5
    endloop
  endfacet
  facet normal 0.998803 0.0489056 0
    outer loop
      vertex -20.7012 -23.617 3
      vertex -20.6856 -23.9356 31.5
      vertex -20.6856 -23.9356 3
    endloop
  endfacet
  facet normal 0.904057 0.427412 0
    outer loop
      vertex -20.933 -22.6918 31.5
      vertex -21.0693 -22.4035 3
      vertex -21.0693 -22.4035 31.5
    endloop
  endfacet
  facet normal 0.904057 0.427412 0
    outer loop
      vertex -21.0693 -22.4035 3
      vertex -20.933 -22.6918 31.5
      vertex -20.933 -22.6918 3
    endloop
  endfacet
  facet normal 0.857714 -0.514127 0
    outer loop
      vertex -21.2333 -25.7412 31.5
      vertex -21.0693 -25.4676 3
      vertex -21.0693 -25.4676 31.5
    endloop
  endfacet
  facet normal 0.857714 -0.514127 0
    outer loop
      vertex -21.0693 -25.4676 3
      vertex -21.2333 -25.7412 31.5
      vertex -21.2333 -25.7412 3
    endloop
  endfacet
  facet normal -0.989168 -0.146785 0
    outer loop
      vertex -27.1339 -24.4967 3
      vertex -27.1699 -24.2541 31.5
      vertex -27.1699 -24.2541 3
    endloop
  endfacet
  facet normal -0.989168 -0.146785 0
    outer loop
      vertex -27.1699 -24.2541 31.5
      vertex -27.1339 -24.4967 3
      vertex -27.1339 -24.4967 31.5
    endloop
  endfacet
  facet normal -0.989177 0.14673 0
    outer loop
      vertex -27.1699 -23.617 3
      vertex -27.1231 -23.3015 31.5
      vertex -27.1231 -23.3015 3
    endloop
  endfacet
  facet normal -0.989177 0.14673 0
    outer loop
      vertex -27.1231 -23.3015 31.5
      vertex -27.1699 -23.617 3
      vertex -27.1699 -23.617 31.5
    endloop
  endfacet
  facet normal 0.242978 0.970032 -0
    outer loop
      vertex -22.9921 -20.8255 3
      vertex -23.3015 -20.748 31.5
      vertex -22.9921 -20.8255 31.5
    endloop
  endfacet
  facet normal 0.242978 0.970032 0
    outer loop
      vertex -23.3015 -20.748 31.5
      vertex -22.9921 -20.8255 3
      vertex -23.3015 -20.748 3
    endloop
  endfacet
  facet normal -0.903936 0.427668 0
    outer loop
      vertex -26.9382 -22.6918 3
      vertex -26.8018 -22.4035 31.5
      vertex -26.8018 -22.4035 3
    endloop
  endfacet
  facet normal -0.903936 0.427668 0
    outer loop
      vertex -26.8018 -22.4035 31.5
      vertex -26.9382 -22.6918 3
      vertex -26.9382 -22.6918 31.5
    endloop
  endfacet
  facet normal -0.970032 0.242978 0
    outer loop
      vertex -27.1231 -23.3015 3
      vertex -27.0456 -22.9921 31.5
      vertex -27.0456 -22.9921 3
    endloop
  endfacet
  facet normal -0.970032 0.242978 0
    outer loop
      vertex -27.0456 -22.9921 31.5
      vertex -27.1231 -23.3015 3
      vertex -27.1231 -23.3015 31.5
    endloop
  endfacet
  facet normal -0.671455 0.741045 0
    outer loop
      vertex -25.9973 -21.4233 3
      vertex -26.2337 -21.6375 31.5
      vertex -25.9973 -21.4233 31.5
    endloop
  endfacet
  facet normal -0.671455 0.741045 0
    outer loop
      vertex -26.2337 -21.6375 31.5
      vertex -25.9973 -21.4233 3
      vertex -26.2337 -21.6375 3
    endloop
  endfacet
  facet normal -0.595827 0.803113 0
    outer loop
      vertex -25.7412 -21.2333 3
      vertex -25.9973 -21.4233 31.5
      vertex -25.7412 -21.2333 31.5
    endloop
  endfacet
  facet normal -0.595827 0.803113 0
    outer loop
      vertex -25.9973 -21.4233 31.5
      vertex -25.7412 -21.2333 3
      vertex -25.9973 -21.4233 3
    endloop
  endfacet
  facet normal 0.0489056 0.998803 -0
    outer loop
      vertex -23.617 -20.7012 3
      vertex -23.9356 -20.6856 31.5
      vertex -23.617 -20.7012 31.5
    endloop
  endfacet
  facet normal 0.0489056 0.998803 0
    outer loop
      vertex -23.9356 -20.6856 31.5
      vertex -23.617 -20.7012 3
      vertex -23.9356 -20.6856 3
    endloop
  endfacet
  facet normal 0.14673 0.989177 -0
    outer loop
      vertex -23.3015 -20.748 3
      vertex -23.617 -20.7012 31.5
      vertex -23.3015 -20.748 31.5
    endloop
  endfacet
  facet normal 0.14673 0.989177 0
    outer loop
      vertex -23.617 -20.7012 31.5
      vertex -23.3015 -20.748 3
      vertex -23.617 -20.7012 3
    endloop
  endfacet
  facet normal 0.337031 0.941493 -0
    outer loop
      vertex -22.6918 -20.933 3
      vertex -22.9921 -20.8255 31.5
      vertex -22.6918 -20.933 31.5
    endloop
  endfacet
  facet normal 0.337031 0.941493 0
    outer loop
      vertex -22.9921 -20.8255 31.5
      vertex -22.6918 -20.933 3
      vertex -22.9921 -20.8255 3
    endloop
  endfacet
  facet normal 0.427412 0.904057 -0
    outer loop
      vertex -22.4035 -21.0693 3
      vertex -22.6918 -20.933 31.5
      vertex -22.4035 -21.0693 31.5
    endloop
  endfacet
  facet normal 0.427412 0.904057 0
    outer loop
      vertex -22.6918 -20.933 31.5
      vertex -22.4035 -21.0693 3
      vertex -22.6918 -20.933 3
    endloop
  endfacet
  facet normal 0.514265 0.857631 -0
    outer loop
      vertex -22.13 -21.2333 3
      vertex -22.4035 -21.0693 31.5
      vertex -22.13 -21.2333 31.5
    endloop
  endfacet
  facet normal 0.514265 0.857631 0
    outer loop
      vertex -22.4035 -21.0693 31.5
      vertex -22.13 -21.2333 3
      vertex -22.4035 -21.0693 3
    endloop
  endfacet
  facet normal 0.595677 0.803224 -0
    outer loop
      vertex -21.8738 -21.4233 3
      vertex -22.13 -21.2333 31.5
      vertex -21.8738 -21.4233 31.5
    endloop
  endfacet
  facet normal 0.595677 0.803224 0
    outer loop
      vertex -22.13 -21.2333 31.5
      vertex -21.8738 -21.4233 3
      vertex -22.13 -21.2333 3
    endloop
  endfacet
  facet normal 0.671611 0.740904 -0
    outer loop
      vertex -21.6375 -21.6375 3
      vertex -21.8738 -21.4233 31.5
      vertex -21.6375 -21.6375 31.5
    endloop
  endfacet
  facet normal 0.671611 0.740904 0
    outer loop
      vertex -21.8738 -21.4233 31.5
      vertex -21.6375 -21.6375 3
      vertex -21.8738 -21.4233 3
    endloop
  endfacet
  facet normal -0.857631 0.514265 0
    outer loop
      vertex -26.8018 -22.4035 3
      vertex -26.6378 -22.13 31.5
      vertex -26.6378 -22.13 3
    endloop
  endfacet
  facet normal -0.857631 0.514265 0
    outer loop
      vertex -26.6378 -22.13 31.5
      vertex -26.8018 -22.4035 3
      vertex -26.8018 -22.4035 31.5
    endloop
  endfacet
  facet normal -0.803224 0.595677 0
    outer loop
      vertex -26.6378 -22.13 3
      vertex -26.4478 -21.8738 31.5
      vertex -26.4478 -21.8738 3
    endloop
  endfacet
  facet normal -0.803224 0.595677 0
    outer loop
      vertex -26.4478 -21.8738 31.5
      vertex -26.6378 -22.13 3
      vertex -26.6378 -22.13 31.5
    endloop
  endfacet
  facet normal -0.998788 0.0492184 0
    outer loop
      vertex -27.1856 -23.9356 3
      vertex -27.1699 -23.617 31.5
      vertex -27.1699 -23.617 3
    endloop
  endfacet
  facet normal -0.998788 0.0492184 0
    outer loop
      vertex -27.1699 -23.617 31.5
      vertex -27.1856 -23.9356 3
      vertex -27.1856 -23.9356 31.5
    endloop
  endfacet
  facet normal 0 0 1
    outer loop
      vertex -23.0606 -23.9356 31.5
      vertex -20.6856 -23.9356 31.5
      vertex -20.7012 -23.617 31.5
    endloop
  endfacet
  facet normal 0 0 1
    outer loop
      vertex -23.0648 -23.8498 31.5
      vertex -20.7012 -23.617 31.5
      vertex -20.748 -23.3015 31.5
    endloop
  endfacet
  facet normal 0 0 1
    outer loop
      vertex -20.6856 -23.9356 31.5
      vertex -23.0606 -23.9356 31.5
      vertex -20.7012 -24.2541 31.5
    endloop
  endfacet
  facet normal 0 0 1
    outer loop
      vertex -23.0774 -23.7649 31.5
      vertex -20.748 -23.3015 31.5
      vertex -20.8255 -22.9921 31.5
    endloop
  endfacet
  facet normal -0 0 1
    outer loop
      vertex -23.0648 -24.0213 31.5
      vertex -20.7012 -24.2541 31.5
      vertex -23.0606 -23.9356 31.5
    endloop
  endfacet
  facet normal 0 0 1
    outer loop
      vertex -23.0982 -23.6816 31.5
      vertex -20.8255 -22.9921 31.5
      vertex -20.933 -22.6918 31.5
    endloop
  endfacet
  facet normal 0 0 1
    outer loop
      vertex -20.7012 -24.2541 31.5
      vertex -23.0648 -24.0213 31.5
      vertex -20.748 -24.5696 31.5
    endloop
  endfacet
  facet normal 0 0 1
    outer loop
      vertex -23.1272 -23.6007 31.5
      vertex -20.933 -22.6918 31.5
      vertex -21.0693 -22.4035 31.5
    endloop
  endfacet
  facet normal -0 0 1
    outer loop
      vertex -23.0774 -24.1063 31.5
      vertex -20.748 -24.5696 31.5
      vertex -23.0648 -24.0213 31.5
    endloop
  endfacet
  facet normal 0 0 1
    outer loop
      vertex -23.1639 -23.5231 31.5
      vertex -21.0693 -22.4035 31.5
      vertex -21.2333 -22.13 31.5
    endloop
  endfacet
  facet normal 0 0 1
    outer loop
      vertex -20.748 -24.5696 31.5
      vertex -23.0774 -24.1063 31.5
      vertex -20.8255 -24.879 31.5
    endloop
  endfacet
  facet normal 0 0 1
    outer loop
      vertex -23.208 -23.4494 31.5
      vertex -21.2333 -22.13 31.5
      vertex -21.4233 -21.8738 31.5
    endloop
  endfacet
  facet normal -0 0 1
    outer loop
      vertex -23.0982 -24.1896 31.5
      vertex -20.8255 -24.879 31.5
      vertex -23.0774 -24.1063 31.5
    endloop
  endfacet
  facet normal 0 0 1
    outer loop
      vertex -23.2592 -23.3805 31.5
      vertex -21.4233 -21.8738 31.5
      vertex -21.6375 -21.6375 31.5
    endloop
  endfacet
  facet normal 0 0 1
    outer loop
      vertex -20.8255 -24.879 31.5
      vertex -23.0982 -24.1896 31.5
      vertex -20.933 -25.1793 31.5
    endloop
  endfacet
  facet normal 0 0 1
    outer loop
      vertex -23.3168 -23.3168 31.5
      vertex -21.6375 -21.6375 31.5
      vertex -21.8738 -21.4233 31.5
    endloop
  endfacet
  facet normal -0 0 1
    outer loop
      vertex -23.1272 -24.2704 31.5
      vertex -20.933 -25.1793 31.5
      vertex -23.0982 -24.1896 31.5
    endloop
  endfacet
  facet normal 0 0 1
    outer loop
      vertex -23.3805 -23.2592 31.5
      vertex -21.8738 -21.4233 31.5
      vertex -22.13 -21.2333 31.5
    endloop
  endfacet
  facet normal 0 0 1
    outer loop
      vertex -20.933 -25.1793 31.5
      vertex -23.1272 -24.2704 31.5
      vertex -21.0693 -25.4676 31.5
    endloop
  endfacet
  facet normal 0 0 1
    outer loop
      vertex -23.4494 -23.208 31.5
      vertex -22.13 -21.2333 31.5
      vertex -22.4035 -21.0693 31.5
    endloop
  endfacet
  facet normal -0 0 1
    outer loop
      vertex -23.1639 -24.348 31.5
      vertex -21.0693 -25.4676 31.5
      vertex -23.1272 -24.2704 31.5
    endloop
  endfacet
  facet normal 0 0 1
    outer loop
      vertex -23.5231 -23.1639 31.5
      vertex -22.4035 -21.0693 31.5
      vertex -22.6918 -20.933 31.5
    endloop
  endfacet
  facet normal 0 0 1
    outer loop
      vertex -21.0693 -25.4676 31.5
      vertex -23.1639 -24.348 31.5
      vertex -21.2333 -25.7412 31.5
    endloop
  endfacet
  facet normal 0 0 1
    outer loop
      vertex -23.6007 -23.1272 31.5
      vertex -22.6918 -20.933 31.5
      vertex -22.9921 -20.8255 31.5
    endloop
  endfacet
  facet normal -0 0 1
    outer loop
      vertex -23.208 -24.4217 31.5
      vertex -21.2333 -25.7412 31.5
      vertex -23.1639 -24.348 31.5
    endloop
  endfacet
  facet normal 0 0 1
    outer loop
      vertex -21.2333 -25.7412 31.5
      vertex -23.208 -24.4217 31.5
      vertex -21.4233 -25.9973 31.5
    endloop
  endfacet
  facet normal 0 0 1
    outer loop
      vertex -20.7012 -23.617 31.5
      vertex -23.0648 -23.8498 31.5
      vertex -23.0606 -23.9356 31.5
    endloop
  endfacet
  facet normal 0 0 1
    outer loop
      vertex -20.748 -23.3015 31.5
      vertex -23.0774 -23.7649 31.5
      vertex -23.0648 -23.8498 31.5
    endloop
  endfacet
  facet normal 0 0 1
    outer loop
      vertex -20.8255 -22.9921 31.5
      vertex -23.0982 -23.6816 31.5
      vertex -23.0774 -23.7649 31.5
    endloop
  endfacet
  facet normal 0 0 1
    outer loop
      vertex -20.933 -22.6918 31.5
      vertex -23.1272 -23.6007 31.5
      vertex -23.0982 -23.6816 31.5
    endloop
  endfacet
  facet normal 0 0 1
    outer loop
      vertex -21.0693 -22.4035 31.5
      vertex -23.1639 -23.5231 31.5
      vertex -23.1272 -23.6007 31.5
    endloop
  endfacet
  facet normal 0 0 1
    outer loop
      vertex -21.2333 -22.13 31.5
      vertex -23.208 -23.4494 31.5
      vertex -23.1639 -23.5231 31.5
    endloop
  endfacet
  facet normal 0 0 1
    outer loop
      vertex -21.4233 -21.8738 31.5
      vertex -23.2592 -23.3805 31.5
      vertex -23.208 -23.4494 31.5
    endloop
  endfacet
  facet normal 0 0 1
    outer loop
      vertex -23.6816 -23.0982 31.5
      vertex -22.9921 -20.8255 31.5
      vertex -23.3015 -20.748 31.5
    endloop
  endfacet
  facet normal 0 0 1
    outer loop
      vertex -21.6375 -21.6375 31.5
      vertex -23.3168 -23.3168 31.5
      vertex -23.2592 -23.3805 31.5
    endloop
  endfacet
  facet normal 0 0 1
    outer loop
      vertex -21.8738 -21.4233 31.5
      vertex -23.3805 -23.2592 31.5
      vertex -23.3168 -23.3168 31.5
    endloop
  endfacet
  facet normal 0 0 1
    outer loop
      vertex -22.13 -21.2333 31.5
      vertex -23.4494 -23.208 31.5
      vertex -23.3805 -23.2592 31.5
    endloop
  endfacet
  facet normal 0 0 1
    outer loop
      vertex -22.4035 -21.0693 31.5
      vertex -23.5231 -23.1639 31.5
      vertex -23.4494 -23.208 31.5
    endloop
  endfacet
  facet normal 0 0 1
    outer loop
      vertex -22.6918 -20.933 31.5
      vertex -23.6007 -23.1272 31.5
      vertex -23.5231 -23.1639 31.5
    endloop
  endfacet
  facet normal 0 0 1
    outer loop
      vertex -23.7649 -23.0774 31.5
      vertex -23.3015 -20.748 31.5
      vertex -23.617 -20.7012 31.5
    endloop
  endfacet
  facet normal 0 0 1
    outer loop
      vertex -22.9921 -20.8255 31.5
      vertex -23.6816 -23.0982 31.5
      vertex -23.6007 -23.1272 31.5
    endloop
  endfacet
  facet normal 0 0 1
    outer loop
      vertex -23.3015 -20.748 31.5
      vertex -23.7649 -23.0774 31.5
      vertex -23.6816 -23.0982 31.5
    endloop
  endfacet
  facet normal 0 0 1
    outer loop
      vertex -23.617 -20.7012 31.5
      vertex -23.8498 -23.0648 31.5
      vertex -23.7649 -23.0774 31.5
    endloop
  endfacet
  facet normal 0 0 1
    outer loop
      vertex -23.9356 -20.6856 31.5
      vertex -23.8498 -23.0648 31.5
      vertex -23.617 -20.7012 31.5
    endloop
  endfacet
  facet normal 0 0 1
    outer loop
      vertex -23.9356 -20.6856 31.5
      vertex -23.9356 -23.0606 31.5
      vertex -23.8498 -23.0648 31.5
    endloop
  endfacet
  facet normal 0 0 1
    outer loop
      vertex -23.9356 -20.6856 31.5
      vertex -24.0213 -23.0648 31.5
      vertex -23.9356 -23.0606 31.5
    endloop
  endfacet
  facet normal -0 0 1
    outer loop
      vertex -24.2541 -20.7012 31.5
      vertex -24.0213 -23.0648 31.5
      vertex -23.9356 -20.6856 31.5
    endloop
  endfacet
  facet normal 0 0 1
    outer loop
      vertex -24.0213 -23.0648 31.5
      vertex -24.2541 -20.7012 31.5
      vertex -24.1063 -23.0774 31.5
    endloop
  endfacet
  facet normal -0 0 1
    outer loop
      vertex -24.5696 -20.748 31.5
      vertex -24.1063 -23.0774 31.5
      vertex -24.2541 -20.7012 31.5
    endloop
  endfacet
  facet normal 0 0 1
    outer loop
      vertex -24.1063 -23.0774 31.5
      vertex -24.5696 -20.748 31.5
      vertex -24.1896 -23.0982 31.5
    endloop
  endfacet
  facet normal -0 0 1
    outer loop
      vertex -24.879 -20.8255 31.5
      vertex -24.1896 -23.0982 31.5
      vertex -24.5696 -20.748 31.5
    endloop
  endfacet
  facet normal 0 0 1
    outer loop
      vertex -24.1896 -23.0982 31.5
      vertex -24.879 -20.8255 31.5
      vertex -24.2704 -23.1272 31.5
    endloop
  endfacet
  facet normal -0 0 1
    outer loop
      vertex -25.1793 -20.933 31.5
      vertex -24.2704 -23.1272 31.5
      vertex -24.879 -20.8255 31.5
    endloop
  endfacet
  facet normal 0 0 1
    outer loop
      vertex -24.2704 -23.1272 31.5
      vertex -25.1793 -20.933 31.5
      vertex -24.348 -23.1639 31.5
    endloop
  endfacet
  facet normal -0 0 1
    outer loop
      vertex -25.4676 -21.0693 31.5
      vertex -24.348 -23.1639 31.5
      vertex -25.1793 -20.933 31.5
    endloop
  endfacet
  facet normal 0 0 1
    outer loop
      vertex -24.348 -23.1639 31.5
      vertex -25.4676 -21.0693 31.5
      vertex -24.4217 -23.208 31.5
    endloop
  endfacet
  facet normal -0 0 1
    outer loop
      vertex -25.7412 -21.2333 31.5
      vertex -24.4217 -23.208 31.5
      vertex -25.4676 -21.0693 31.5
    endloop
  endfacet
  facet normal 0 0 1
    outer loop
      vertex -24.4217 -23.208 31.5
      vertex -25.7412 -21.2333 31.5
      vertex -24.4907 -23.2592 31.5
    endloop
  endfacet
  facet normal -0 0 1
    outer loop
      vertex -25.9973 -21.4233 31.5
      vertex -24.4907 -23.2592 31.5
      vertex -25.7412 -21.2333 31.5
    endloop
  endfacet
  facet normal 0 0 1
    outer loop
      vertex -24.4907 -23.2592 31.5
      vertex -25.9973 -21.4233 31.5
      vertex -24.5543 -23.3168 31.5
    endloop
  endfacet
  facet normal -0 0 1
    outer loop
      vertex -26.2337 -21.6375 31.5
      vertex -24.5543 -23.3168 31.5
      vertex -25.9973 -21.4233 31.5
    endloop
  endfacet
  facet normal 0 0 1
    outer loop
      vertex -24.5543 -23.3168 31.5
      vertex -26.2337 -21.6375 31.5
      vertex -24.6119 -23.3805 31.5
    endloop
  endfacet
  facet normal 0 0 1
    outer loop
      vertex -24.6119 -23.3805 31.5
      vertex -26.4478 -21.8738 31.5
      vertex -24.6631 -23.4494 31.5
    endloop
  endfacet
  facet normal -0 0 1
    outer loop
      vertex -26.4478 -21.8738 31.5
      vertex -24.6119 -23.3805 31.5
      vertex -26.2337 -21.6375 31.5
    endloop
  endfacet
  facet normal -0 0 1
    outer loop
      vertex -23.2592 -24.4907 31.5
      vertex -21.4233 -25.9973 31.5
      vertex -23.208 -24.4217 31.5
    endloop
  endfacet
  facet normal 0 0 1
    outer loop
      vertex -21.4233 -25.9973 31.5
      vertex -23.2592 -24.4907 31.5
      vertex -21.6375 -26.2337 31.5
    endloop
  endfacet
  facet normal -0 0 1
    outer loop
      vertex -23.3168 -24.5543 31.5
      vertex -21.6375 -26.2337 31.5
      vertex -23.2592 -24.4907 31.5
    endloop
  endfacet
  facet normal 0 0 1
    outer loop
      vertex -21.6375 -26.2337 31.5
      vertex -23.3168 -24.5543 31.5
      vertex -21.8738 -26.4478 31.5
    endloop
  endfacet
  facet normal -0 0 1
    outer loop
      vertex -23.3805 -24.6119 31.5
      vertex -21.8738 -26.4478 31.5
      vertex -23.3168 -24.5543 31.5
    endloop
  endfacet
  facet normal 0 0 1
    outer loop
      vertex -21.8738 -26.4478 31.5
      vertex -23.3805 -24.6119 31.5
      vertex -22.13 -26.6378 31.5
    endloop
  endfacet
  facet normal -0 0 1
    outer loop
      vertex -23.4494 -24.6631 31.5
      vertex -22.13 -26.6378 31.5
      vertex -23.3805 -24.6119 31.5
    endloop
  endfacet
  facet normal 0 0 1
    outer loop
      vertex -22.13 -26.6378 31.5
      vertex -23.4494 -24.6631 31.5
      vertex -22.4035 -26.8018 31.5
    endloop
  endfacet
  facet normal -0 0 1
    outer loop
      vertex -23.5231 -24.7072 31.5
      vertex -22.4035 -26.8018 31.5
      vertex -23.4494 -24.6631 31.5
    endloop
  endfacet
  facet normal 0 0 1
    outer loop
      vertex -22.4035 -26.8018 31.5
      vertex -23.5231 -24.7072 31.5
      vertex -22.6918 -26.9382 31.5
    endloop
  endfacet
  facet normal -0 0 1
    outer loop
      vertex -23.6007 -24.744 31.5
      vertex -22.6918 -26.9382 31.5
      vertex -23.5231 -24.7072 31.5
    endloop
  endfacet
  facet normal 0 0 1
    outer loop
      vertex -22.6918 -26.9382 31.5
      vertex -23.6007 -24.744 31.5
      vertex -22.9921 -27.0456 31.5
    endloop
  endfacet
  facet normal -0 0 1
    outer loop
      vertex -23.6816 -24.7729 31.5
      vertex -22.9921 -27.0456 31.5
      vertex -23.6007 -24.744 31.5
    endloop
  endfacet
  facet normal 0 0 1
    outer loop
      vertex -22.9921 -27.0456 31.5
      vertex -23.6816 -24.7729 31.5
      vertex -23.3015 -27.1231 31.5
    endloop
  endfacet
  facet normal -0 0 1
    outer loop
      vertex -23.7649 -24.7938 31.5
      vertex -23.3015 -27.1231 31.5
      vertex -23.6816 -24.7729 31.5
    endloop
  endfacet
  facet normal 0 0 1
    outer loop
      vertex -23.3015 -27.1231 31.5
      vertex -23.7649 -24.7938 31.5
      vertex -23.617 -27.1699 31.5
    endloop
  endfacet
  facet normal -0 0 1
    outer loop
      vertex -23.8498 -24.8064 31.5
      vertex -23.617 -27.1699 31.5
      vertex -23.7649 -24.7938 31.5
    endloop
  endfacet
  facet normal -0 0 1
    outer loop
      vertex -23.9356 -24.8106 31.5
      vertex -23.617 -27.1699 31.5
      vertex -23.8498 -24.8064 31.5
    endloop
  endfacet
  facet normal 0 0 1
    outer loop
      vertex -23.9356 -24.8106 31.5
      vertex -23.9356 -27.1856 31.5
      vertex -23.617 -27.1699 31.5
    endloop
  endfacet
  facet normal 0 0 1
    outer loop
      vertex -24.0213 -24.8064 31.5
      vertex -23.9356 -27.1856 31.5
      vertex -23.9356 -24.8106 31.5
    endloop
  endfacet
  facet normal 0 0 1
    outer loop
      vertex -24.4967 -27.1339 31.5
      vertex -24.0213 -24.8064 31.5
      vertex -24.1063 -24.7938 31.5
    endloop
  endfacet
  facet normal 0 0 1
    outer loop
      vertex -24.4967 -27.1339 31.5
      vertex -24.1063 -24.7938 31.5
      vertex -24.1896 -24.7729 31.5
    endloop
  endfacet
  facet normal 0 0 1
    outer loop
      vertex -24.0213 -24.8064 31.5
      vertex -24.2541 -27.1699 31.5
      vertex -23.9356 -27.1856 31.5
    endloop
  endfacet
  facet normal 0 0 1
    outer loop
      vertex -24.4967 -27.1339 31.5
      vertex -24.1896 -24.7729 31.5
      vertex -24.2704 -24.744 31.5
    endloop
  endfacet
  facet normal 0 0 1
    outer loop
      vertex -25.8801 -25.8801 31.5
      vertex -24.2704 -24.744 31.5
      vertex -24.348 -24.7072 31.5
    endloop
  endfacet
  facet normal 0 0 1
    outer loop
      vertex -25.8801 -25.8801 31.5
      vertex -24.348 -24.7072 31.5
      vertex -24.4217 -24.6631 31.5
    endloop
  endfacet
  facet normal 0 0 1
    outer loop
      vertex -25.8801 -25.8801 31.5
      vertex -24.4217 -24.6631 31.5
      vertex -24.4907 -24.6119 31.5
    endloop
  endfacet
  facet normal 0 0 1
    outer loop
      vertex -24.0213 -24.8064 31.5
      vertex -24.4967 -27.1339 31.5
      vertex -24.2541 -27.1699 31.5
    endloop
  endfacet
  facet normal 0 0 1
    outer loop
      vertex -25.8801 -25.8801 31.5
      vertex -24.4907 -24.6119 31.5
      vertex -24.5543 -24.5543 31.5
    endloop
  endfacet
  facet normal 0 0 1
    outer loop
      vertex -25.8801 -25.8801 31.5
      vertex -24.5543 -24.5543 31.5
      vertex -24.6119 -24.4907 31.5
    endloop
  endfacet
  facet normal 0 0 1
    outer loop
      vertex -25.8801 -25.8801 31.5
      vertex -24.6119 -24.4907 31.5
      vertex -24.6631 -24.4217 31.5
    endloop
  endfacet
  facet normal 0 0 1
    outer loop
      vertex -25.8801 -25.8801 31.5
      vertex -24.6631 -24.4217 31.5
      vertex -24.7072 -24.348 31.5
    endloop
  endfacet
  facet normal 0 0 1
    outer loop
      vertex -25.8801 -25.8801 31.5
      vertex -24.7072 -24.348 31.5
      vertex -24.744 -24.2704 31.5
    endloop
  endfacet
  facet normal 0 0 1
    outer loop
      vertex -25.8801 -25.8801 31.5
      vertex -24.744 -24.2704 31.5
      vertex -24.7729 -24.1896 31.5
    endloop
  endfacet
  facet normal 0 0 1
    outer loop
      vertex -27.1339 -24.4967 31.5
      vertex -24.7729 -24.1896 31.5
      vertex -24.7938 -24.1063 31.5
    endloop
  endfacet
  facet normal 0 0 1
    outer loop
      vertex -27.1339 -24.4967 31.5
      vertex -24.7938 -24.1063 31.5
      vertex -24.8064 -24.0213 31.5
    endloop
  endfacet
  facet normal -0 0 1
    outer loop
      vertex -26.6378 -22.13 31.5
      vertex -24.6631 -23.4494 31.5
      vertex -26.4478 -21.8738 31.5
    endloop
  endfacet
  facet normal 0 0 1
    outer loop
      vertex -24.6631 -23.4494 31.5
      vertex -26.6378 -22.13 31.5
      vertex -24.7072 -23.5231 31.5
    endloop
  endfacet
  facet normal -0 0 1
    outer loop
      vertex -26.8018 -22.4035 31.5
      vertex -24.7072 -23.5231 31.5
      vertex -26.6378 -22.13 31.5
    endloop
  endfacet
  facet normal 0 0 1
    outer loop
      vertex -24.7072 -23.5231 31.5
      vertex -26.8018 -22.4035 31.5
      vertex -24.744 -23.6007 31.5
    endloop
  endfacet
  facet normal -0 0 1
    outer loop
      vertex -26.9382 -22.6918 31.5
      vertex -24.744 -23.6007 31.5
      vertex -26.8018 -22.4035 31.5
    endloop
  endfacet
  facet normal 0 0 1
    outer loop
      vertex -24.2704 -24.744 31.5
      vertex -25.8801 -25.8801 31.5
      vertex -24.4967 -27.1339 31.5
    endloop
  endfacet
  facet normal 0 0 1
    outer loop
      vertex -24.744 -23.6007 31.5
      vertex -26.9382 -22.6918 31.5
      vertex -24.7729 -23.6816 31.5
    endloop
  endfacet
  facet normal -0 0 1
    outer loop
      vertex -27.0456 -22.9921 31.5
      vertex -24.7729 -23.6816 31.5
      vertex -26.9382 -22.6918 31.5
    endloop
  endfacet
  facet normal 0 0 1
    outer loop
      vertex -24.7729 -23.6816 31.5
      vertex -27.0456 -22.9921 31.5
      vertex -24.7938 -23.7649 31.5
    endloop
  endfacet
  facet normal -0 0 1
    outer loop
      vertex -27.1231 -23.3015 31.5
      vertex -24.7938 -23.7649 31.5
      vertex -27.0456 -22.9921 31.5
    endloop
  endfacet
  facet normal 0 0 1
    outer loop
      vertex -24.7938 -23.7649 31.5
      vertex -27.1231 -23.3015 31.5
      vertex -24.8064 -23.8498 31.5
    endloop
  endfacet
  facet normal -0 0 1
    outer loop
      vertex -27.1699 -23.617 31.5
      vertex -24.8064 -23.8498 31.5
      vertex -27.1231 -23.3015 31.5
    endloop
  endfacet
  facet normal 0 0 1
    outer loop
      vertex -24.8064 -23.8498 31.5
      vertex -27.1699 -23.617 31.5
      vertex -24.8106 -23.9356 31.5
    endloop
  endfacet
  facet normal 0 0 1
    outer loop
      vertex -27.1856 -23.9356 31.5
      vertex -24.8106 -23.9356 31.5
      vertex -27.1699 -23.617 31.5
    endloop
  endfacet
  facet normal 0 0 1
    outer loop
      vertex -24.8106 -23.9356 31.5
      vertex -27.1856 -23.9356 31.5
      vertex -24.8064 -24.0213 31.5
    endloop
  endfacet
  facet normal 0 -0 1
    outer loop
      vertex -27.1699 -24.2541 31.5
      vertex -24.8064 -24.0213 31.5
      vertex -27.1856 -23.9356 31.5
    endloop
  endfacet
  facet normal 0 0 1
    outer loop
      vertex -24.7729 -24.1896 31.5
      vertex -27.1339 -24.4967 31.5
      vertex -25.8801 -25.8801 31.5
    endloop
  endfacet
  facet normal 0 -0 1
    outer loop
      vertex -27.1339 -24.4967 31.5
      vertex -24.8064 -24.0213 31.5
      vertex -27.1699 -24.2541 31.5
    endloop
  endfacet
  facet normal -0.0489209 0.998803 0
    outer loop
      vertex -23.9356 -20.6856 3
      vertex -24.2541 -20.7012 31.5
      vertex -23.9356 -20.6856 31.5
    endloop
  endfacet
  facet normal -0.0489209 0.998803 0
    outer loop
      vertex -24.2541 -20.7012 31.5
      vertex -23.9356 -20.6856 3
      vertex -24.2541 -20.7012 3
    endloop
  endfacet
  facet normal -0.242978 0.970032 0
    outer loop
      vertex -24.5696 -20.748 3
      vertex -24.879 -20.8255 31.5
      vertex -24.5696 -20.748 31.5
    endloop
  endfacet
  facet normal -0.242978 0.970032 0
    outer loop
      vertex -24.879 -20.8255 31.5
      vertex -24.5696 -20.748 3
      vertex -24.879 -20.8255 3
    endloop
  endfacet
  facet normal -0.514127 0.857714 0
    outer loop
      vertex -25.4676 -21.0693 3
      vertex -25.7412 -21.2333 31.5
      vertex -25.4676 -21.0693 31.5
    endloop
  endfacet
  facet normal -0.514127 0.857714 0
    outer loop
      vertex -25.7412 -21.2333 31.5
      vertex -25.4676 -21.0693 3
      vertex -25.7412 -21.2333 3
    endloop
  endfacet
  facet normal -0.337031 0.941493 0
    outer loop
      vertex -24.879 -20.8255 3
      vertex -25.1793 -20.933 31.5
      vertex -24.879 -20.8255 31.5
    endloop
  endfacet
  facet normal -0.337031 0.941493 0
    outer loop
      vertex -25.1793 -20.933 31.5
      vertex -24.879 -20.8255 3
      vertex -25.1793 -20.933 3
    endloop
  endfacet
  facet normal -0.14673 0.989177 0
    outer loop
      vertex -24.2541 -20.7012 3
      vertex -24.5696 -20.748 31.5
      vertex -24.2541 -20.7012 31.5
    endloop
  endfacet
  facet normal -0.14673 0.989177 0
    outer loop
      vertex -24.5696 -20.748 31.5
      vertex -24.2541 -20.7012 3
      vertex -24.5696 -20.748 3
    endloop
  endfacet
  facet normal -0.427412 0.904057 0
    outer loop
      vertex -25.1793 -20.933 3
      vertex -25.4676 -21.0693 31.5
      vertex -25.1793 -20.933 31.5
    endloop
  endfacet
  facet normal -0.427412 0.904057 0
    outer loop
      vertex -25.4676 -21.0693 31.5
      vertex -25.1793 -20.933 3
      vertex -25.4676 -21.0693 3
    endloop
  endfacet
  facet normal -0.671611 0.740904 0
    outer loop
      vertex 21.8738 -21.4233 3
      vertex 21.6375 -21.6375 31.5
      vertex 21.8738 -21.4233 31.5
    endloop
  endfacet
  facet normal -0.671611 0.740904 0
    outer loop
      vertex 21.6375 -21.6375 31.5
      vertex 21.8738 -21.4233 3
      vertex 21.6375 -21.6375 3
    endloop
  endfacet
  facet normal 0.671455 0.741045 -0
    outer loop
      vertex 26.2337 -21.6375 3
      vertex 25.9973 -21.4233 31.5
      vertex 26.2337 -21.6375 31.5
    endloop
  endfacet
  facet normal 0.671455 0.741045 0
    outer loop
      vertex 25.9973 -21.4233 31.5
      vertex 26.2337 -21.6375 3
      vertex 25.9973 -21.4233 3
    endloop
  endfacet
  facet normal -0.671439 -0.74106 0
    outer loop
      vertex 21.6375 -26.2337 3
      vertex 21.8738 -26.4478 31.5
      vertex 21.6375 -26.2337 31.5
    endloop
  endfacet
  facet normal -0.671439 -0.74106 -0
    outer loop
      vertex 21.8738 -26.4478 31.5
      vertex 21.6375 -26.2337 3
      vertex 21.8738 -26.4478 3
    endloop
  endfacet
  facet normal 0.998788 0.0492184 0
    outer loop
      vertex 27.1856 -23.9356 31.5
      vertex 27.1699 -23.617 3
      vertex 27.1699 -23.617 31.5
    endloop
  endfacet
  facet normal 0.998788 0.0492184 0
    outer loop
      vertex 27.1699 -23.617 3
      vertex 27.1856 -23.9356 31.5
      vertex 27.1856 -23.9356 3
    endloop
  endfacet
  facet normal 0.0489209 0.998803 -0
    outer loop
      vertex 24.2541 -20.7012 3
      vertex 23.9356 -20.6856 31.5
      vertex 24.2541 -20.7012 31.5
    endloop
  endfacet
  facet normal 0.0489209 0.998803 0
    outer loop
      vertex 23.9356 -20.6856 31.5
      vertex 24.2541 -20.7012 3
      vertex 23.9356 -20.6856 3
    endloop
  endfacet
  facet normal 0.337031 0.941493 -0
    outer loop
      vertex 25.1793 -20.933 3
      vertex 24.879 -20.8255 31.5
      vertex 25.1793 -20.933 31.5
    endloop
  endfacet
  facet normal 0.337031 0.941493 0
    outer loop
      vertex 24.879 -20.8255 31.5
      vertex 25.1793 -20.933 3
      vertex 24.879 -20.8255 3
    endloop
  endfacet
  facet normal 0.903936 0.427668 0
    outer loop
      vertex 26.9382 -22.6918 31.5
      vertex 26.8018 -22.4035 3
      vertex 26.8018 -22.4035 31.5
    endloop
  endfacet
  facet normal 0.903936 0.427668 0
    outer loop
      vertex 26.8018 -22.4035 3
      vertex 26.9382 -22.6918 31.5
      vertex 26.9382 -22.6918 3
    endloop
  endfacet
  facet normal 0.970032 0.242978 0
    outer loop
      vertex 27.1231 -23.3015 31.5
      vertex 27.0456 -22.9921 3
      vertex 27.0456 -22.9921 31.5
    endloop
  endfacet
  facet normal 0.970032 0.242978 0
    outer loop
      vertex 27.0456 -22.9921 3
      vertex 27.1231 -23.3015 31.5
      vertex 27.1231 -23.3015 3
    endloop
  endfacet
  facet normal -0.337031 0.941493 0
    outer loop
      vertex 22.9921 -20.8255 3
      vertex 22.6918 -20.933 31.5
      vertex 22.9921 -20.8255 31.5
    endloop
  endfacet
  facet normal -0.337031 0.941493 0
    outer loop
      vertex 22.6918 -20.933 31.5
      vertex 22.9921 -20.8255 3
      vertex 22.6918 -20.933 3
    endloop
  endfacet
  facet normal 0.242978 0.970032 -0
    outer loop
      vertex 24.879 -20.8255 3
      vertex 24.5696 -20.748 31.5
      vertex 24.879 -20.8255 31.5
    endloop
  endfacet
  facet normal 0.242978 0.970032 0
    outer loop
      vertex 24.5696 -20.748 31.5
      vertex 24.879 -20.8255 3
      vertex 24.5696 -20.748 3
    endloop
  endfacet
  facet normal 0.514127 0.857714 -0
    outer loop
      vertex 25.7412 -21.2333 3
      vertex 25.4676 -21.0693 31.5
      vertex 25.7412 -21.2333 31.5
    endloop
  endfacet
  facet normal 0.514127 0.857714 0
    outer loop
      vertex 25.4676 -21.0693 31.5
      vertex 25.7412 -21.2333 3
      vertex 25.4676 -21.0693 3
    endloop
  endfacet
  facet normal -0.427668 -0.903936 0
    outer loop
      vertex 22.4035 -26.8018 3
      vertex 22.6918 -26.9382 31.5
      vertex 22.4035 -26.8018 31.5
    endloop
  endfacet
  facet normal -0.427668 -0.903936 -0
    outer loop
      vertex 22.6918 -26.9382 31.5
      vertex 22.4035 -26.8018 3
      vertex 22.6918 -26.9382 3
    endloop
  endfacet
  facet normal 0.998787 -0.0492338 0
    outer loop
      vertex 27.1699 -24.2541 31.5
      vertex 27.1856 -23.9356 3
      vertex 27.1856 -23.9356 31.5
    endloop
  endfacet
  facet normal 0.998787 -0.0492338 0
    outer loop
      vertex 27.1856 -23.9356 3
      vertex 27.1699 -24.2541 31.5
      vertex 27.1699 -24.2541 3
    endloop
  endfacet
  facet normal 0.803224 0.595677 0
    outer loop
      vertex 26.6378 -22.13 31.5
      vertex 26.4478 -21.8738 3
      vertex 26.4478 -21.8738 31.5
    endloop
  endfacet
  facet normal 0.803224 0.595677 0
    outer loop
      vertex 26.4478 -21.8738 3
      vertex 26.6378 -22.13 31.5
      vertex 26.6378 -22.13 3
    endloop
  endfacet
  facet normal 0.857631 0.514265 0
    outer loop
      vertex 26.8018 -22.4035 31.5
      vertex 26.6378 -22.13 3
      vertex 26.6378 -22.13 31.5
    endloop
  endfacet
  facet normal 0.857631 0.514265 0
    outer loop
      vertex 26.6378 -22.13 3
      vertex 26.8018 -22.4035 31.5
      vertex 26.8018 -22.4035 3
    endloop
  endfacet
  facet normal 0.74106 0.671439 0
    outer loop
      vertex 26.4478 -21.8738 31.5
      vertex 26.2337 -21.6375 3
      vertex 26.2337 -21.6375 31.5
    endloop
  endfacet
  facet normal 0.74106 0.671439 0
    outer loop
      vertex 26.2337 -21.6375 3
      vertex 26.4478 -21.8738 31.5
      vertex 26.4478 -21.8738 3
    endloop
  endfacet
  facet normal 0.941593 0.336753 0
    outer loop
      vertex 27.0456 -22.9921 31.5
      vertex 26.9382 -22.6918 3
      vertex 26.9382 -22.6918 31.5
    endloop
  endfacet
  facet normal 0.941593 0.336753 0
    outer loop
      vertex 26.9382 -22.6918 3
      vertex 27.0456 -22.9921 31.5
      vertex 27.0456 -22.9921 3
    endloop
  endfacet
  facet normal 0.989177 0.14673 0
    outer loop
      vertex 27.1699 -23.617 31.5
      vertex 27.1231 -23.3015 3
      vertex 27.1231 -23.3015 31.5
    endloop
  endfacet
  facet normal 0.989177 0.14673 0
    outer loop
      vertex 27.1231 -23.3015 3
      vertex 27.1699 -23.617 31.5
      vertex 27.1699 -23.617 3
    endloop
  endfacet
  facet normal -0.514265 0.857631 0
    outer loop
      vertex 22.4035 -21.0693 3
      vertex 22.13 -21.2333 31.5
      vertex 22.4035 -21.0693 31.5
    endloop
  endfacet
  facet normal -0.514265 0.857631 0
    outer loop
      vertex 22.13 -21.2333 31.5
      vertex 22.4035 -21.0693 3
      vertex 22.13 -21.2333 3
    endloop
  endfacet
  facet normal -0.14673 0.989177 0
    outer loop
      vertex 23.617 -20.7012 3
      vertex 23.3015 -20.748 31.5
      vertex 23.617 -20.7012 31.5
    endloop
  endfacet
  facet normal -0.14673 0.989177 0
    outer loop
      vertex 23.3015 -20.748 31.5
      vertex 23.617 -20.7012 3
      vertex 23.3015 -20.748 3
    endloop
  endfacet
  facet normal -0.0489056 0.998803 0
    outer loop
      vertex 23.9356 -20.6856 3
      vertex 23.617 -20.7012 31.5
      vertex 23.9356 -20.6856 31.5
    endloop
  endfacet
  facet normal -0.0489056 0.998803 0
    outer loop
      vertex 23.617 -20.7012 31.5
      vertex 23.9356 -20.6856 3
      vertex 23.617 -20.7012 3
    endloop
  endfacet
  facet normal -0.242978 0.970032 0
    outer loop
      vertex 23.3015 -20.748 3
      vertex 22.9921 -20.8255 31.5
      vertex 23.3015 -20.748 31.5
    endloop
  endfacet
  facet normal -0.242978 0.970032 0
    outer loop
      vertex 22.9921 -20.8255 31.5
      vertex 23.3015 -20.748 3
      vertex 22.9921 -20.8255 3
    endloop
  endfacet
  facet normal -0.427412 0.904057 0
    outer loop
      vertex 22.6918 -20.933 3
      vertex 22.4035 -21.0693 31.5
      vertex 22.6918 -20.933 31.5
    endloop
  endfacet
  facet normal -0.427412 0.904057 0
    outer loop
      vertex 22.4035 -21.0693 31.5
      vertex 22.6918 -20.933 3
      vertex 22.4035 -21.0693 3
    endloop
  endfacet
  facet normal -0.595677 0.803224 0
    outer loop
      vertex 22.13 -21.2333 3
      vertex 21.8738 -21.4233 31.5
      vertex 22.13 -21.2333 31.5
    endloop
  endfacet
  facet normal -0.595677 0.803224 0
    outer loop
      vertex 21.8738 -21.4233 31.5
      vertex 22.13 -21.2333 3
      vertex 21.8738 -21.4233 3
    endloop
  endfacet
  facet normal 0.14673 0.989177 -0
    outer loop
      vertex 24.5696 -20.748 3
      vertex 24.2541 -20.7012 31.5
      vertex 24.5696 -20.748 31.5
    endloop
  endfacet
  facet normal 0.14673 0.989177 0
    outer loop
      vertex 24.2541 -20.7012 31.5
      vertex 24.5696 -20.748 3
      vertex 24.2541 -20.7012 3
    endloop
  endfacet
  facet normal 0.427412 0.904057 -0
    outer loop
      vertex 25.4676 -21.0693 3
      vertex 25.1793 -20.933 31.5
      vertex 25.4676 -21.0693 31.5
    endloop
  endfacet
  facet normal 0.427412 0.904057 0
    outer loop
      vertex 25.1793 -20.933 31.5
      vertex 25.4676 -21.0693 3
      vertex 25.1793 -20.933 3
    endloop
  endfacet
  facet normal 0.595827 0.803113 -0
    outer loop
      vertex 25.9973 -21.4233 3
      vertex 25.7412 -21.2333 31.5
      vertex 25.9973 -21.4233 31.5
    endloop
  endfacet
  facet normal 0.595827 0.803113 0
    outer loop
      vertex 25.7412 -21.2333 31.5
      vertex 25.9973 -21.4233 3
      vertex 25.7412 -21.2333 3
    endloop
  endfacet
  facet normal 0.0492338 -0.998787 0
    outer loop
      vertex 23.9356 -27.1856 3
      vertex 24.2541 -27.1699 31.5
      vertex 23.9356 -27.1856 31.5
    endloop
  endfacet
  facet normal 0.0492338 -0.998787 0
    outer loop
      vertex 24.2541 -27.1699 31.5
      vertex 23.9356 -27.1856 3
      vertex 24.2541 -27.1699 3
    endloop
  endfacet
  facet normal 0.989168 -0.146785 0
    outer loop
      vertex 27.1339 -24.4967 31.5
      vertex 27.1699 -24.2541 3
      vertex 27.1699 -24.2541 31.5
    endloop
  endfacet
  facet normal 0.989168 -0.146785 0
    outer loop
      vertex 27.1699 -24.2541 3
      vertex 27.1339 -24.4967 31.5
      vertex 27.1339 -24.4967 3
    endloop
  endfacet
  facet normal 0.146785 -0.989168 0
    outer loop
      vertex 24.2541 -27.1699 3
      vertex 24.4967 -27.1339 31.5
      vertex 24.2541 -27.1699 31.5
    endloop
  endfacet
  facet normal 0.146785 -0.989168 0
    outer loop
      vertex 24.4967 -27.1339 31.5
      vertex 24.2541 -27.1699 3
      vertex 24.4967 -27.1339 3
    endloop
  endfacet
  facet normal -0.857714 -0.514127 0
    outer loop
      vertex 21.2333 -25.7412 3
      vertex 21.0693 -25.4676 31.5
      vertex 21.0693 -25.4676 3
    endloop
  endfacet
  facet normal -0.857714 -0.514127 0
    outer loop
      vertex 21.0693 -25.4676 31.5
      vertex 21.2333 -25.7412 3
      vertex 21.2333 -25.7412 31.5
    endloop
  endfacet
  facet normal -0.998803 0.0489056 0
    outer loop
      vertex 20.6856 -23.9356 3
      vertex 20.7012 -23.617 31.5
      vertex 20.7012 -23.617 3
    endloop
  endfacet
  facet normal -0.998803 0.0489056 0
    outer loop
      vertex 20.7012 -23.617 31.5
      vertex 20.6856 -23.9356 3
      vertex 20.6856 -23.9356 31.5
    endloop
  endfacet
  facet normal -0.904057 0.427412 0
    outer loop
      vertex 20.933 -22.6918 3
      vertex 21.0693 -22.4035 31.5
      vertex 21.0693 -22.4035 3
    endloop
  endfacet
  facet normal -0.904057 0.427412 0
    outer loop
      vertex 21.0693 -22.4035 31.5
      vertex 20.933 -22.6918 3
      vertex 20.933 -22.6918 31.5
    endloop
  endfacet
  facet normal -0.336753 -0.941593 0
    outer loop
      vertex 22.6918 -26.9382 3
      vertex 22.9921 -27.0456 31.5
      vertex 22.6918 -26.9382 31.5
    endloop
  endfacet
  facet normal -0.336753 -0.941593 -0
    outer loop
      vertex 22.9921 -27.0456 31.5
      vertex 22.6918 -26.9382 3
      vertex 22.9921 -27.0456 3
    endloop
  endfacet
  facet normal -0.904057 -0.427412 0
    outer loop
      vertex 21.0693 -25.4676 3
      vertex 20.933 -25.1793 31.5
      vertex 20.933 -25.1793 3
    endloop
  endfacet
  facet normal -0.904057 -0.427412 0
    outer loop
      vertex 20.933 -25.1793 31.5
      vertex 21.0693 -25.4676 3
      vertex 21.0693 -25.4676 31.5
    endloop
  endfacet
  facet normal -0.970032 0.242978 0
    outer loop
      vertex 20.748 -23.3015 3
      vertex 20.8255 -22.9921 31.5
      vertex 20.8255 -22.9921 3
    endloop
  endfacet
  facet normal -0.970032 0.242978 0
    outer loop
      vertex 20.8255 -22.9921 31.5
      vertex 20.748 -23.3015 3
      vertex 20.748 -23.3015 31.5
    endloop
  endfacet
  facet normal -0.941493 0.337031 0
    outer loop
      vertex 20.8255 -22.9921 3
      vertex 20.933 -22.6918 31.5
      vertex 20.933 -22.6918 3
    endloop
  endfacet
  facet normal -0.941493 0.337031 0
    outer loop
      vertex 20.933 -22.6918 31.5
      vertex 20.8255 -22.9921 3
      vertex 20.8255 -22.9921 31.5
    endloop
  endfacet
  facet normal -0.989177 0.14673 0
    outer loop
      vertex 20.7012 -23.617 3
      vertex 20.748 -23.3015 31.5
      vertex 20.748 -23.3015 3
    endloop
  endfacet
  facet normal -0.989177 0.14673 0
    outer loop
      vertex 20.748 -23.3015 31.5
      vertex 20.7012 -23.617 3
      vertex 20.7012 -23.617 31.5
    endloop
  endfacet
  facet normal -0.857631 0.514265 0
    outer loop
      vertex 21.0693 -22.4035 3
      vertex 21.2333 -22.13 31.5
      vertex 21.2333 -22.13 3
    endloop
  endfacet
  facet normal -0.857631 0.514265 0
    outer loop
      vertex 21.2333 -22.13 31.5
      vertex 21.0693 -22.4035 3
      vertex 21.0693 -22.4035 31.5
    endloop
  endfacet
  facet normal -0.803224 0.595677 0
    outer loop
      vertex 21.2333 -22.13 3
      vertex 21.4233 -21.8738 31.5
      vertex 21.4233 -21.8738 3
    endloop
  endfacet
  facet normal -0.803224 0.595677 0
    outer loop
      vertex 21.4233 -21.8738 31.5
      vertex 21.2333 -22.13 3
      vertex 21.2333 -22.13 31.5
    endloop
  endfacet
  facet normal -0.740904 0.671611 0
    outer loop
      vertex 21.4233 -21.8738 3
      vertex 21.6375 -21.6375 31.5
      vertex 21.6375 -21.6375 3
    endloop
  endfacet
  facet normal -0.740904 0.671611 0
    outer loop
      vertex 21.6375 -21.6375 31.5
      vertex 21.4233 -21.8738 3
      vertex 21.4233 -21.8738 31.5
    endloop
  endfacet
  facet normal -0.514265 -0.857631 0
    outer loop
      vertex 22.13 -26.6378 3
      vertex 22.4035 -26.8018 31.5
      vertex 22.13 -26.6378 31.5
    endloop
  endfacet
  facet normal -0.514265 -0.857631 -0
    outer loop
      vertex 22.4035 -26.8018 31.5
      vertex 22.13 -26.6378 3
      vertex 22.4035 -26.8018 3
    endloop
  endfacet
  facet normal -0.595677 -0.803224 0
    outer loop
      vertex 21.8738 -26.4478 3
      vertex 22.13 -26.6378 31.5
      vertex 21.8738 -26.4478 31.5
    endloop
  endfacet
  facet normal -0.595677 -0.803224 -0
    outer loop
      vertex 22.13 -26.6378 31.5
      vertex 21.8738 -26.4478 3
      vertex 22.13 -26.6378 3
    endloop
  endfacet
  facet normal -0.0492184 -0.998788 0
    outer loop
      vertex 23.617 -27.1699 3
      vertex 23.9356 -27.1856 31.5
      vertex 23.617 -27.1699 31.5
    endloop
  endfacet
  facet normal -0.0492184 -0.998788 -0
    outer loop
      vertex 23.9356 -27.1856 31.5
      vertex 23.617 -27.1699 3
      vertex 23.9356 -27.1856 3
    endloop
  endfacet
  facet normal -0.14673 -0.989177 0
    outer loop
      vertex 23.3015 -27.1231 3
      vertex 23.617 -27.1699 31.5
      vertex 23.3015 -27.1231 31.5
    endloop
  endfacet
  facet normal -0.14673 -0.989177 -0
    outer loop
      vertex 23.617 -27.1699 31.5
      vertex 23.3015 -27.1231 3
      vertex 23.617 -27.1699 3
    endloop
  endfacet
  facet normal -0.242978 -0.970032 0
    outer loop
      vertex 22.9921 -27.0456 3
      vertex 23.3015 -27.1231 31.5
      vertex 22.9921 -27.0456 31.5
    endloop
  endfacet
  facet normal -0.242978 -0.970032 -0
    outer loop
      vertex 23.3015 -27.1231 31.5
      vertex 22.9921 -27.0456 3
      vertex 23.3015 -27.1231 3
    endloop
  endfacet
  facet normal 0 0 1
    outer loop
      vertex 27.1699 -23.617 31.5
      vertex 24.8064 -23.8498 31.5
      vertex 24.8106 -23.9356 31.5
    endloop
  endfacet
  facet normal 0 0 1
    outer loop
      vertex 25.1793 -20.933 31.5
      vertex 24.7938 -23.7649 31.5
      vertex 24.8064 -23.8498 31.5
    endloop
  endfacet
  facet normal 0 0 1
    outer loop
      vertex 25.1793 -20.933 31.5
      vertex 24.7729 -23.6816 31.5
      vertex 24.7938 -23.7649 31.5
    endloop
  endfacet
  facet normal 0 0 1
    outer loop
      vertex 25.1793 -20.933 31.5
      vertex 24.744 -23.6007 31.5
      vertex 24.7729 -23.6816 31.5
    endloop
  endfacet
  facet normal 0 0 1
    outer loop
      vertex 25.1793 -20.933 31.5
      vertex 24.7072 -23.5231 31.5
      vertex 24.744 -23.6007 31.5
    endloop
  endfacet
  facet normal 0 0 1
    outer loop
      vertex 25.1793 -20.933 31.5
      vertex 24.6631 -23.4494 31.5
      vertex 24.7072 -23.5231 31.5
    endloop
  endfacet
  facet normal 0 0 1
    outer loop
      vertex 25.1793 -20.933 31.5
      vertex 24.6119 -23.3805 31.5
      vertex 24.6631 -23.4494 31.5
    endloop
  endfacet
  facet normal 0 0 1
    outer loop
      vertex 24.1896 -23.0982 31.5
      vertex 24.879 -20.8255 31.5
      vertex 24.5696 -20.748 31.5
    endloop
  endfacet
  facet normal 0 0 1
    outer loop
      vertex 25.1793 -20.933 31.5
      vertex 24.5543 -23.3168 31.5
      vertex 24.6119 -23.3805 31.5
    endloop
  endfacet
  facet normal 0 0 1
    outer loop
      vertex 25.1793 -20.933 31.5
      vertex 24.4907 -23.2592 31.5
      vertex 24.5543 -23.3168 31.5
    endloop
  endfacet
  facet normal 0 0 1
    outer loop
      vertex 25.1793 -20.933 31.5
      vertex 24.4217 -23.208 31.5
      vertex 24.4907 -23.2592 31.5
    endloop
  endfacet
  facet normal 0 0 1
    outer loop
      vertex 25.1793 -20.933 31.5
      vertex 24.348 -23.1639 31.5
      vertex 24.4217 -23.208 31.5
    endloop
  endfacet
  facet normal 0 0 1
    outer loop
      vertex 25.1793 -20.933 31.5
      vertex 24.2704 -23.1272 31.5
      vertex 24.348 -23.1639 31.5
    endloop
  endfacet
  facet normal 0 0 1
    outer loop
      vertex 24.1063 -23.0774 31.5
      vertex 24.5696 -20.748 31.5
      vertex 24.2541 -20.7012 31.5
    endloop
  endfacet
  facet normal 0 0 1
    outer loop
      vertex 24.879 -20.8255 31.5
      vertex 24.1896 -23.0982 31.5
      vertex 24.2704 -23.1272 31.5
    endloop
  endfacet
  facet normal 0 0 1
    outer loop
      vertex 24.5696 -20.748 31.5
      vertex 24.1063 -23.0774 31.5
      vertex 24.1896 -23.0982 31.5
    endloop
  endfacet
  facet normal 0 0 1
    outer loop
      vertex 24.2541 -20.7012 31.5
      vertex 24.0213 -23.0648 31.5
      vertex 24.1063 -23.0774 31.5
    endloop
  endfacet
  facet normal 0 0 1
    outer loop
      vertex 23.9356 -20.6856 31.5
      vertex 24.0213 -23.0648 31.5
      vertex 24.2541 -20.7012 31.5
    endloop
  endfacet
  facet normal 0 0 1
    outer loop
      vertex 23.9356 -20.6856 31.5
      vertex 23.9356 -23.0606 31.5
      vertex 24.0213 -23.0648 31.5
    endloop
  endfacet
  facet normal 0 0 1
    outer loop
      vertex 23.9356 -20.6856 31.5
      vertex 23.8498 -23.0648 31.5
      vertex 23.9356 -23.0606 31.5
    endloop
  endfacet
  facet normal -0 0 1
    outer loop
      vertex 23.617 -20.7012 31.5
      vertex 23.8498 -23.0648 31.5
      vertex 23.9356 -20.6856 31.5
    endloop
  endfacet
  facet normal 0 0 1
    outer loop
      vertex 23.8498 -23.0648 31.5
      vertex 23.617 -20.7012 31.5
      vertex 23.7649 -23.0774 31.5
    endloop
  endfacet
  facet normal -0 0 1
    outer loop
      vertex 23.3015 -20.748 31.5
      vertex 23.7649 -23.0774 31.5
      vertex 23.617 -20.7012 31.5
    endloop
  endfacet
  facet normal 0 0 1
    outer loop
      vertex 23.7649 -23.0774 31.5
      vertex 23.3015 -20.748 31.5
      vertex 23.6816 -23.0982 31.5
    endloop
  endfacet
  facet normal -0 0 1
    outer loop
      vertex 22.9921 -20.8255 31.5
      vertex 23.6816 -23.0982 31.5
      vertex 23.3015 -20.748 31.5
    endloop
  endfacet
  facet normal 0 0 1
    outer loop
      vertex 23.6816 -23.0982 31.5
      vertex 22.9921 -20.8255 31.5
      vertex 23.6007 -23.1272 31.5
    endloop
  endfacet
  facet normal -0 0 1
    outer loop
      vertex 22.6918 -20.933 31.5
      vertex 23.6007 -23.1272 31.5
      vertex 22.9921 -20.8255 31.5
    endloop
  endfacet
  facet normal 0 0 1
    outer loop
      vertex 23.6007 -23.1272 31.5
      vertex 22.6918 -20.933 31.5
      vertex 23.5231 -23.1639 31.5
    endloop
  endfacet
  facet normal -0 0 1
    outer loop
      vertex 22.4035 -21.0693 31.5
      vertex 23.5231 -23.1639 31.5
      vertex 22.6918 -20.933 31.5
    endloop
  endfacet
  facet normal 0 0 1
    outer loop
      vertex 23.5231 -23.1639 31.5
      vertex 22.4035 -21.0693 31.5
      vertex 23.4494 -23.208 31.5
    endloop
  endfacet
  facet normal -0 0 1
    outer loop
      vertex 22.13 -21.2333 31.5
      vertex 23.4494 -23.208 31.5
      vertex 22.4035 -21.0693 31.5
    endloop
  endfacet
  facet normal 0 0 1
    outer loop
      vertex 23.4494 -23.208 31.5
      vertex 22.13 -21.2333 31.5
      vertex 23.3805 -23.2592 31.5
    endloop
  endfacet
  facet normal -0 0 1
    outer loop
      vertex 21.8738 -21.4233 31.5
      vertex 23.3805 -23.2592 31.5
      vertex 22.13 -21.2333 31.5
    endloop
  endfacet
  facet normal 0 0 1
    outer loop
      vertex 23.3805 -23.2592 31.5
      vertex 21.8738 -21.4233 31.5
      vertex 23.3168 -23.3168 31.5
    endloop
  endfacet
  facet normal -0 0 1
    outer loop
      vertex 21.6375 -21.6375 31.5
      vertex 23.3168 -23.3168 31.5
      vertex 21.8738 -21.4233 31.5
    endloop
  endfacet
  facet normal 0 0 1
    outer loop
      vertex 23.3168 -23.3168 31.5
      vertex 21.6375 -21.6375 31.5
      vertex 23.2592 -23.3805 31.5
    endloop
  endfacet
  facet normal 0 0 1
    outer loop
      vertex 23.2592 -23.3805 31.5
      vertex 21.4233 -21.8738 31.5
      vertex 23.208 -23.4494 31.5
    endloop
  endfacet
  facet normal -0 0 1
    outer loop
      vertex 21.4233 -21.8738 31.5
      vertex 23.2592 -23.3805 31.5
      vertex 21.6375 -21.6375 31.5
    endloop
  endfacet
  facet normal 0 0 1
    outer loop
      vertex 24.8106 -23.9356 31.5
      vertex 27.1856 -23.9356 31.5
      vertex 27.1699 -23.617 31.5
    endloop
  endfacet
  facet normal 0 0 1
    outer loop
      vertex 27.1856 -23.9356 31.5
      vertex 24.8106 -23.9356 31.5
      vertex 27.1699 -24.2541 31.5
    endloop
  endfacet
  facet normal 0 0 1
    outer loop
      vertex 24.8064 -23.8498 31.5
      vertex 27.1699 -23.617 31.5
      vertex 27.1231 -23.3015 31.5
    endloop
  endfacet
  facet normal 0 0 1
    outer loop
      vertex 24.8064 -23.8498 31.5
      vertex 27.1231 -23.3015 31.5
      vertex 27.0456 -22.9921 31.5
    endloop
  endfacet
  facet normal 0 0 1
    outer loop
      vertex 24.8064 -23.8498 31.5
      vertex 27.0456 -22.9921 31.5
      vertex 26.9382 -22.6918 31.5
    endloop
  endfacet
  facet normal 0 0 1
    outer loop
      vertex 24.8064 -23.8498 31.5
      vertex 26.9382 -22.6918 31.5
      vertex 26.8018 -22.4035 31.5
    endloop
  endfacet
  facet normal 0 0 1
    outer loop
      vertex 24.8064 -23.8498 31.5
      vertex 26.8018 -22.4035 31.5
      vertex 26.6378 -22.13 31.5
    endloop
  endfacet
  facet normal 0 0 1
    outer loop
      vertex 24.8064 -23.8498 31.5
      vertex 26.6378 -22.13 31.5
      vertex 26.4478 -21.8738 31.5
    endloop
  endfacet
  facet normal 0 0 1
    outer loop
      vertex 24.8064 -23.8498 31.5
      vertex 26.4478 -21.8738 31.5
      vertex 26.2337 -21.6375 31.5
    endloop
  endfacet
  facet normal 0 0 1
    outer loop
      vertex 24.8064 -23.8498 31.5
      vertex 26.2337 -21.6375 31.5
      vertex 25.9973 -21.4233 31.5
    endloop
  endfacet
  facet normal -0 0 1
    outer loop
      vertex 24.8064 -24.0213 31.5
      vertex 27.1699 -24.2541 31.5
      vertex 24.8106 -23.9356 31.5
    endloop
  endfacet
  facet normal 0 0 1
    outer loop
      vertex 24.8064 -23.8498 31.5
      vertex 25.9973 -21.4233 31.5
      vertex 25.7412 -21.2333 31.5
    endloop
  endfacet
  facet normal 0 0 1
    outer loop
      vertex 24.8064 -23.8498 31.5
      vertex 25.7412 -21.2333 31.5
      vertex 25.4676 -21.0693 31.5
    endloop
  endfacet
  facet normal 0 0 1
    outer loop
      vertex 24.8064 -23.8498 31.5
      vertex 25.4676 -21.0693 31.5
      vertex 25.1793 -20.933 31.5
    endloop
  endfacet
  facet normal 0 0 1
    outer loop
      vertex 24.2704 -23.1272 31.5
      vertex 25.1793 -20.933 31.5
      vertex 24.879 -20.8255 31.5
    endloop
  endfacet
  facet normal 0 0 1
    outer loop
      vertex 27.1699 -24.2541 31.5
      vertex 24.8064 -24.0213 31.5
      vertex 27.1339 -24.4967 31.5
    endloop
  endfacet
  facet normal -0 0 1
    outer loop
      vertex 24.7938 -24.1063 31.5
      vertex 27.1339 -24.4967 31.5
      vertex 24.8064 -24.0213 31.5
    endloop
  endfacet
  facet normal -0 0 1
    outer loop
      vertex 24.7729 -24.1896 31.5
      vertex 27.1339 -24.4967 31.5
      vertex 24.7938 -24.1063 31.5
    endloop
  endfacet
  facet normal 0 0 1
    outer loop
      vertex 27.1339 -24.4967 31.5
      vertex 24.7729 -24.1896 31.5
      vertex 25.8801 -25.8801 31.5
    endloop
  endfacet
  facet normal -0 0 1
    outer loop
      vertex 24.744 -24.2704 31.5
      vertex 25.8801 -25.8801 31.5
      vertex 24.7729 -24.1896 31.5
    endloop
  endfacet
  facet normal -0 0 1
    outer loop
      vertex 24.7072 -24.348 31.5
      vertex 25.8801 -25.8801 31.5
      vertex 24.744 -24.2704 31.5
    endloop
  endfacet
  facet normal -0 0 1
    outer loop
      vertex 24.6631 -24.4217 31.5
      vertex 25.8801 -25.8801 31.5
      vertex 24.7072 -24.348 31.5
    endloop
  endfacet
  facet normal -0 0 1
    outer loop
      vertex 24.6119 -24.4907 31.5
      vertex 25.8801 -25.8801 31.5
      vertex 24.6631 -24.4217 31.5
    endloop
  endfacet
  facet normal -0 0 1
    outer loop
      vertex 24.5543 -24.5543 31.5
      vertex 25.8801 -25.8801 31.5
      vertex 24.6119 -24.4907 31.5
    endloop
  endfacet
  facet normal -0 0 1
    outer loop
      vertex 24.4907 -24.6119 31.5
      vertex 25.8801 -25.8801 31.5
      vertex 24.5543 -24.5543 31.5
    endloop
  endfacet
  facet normal -0 0 1
    outer loop
      vertex 24.4217 -24.6631 31.5
      vertex 25.8801 -25.8801 31.5
      vertex 24.4907 -24.6119 31.5
    endloop
  endfacet
  facet normal -0 0 1
    outer loop
      vertex 24.348 -24.7072 31.5
      vertex 25.8801 -25.8801 31.5
      vertex 24.4217 -24.6631 31.5
    endloop
  endfacet
  facet normal -0 0 1
    outer loop
      vertex 24.2704 -24.744 31.5
      vertex 25.8801 -25.8801 31.5
      vertex 24.348 -24.7072 31.5
    endloop
  endfacet
  facet normal 0 0 1
    outer loop
      vertex 25.8801 -25.8801 31.5
      vertex 24.2704 -24.744 31.5
      vertex 24.4967 -27.1339 31.5
    endloop
  endfacet
  facet normal -0 0 1
    outer loop
      vertex 24.1896 -24.7729 31.5
      vertex 24.4967 -27.1339 31.5
      vertex 24.2704 -24.744 31.5
    endloop
  endfacet
  facet normal -0 0 1
    outer loop
      vertex 24.1063 -24.7938 31.5
      vertex 24.4967 -27.1339 31.5
      vertex 24.1896 -24.7729 31.5
    endloop
  endfacet
  facet normal -0 0 1
    outer loop
      vertex 24.0213 -24.8064 31.5
      vertex 24.4967 -27.1339 31.5
      vertex 24.1063 -24.7938 31.5
    endloop
  endfacet
  facet normal 0 0 1
    outer loop
      vertex 24.4967 -27.1339 31.5
      vertex 24.0213 -24.8064 31.5
      vertex 24.2541 -27.1699 31.5
    endloop
  endfacet
  facet normal -0 0 1
    outer loop
      vertex 23.9356 -24.8106 31.5
      vertex 24.2541 -27.1699 31.5
      vertex 24.0213 -24.8064 31.5
    endloop
  endfacet
  facet normal 0 0 1
    outer loop
      vertex 23.9356 -24.8106 31.5
      vertex 23.9356 -27.1856 31.5
      vertex 24.2541 -27.1699 31.5
    endloop
  endfacet
  facet normal 0 0 1
    outer loop
      vertex 23.8498 -24.8064 31.5
      vertex 23.9356 -27.1856 31.5
      vertex 23.9356 -24.8106 31.5
    endloop
  endfacet
  facet normal 0 0 1
    outer loop
      vertex 23.617 -27.1699 31.5
      vertex 23.8498 -24.8064 31.5
      vertex 23.7649 -24.7938 31.5
    endloop
  endfacet
  facet normal 0 0 1
    outer loop
      vertex 23.3015 -27.1231 31.5
      vertex 23.7649 -24.7938 31.5
      vertex 23.6816 -24.7729 31.5
    endloop
  endfacet
  facet normal 0 0 1
    outer loop
      vertex 23.8498 -24.8064 31.5
      vertex 23.617 -27.1699 31.5
      vertex 23.9356 -27.1856 31.5
    endloop
  endfacet
  facet normal 0 0 1
    outer loop
      vertex 22.9921 -27.0456 31.5
      vertex 23.6816 -24.7729 31.5
      vertex 23.6007 -24.744 31.5
    endloop
  endfacet
  facet normal 0 0 1
    outer loop
      vertex 22.6918 -26.9382 31.5
      vertex 23.6007 -24.744 31.5
      vertex 23.5231 -24.7072 31.5
    endloop
  endfacet
  facet normal 0 0 1
    outer loop
      vertex 22.4035 -26.8018 31.5
      vertex 23.5231 -24.7072 31.5
      vertex 23.4494 -24.6631 31.5
    endloop
  endfacet
  facet normal 0 0 1
    outer loop
      vertex 22.13 -26.6378 31.5
      vertex 23.4494 -24.6631 31.5
      vertex 23.3805 -24.6119 31.5
    endloop
  endfacet
  facet normal 0 0 1
    outer loop
      vertex 21.8738 -26.4478 31.5
      vertex 23.3805 -24.6119 31.5
      vertex 23.3168 -24.5543 31.5
    endloop
  endfacet
  facet normal 0 0 1
    outer loop
      vertex 23.7649 -24.7938 31.5
      vertex 23.3015 -27.1231 31.5
      vertex 23.617 -27.1699 31.5
    endloop
  endfacet
  facet normal 0 0 1
    outer loop
      vertex 21.6375 -26.2337 31.5
      vertex 23.3168 -24.5543 31.5
      vertex 23.2592 -24.4907 31.5
    endloop
  endfacet
  facet normal 0 0 1
    outer loop
      vertex 21.4233 -25.9973 31.5
      vertex 23.2592 -24.4907 31.5
      vertex 23.208 -24.4217 31.5
    endloop
  endfacet
  facet normal 0 0 1
    outer loop
      vertex 21.2333 -25.7412 31.5
      vertex 23.208 -24.4217 31.5
      vertex 23.1639 -24.348 31.5
    endloop
  endfacet
  facet normal 0 0 1
    outer loop
      vertex 21.0693 -25.4676 31.5
      vertex 23.1639 -24.348 31.5
      vertex 23.1272 -24.2704 31.5
    endloop
  endfacet
  facet normal 0 0 1
    outer loop
      vertex 20.933 -25.1793 31.5
      vertex 23.1272 -24.2704 31.5
      vertex 23.0982 -24.1896 31.5
    endloop
  endfacet
  facet normal 0 0 1
    outer loop
      vertex 20.8255 -24.879 31.5
      vertex 23.0982 -24.1896 31.5
      vertex 23.0774 -24.1063 31.5
    endloop
  endfacet
  facet normal 0 0 1
    outer loop
      vertex 20.748 -24.5696 31.5
      vertex 23.0774 -24.1063 31.5
      vertex 23.0648 -24.0213 31.5
    endloop
  endfacet
  facet normal 0 0 1
    outer loop
      vertex 23.6816 -24.7729 31.5
      vertex 22.9921 -27.0456 31.5
      vertex 23.3015 -27.1231 31.5
    endloop
  endfacet
  facet normal 0 0 1
    outer loop
      vertex 20.7012 -24.2541 31.5
      vertex 23.0648 -24.0213 31.5
      vertex 23.0606 -23.9356 31.5
    endloop
  endfacet
  facet normal -0 0 1
    outer loop
      vertex 21.2333 -22.13 31.5
      vertex 23.208 -23.4494 31.5
      vertex 21.4233 -21.8738 31.5
    endloop
  endfacet
  facet normal 0 0 1
    outer loop
      vertex 23.208 -23.4494 31.5
      vertex 21.2333 -22.13 31.5
      vertex 23.1639 -23.5231 31.5
    endloop
  endfacet
  facet normal 0 0 1
    outer loop
      vertex 23.6007 -24.744 31.5
      vertex 22.6918 -26.9382 31.5
      vertex 22.9921 -27.0456 31.5
    endloop
  endfacet
  facet normal -0 0 1
    outer loop
      vertex 21.0693 -22.4035 31.5
      vertex 23.1639 -23.5231 31.5
      vertex 21.2333 -22.13 31.5
    endloop
  endfacet
  facet normal 0 0 1
    outer loop
      vertex 23.5231 -24.7072 31.5
      vertex 22.4035 -26.8018 31.5
      vertex 22.6918 -26.9382 31.5
    endloop
  endfacet
  facet normal 0 0 1
    outer loop
      vertex 23.1639 -23.5231 31.5
      vertex 21.0693 -22.4035 31.5
      vertex 23.1272 -23.6007 31.5
    endloop
  endfacet
  facet normal 0 0 1
    outer loop
      vertex 23.4494 -24.6631 31.5
      vertex 22.13 -26.6378 31.5
      vertex 22.4035 -26.8018 31.5
    endloop
  endfacet
  facet normal -0 0 1
    outer loop
      vertex 20.933 -22.6918 31.5
      vertex 23.1272 -23.6007 31.5
      vertex 21.0693 -22.4035 31.5
    endloop
  endfacet
  facet normal 0 0 1
    outer loop
      vertex 23.3805 -24.6119 31.5
      vertex 21.8738 -26.4478 31.5
      vertex 22.13 -26.6378 31.5
    endloop
  endfacet
  facet normal 0 0 1
    outer loop
      vertex 23.1272 -23.6007 31.5
      vertex 20.933 -22.6918 31.5
      vertex 23.0982 -23.6816 31.5
    endloop
  endfacet
  facet normal 0 0 1
    outer loop
      vertex 23.3168 -24.5543 31.5
      vertex 21.6375 -26.2337 31.5
      vertex 21.8738 -26.4478 31.5
    endloop
  endfacet
  facet normal -0 0 1
    outer loop
      vertex 20.8255 -22.9921 31.5
      vertex 23.0982 -23.6816 31.5
      vertex 20.933 -22.6918 31.5
    endloop
  endfacet
  facet normal 0 0 1
    outer loop
      vertex 23.2592 -24.4907 31.5
      vertex 21.4233 -25.9973 31.5
      vertex 21.6375 -26.2337 31.5
    endloop
  endfacet
  facet normal 0 0 1
    outer loop
      vertex 23.0982 -23.6816 31.5
      vertex 20.8255 -22.9921 31.5
      vertex 23.0774 -23.7649 31.5
    endloop
  endfacet
  facet normal 0 0 1
    outer loop
      vertex 23.208 -24.4217 31.5
      vertex 21.2333 -25.7412 31.5
      vertex 21.4233 -25.9973 31.5
    endloop
  endfacet
  facet normal -0 0 1
    outer loop
      vertex 20.748 -23.3015 31.5
      vertex 23.0774 -23.7649 31.5
      vertex 20.8255 -22.9921 31.5
    endloop
  endfacet
  facet normal 0 0 1
    outer loop
      vertex 23.1639 -24.348 31.5
      vertex 21.0693 -25.4676 31.5
      vertex 21.2333 -25.7412 31.5
    endloop
  endfacet
  facet normal 0 0 1
    outer loop
      vertex 23.0774 -23.7649 31.5
      vertex 20.748 -23.3015 31.5
      vertex 23.0648 -23.8498 31.5
    endloop
  endfacet
  facet normal 0 0 1
    outer loop
      vertex 23.1272 -24.2704 31.5
      vertex 20.933 -25.1793 31.5
      vertex 21.0693 -25.4676 31.5
    endloop
  endfacet
  facet normal -0 0 1
    outer loop
      vertex 20.7012 -23.617 31.5
      vertex 23.0648 -23.8498 31.5
      vertex 20.748 -23.3015 31.5
    endloop
  endfacet
  facet normal 0 0 1
    outer loop
      vertex 23.0982 -24.1896 31.5
      vertex 20.8255 -24.879 31.5
      vertex 20.933 -25.1793 31.5
    endloop
  endfacet
  facet normal 0 0 1
    outer loop
      vertex 23.0648 -23.8498 31.5
      vertex 20.7012 -23.617 31.5
      vertex 23.0606 -23.9356 31.5
    endloop
  endfacet
  facet normal 0 0 1
    outer loop
      vertex 23.0774 -24.1063 31.5
      vertex 20.748 -24.5696 31.5
      vertex 20.8255 -24.879 31.5
    endloop
  endfacet
  facet normal 0 0 1
    outer loop
      vertex 20.6856 -23.9356 31.5
      vertex 23.0606 -23.9356 31.5
      vertex 20.7012 -23.617 31.5
    endloop
  endfacet
  facet normal 0 0 1
    outer loop
      vertex 23.0648 -24.0213 31.5
      vertex 20.7012 -24.2541 31.5
      vertex 20.748 -24.5696 31.5
    endloop
  endfacet
  facet normal 0 0 1
    outer loop
      vertex 23.0606 -23.9356 31.5
      vertex 20.6856 -23.9356 31.5
      vertex 20.7012 -24.2541 31.5
    endloop
  endfacet
  facet normal -0.803113 -0.595827 0
    outer loop
      vertex 21.4233 -25.9973 3
      vertex 21.2333 -25.7412 31.5
      vertex 21.2333 -25.7412 3
    endloop
  endfacet
  facet normal -0.803113 -0.595827 0
    outer loop
      vertex 21.2333 -25.7412 31.5
      vertex 21.4233 -25.9973 3
      vertex 21.4233 -25.9973 31.5
    endloop
  endfacet
  facet normal -0.741045 -0.671455 0
    outer loop
      vertex 21.6375 -26.2337 3
      vertex 21.4233 -25.9973 31.5
      vertex 21.4233 -25.9973 3
    endloop
  endfacet
  facet normal -0.741045 -0.671455 0
    outer loop
      vertex 21.4233 -25.9973 31.5
      vertex 21.6375 -26.2337 3
      vertex 21.6375 -26.2337 31.5
    endloop
  endfacet
  facet normal -0.970032 -0.242978 0
    outer loop
      vertex 20.8255 -24.879 3
      vertex 20.748 -24.5696 31.5
      vertex 20.748 -24.5696 3
    endloop
  endfacet
  facet normal -0.970032 -0.242978 0
    outer loop
      vertex 20.748 -24.5696 31.5
      vertex 20.8255 -24.879 3
      vertex 20.8255 -24.879 31.5
    endloop
  endfacet
  facet normal -0.989177 -0.14673 0
    outer loop
      vertex 20.748 -24.5696 3
      vertex 20.7012 -24.2541 31.5
      vertex 20.7012 -24.2541 3
    endloop
  endfacet
  facet normal -0.989177 -0.14673 0
    outer loop
      vertex 20.7012 -24.2541 31.5
      vertex 20.748 -24.5696 3
      vertex 20.748 -24.5696 31.5
    endloop
  endfacet
  facet normal -0.998803 -0.0489209 0
    outer loop
      vertex 20.7012 -24.2541 3
      vertex 20.6856 -23.9356 31.5
      vertex 20.6856 -23.9356 3
    endloop
  endfacet
  facet normal -0.998803 -0.0489209 0
    outer loop
      vertex 20.6856 -23.9356 31.5
      vertex 20.7012 -24.2541 3
      vertex 20.7012 -24.2541 31.5
    endloop
  endfacet
  facet normal -0.941493 -0.337031 0
    outer loop
      vertex 20.933 -25.1793 3
      vertex 20.8255 -24.879 31.5
      vertex 20.8255 -24.879 3
    endloop
  endfacet
  facet normal -0.941493 -0.337031 0
    outer loop
      vertex 20.8255 -24.879 31.5
      vertex 20.933 -25.1793 3
      vertex 20.933 -25.1793 31.5
    endloop
  endfacet
  facet normal -0.336986 0.94151 0
    outer loop
      vertex -20.3209 2.87082 3
      vertex -20.598 2.77164 9
      vertex -20.3209 2.87082 9
    endloop
  endfacet
  facet normal -0.336986 0.94151 0
    outer loop
      vertex -20.598 2.77164 9
      vertex -20.3209 2.87082 3
      vertex -20.598 2.77164 3
    endloop
  endfacet
  facet normal -0.904088 0.427347 0
    outer loop
      vertex -22.2216 1.14805 3
      vertex -22.0958 1.41419 9
      vertex -22.0958 1.41419 3
    endloop
  endfacet
  facet normal -0.904088 0.427347 0
    outer loop
      vertex -22.0958 1.41419 9
      vertex -22.2216 1.14805 3
      vertex -22.2216 1.14805 9
    endloop
  endfacet
  facet normal 0.427622 0.903958 -0
    outer loop
      vertex -18.0358 2.64576 3
      vertex -18.3019 2.77164 9
      vertex -18.0358 2.64576 9
    endloop
  endfacet
  facet normal 0.427622 0.903958 0
    outer loop
      vertex -18.3019 2.77164 9
      vertex -18.0358 2.64576 3
      vertex -18.3019 2.77164 3
    endloop
  endfacet
  facet normal 0.146712 0.989179 -0
    outer loop
      vertex -18.8647 2.94236 3
      vertex -19.1559 2.98555 9
      vertex -18.8647 2.94236 9
    endloop
  endfacet
  facet normal 0.146712 0.989179 0
    outer loop
      vertex -19.1559 2.98555 9
      vertex -18.8647 2.94236 3
      vertex -19.1559 2.98555 3
    endloop
  endfacet
  facet normal -0.989176 0.146736 0
    outer loop
      vertex -22.4356 0.294051 3
      vertex -22.3924 0.585271 9
      vertex -22.3924 0.585271 3
    endloop
  endfacet
  facet normal -0.989176 0.146736 0
    outer loop
      vertex -22.3924 0.585271 9
      vertex -22.4356 0.294051 3
      vertex -22.4356 0.294051 9
    endloop
  endfacet
  facet normal -0.740969 0.671539 0
    outer loop
      vertex -21.769 1.90318 3
      vertex -21.5713 2.12132 9
      vertex -21.5713 2.12132 3
    endloop
  endfacet
  facet normal -0.740969 0.671539 0
    outer loop
      vertex -21.5713 2.12132 9
      vertex -21.769 1.90318 3
      vertex -21.769 1.90318 9
    endloop
  endfacet
  facet normal -0.146712 0.989179 0
    outer loop
      vertex -19.7441 2.98555 3
      vertex -20.0353 2.94236 9
      vertex -19.7441 2.98555 9
    endloop
  endfacet
  facet normal -0.146712 0.989179 0
    outer loop
      vertex -20.0353 2.94236 9
      vertex -19.7441 2.98555 3
      vertex -20.0353 2.94236 3
    endloop
  endfacet
  facet normal -0.146712 -0.989179 0
    outer loop
      vertex -20.0353 -2.94236 3
      vertex -19.7441 -2.98555 9
      vertex -20.0353 -2.94236 9
    endloop
  endfacet
  facet normal -0.146712 -0.989179 -0
    outer loop
      vertex -19.7441 -2.98555 9
      vertex -20.0353 -2.94236 3
      vertex -19.7441 -2.98555 3
    endloop
  endfacet
  facet normal -0.671625 -0.740891 0
    outer loop
      vertex -21.5713 -2.12132 3
      vertex -21.3532 -2.31903 9
      vertex -21.5713 -2.12132 9
    endloop
  endfacet
  facet normal -0.671625 -0.740891 -0
    outer loop
      vertex -21.3532 -2.31903 9
      vertex -21.5713 -2.12132 3
      vertex -21.3532 -2.31903 3
    endloop
  endfacet
  facet normal 0 0 1
    outer loop
      vertex -18.5152 0.808394 9
      vertex -17.6 2.35847 9
      vertex -17.7833 2.49441 9
    endloop
  endfacet
  facet normal 0 0 1
    outer loop
      vertex -17.6 2.35847 9
      vertex -17.975 0 9
      vertex -17.6 -2.35847 9
    endloop
  endfacet
  facet normal -0 0 1
    outer loop
      vertex -17.9792 -0.0857649 9
      vertex -17.6 -2.35847 9
      vertex -17.975 0 9
    endloop
  endfacet
  facet normal 0 0 1
    outer loop
      vertex -17.6 2.35847 9
      vertex -17.9792 0.0857649 9
      vertex -17.975 0 9
    endloop
  endfacet
  facet normal 0 0 1
    outer loop
      vertex -17.6 2.35847 9
      vertex -17.9918 0.170704 9
      vertex -17.9792 0.0857649 9
    endloop
  endfacet
  facet normal 0 0 1
    outer loop
      vertex -17.6 2.35847 9
      vertex -18.0127 0.253999 9
      vertex -17.9918 0.170704 9
    endloop
  endfacet
  facet normal 0 0 1
    outer loop
      vertex -18.596 0.837322 9
      vertex -17.7833 2.49441 9
      vertex -18.0358 2.64576 9
    endloop
  endfacet
  facet normal 0 0 1
    outer loop
      vertex -17.6 2.35847 9
      vertex -18.0416 0.334847 9
      vertex -18.0127 0.253999 9
    endloop
  endfacet
  facet normal 0 0 1
    outer loop
      vertex -17.6 2.35847 9
      vertex -18.0783 0.412472 9
      vertex -18.0416 0.334847 9
    endloop
  endfacet
  facet normal 0 0 1
    outer loop
      vertex -17.6 2.35847 9
      vertex -18.1225 0.486123 9
      vertex -18.0783 0.412472 9
    endloop
  endfacet
  facet normal 0 0 1
    outer loop
      vertex -17.6 2.35847 9
      vertex -18.1736 0.555094 9
      vertex -18.1225 0.486123 9
    endloop
  endfacet
  facet normal 0 0 1
    outer loop
      vertex -17.6 2.35847 9
      vertex -18.2313 0.618718 9
      vertex -18.1736 0.555094 9
    endloop
  endfacet
  facet normal 0 0 1
    outer loop
      vertex -17.6 2.35847 9
      vertex -18.2949 0.676384 9
      vertex -18.2313 0.618718 9
    endloop
  endfacet
  facet normal 0 0 1
    outer loop
      vertex -18.6793 0.858187 9
      vertex -18.0358 2.64576 9
      vertex -18.3019 2.77164 9
    endloop
  endfacet
  facet normal 0 0 1
    outer loop
      vertex -17.6 2.35847 9
      vertex -18.3639 0.727535 9
      vertex -18.2949 0.676384 9
    endloop
  endfacet
  facet normal 0 0 1
    outer loop
      vertex -17.6 2.35847 9
      vertex -18.4375 0.771681 9
      vertex -18.3639 0.727535 9
    endloop
  endfacet
  facet normal 0 0 1
    outer loop
      vertex -17.6 2.35847 9
      vertex -18.5152 0.808394 9
      vertex -18.4375 0.771681 9
    endloop
  endfacet
  facet normal 0 0 1
    outer loop
      vertex -18.85 0.875 9
      vertex -18.3019 2.77164 9
      vertex -18.5791 2.87082 9
    endloop
  endfacet
  facet normal 0 0 1
    outer loop
      vertex -17.7833 2.49441 9
      vertex -18.596 0.837322 9
      vertex -18.5152 0.808394 9
    endloop
  endfacet
  facet normal 0 0 1
    outer loop
      vertex -18.0358 2.64576 9
      vertex -18.6793 0.858187 9
      vertex -18.596 0.837322 9
    endloop
  endfacet
  facet normal 0 0 1
    outer loop
      vertex -18.3019 2.77164 9
      vertex -18.7642 0.870786 9
      vertex -18.6793 0.858187 9
    endloop
  endfacet
  facet normal 0 0 1
    outer loop
      vertex -18.3019 2.77164 9
      vertex -18.85 0.875 9
      vertex -18.7642 0.870786 9
    endloop
  endfacet
  facet normal 0 0 1
    outer loop
      vertex -18.8647 2.94236 9
      vertex -18.85 0.875 9
      vertex -18.5791 2.87082 9
    endloop
  endfacet
  facet normal 0 0 1
    outer loop
      vertex -19.1559 2.98555 9
      vertex -18.85 0.875 9
      vertex -18.8647 2.94236 9
    endloop
  endfacet
  facet normal 0 0 1
    outer loop
      vertex -19.45 3 9
      vertex -18.85 0.875 9
      vertex -19.1559 2.98555 9
    endloop
  endfacet
  facet normal 0 0 1
    outer loop
      vertex -20.05 0.875 9
      vertex -19.45 3 9
      vertex -19.7441 2.98555 9
    endloop
  endfacet
  facet normal 0 0 1
    outer loop
      vertex -20.05 0.875 9
      vertex -19.7441 2.98555 9
      vertex -20.0353 2.94236 9
    endloop
  endfacet
  facet normal 0 0 1
    outer loop
      vertex -19.45 3 9
      vertex -20.05 0.875 9
      vertex -18.85 0.875 9
    endloop
  endfacet
  facet normal -0 0 1
    outer loop
      vertex -20.3209 2.87082 9
      vertex -20.05 0.875 9
      vertex -20.0353 2.94236 9
    endloop
  endfacet
  facet normal -0 0 1
    outer loop
      vertex -20.598 2.77164 9
      vertex -20.05 0.875 9
      vertex -20.3209 2.87082 9
    endloop
  endfacet
  facet normal 0 0 1
    outer loop
      vertex -20.05 0.875 9
      vertex -20.598 2.77164 9
      vertex -20.1358 0.870786 9
    endloop
  endfacet
  facet normal 0 0 1
    outer loop
      vertex -20.1358 0.870786 9
      vertex -20.598 2.77164 9
      vertex -20.2207 0.858187 9
    endloop
  endfacet
  facet normal -0 0 1
    outer loop
      vertex -20.8642 2.64576 9
      vertex -20.2207 0.858187 9
      vertex -20.598 2.77164 9
    endloop
  endfacet
  facet normal 0 0 1
    outer loop
      vertex -20.2207 0.858187 9
      vertex -20.8642 2.64576 9
      vertex -20.304 0.837322 9
    endloop
  endfacet
  facet normal -0 0 1
    outer loop
      vertex -21.1167 2.49441 9
      vertex -20.304 0.837322 9
      vertex -20.8642 2.64576 9
    endloop
  endfacet
  facet normal 0 0 1
    outer loop
      vertex -20.304 0.837322 9
      vertex -21.1167 2.49441 9
      vertex -20.3848 0.808394 9
    endloop
  endfacet
  facet normal -0 0 1
    outer loop
      vertex -21.3532 2.31903 9
      vertex -20.3848 0.808394 9
      vertex -21.1167 2.49441 9
    endloop
  endfacet
  facet normal 0 0 1
    outer loop
      vertex -20.3848 0.808394 9
      vertex -21.3532 2.31903 9
      vertex -20.4625 0.771681 9
    endloop
  endfacet
  facet normal -0 0 1
    outer loop
      vertex -21.5713 2.12132 9
      vertex -20.4625 0.771681 9
      vertex -21.3532 2.31903 9
    endloop
  endfacet
  facet normal 0 0 1
    outer loop
      vertex -20.4625 0.771681 9
      vertex -21.5713 2.12132 9
      vertex -20.5361 0.727535 9
    endloop
  endfacet
  facet normal -0 0 1
    outer loop
      vertex -21.769 1.90318 9
      vertex -20.5361 0.727535 9
      vertex -21.5713 2.12132 9
    endloop
  endfacet
  facet normal 0 0 1
    outer loop
      vertex -20.5361 0.727535 9
      vertex -21.769 1.90318 9
      vertex -20.6051 0.676384 9
    endloop
  endfacet
  facet normal -0 0 1
    outer loop
      vertex -21.9444 1.66671 9
      vertex -20.6051 0.676384 9
      vertex -21.769 1.90318 9
    endloop
  endfacet
  facet normal 0 0 1
    outer loop
      vertex -20.6051 0.676384 9
      vertex -21.9444 1.66671 9
      vertex -20.6687 0.618718 9
    endloop
  endfacet
  facet normal 0 0 1
    outer loop
      vertex -20.6687 0.618718 9
      vertex -21.9444 1.66671 9
      vertex -20.7264 0.555094 9
    endloop
  endfacet
  facet normal -0 0 1
    outer loop
      vertex -22.0958 1.41419 9
      vertex -20.7264 0.555094 9
      vertex -21.9444 1.66671 9
    endloop
  endfacet
  facet normal 0 0 1
    outer loop
      vertex -20.7264 0.555094 9
      vertex -22.0958 1.41419 9
      vertex -20.7775 0.486123 9
    endloop
  endfacet
  facet normal -0 0 1
    outer loop
      vertex -22.2216 1.14805 9
      vertex -20.7775 0.486123 9
      vertex -22.0958 1.41419 9
    endloop
  endfacet
  facet normal -0 0 1
    outer loop
      vertex -17.9918 -0.170704 9
      vertex -17.6 -2.35847 9
      vertex -17.9792 -0.0857649 9
    endloop
  endfacet
  facet normal -0 0 1
    outer loop
      vertex -18.0127 -0.253999 9
      vertex -17.6 -2.35847 9
      vertex -17.9918 -0.170704 9
    endloop
  endfacet
  facet normal -0 0 1
    outer loop
      vertex -18.0416 -0.334847 9
      vertex -17.6 -2.35847 9
      vertex -18.0127 -0.253999 9
    endloop
  endfacet
  facet normal -0 0 1
    outer loop
      vertex -18.0783 -0.412472 9
      vertex -17.6 -2.35847 9
      vertex -18.0416 -0.334847 9
    endloop
  endfacet
  facet normal -0 0 1
    outer loop
      vertex -18.1225 -0.486123 9
      vertex -17.6 -2.35847 9
      vertex -18.0783 -0.412472 9
    endloop
  endfacet
  facet normal -0 0 1
    outer loop
      vertex -18.1736 -0.555094 9
      vertex -17.6 -2.35847 9
      vertex -18.1225 -0.486123 9
    endloop
  endfacet
  facet normal -0 0 1
    outer loop
      vertex -18.2313 -0.618718 9
      vertex -17.6 -2.35847 9
      vertex -18.1736 -0.555094 9
    endloop
  endfacet
  facet normal -0 0 1
    outer loop
      vertex -18.2949 -0.676384 9
      vertex -17.6 -2.35847 9
      vertex -18.2313 -0.618718 9
    endloop
  endfacet
  facet normal -0 0 1
    outer loop
      vertex -18.3639 -0.727535 9
      vertex -17.6 -2.35847 9
      vertex -18.2949 -0.676384 9
    endloop
  endfacet
  facet normal -0 0 1
    outer loop
      vertex -18.4375 -0.771681 9
      vertex -17.6 -2.35847 9
      vertex -18.3639 -0.727535 9
    endloop
  endfacet
  facet normal -0 0 1
    outer loop
      vertex -18.5152 -0.808394 9
      vertex -17.6 -2.35847 9
      vertex -18.4375 -0.771681 9
    endloop
  endfacet
  facet normal 0 0 1
    outer loop
      vertex -17.6 -2.35847 9
      vertex -18.5152 -0.808394 9
      vertex -17.7833 -2.49441 9
    endloop
  endfacet
  facet normal -0 0 1
    outer loop
      vertex -18.596 -0.837322 9
      vertex -17.7833 -2.49441 9
      vertex -18.5152 -0.808394 9
    endloop
  endfacet
  facet normal 0 0 1
    outer loop
      vertex -17.7833 -2.49441 9
      vertex -18.596 -0.837322 9
      vertex -18.0358 -2.64576 9
    endloop
  endfacet
  facet normal -0 0 1
    outer loop
      vertex -18.6793 -0.858187 9
      vertex -18.0358 -2.64576 9
      vertex -18.596 -0.837322 9
    endloop
  endfacet
  facet normal 0 0 1
    outer loop
      vertex -18.0358 -2.64576 9
      vertex -18.6793 -0.858187 9
      vertex -18.3019 -2.77164 9
    endloop
  endfacet
  facet normal -0 0 1
    outer loop
      vertex -18.7642 -0.870786 9
      vertex -18.3019 -2.77164 9
      vertex -18.6793 -0.858187 9
    endloop
  endfacet
  facet normal -0 0 1
    outer loop
      vertex -18.85 -0.875 9
      vertex -18.3019 -2.77164 9
      vertex -18.7642 -0.870786 9
    endloop
  endfacet
  facet normal 0 0 1
    outer loop
      vertex -18.3019 -2.77164 9
      vertex -18.85 -0.875 9
      vertex -18.5791 -2.87082 9
    endloop
  endfacet
  facet normal 0 0 1
    outer loop
      vertex -18.85 -0.875 9
      vertex -18.8647 -2.94236 9
      vertex -18.5791 -2.87082 9
    endloop
  endfacet
  facet normal 0 0 1
    outer loop
      vertex -18.85 -0.875 9
      vertex -19.1559 -2.98555 9
      vertex -18.8647 -2.94236 9
    endloop
  endfacet
  facet normal 0 0 1
    outer loop
      vertex -18.85 -0.875 9
      vertex -19.45 -3 9
      vertex -19.1559 -2.98555 9
    endloop
  endfacet
  facet normal -0 0 1
    outer loop
      vertex -20.05 -0.875 9
      vertex -19.45 -3 9
      vertex -18.85 -0.875 9
    endloop
  endfacet
  facet normal 0 0 1
    outer loop
      vertex -19.45 -3 9
      vertex -20.05 -0.875 9
      vertex -19.7441 -2.98555 9
    endloop
  endfacet
  facet normal 0 0 1
    outer loop
      vertex -19.7441 -2.98555 9
      vertex -20.05 -0.875 9
      vertex -20.0353 -2.94236 9
    endloop
  endfacet
  facet normal 0 0 1
    outer loop
      vertex -20.598 -2.77164 9
      vertex -20.05 -0.875 9
      vertex -20.1358 -0.870786 9
    endloop
  endfacet
  facet normal 0 0 1
    outer loop
      vertex -20.598 -2.77164 9
      vertex -20.1358 -0.870786 9
      vertex -20.2207 -0.858187 9
    endloop
  endfacet
  facet normal 0 0 1
    outer loop
      vertex -20.8642 -2.64576 9
      vertex -20.2207 -0.858187 9
      vertex -20.304 -0.837322 9
    endloop
  endfacet
  facet normal 0 0 1
    outer loop
      vertex -20.05 -0.875 9
      vertex -20.3209 -2.87082 9
      vertex -20.0353 -2.94236 9
    endloop
  endfacet
  facet normal 0 0 1
    outer loop
      vertex -21.1167 -2.49441 9
      vertex -20.304 -0.837322 9
      vertex -20.3848 -0.808394 9
    endloop
  endfacet
  facet normal 0 0 1
    outer loop
      vertex -21.3532 -2.31903 9
      vertex -20.3848 -0.808394 9
      vertex -20.4625 -0.771681 9
    endloop
  endfacet
  facet normal 0 0 1
    outer loop
      vertex -21.5713 -2.12132 9
      vertex -20.4625 -0.771681 9
      vertex -20.5361 -0.727535 9
    endloop
  endfacet
  facet normal 0 0 1
    outer loop
      vertex -20.05 -0.875 9
      vertex -20.598 -2.77164 9
      vertex -20.3209 -2.87082 9
    endloop
  endfacet
  facet normal 0 0 1
    outer loop
      vertex -21.769 -1.90318 9
      vertex -20.5361 -0.727535 9
      vertex -20.6051 -0.676384 9
    endloop
  endfacet
  facet normal 0 0 1
    outer loop
      vertex -21.9444 -1.66671 9
      vertex -20.6051 -0.676384 9
      vertex -20.6687 -0.618718 9
    endloop
  endfacet
  facet normal 0 0 1
    outer loop
      vertex -21.9444 -1.66671 9
      vertex -20.6687 -0.618718 9
      vertex -20.7264 -0.555094 9
    endloop
  endfacet
  facet normal 0 0 1
    outer loop
      vertex -22.0958 -1.41419 9
      vertex -20.7264 -0.555094 9
      vertex -20.7775 -0.486123 9
    endloop
  endfacet
  facet normal 0 0 1
    outer loop
      vertex -22.2216 -1.14805 9
      vertex -20.7775 -0.486123 9
      vertex -20.8217 -0.412472 9
    endloop
  endfacet
  facet normal 0 0 1
    outer loop
      vertex -22.3208 -0.870853 9
      vertex -20.8217 -0.412472 9
      vertex -20.8584 -0.334847 9
    endloop
  endfacet
  facet normal 0 0 1
    outer loop
      vertex -20.2207 -0.858187 9
      vertex -20.8642 -2.64576 9
      vertex -20.598 -2.77164 9
    endloop
  endfacet
  facet normal 0 0 1
    outer loop
      vertex -22.3208 -0.870853 9
      vertex -20.8584 -0.334847 9
      vertex -20.8873 -0.253999 9
    endloop
  endfacet
  facet normal 0 0 1
    outer loop
      vertex -22.3924 -0.585271 9
      vertex -20.8873 -0.253999 9
      vertex -20.9082 -0.170704 9
    endloop
  endfacet
  facet normal 0 0 1
    outer loop
      vertex -22.4356 -0.294051 9
      vertex -20.9082 -0.170704 9
      vertex -20.9208 -0.0857649 9
    endloop
  endfacet
  facet normal -0 0 1
    outer loop
      vertex -22.45 0 9
      vertex -20.9208 -0.0857649 9
      vertex -20.925 0 9
    endloop
  endfacet
  facet normal 0 0 1
    outer loop
      vertex -20.7775 0.486123 9
      vertex -22.2216 1.14805 9
      vertex -20.8217 0.412472 9
    endloop
  endfacet
  facet normal 0 0 1
    outer loop
      vertex -20.304 -0.837322 9
      vertex -21.1167 -2.49441 9
      vertex -20.8642 -2.64576 9
    endloop
  endfacet
  facet normal -0 0 1
    outer loop
      vertex -22.3208 0.870853 9
      vertex -20.8217 0.412472 9
      vertex -22.2216 1.14805 9
    endloop
  endfacet
  facet normal 0 0 1
    outer loop
      vertex -20.3848 -0.808394 9
      vertex -21.3532 -2.31903 9
      vertex -21.1167 -2.49441 9
    endloop
  endfacet
  facet normal 0 0 1
    outer loop
      vertex -20.8217 0.412472 9
      vertex -22.3208 0.870853 9
      vertex -20.8584 0.334847 9
    endloop
  endfacet
  facet normal 0 0 1
    outer loop
      vertex -20.4625 -0.771681 9
      vertex -21.5713 -2.12132 9
      vertex -21.3532 -2.31903 9
    endloop
  endfacet
  facet normal 0 0 1
    outer loop
      vertex -20.8584 0.334847 9
      vertex -22.3208 0.870853 9
      vertex -20.8873 0.253999 9
    endloop
  endfacet
  facet normal 0 0 1
    outer loop
      vertex -20.5361 -0.727535 9
      vertex -21.769 -1.90318 9
      vertex -21.5713 -2.12132 9
    endloop
  endfacet
  facet normal -0 0 1
    outer loop
      vertex -22.3924 0.585271 9
      vertex -20.8873 0.253999 9
      vertex -22.3208 0.870853 9
    endloop
  endfacet
  facet normal 0 0 1
    outer loop
      vertex -20.6051 -0.676384 9
      vertex -21.9444 -1.66671 9
      vertex -21.769 -1.90318 9
    endloop
  endfacet
  facet normal 0 0 1
    outer loop
      vertex -20.8873 0.253999 9
      vertex -22.3924 0.585271 9
      vertex -20.9082 0.170704 9
    endloop
  endfacet
  facet normal 0 0 1
    outer loop
      vertex -20.7264 -0.555094 9
      vertex -22.0958 -1.41419 9
      vertex -21.9444 -1.66671 9
    endloop
  endfacet
  facet normal -0 0 1
    outer loop
      vertex -22.4356 0.294051 9
      vertex -20.9082 0.170704 9
      vertex -22.3924 0.585271 9
    endloop
  endfacet
  facet normal 0 0 1
    outer loop
      vertex -20.7775 -0.486123 9
      vertex -22.2216 -1.14805 9
      vertex -22.0958 -1.41419 9
    endloop
  endfacet
  facet normal 0 0 1
    outer loop
      vertex -20.9082 0.170704 9
      vertex -22.4356 0.294051 9
      vertex -20.9208 0.0857649 9
    endloop
  endfacet
  facet normal 0 0 1
    outer loop
      vertex -20.8217 -0.412472 9
      vertex -22.3208 -0.870853 9
      vertex -22.2216 -1.14805 9
    endloop
  endfacet
  facet normal 0 0 1
    outer loop
      vertex -22.45 0 9
      vertex -20.9208 0.0857649 9
      vertex -22.4356 0.294051 9
    endloop
  endfacet
  facet normal 0 0 1
    outer loop
      vertex -20.8873 -0.253999 9
      vertex -22.3924 -0.585271 9
      vertex -22.3208 -0.870853 9
    endloop
  endfacet
  facet normal 0 0 1
    outer loop
      vertex -20.9208 0.0857649 9
      vertex -22.45 0 9
      vertex -20.925 0 9
    endloop
  endfacet
  facet normal 0 0 1
    outer loop
      vertex -20.9082 -0.170704 9
      vertex -22.4356 -0.294051 9
      vertex -22.3924 -0.585271 9
    endloop
  endfacet
  facet normal 0 0 1
    outer loop
      vertex -20.9208 -0.0857649 9
      vertex -22.45 0 9
      vertex -22.4356 -0.294051 9
    endloop
  endfacet
  facet normal 0.595686 0.803217 -0
    outer loop
      vertex -17.6 2.35847 3
      vertex -17.7833 2.49441 9
      vertex -17.6 2.35847 9
    endloop
  endfacet
  facet normal 0.595686 0.803217 0
    outer loop
      vertex -17.7833 2.49441 9
      vertex -17.6 2.35847 3
      vertex -17.7833 2.49441 3
    endloop
  endfacet
  facet normal 0.0490738 0.998795 -0
    outer loop
      vertex -19.1559 2.98555 3
      vertex -19.45 3 9
      vertex -19.1559 2.98555 9
    endloop
  endfacet
  facet normal 0.0490738 0.998795 0
    outer loop
      vertex -19.45 3 9
      vertex -19.1559 2.98555 3
      vertex -19.45 3 3
    endloop
  endfacet
  facet normal 0.514121 0.857718 -0
    outer loop
      vertex -17.7833 2.49441 3
      vertex -18.0358 2.64576 9
      vertex -17.7833 2.49441 9
    endloop
  endfacet
  facet normal 0.514121 0.857718 0
    outer loop
      vertex -18.0358 2.64576 9
      vertex -17.7833 2.49441 3
      vertex -18.0358 2.64576 3
    endloop
  endfacet
  facet normal 0.336879 0.941548 -0
    outer loop
      vertex -18.3019 2.77164 3
      vertex -18.5791 2.87082 9
      vertex -18.3019 2.77164 9
    endloop
  endfacet
  facet normal 0.336879 0.941548 0
    outer loop
      vertex -18.5791 2.87082 9
      vertex -18.3019 2.77164 3
      vertex -18.5791 2.87082 3
    endloop
  endfacet
  facet normal 0.242983 0.970031 -0
    outer loop
      vertex -18.5791 2.87082 3
      vertex -18.8647 2.94236 9
      vertex -18.5791 2.87082 9
    endloop
  endfacet
  facet normal 0.242983 0.970031 0
    outer loop
      vertex -18.8647 2.94236 9
      vertex -18.5791 2.87082 3
      vertex -18.8647 2.94236 3
    endloop
  endfacet
  facet normal -0.998803 0.0489125 0
    outer loop
      vertex -22.45 0 3
      vertex -22.4356 0.294051 9
      vertex -22.4356 0.294051 3
    endloop
  endfacet
  facet normal -0.998803 0.0489125 0
    outer loop
      vertex -22.4356 0.294051 9
      vertex -22.45 0 3
      vertex -22.45 0 9
    endloop
  endfacet
  facet normal -0.941525 0.336942 0
    outer loop
      vertex -22.3208 0.870853 3
      vertex -22.2216 1.14805 9
      vertex -22.2216 1.14805 3
    endloop
  endfacet
  facet normal -0.941525 0.336942 0
    outer loop
      vertex -22.2216 1.14805 9
      vertex -22.3208 0.870853 3
      vertex -22.3208 0.870853 9
    endloop
  endfacet
  facet normal -0.969979 0.243189 0
    outer loop
      vertex -22.3924 0.585271 3
      vertex -22.3208 0.870853 9
      vertex -22.3208 0.870853 3
    endloop
  endfacet
  facet normal -0.969979 0.243189 0
    outer loop
      vertex -22.3208 0.870853 9
      vertex -22.3924 0.585271 3
      vertex -22.3924 0.585271 9
    endloop
  endfacet
  facet normal -0.857661 0.514216 0
    outer loop
      vertex -22.0958 1.41419 3
      vertex -21.9444 1.66671 9
      vertex -21.9444 1.66671 3
    endloop
  endfacet
  facet normal -0.857661 0.514216 0
    outer loop
      vertex -21.9444 1.66671 9
      vertex -22.0958 1.41419 3
      vertex -22.0958 1.41419 9
    endloop
  endfacet
  facet normal -0.803172 0.595747 0
    outer loop
      vertex -21.9444 1.66671 3
      vertex -21.769 1.90318 9
      vertex -21.769 1.90318 3
    endloop
  endfacet
  facet normal -0.803172 0.595747 0
    outer loop
      vertex -21.769 1.90318 9
      vertex -21.9444 1.66671 3
      vertex -21.9444 1.66671 9
    endloop
  endfacet
  facet normal -0.242983 0.970031 0
    outer loop
      vertex -20.0353 2.94236 3
      vertex -20.3209 2.87082 9
      vertex -20.0353 2.94236 9
    endloop
  endfacet
  facet normal -0.242983 0.970031 0
    outer loop
      vertex -20.3209 2.87082 9
      vertex -20.0353 2.94236 3
      vertex -20.3209 2.87082 3
    endloop
  endfacet
  facet normal -0.0490738 0.998795 0
    outer loop
      vertex -19.45 3 3
      vertex -19.7441 2.98555 9
      vertex -19.45 3 9
    endloop
  endfacet
  facet normal -0.0490738 0.998795 0
    outer loop
      vertex -19.7441 2.98555 9
      vertex -19.45 3 3
      vertex -19.7441 2.98555 3
    endloop
  endfacet
  facet normal -0.514121 0.857718 0
    outer loop
      vertex -20.8642 2.64576 3
      vertex -21.1167 2.49441 9
      vertex -20.8642 2.64576 9
    endloop
  endfacet
  facet normal -0.514121 0.857718 0
    outer loop
      vertex -21.1167 2.49441 9
      vertex -20.8642 2.64576 3
      vertex -21.1167 2.49441 3
    endloop
  endfacet
  facet normal -0.595655 0.803241 0
    outer loop
      vertex -21.1167 2.49441 3
      vertex -21.3532 2.31903 9
      vertex -21.1167 2.49441 9
    endloop
  endfacet
  facet normal -0.595655 0.803241 0
    outer loop
      vertex -21.3532 2.31903 9
      vertex -21.1167 2.49441 3
      vertex -21.3532 2.31903 3
    endloop
  endfacet
  facet normal -0.427491 0.90402 0
    outer loop
      vertex -20.598 2.77164 3
      vertex -20.8642 2.64576 9
      vertex -20.598 2.77164 9
    endloop
  endfacet
  facet normal -0.427491 0.90402 0
    outer loop
      vertex -20.8642 2.64576 9
      vertex -20.598 2.77164 3
      vertex -20.8642 2.64576 3
    endloop
  endfacet
  facet normal -0.671625 0.740891 0
    outer loop
      vertex -21.3532 2.31903 3
      vertex -21.5713 2.12132 9
      vertex -21.3532 2.31903 9
    endloop
  endfacet
  facet normal -0.671625 0.740891 0
    outer loop
      vertex -21.5713 2.12132 9
      vertex -21.3532 2.31903 3
      vertex -21.5713 2.12132 3
    endloop
  endfacet
  facet normal 0.0490738 -0.998795 0
    outer loop
      vertex -19.45 -3 3
      vertex -19.1559 -2.98555 9
      vertex -19.45 -3 9
    endloop
  endfacet
  facet normal 0.0490738 -0.998795 0
    outer loop
      vertex -19.1559 -2.98555 9
      vertex -19.45 -3 3
      vertex -19.1559 -2.98555 3
    endloop
  endfacet
  facet normal 0.242983 -0.970031 0
    outer loop
      vertex -18.8647 -2.94236 3
      vertex -18.5791 -2.87082 9
      vertex -18.8647 -2.94236 9
    endloop
  endfacet
  facet normal 0.242983 -0.970031 0
    outer loop
      vertex -18.5791 -2.87082 9
      vertex -18.8647 -2.94236 3
      vertex -18.5791 -2.87082 3
    endloop
  endfacet
  facet normal 0.595686 -0.803217 0
    outer loop
      vertex -17.7833 -2.49441 3
      vertex -17.6 -2.35847 9
      vertex -17.7833 -2.49441 9
    endloop
  endfacet
  facet normal 0.595686 -0.803217 0
    outer loop
      vertex -17.6 -2.35847 9
      vertex -17.7833 -2.49441 3
      vertex -17.6 -2.35847 3
    endloop
  endfacet
  facet normal 0.427622 -0.903958 0
    outer loop
      vertex -18.3019 -2.77164 3
      vertex -18.0358 -2.64576 9
      vertex -18.3019 -2.77164 9
    endloop
  endfacet
  facet normal 0.427622 -0.903958 0
    outer loop
      vertex -18.0358 -2.64576 9
      vertex -18.3019 -2.77164 3
      vertex -18.0358 -2.64576 3
    endloop
  endfacet
  facet normal -0.336986 -0.94151 0
    outer loop
      vertex -20.598 -2.77164 3
      vertex -20.3209 -2.87082 9
      vertex -20.598 -2.77164 9
    endloop
  endfacet
  facet normal -0.336986 -0.94151 -0
    outer loop
      vertex -20.3209 -2.87082 9
      vertex -20.598 -2.77164 3
      vertex -20.3209 -2.87082 3
    endloop
  endfacet
  facet normal -0.514121 -0.857718 0
    outer loop
      vertex -21.1167 -2.49441 3
      vertex -20.8642 -2.64576 9
      vertex -21.1167 -2.49441 9
    endloop
  endfacet
  facet normal -0.514121 -0.857718 -0
    outer loop
      vertex -20.8642 -2.64576 9
      vertex -21.1167 -2.49441 3
      vertex -20.8642 -2.64576 3
    endloop
  endfacet
  facet normal -0.969979 -0.243189 0
    outer loop
      vertex -22.3208 -0.870853 3
      vertex -22.3924 -0.585271 9
      vertex -22.3924 -0.585271 3
    endloop
  endfacet
  facet normal -0.969979 -0.243189 0
    outer loop
      vertex -22.3924 -0.585271 9
      vertex -22.3208 -0.870853 3
      vertex -22.3208 -0.870853 9
    endloop
  endfacet
  facet normal -0.998803 -0.0489125 0
    outer loop
      vertex -22.4356 -0.294051 3
      vertex -22.45 0 9
      vertex -22.45 0 3
    endloop
  endfacet
  facet normal -0.998803 -0.0489125 0
    outer loop
      vertex -22.45 0 9
      vertex -22.4356 -0.294051 3
      vertex -22.4356 -0.294051 9
    endloop
  endfacet
  facet normal -0.803172 -0.595747 0
    outer loop
      vertex -21.769 -1.90318 3
      vertex -21.9444 -1.66671 9
      vertex -21.9444 -1.66671 3
    endloop
  endfacet
  facet normal -0.803172 -0.595747 0
    outer loop
      vertex -21.9444 -1.66671 9
      vertex -21.769 -1.90318 3
      vertex -21.769 -1.90318 9
    endloop
  endfacet
  facet normal -0.904088 -0.427347 0
    outer loop
      vertex -22.0958 -1.41419 3
      vertex -22.2216 -1.14805 9
      vertex -22.2216 -1.14805 3
    endloop
  endfacet
  facet normal -0.904088 -0.427347 0
    outer loop
      vertex -22.2216 -1.14805 9
      vertex -22.0958 -1.41419 3
      vertex -22.0958 -1.41419 9
    endloop
  endfacet
  facet normal 0.146712 -0.989179 0
    outer loop
      vertex -19.1559 -2.98555 3
      vertex -18.8647 -2.94236 9
      vertex -19.1559 -2.98555 9
    endloop
  endfacet
  facet normal 0.146712 -0.989179 0
    outer loop
      vertex -18.8647 -2.94236 9
      vertex -19.1559 -2.98555 3
      vertex -18.8647 -2.94236 3
    endloop
  endfacet
  facet normal 0.336879 -0.941548 0
    outer loop
      vertex -18.5791 -2.87082 3
      vertex -18.3019 -2.77164 9
      vertex -18.5791 -2.87082 9
    endloop
  endfacet
  facet normal 0.336879 -0.941548 0
    outer loop
      vertex -18.3019 -2.77164 9
      vertex -18.5791 -2.87082 3
      vertex -18.3019 -2.77164 3
    endloop
  endfacet
  facet normal 0.514121 -0.857718 0
    outer loop
      vertex -18.0358 -2.64576 3
      vertex -17.7833 -2.49441 9
      vertex -18.0358 -2.64576 9
    endloop
  endfacet
  facet normal 0.514121 -0.857718 0
    outer loop
      vertex -17.7833 -2.49441 9
      vertex -18.0358 -2.64576 3
      vertex -17.7833 -2.49441 3
    endloop
  endfacet
  facet normal -0.0490738 -0.998795 0
    outer loop
      vertex -19.7441 -2.98555 3
      vertex -19.45 -3 9
      vertex -19.7441 -2.98555 9
    endloop
  endfacet
  facet normal -0.0490738 -0.998795 -0
    outer loop
      vertex -19.45 -3 9
      vertex -19.7441 -2.98555 3
      vertex -19.45 -3 3
    endloop
  endfacet
  facet normal -0.242983 -0.970031 0
    outer loop
      vertex -20.3209 -2.87082 3
      vertex -20.0353 -2.94236 9
      vertex -20.3209 -2.87082 9
    endloop
  endfacet
  facet normal -0.242983 -0.970031 -0
    outer loop
      vertex -20.0353 -2.94236 9
      vertex -20.3209 -2.87082 3
      vertex -20.0353 -2.94236 3
    endloop
  endfacet
  facet normal -0.427491 -0.90402 0
    outer loop
      vertex -20.8642 -2.64576 3
      vertex -20.598 -2.77164 9
      vertex -20.8642 -2.64576 9
    endloop
  endfacet
  facet normal -0.427491 -0.90402 -0
    outer loop
      vertex -20.598 -2.77164 9
      vertex -20.8642 -2.64576 3
      vertex -20.598 -2.77164 3
    endloop
  endfacet
  facet normal -0.595655 -0.803241 0
    outer loop
      vertex -21.3532 -2.31903 3
      vertex -21.1167 -2.49441 9
      vertex -21.3532 -2.31903 9
    endloop
  endfacet
  facet normal -0.595655 -0.803241 -0
    outer loop
      vertex -21.1167 -2.49441 9
      vertex -21.3532 -2.31903 3
      vertex -21.1167 -2.49441 3
    endloop
  endfacet
  facet normal -0.941525 -0.336942 0
    outer loop
      vertex -22.2216 -1.14805 3
      vertex -22.3208 -0.870853 9
      vertex -22.3208 -0.870853 3
    endloop
  endfacet
  facet normal -0.941525 -0.336942 0
    outer loop
      vertex -22.3208 -0.870853 9
      vertex -22.2216 -1.14805 3
      vertex -22.2216 -1.14805 9
    endloop
  endfacet
  facet normal -0.989176 -0.146736 0
    outer loop
      vertex -22.3924 -0.585271 3
      vertex -22.4356 -0.294051 9
      vertex -22.4356 -0.294051 3
    endloop
  endfacet
  facet normal -0.989176 -0.146736 0
    outer loop
      vertex -22.4356 -0.294051 9
      vertex -22.3924 -0.585271 3
      vertex -22.3924 -0.585271 9
    endloop
  endfacet
  facet normal -0.857661 -0.514216 0
    outer loop
      vertex -21.9444 -1.66671 3
      vertex -22.0958 -1.41419 9
      vertex -22.0958 -1.41419 3
    endloop
  endfacet
  facet normal -0.857661 -0.514216 0
    outer loop
      vertex -22.0958 -1.41419 9
      vertex -21.9444 -1.66671 3
      vertex -21.9444 -1.66671 9
    endloop
  endfacet
  facet normal -0.740969 -0.671539 0
    outer loop
      vertex -21.5713 -2.12132 3
      vertex -21.769 -1.90318 9
      vertex -21.769 -1.90318 3
    endloop
  endfacet
  facet normal -0.740969 -0.671539 0
    outer loop
      vertex -21.769 -1.90318 9
      vertex -21.5713 -2.12132 3
      vertex -21.5713 -2.12132 9
    endloop
  endfacet
  facet normal 0.998803 0.0489125 0
    outer loop
      vertex 11.45 0 9
      vertex 11.4356 0.294051 3
      vertex 11.4356 0.294051 9
    endloop
  endfacet
  facet normal 0.998803 0.0489125 0
    outer loop
      vertex 11.4356 0.294051 3
      vertex 11.45 0 9
      vertex 11.45 0 3
    endloop
  endfacet
  facet normal -0.0490821 0.998795 0
    outer loop
      vertex 8.45 3 3
      vertex 8.15595 2.98555 9
      vertex 8.45 3 9
    endloop
  endfacet
  facet normal -0.0490821 0.998795 0
    outer loop
      vertex 8.15595 2.98555 9
      vertex 8.45 3 3
      vertex 8.15595 2.98555 3
    endloop
  endfacet
  facet normal 0.0490821 -0.998795 0
    outer loop
      vertex 8.45 -3 3
      vertex 8.74405 -2.98555 9
      vertex 8.45 -3 9
    endloop
  endfacet
  facet normal 0.0490821 -0.998795 0
    outer loop
      vertex 8.74405 -2.98555 9
      vertex 8.45 -3 3
      vertex 8.74405 -2.98555 3
    endloop
  endfacet
  facet normal 0.671625 0.740891 -0
    outer loop
      vertex 10.5713 2.12132 3
      vertex 10.3532 2.31903 9
      vertex 10.5713 2.12132 9
    endloop
  endfacet
  facet normal 0.671625 0.740891 0
    outer loop
      vertex 10.3532 2.31903 9
      vertex 10.5713 2.12132 3
      vertex 10.3532 2.31903 3
    endloop
  endfacet
  facet normal -0.427569 0.903983 0
    outer loop
      vertex 7.30195 2.77164 3
      vertex 7.03581 2.64576 9
      vertex 7.30195 2.77164 9
    endloop
  endfacet
  facet normal -0.427569 0.903983 0
    outer loop
      vertex 7.03581 2.64576 9
      vertex 7.30195 2.77164 3
      vertex 7.03581 2.64576 3
    endloop
  endfacet
  facet normal 0.904088 0.427347 0
    outer loop
      vertex 11.2216 1.14805 9
      vertex 11.0958 1.41419 3
      vertex 11.0958 1.41419 9
    endloop
  endfacet
  facet normal 0.904088 0.427347 0
    outer loop
      vertex 11.0958 1.41419 3
      vertex 11.2216 1.14805 9
      vertex 11.2216 1.14805 3
    endloop
  endfacet
  facet normal 0.336879 0.941548 -0
    outer loop
      vertex 9.59805 2.77164 3
      vertex 9.32085 2.87082 9
      vertex 9.59805 2.77164 9
    endloop
  endfacet
  facet normal 0.336879 0.941548 0
    outer loop
      vertex 9.32085 2.87082 9
      vertex 9.59805 2.77164 3
      vertex 9.32085 2.87082 3
    endloop
  endfacet
  facet normal 0.514106 0.857727 -0
    outer loop
      vertex 10.1167 2.49441 3
      vertex 9.86419 2.64576 9
      vertex 10.1167 2.49441 9
    endloop
  endfacet
  facet normal 0.514106 0.857727 0
    outer loop
      vertex 9.86419 2.64576 9
      vertex 10.1167 2.49441 3
      vertex 9.86419 2.64576 3
    endloop
  endfacet
  facet normal -0.242999 0.970027 0
    outer loop
      vertex 7.86473 2.94236 3
      vertex 7.57915 2.87082 9
      vertex 7.86473 2.94236 9
    endloop
  endfacet
  facet normal -0.242999 0.970027 0
    outer loop
      vertex 7.57915 2.87082 9
      vertex 7.86473 2.94236 3
      vertex 7.57915 2.87082 3
    endloop
  endfacet
  facet normal 0.336879 -0.941548 0
    outer loop
      vertex 9.32085 -2.87082 3
      vertex 9.59805 -2.77164 9
      vertex 9.32085 -2.87082 9
    endloop
  endfacet
  facet normal 0.336879 -0.941548 0
    outer loop
      vertex 9.59805 -2.77164 9
      vertex 9.32085 -2.87082 3
      vertex 9.59805 -2.77164 3
    endloop
  endfacet
  facet normal 0.969979 0.243189 0
    outer loop
      vertex 11.3924 0.585271 9
      vertex 11.3208 0.870853 3
      vertex 11.3208 0.870853 9
    endloop
  endfacet
  facet normal 0.969979 0.243189 0
    outer loop
      vertex 11.3208 0.870853 3
      vertex 11.3924 0.585271 9
      vertex 11.3924 0.585271 3
    endloop
  endfacet
  facet normal 0.989176 0.146736 0
    outer loop
      vertex 11.4356 0.294051 9
      vertex 11.3924 0.585271 3
      vertex 11.3924 0.585271 9
    endloop
  endfacet
  facet normal 0.989176 0.146736 0
    outer loop
      vertex 11.3924 0.585271 3
      vertex 11.4356 0.294051 9
      vertex 11.4356 0.294051 3
    endloop
  endfacet
  facet normal 0.941525 0.336942 0
    outer loop
      vertex 11.3208 0.870853 9
      vertex 11.2216 1.14805 3
      vertex 11.2216 1.14805 9
    endloop
  endfacet
  facet normal 0.941525 0.336942 0
    outer loop
      vertex 11.2216 1.14805 3
      vertex 11.3208 0.870853 9
      vertex 11.3208 0.870853 3
    endloop
  endfacet
  facet normal 0.803172 0.595747 0
    outer loop
      vertex 10.9444 1.66671 9
      vertex 10.769 1.90318 3
      vertex 10.769 1.90318 9
    endloop
  endfacet
  facet normal 0.803172 0.595747 0
    outer loop
      vertex 10.769 1.90318 3
      vertex 10.9444 1.66671 9
      vertex 10.9444 1.66671 3
    endloop
  endfacet
  facet normal 0.740969 0.671539 0
    outer loop
      vertex 10.769 1.90318 9
      vertex 10.5713 2.12132 3
      vertex 10.5713 2.12132 9
    endloop
  endfacet
  facet normal 0.740969 0.671539 0
    outer loop
      vertex 10.5713 2.12132 3
      vertex 10.769 1.90318 9
      vertex 10.769 1.90318 3
    endloop
  endfacet
  facet normal 0.857661 0.514216 0
    outer loop
      vertex 11.0958 1.41419 9
      vertex 10.9444 1.66671 3
      vertex 10.9444 1.66671 9
    endloop
  endfacet
  facet normal 0.857661 0.514216 0
    outer loop
      vertex 10.9444 1.66671 3
      vertex 11.0958 1.41419 9
      vertex 11.0958 1.41419 3
    endloop
  endfacet
  facet normal 0.146703 0.989181 -0
    outer loop
      vertex 9.03527 2.94236 3
      vertex 8.74405 2.98555 9
      vertex 9.03527 2.94236 9
    endloop
  endfacet
  facet normal 0.146703 0.989181 0
    outer loop
      vertex 8.74405 2.98555 9
      vertex 9.03527 2.94236 3
      vertex 8.74405 2.98555 3
    endloop
  endfacet
  facet normal 0.0490821 0.998795 -0
    outer loop
      vertex 8.74405 2.98555 3
      vertex 8.45 3 9
      vertex 8.74405 2.98555 9
    endloop
  endfacet
  facet normal 0.0490821 0.998795 0
    outer loop
      vertex 8.45 3 9
      vertex 8.74405 2.98555 3
      vertex 8.45 3 3
    endloop
  endfacet
  facet normal 0.427569 0.903983 -0
    outer loop
      vertex 9.86419 2.64576 3
      vertex 9.59805 2.77164 9
      vertex 9.86419 2.64576 9
    endloop
  endfacet
  facet normal 0.427569 0.903983 0
    outer loop
      vertex 9.59805 2.77164 9
      vertex 9.86419 2.64576 3
      vertex 9.59805 2.77164 3
    endloop
  endfacet
  facet normal 0.595655 0.803241 -0
    outer loop
      vertex 10.3532 2.31903 3
      vertex 10.1167 2.49441 9
      vertex 10.3532 2.31903 9
    endloop
  endfacet
  facet normal 0.595655 0.803241 0
    outer loop
      vertex 10.1167 2.49441 9
      vertex 10.3532 2.31903 3
      vertex 10.1167 2.49441 3
    endloop
  endfacet
  facet normal -0 0 1
    outer loop
      vertex 9.92079 0.0857649 9
      vertex 11.45 0 9
      vertex 11.4356 0.294051 9
    endloop
  endfacet
  facet normal 0 0 1
    outer loop
      vertex 9.90819 0.170704 9
      vertex 11.4356 0.294051 9
      vertex 11.3924 0.585271 9
    endloop
  endfacet
  facet normal 0 0 1
    outer loop
      vertex 11.45 0 9
      vertex 9.92079 0.0857649 9
      vertex 9.925 0 9
    endloop
  endfacet
  facet normal 0 0 1
    outer loop
      vertex 9.88732 0.253999 9
      vertex 11.3924 0.585271 9
      vertex 11.3208 0.870853 9
    endloop
  endfacet
  facet normal 0 0 1
    outer loop
      vertex 9.92079 -0.0857649 9
      vertex 11.45 0 9
      vertex 9.925 0 9
    endloop
  endfacet
  facet normal 0 0 1
    outer loop
      vertex 9.82168 0.412472 9
      vertex 11.3208 0.870853 9
      vertex 11.2216 1.14805 9
    endloop
  endfacet
  facet normal 0 0 1
    outer loop
      vertex 11.45 0 9
      vertex 9.92079 -0.0857649 9
      vertex 11.4356 -0.294051 9
    endloop
  endfacet
  facet normal 0 0 1
    outer loop
      vertex 9.77754 0.486123 9
      vertex 11.2216 1.14805 9
      vertex 11.0958 1.41419 9
    endloop
  endfacet
  facet normal -0 0 1
    outer loop
      vertex 9.90819 -0.170704 9
      vertex 11.4356 -0.294051 9
      vertex 9.92079 -0.0857649 9
    endloop
  endfacet
  facet normal 0 0 1
    outer loop
      vertex 9.72638 0.555094 9
      vertex 11.0958 1.41419 9
      vertex 10.9444 1.66671 9
    endloop
  endfacet
  facet normal 0 0 1
    outer loop
      vertex 11.4356 -0.294051 9
      vertex 9.90819 -0.170704 9
      vertex 11.3924 -0.585271 9
    endloop
  endfacet
  facet normal 0 0 1
    outer loop
      vertex 9.60509 0.676384 9
      vertex 10.9444 1.66671 9
      vertex 10.769 1.90318 9
    endloop
  endfacet
  facet normal -0 0 1
    outer loop
      vertex 9.88732 -0.253999 9
      vertex 11.3924 -0.585271 9
      vertex 9.90819 -0.170704 9
    endloop
  endfacet
  facet normal 0 0 1
    outer loop
      vertex 9.53612 0.727535 9
      vertex 10.769 1.90318 9
      vertex 10.5713 2.12132 9
    endloop
  endfacet
  facet normal -0 0 1
    outer loop
      vertex 9.85839 -0.334847 9
      vertex 11.3208 -0.870853 9
      vertex 9.88732 -0.253999 9
    endloop
  endfacet
  facet normal 0 0 1
    outer loop
      vertex 9.46247 0.771681 9
      vertex 10.5713 2.12132 9
      vertex 10.3532 2.31903 9
    endloop
  endfacet
  facet normal -0 0 1
    outer loop
      vertex 9.82168 -0.412472 9
      vertex 11.3208 -0.870853 9
      vertex 9.85839 -0.334847 9
    endloop
  endfacet
  facet normal 0 0 1
    outer loop
      vertex 9.38485 0.808394 9
      vertex 10.3532 2.31903 9
      vertex 10.1167 2.49441 9
    endloop
  endfacet
  facet normal 0 0 1
    outer loop
      vertex 11.3208 -0.870853 9
      vertex 9.82168 -0.412472 9
      vertex 11.2216 -1.14805 9
    endloop
  endfacet
  facet normal -0 0 1
    outer loop
      vertex 9.77754 -0.486123 9
      vertex 11.2216 -1.14805 9
      vertex 9.82168 -0.412472 9
    endloop
  endfacet
  facet normal 0 0 1
    outer loop
      vertex 11.3924 -0.585271 9
      vertex 9.88732 -0.253999 9
      vertex 11.3208 -0.870853 9
    endloop
  endfacet
  facet normal 0 0 1
    outer loop
      vertex 11.4356 0.294051 9
      vertex 9.90819 0.170704 9
      vertex 9.92079 0.0857649 9
    endloop
  endfacet
  facet normal 0 0 1
    outer loop
      vertex 11.3924 0.585271 9
      vertex 9.88732 0.253999 9
      vertex 9.90819 0.170704 9
    endloop
  endfacet
  facet normal 0 0 1
    outer loop
      vertex 9.304 0.837322 9
      vertex 10.1167 2.49441 9
      vertex 9.86419 2.64576 9
    endloop
  endfacet
  facet normal 0 0 1
    outer loop
      vertex 11.3208 0.870853 9
      vertex 9.85839 0.334847 9
      vertex 9.88732 0.253999 9
    endloop
  endfacet
  facet normal 0 0 1
    outer loop
      vertex 11.3208 0.870853 9
      vertex 9.82168 0.412472 9
      vertex 9.85839 0.334847 9
    endloop
  endfacet
  facet normal 0 0 1
    outer loop
      vertex 11.2216 1.14805 9
      vertex 9.77754 0.486123 9
      vertex 9.82168 0.412472 9
    endloop
  endfacet
  facet normal 0 0 1
    outer loop
      vertex 11.0958 1.41419 9
      vertex 9.72638 0.555094 9
      vertex 9.77754 0.486123 9
    endloop
  endfacet
  facet normal 0 0 1
    outer loop
      vertex 10.9444 1.66671 9
      vertex 9.66872 0.618718 9
      vertex 9.72638 0.555094 9
    endloop
  endfacet
  facet normal 0 0 1
    outer loop
      vertex 10.9444 1.66671 9
      vertex 9.60509 0.676384 9
      vertex 9.66872 0.618718 9
    endloop
  endfacet
  facet normal 0 0 1
    outer loop
      vertex 9.2207 0.858187 9
      vertex 9.86419 2.64576 9
      vertex 9.59805 2.77164 9
    endloop
  endfacet
  facet normal 0 0 1
    outer loop
      vertex 10.769 1.90318 9
      vertex 9.53612 0.727535 9
      vertex 9.60509 0.676384 9
    endloop
  endfacet
  facet normal 0 0 1
    outer loop
      vertex 10.5713 2.12132 9
      vertex 9.46247 0.771681 9
      vertex 9.53612 0.727535 9
    endloop
  endfacet
  facet normal 0 0 1
    outer loop
      vertex 10.3532 2.31903 9
      vertex 9.38485 0.808394 9
      vertex 9.46247 0.771681 9
    endloop
  endfacet
  facet normal 0 0 1
    outer loop
      vertex 9.05 0.875 9
      vertex 9.59805 2.77164 9
      vertex 9.32085 2.87082 9
    endloop
  endfacet
  facet normal 0 0 1
    outer loop
      vertex 10.1167 2.49441 9
      vertex 9.304 0.837322 9
      vertex 9.38485 0.808394 9
    endloop
  endfacet
  facet normal 0 0 1
    outer loop
      vertex 9.86419 2.64576 9
      vertex 9.2207 0.858187 9
      vertex 9.304 0.837322 9
    endloop
  endfacet
  facet normal 0 0 1
    outer loop
      vertex 9.59805 2.77164 9
      vertex 9.13576 0.870786 9
      vertex 9.2207 0.858187 9
    endloop
  endfacet
  facet normal 0 0 1
    outer loop
      vertex 9.59805 2.77164 9
      vertex 9.05 0.875 9
      vertex 9.13576 0.870786 9
    endloop
  endfacet
  facet normal 0 0 1
    outer loop
      vertex 9.03527 2.94236 9
      vertex 9.05 0.875 9
      vertex 9.32085 2.87082 9
    endloop
  endfacet
  facet normal 0 0 1
    outer loop
      vertex 8.74405 2.98555 9
      vertex 9.05 0.875 9
      vertex 9.03527 2.94236 9
    endloop
  endfacet
  facet normal 0 0 1
    outer loop
      vertex 8.45 3 9
      vertex 9.05 0.875 9
      vertex 8.74405 2.98555 9
    endloop
  endfacet
  facet normal 0 0 1
    outer loop
      vertex 7.85 0.875 9
      vertex 8.45 3 9
      vertex 8.15595 2.98555 9
    endloop
  endfacet
  facet normal 0 0 1
    outer loop
      vertex 7.85 0.875 9
      vertex 8.15595 2.98555 9
      vertex 7.86473 2.94236 9
    endloop
  endfacet
  facet normal 0 0 1
    outer loop
      vertex 8.45 3 9
      vertex 7.85 0.875 9
      vertex 9.05 0.875 9
    endloop
  endfacet
  facet normal -0 0 1
    outer loop
      vertex 7.57915 2.87082 9
      vertex 7.85 0.875 9
      vertex 7.86473 2.94236 9
    endloop
  endfacet
  facet normal -0 0 1
    outer loop
      vertex 7.30195 2.77164 9
      vertex 7.85 0.875 9
      vertex 7.57915 2.87082 9
    endloop
  endfacet
  facet normal 0 0 1
    outer loop
      vertex 7.85 0.875 9
      vertex 7.30195 2.77164 9
      vertex 7.76423 0.870786 9
    endloop
  endfacet
  facet normal 0 0 1
    outer loop
      vertex 7.76423 0.870786 9
      vertex 7.30195 2.77164 9
      vertex 7.6793 0.858187 9
    endloop
  endfacet
  facet normal -0 0 1
    outer loop
      vertex 7.03581 2.64576 9
      vertex 7.6793 0.858187 9
      vertex 7.30195 2.77164 9
    endloop
  endfacet
  facet normal 0 0 1
    outer loop
      vertex 7.6793 0.858187 9
      vertex 7.03581 2.64576 9
      vertex 7.596 0.837322 9
    endloop
  endfacet
  facet normal -0 0 1
    outer loop
      vertex 6.78329 2.49441 9
      vertex 7.596 0.837322 9
      vertex 7.03581 2.64576 9
    endloop
  endfacet
  facet normal 0 0 1
    outer loop
      vertex 7.596 0.837322 9
      vertex 6.78329 2.49441 9
      vertex 7.51515 0.808394 9
    endloop
  endfacet
  facet normal -0 0 1
    outer loop
      vertex 6.6 2.35847 9
      vertex 7.51515 0.808394 9
      vertex 6.78329 2.49441 9
    endloop
  endfacet
  facet normal 0 0 1
    outer loop
      vertex 7.51515 0.808394 9
      vertex 6.6 2.35847 9
      vertex 7.43753 0.771681 9
    endloop
  endfacet
  facet normal 0 0 1
    outer loop
      vertex 7.43753 0.771681 9
      vertex 6.6 2.35847 9
      vertex 7.36388 0.727535 9
    endloop
  endfacet
  facet normal 0 0 1
    outer loop
      vertex 7.36388 0.727535 9
      vertex 6.6 2.35847 9
      vertex 7.29491 0.676384 9
    endloop
  endfacet
  facet normal 0 0 1
    outer loop
      vertex 7.29491 0.676384 9
      vertex 6.6 2.35847 9
      vertex 7.23128 0.618718 9
    endloop
  endfacet
  facet normal 0 0 1
    outer loop
      vertex 7.23128 0.618718 9
      vertex 6.6 2.35847 9
      vertex 7.17362 0.555094 9
    endloop
  endfacet
  facet normal 0 0 1
    outer loop
      vertex 7.17362 0.555094 9
      vertex 6.6 2.35847 9
      vertex 7.12246 0.486123 9
    endloop
  endfacet
  facet normal 0 0 1
    outer loop
      vertex 7.12246 0.486123 9
      vertex 6.6 2.35847 9
      vertex 7.07832 0.412472 9
    endloop
  endfacet
  facet normal 0 0 1
    outer loop
      vertex 7.07832 0.412472 9
      vertex 6.6 2.35847 9
      vertex 7.0416 0.334847 9
    endloop
  endfacet
  facet normal 0 0 1
    outer loop
      vertex 7.0416 0.334847 9
      vertex 6.6 2.35847 9
      vertex 7.01268 0.253999 9
    endloop
  endfacet
  facet normal 0 0 1
    outer loop
      vertex 7.01268 0.253999 9
      vertex 6.6 2.35847 9
      vertex 6.99181 0.170704 9
    endloop
  endfacet
  facet normal 0 0 1
    outer loop
      vertex 6.99181 0.170704 9
      vertex 6.6 2.35847 9
      vertex 6.97921 0.0857649 9
    endloop
  endfacet
  facet normal 0 0 1
    outer loop
      vertex 11.2216 -1.14805 9
      vertex 9.77754 -0.486123 9
      vertex 11.0958 -1.41419 9
    endloop
  endfacet
  facet normal -0 0 1
    outer loop
      vertex 9.72638 -0.555094 9
      vertex 11.0958 -1.41419 9
      vertex 9.77754 -0.486123 9
    endloop
  endfacet
  facet normal 0 0 1
    outer loop
      vertex 11.0958 -1.41419 9
      vertex 9.72638 -0.555094 9
      vertex 10.9444 -1.66671 9
    endloop
  endfacet
  facet normal -0 0 1
    outer loop
      vertex 9.66872 -0.618718 9
      vertex 10.9444 -1.66671 9
      vertex 9.72638 -0.555094 9
    endloop
  endfacet
  facet normal -0 0 1
    outer loop
      vertex 9.60509 -0.676384 9
      vertex 10.9444 -1.66671 9
      vertex 9.66872 -0.618718 9
    endloop
  endfacet
  facet normal 0 0 1
    outer loop
      vertex 10.9444 -1.66671 9
      vertex 9.60509 -0.676384 9
      vertex 10.769 -1.90318 9
    endloop
  endfacet
  facet normal -0 0 1
    outer loop
      vertex 9.53612 -0.727535 9
      vertex 10.769 -1.90318 9
      vertex 9.60509 -0.676384 9
    endloop
  endfacet
  facet normal 0 0 1
    outer loop
      vertex 10.769 -1.90318 9
      vertex 9.53612 -0.727535 9
      vertex 10.5713 -2.12132 9
    endloop
  endfacet
  facet normal -0 0 1
    outer loop
      vertex 9.46247 -0.771681 9
      vertex 10.5713 -2.12132 9
      vertex 9.53612 -0.727535 9
    endloop
  endfacet
  facet normal 0 0 1
    outer loop
      vertex 10.5713 -2.12132 9
      vertex 9.46247 -0.771681 9
      vertex 10.3532 -2.31903 9
    endloop
  endfacet
  facet normal -0 0 1
    outer loop
      vertex 9.38485 -0.808394 9
      vertex 10.3532 -2.31903 9
      vertex 9.46247 -0.771681 9
    endloop
  endfacet
  facet normal 0 0 1
    outer loop
      vertex 10.3532 -2.31903 9
      vertex 9.38485 -0.808394 9
      vertex 10.1167 -2.49441 9
    endloop
  endfacet
  facet normal -0 0 1
    outer loop
      vertex 9.304 -0.837322 9
      vertex 10.1167 -2.49441 9
      vertex 9.38485 -0.808394 9
    endloop
  endfacet
  facet normal 0 0 1
    outer loop
      vertex 10.1167 -2.49441 9
      vertex 9.304 -0.837322 9
      vertex 9.86419 -2.64576 9
    endloop
  endfacet
  facet normal -0 0 1
    outer loop
      vertex 9.2207 -0.858187 9
      vertex 9.86419 -2.64576 9
      vertex 9.304 -0.837322 9
    endloop
  endfacet
  facet normal 0 0 1
    outer loop
      vertex 9.86419 -2.64576 9
      vertex 9.2207 -0.858187 9
      vertex 9.59805 -2.77164 9
    endloop
  endfacet
  facet normal -0 0 1
    outer loop
      vertex 9.13576 -0.870786 9
      vertex 9.59805 -2.77164 9
      vertex 9.2207 -0.858187 9
    endloop
  endfacet
  facet normal -0 0 1
    outer loop
      vertex 9.05 -0.875 9
      vertex 9.59805 -2.77164 9
      vertex 9.13576 -0.870786 9
    endloop
  endfacet
  facet normal 0 0 1
    outer loop
      vertex 9.59805 -2.77164 9
      vertex 9.05 -0.875 9
      vertex 9.32085 -2.87082 9
    endloop
  endfacet
  facet normal 0 0 1
    outer loop
      vertex 9.05 -0.875 9
      vertex 9.03527 -2.94236 9
      vertex 9.32085 -2.87082 9
    endloop
  endfacet
  facet normal 0 0 1
    outer loop
      vertex 9.05 -0.875 9
      vertex 8.74405 -2.98555 9
      vertex 9.03527 -2.94236 9
    endloop
  endfacet
  facet normal 0 0 1
    outer loop
      vertex 9.05 -0.875 9
      vertex 8.45 -3 9
      vertex 8.74405 -2.98555 9
    endloop
  endfacet
  facet normal -0 0 1
    outer loop
      vertex 7.85 -0.875 9
      vertex 8.45 -3 9
      vertex 9.05 -0.875 9
    endloop
  endfacet
  facet normal 0 0 1
    outer loop
      vertex 8.45 -3 9
      vertex 7.85 -0.875 9
      vertex 8.15595 -2.98555 9
    endloop
  endfacet
  facet normal 0 0 1
    outer loop
      vertex 8.15595 -2.98555 9
      vertex 7.85 -0.875 9
      vertex 7.86473 -2.94236 9
    endloop
  endfacet
  facet normal 0 0 1
    outer loop
      vertex 7.30195 -2.77164 9
      vertex 7.85 -0.875 9
      vertex 7.76423 -0.870786 9
    endloop
  endfacet
  facet normal 0 0 1
    outer loop
      vertex 7.30195 -2.77164 9
      vertex 7.76423 -0.870786 9
      vertex 7.6793 -0.858187 9
    endloop
  endfacet
  facet normal 0 0 1
    outer loop
      vertex 7.03581 -2.64576 9
      vertex 7.6793 -0.858187 9
      vertex 7.596 -0.837322 9
    endloop
  endfacet
  facet normal 0 0 1
    outer loop
      vertex 7.85 -0.875 9
      vertex 7.57915 -2.87082 9
      vertex 7.86473 -2.94236 9
    endloop
  endfacet
  facet normal 0 0 1
    outer loop
      vertex 6.78329 -2.49441 9
      vertex 7.596 -0.837322 9
      vertex 7.51515 -0.808394 9
    endloop
  endfacet
  facet normal 0 0 1
    outer loop
      vertex 6.6 -2.35847 9
      vertex 7.51515 -0.808394 9
      vertex 7.43753 -0.771681 9
    endloop
  endfacet
  facet normal 0 0 1
    outer loop
      vertex 6.6 -2.35847 9
      vertex 7.43753 -0.771681 9
      vertex 7.36388 -0.727535 9
    endloop
  endfacet
  facet normal 0 0 1
    outer loop
      vertex 7.85 -0.875 9
      vertex 7.30195 -2.77164 9
      vertex 7.57915 -2.87082 9
    endloop
  endfacet
  facet normal 0 0 1
    outer loop
      vertex 6.6 -2.35847 9
      vertex 7.36388 -0.727535 9
      vertex 7.29491 -0.676384 9
    endloop
  endfacet
  facet normal 0 0 1
    outer loop
      vertex 6.6 -2.35847 9
      vertex 7.29491 -0.676384 9
      vertex 7.23128 -0.618718 9
    endloop
  endfacet
  facet normal 0 0 1
    outer loop
      vertex 6.6 -2.35847 9
      vertex 7.23128 -0.618718 9
      vertex 7.17362 -0.555094 9
    endloop
  endfacet
  facet normal 0 0 1
    outer loop
      vertex 6.6 -2.35847 9
      vertex 7.17362 -0.555094 9
      vertex 7.12246 -0.486123 9
    endloop
  endfacet
  facet normal 0 0 1
    outer loop
      vertex 6.6 -2.35847 9
      vertex 7.12246 -0.486123 9
      vertex 7.07832 -0.412472 9
    endloop
  endfacet
  facet normal 0 0 1
    outer loop
      vertex 6.6 -2.35847 9
      vertex 7.07832 -0.412472 9
      vertex 7.0416 -0.334847 9
    endloop
  endfacet
  facet normal 0 0 1
    outer loop
      vertex 7.6793 -0.858187 9
      vertex 7.03581 -2.64576 9
      vertex 7.30195 -2.77164 9
    endloop
  endfacet
  facet normal 0 0 1
    outer loop
      vertex 6.6 -2.35847 9
      vertex 7.0416 -0.334847 9
      vertex 7.01268 -0.253999 9
    endloop
  endfacet
  facet normal 0 0 1
    outer loop
      vertex 6.6 -2.35847 9
      vertex 7.01268 -0.253999 9
      vertex 6.99181 -0.170704 9
    endloop
  endfacet
  facet normal 0 0 1
    outer loop
      vertex 6.6 -2.35847 9
      vertex 6.99181 -0.170704 9
      vertex 6.97921 -0.0857649 9
    endloop
  endfacet
  facet normal 0 0 1
    outer loop
      vertex 6.6 -2.35847 9
      vertex 6.97921 -0.0857649 9
      vertex 6.975 0 9
    endloop
  endfacet
  facet normal 0 0 1
    outer loop
      vertex 6.97921 0.0857649 9
      vertex 6.6 2.35847 9
      vertex 6.975 0 9
    endloop
  endfacet
  facet normal 0 0 1
    outer loop
      vertex 6.6 -2.35847 9
      vertex 6.975 0 9
      vertex 6.6 2.35847 9
    endloop
  endfacet
  facet normal 0 0 1
    outer loop
      vertex 7.51515 -0.808394 9
      vertex 6.6 -2.35847 9
      vertex 6.78329 -2.49441 9
    endloop
  endfacet
  facet normal 0 0 1
    outer loop
      vertex 7.596 -0.837322 9
      vertex 6.78329 -2.49441 9
      vertex 7.03581 -2.64576 9
    endloop
  endfacet
  facet normal -0.595707 0.803202 0
    outer loop
      vertex 6.78329 2.49441 3
      vertex 6.6 2.35847 9
      vertex 6.78329 2.49441 9
    endloop
  endfacet
  facet normal -0.595707 0.803202 0
    outer loop
      vertex 6.6 2.35847 9
      vertex 6.78329 2.49441 3
      vertex 6.6 2.35847 3
    endloop
  endfacet
  facet normal -0.146703 0.989181 0
    outer loop
      vertex 8.15595 2.98555 3
      vertex 7.86473 2.94236 9
      vertex 8.15595 2.98555 9
    endloop
  endfacet
  facet normal -0.146703 0.989181 0
    outer loop
      vertex 7.86473 2.94236 9
      vertex 8.15595 2.98555 3
      vertex 7.86473 2.94236 3
    endloop
  endfacet
  facet normal 0.998803 -0.0489125 0
    outer loop
      vertex 11.4356 -0.294051 9
      vertex 11.45 0 3
      vertex 11.45 0 9
    endloop
  endfacet
  facet normal 0.998803 -0.0489125 0
    outer loop
      vertex 11.45 0 3
      vertex 11.4356 -0.294051 9
      vertex 11.4356 -0.294051 3
    endloop
  endfacet
  facet normal 0.740969 -0.671539 0
    outer loop
      vertex 10.5713 -2.12132 9
      vertex 10.769 -1.90318 3
      vertex 10.769 -1.90318 9
    endloop
  endfacet
  facet normal 0.740969 -0.671539 0
    outer loop
      vertex 10.769 -1.90318 3
      vertex 10.5713 -2.12132 9
      vertex 10.5713 -2.12132 3
    endloop
  endfacet
  facet normal 0.427569 -0.903983 0
    outer loop
      vertex 9.59805 -2.77164 3
      vertex 9.86419 -2.64576 9
      vertex 9.59805 -2.77164 9
    endloop
  endfacet
  facet normal 0.427569 -0.903983 0
    outer loop
      vertex 9.86419 -2.64576 9
      vertex 9.59805 -2.77164 3
      vertex 9.86419 -2.64576 3
    endloop
  endfacet
  facet normal 0.242999 0.970027 -0
    outer loop
      vertex 9.32085 2.87082 3
      vertex 9.03527 2.94236 9
      vertex 9.32085 2.87082 9
    endloop
  endfacet
  facet normal 0.242999 0.970027 0
    outer loop
      vertex 9.03527 2.94236 9
      vertex 9.32085 2.87082 3
      vertex 9.03527 2.94236 3
    endloop
  endfacet
  facet normal -0.514091 0.857736 0
    outer loop
      vertex 7.03581 2.64576 3
      vertex 6.78329 2.49441 9
      vertex 7.03581 2.64576 9
    endloop
  endfacet
  facet normal -0.514091 0.857736 0
    outer loop
      vertex 6.78329 2.49441 9
      vertex 7.03581 2.64576 3
      vertex 6.78329 2.49441 3
    endloop
  endfacet
  facet normal -0.336879 0.941548 0
    outer loop
      vertex 7.57915 2.87082 3
      vertex 7.30195 2.77164 9
      vertex 7.57915 2.87082 9
    endloop
  endfacet
  facet normal -0.336879 0.941548 0
    outer loop
      vertex 7.30195 2.77164 9
      vertex 7.57915 2.87082 3
      vertex 7.30195 2.77164 3
    endloop
  endfacet
  facet normal 0.969979 -0.243189 0
    outer loop
      vertex 11.3208 -0.870853 9
      vertex 11.3924 -0.585271 3
      vertex 11.3924 -0.585271 9
    endloop
  endfacet
  facet normal 0.969979 -0.243189 0
    outer loop
      vertex 11.3924 -0.585271 3
      vertex 11.3208 -0.870853 9
      vertex 11.3208 -0.870853 3
    endloop
  endfacet
  facet normal 0.989176 -0.146736 0
    outer loop
      vertex 11.3924 -0.585271 9
      vertex 11.4356 -0.294051 3
      vertex 11.4356 -0.294051 9
    endloop
  endfacet
  facet normal 0.989176 -0.146736 0
    outer loop
      vertex 11.4356 -0.294051 3
      vertex 11.3924 -0.585271 9
      vertex 11.3924 -0.585271 3
    endloop
  endfacet
  facet normal 0.803172 -0.595747 0
    outer loop
      vertex 10.769 -1.90318 9
      vertex 10.9444 -1.66671 3
      vertex 10.9444 -1.66671 9
    endloop
  endfacet
  facet normal 0.803172 -0.595747 0
    outer loop
      vertex 10.9444 -1.66671 3
      vertex 10.769 -1.90318 9
      vertex 10.769 -1.90318 3
    endloop
  endfacet
  facet normal 0.514106 -0.857727 0
    outer loop
      vertex 9.86419 -2.64576 3
      vertex 10.1167 -2.49441 9
      vertex 9.86419 -2.64576 9
    endloop
  endfacet
  facet normal 0.514106 -0.857727 0
    outer loop
      vertex 10.1167 -2.49441 9
      vertex 9.86419 -2.64576 3
      vertex 10.1167 -2.49441 3
    endloop
  endfacet
  facet normal 0.941525 -0.336942 0
    outer loop
      vertex 11.2216 -1.14805 9
      vertex 11.3208 -0.870853 3
      vertex 11.3208 -0.870853 9
    endloop
  endfacet
  facet normal 0.941525 -0.336942 0
    outer loop
      vertex 11.3208 -0.870853 3
      vertex 11.2216 -1.14805 9
      vertex 11.2216 -1.14805 3
    endloop
  endfacet
  facet normal 0.904088 -0.427347 0
    outer loop
      vertex 11.0958 -1.41419 9
      vertex 11.2216 -1.14805 3
      vertex 11.2216 -1.14805 9
    endloop
  endfacet
  facet normal 0.904088 -0.427347 0
    outer loop
      vertex 11.2216 -1.14805 3
      vertex 11.0958 -1.41419 9
      vertex 11.0958 -1.41419 3
    endloop
  endfacet
  facet normal 0.146703 -0.989181 0
    outer loop
      vertex 8.74405 -2.98555 3
      vertex 9.03527 -2.94236 9
      vertex 8.74405 -2.98555 9
    endloop
  endfacet
  facet normal 0.146703 -0.989181 0
    outer loop
      vertex 9.03527 -2.94236 9
      vertex 8.74405 -2.98555 3
      vertex 9.03527 -2.94236 3
    endloop
  endfacet
  facet normal 0.857661 -0.514216 0
    outer loop
      vertex 10.9444 -1.66671 9
      vertex 11.0958 -1.41419 3
      vertex 11.0958 -1.41419 9
    endloop
  endfacet
  facet normal 0.857661 -0.514216 0
    outer loop
      vertex 11.0958 -1.41419 3
      vertex 10.9444 -1.66671 9
      vertex 10.9444 -1.66671 3
    endloop
  endfacet
  facet normal -0.146703 -0.989181 0
    outer loop
      vertex 7.86473 -2.94236 3
      vertex 8.15595 -2.98555 9
      vertex 7.86473 -2.94236 9
    endloop
  endfacet
  facet normal -0.146703 -0.989181 -0
    outer loop
      vertex 8.15595 -2.98555 9
      vertex 7.86473 -2.94236 3
      vertex 8.15595 -2.98555 3
    endloop
  endfacet
  facet normal -0.0490821 -0.998795 0
    outer loop
      vertex 8.15595 -2.98555 3
      vertex 8.45 -3 9
      vertex 8.15595 -2.98555 9
    endloop
  endfacet
  facet normal -0.0490821 -0.998795 -0
    outer loop
      vertex 8.45 -3 9
      vertex 8.15595 -2.98555 3
      vertex 8.45 -3 3
    endloop
  endfacet
  facet normal 0.242999 -0.970027 0
    outer loop
      vertex 9.03527 -2.94236 3
      vertex 9.32085 -2.87082 9
      vertex 9.03527 -2.94236 9
    endloop
  endfacet
  facet normal 0.242999 -0.970027 0
    outer loop
      vertex 9.32085 -2.87082 9
      vertex 9.03527 -2.94236 3
      vertex 9.32085 -2.87082 3
    endloop
  endfacet
  facet normal 0.671625 -0.740891 0
    outer loop
      vertex 10.3532 -2.31903 3
      vertex 10.5713 -2.12132 9
      vertex 10.3532 -2.31903 9
    endloop
  endfacet
  facet normal 0.671625 -0.740891 0
    outer loop
      vertex 10.5713 -2.12132 9
      vertex 10.3532 -2.31903 3
      vertex 10.5713 -2.12132 3
    endloop
  endfacet
  facet normal 0.595655 -0.803241 0
    outer loop
      vertex 10.1167 -2.49441 3
      vertex 10.3532 -2.31903 9
      vertex 10.1167 -2.49441 9
    endloop
  endfacet
  facet normal 0.595655 -0.803241 0
    outer loop
      vertex 10.3532 -2.31903 9
      vertex 10.1167 -2.49441 3
      vertex 10.3532 -2.31903 3
    endloop
  endfacet
  facet normal -0.242999 -0.970027 0
    outer loop
      vertex 7.57915 -2.87082 3
      vertex 7.86473 -2.94236 9
      vertex 7.57915 -2.87082 9
    endloop
  endfacet
  facet normal -0.242999 -0.970027 -0
    outer loop
      vertex 7.86473 -2.94236 9
      vertex 7.57915 -2.87082 3
      vertex 7.86473 -2.94236 3
    endloop
  endfacet
  facet normal -0.595707 -0.803202 0
    outer loop
      vertex 6.6 -2.35847 3
      vertex 6.78329 -2.49441 9
      vertex 6.6 -2.35847 9
    endloop
  endfacet
  facet normal -0.595707 -0.803202 -0
    outer loop
      vertex 6.78329 -2.49441 9
      vertex 6.6 -2.35847 3
      vertex 6.78329 -2.49441 3
    endloop
  endfacet
  facet normal -0.427569 -0.903983 0
    outer loop
      vertex 7.03581 -2.64576 3
      vertex 7.30195 -2.77164 9
      vertex 7.03581 -2.64576 9
    endloop
  endfacet
  facet normal -0.427569 -0.903983 -0
    outer loop
      vertex 7.30195 -2.77164 9
      vertex 7.03581 -2.64576 3
      vertex 7.30195 -2.77164 3
    endloop
  endfacet
  facet normal -0.514091 -0.857736 0
    outer loop
      vertex 6.78329 -2.49441 3
      vertex 7.03581 -2.64576 9
      vertex 6.78329 -2.49441 9
    endloop
  endfacet
  facet normal -0.514091 -0.857736 -0
    outer loop
      vertex 7.03581 -2.64576 9
      vertex 6.78329 -2.49441 3
      vertex 7.03581 -2.64576 3
    endloop
  endfacet
  facet normal -0.336879 -0.941548 0
    outer loop
      vertex 7.30195 -2.77164 3
      vertex 7.57915 -2.87082 9
      vertex 7.30195 -2.77164 9
    endloop
  endfacet
  facet normal -0.336879 -0.941548 -0
    outer loop
      vertex 7.57915 -2.87082 9
      vertex 7.30195 -2.77164 3
      vertex 7.57915 -2.87082 3
    endloop
  endfacet
  facet normal -0.989176 -0.146736 0
    outer loop
      vertex -17.9792 0.0857649 0
      vertex -17.9918 0.170704 9
      vertex -17.9918 0.170704 0
    endloop
  endfacet
  facet normal -0.989176 -0.146736 0
    outer loop
      vertex -17.9918 0.170704 9
      vertex -17.9792 0.0857649 0
      vertex -17.9792 0.0857649 9
    endloop
  endfacet
  facet normal 0.998803 -0.0489125 0
    outer loop
      vertex -20.925 0 9
      vertex -20.9208 0.0857649 0
      vertex -20.9208 0.0857649 9
    endloop
  endfacet
  facet normal 0.998803 -0.0489125 0
    outer loop
      vertex -20.9208 0.0857649 0
      vertex -20.925 0 9
      vertex -20.925 0 0
    endloop
  endfacet
  facet normal 0 -1 0
    outer loop
      vertex -20.05 0.875 0
      vertex -18.85 0.875 9
      vertex -20.05 0.875 9
    endloop
  endfacet
  facet normal 0 -1 -0
    outer loop
      vertex -18.85 0.875 9
      vertex -20.05 0.875 0
      vertex -18.85 0.875 0
    endloop
  endfacet
  facet normal -0.740751 0.67178 0
    outer loop
      vertex -18.2313 -0.618718 0
      vertex -18.1736 -0.555094 9
      vertex -18.1736 -0.555094 0
    endloop
  endfacet
  facet normal -0.740751 0.67178 0
    outer loop
      vertex -18.1736 -0.555094 9
      vertex -18.2313 -0.618718 0
      vertex -18.2313 -0.618718 9
    endloop
  endfacet
  facet normal -0.427209 -0.904153 0
    outer loop
      vertex -18.5152 0.808394 0
      vertex -18.4375 0.771681 9
      vertex -18.5152 0.808394 9
    endloop
  endfacet
  facet normal -0.427209 -0.904153 -0
    outer loop
      vertex -18.4375 0.771681 9
      vertex -18.5152 0.808394 0
      vertex -18.4375 0.771681 0
    endloop
  endfacet
  facet normal 0.671702 -0.740822 0
    outer loop
      vertex -20.6687 0.618718 0
      vertex -20.6051 0.676384 9
      vertex -20.6687 0.618718 9
    endloop
  endfacet
  facet normal 0.671702 -0.740822 0
    outer loop
      vertex -20.6051 0.676384 9
      vertex -20.6687 0.618718 0
      vertex -20.6051 0.676384 0
    endloop
  endfacet
  facet normal 0.0490551 0.998796 -0
    outer loop
      vertex -20.05 -0.875 0
      vertex -20.1358 -0.870786 9
      vertex -20.05 -0.875 9
    endloop
  endfacet
  facet normal 0.0490551 0.998796 0
    outer loop
      vertex -20.1358 -0.870786 9
      vertex -20.05 -0.875 0
      vertex -20.1358 -0.870786 0
    endloop
  endfacet
  facet normal 0 1 -0
    outer loop
      vertex -18.85 -0.875 0
      vertex -20.05 -0.875 9
      vertex -18.85 -0.875 9
    endloop
  endfacet
  facet normal 0 1 0
    outer loop
      vertex -20.05 -0.875 9
      vertex -18.85 -0.875 0
      vertex -20.05 -0.875 0
    endloop
  endfacet
  facet normal -0.969933 0.243371 0
    outer loop
      vertex -18.0127 -0.253999 0
      vertex -17.9918 -0.170704 9
      vertex -17.9918 -0.170704 0
    endloop
  endfacet
  facet normal -0.969933 0.243371 0
    outer loop
      vertex -17.9918 -0.170704 9
      vertex -18.0127 -0.253999 0
      vertex -18.0127 -0.253999 9
    endloop
  endfacet
  facet normal -0.998803 0.0489125 0
    outer loop
      vertex -17.9792 -0.0857649 0
      vertex -17.975 0 9
      vertex -17.975 0 0
    endloop
  endfacet
  facet normal -0.998803 0.0489125 0
    outer loop
      vertex -17.975 0 9
      vertex -17.9792 -0.0857649 0
      vertex -17.9792 -0.0857649 9
    endloop
  endfacet
  facet normal -0.857445 -0.514576 0
    outer loop
      vertex -18.0783 0.412472 0
      vertex -18.1225 0.486123 9
      vertex -18.1225 0.486123 0
    endloop
  endfacet
  facet normal -0.857445 -0.514576 0
    outer loop
      vertex -18.1225 0.486123 9
      vertex -18.0783 0.412472 0
      vertex -18.0783 0.412472 9
    endloop
  endfacet
  facet normal 0.904052 -0.427423 0
    outer loop
      vertex -20.8584 0.334847 9
      vertex -20.8217 0.412472 0
      vertex -20.8217 0.412472 9
    endloop
  endfacet
  facet normal 0.904052 -0.427423 0
    outer loop
      vertex -20.8217 0.412472 0
      vertex -20.8584 0.334847 9
      vertex -20.8584 0.334847 0
    endloop
  endfacet
  facet normal -0.0490551 -0.998796 0
    outer loop
      vertex -18.85 0.875 0
      vertex -18.7642 0.870786 9
      vertex -18.85 0.875 9
    endloop
  endfacet
  facet normal -0.0490551 -0.998796 -0
    outer loop
      vertex -18.7642 0.870786 9
      vertex -18.85 0.875 0
      vertex -18.7642 0.870786 0
    endloop
  endfacet
  facet normal -0.242974 -0.970033 0
    outer loop
      vertex -18.6793 0.858187 0
      vertex -18.596 0.837322 9
      vertex -18.6793 0.858187 9
    endloop
  endfacet
  facet normal -0.242974 -0.970033 -0
    outer loop
      vertex -18.596 0.837322 9
      vertex -18.6793 0.858187 0
      vertex -18.596 0.837322 0
    endloop
  endfacet
  facet normal 0.337069 -0.94148 0
    outer loop
      vertex -20.3848 0.808394 0
      vertex -20.304 0.837322 9
      vertex -20.3848 0.808394 9
    endloop
  endfacet
  facet normal 0.337069 -0.94148 0
    outer loop
      vertex -20.304 0.837322 9
      vertex -20.3848 0.808394 0
      vertex -20.304 0.837322 0
    endloop
  endfacet
  facet normal 0.337069 0.94148 -0
    outer loop
      vertex -20.304 -0.837322 0
      vertex -20.3848 -0.808394 9
      vertex -20.304 -0.837322 9
    endloop
  endfacet
  facet normal 0.337069 0.94148 0
    outer loop
      vertex -20.3848 -0.808394 9
      vertex -20.304 -0.837322 0
      vertex -20.3848 -0.808394 0
    endloop
  endfacet
  facet normal 0.146791 0.989168 -0
    outer loop
      vertex -20.1358 -0.870786 0
      vertex -20.2207 -0.858187 9
      vertex -20.1358 -0.870786 9
    endloop
  endfacet
  facet normal 0.146791 0.989168 0
    outer loop
      vertex -20.2207 -0.858187 9
      vertex -20.1358 -0.870786 0
      vertex -20.2207 -0.858187 0
    endloop
  endfacet
  facet normal -0.803499 0.595306 0
    outer loop
      vertex -18.1736 -0.555094 0
      vertex -18.1225 -0.486123 9
      vertex -18.1225 -0.486123 0
    endloop
  endfacet
  facet normal -0.803499 0.595306 0
    outer loop
      vertex -18.1225 -0.486123 9
      vertex -18.1736 -0.555094 0
      vertex -18.1736 -0.555094 9
    endloop
  endfacet
  facet normal -0.998803 -0.0489125 0
    outer loop
      vertex -17.975 0 0
      vertex -17.9792 0.0857649 9
      vertex -17.9792 0.0857649 0
    endloop
  endfacet
  facet normal -0.998803 -0.0489125 0
    outer loop
      vertex -17.9792 0.0857649 9
      vertex -17.975 0 0
      vertex -17.975 0 9
    endloop
  endfacet
  facet normal -0.969933 -0.243371 0
    outer loop
      vertex -17.9918 0.170704 0
      vertex -18.0127 0.253999 9
      vertex -18.0127 0.253999 0
    endloop
  endfacet
  facet normal -0.969933 -0.243371 0
    outer loop
      vertex -18.0127 0.253999 9
      vertex -17.9918 0.170704 0
      vertex -17.9918 0.170704 9
    endloop
  endfacet
  facet normal 0.969933 -0.243371 0
    outer loop
      vertex -20.9082 0.170704 9
      vertex -20.8873 0.253999 0
      vertex -20.8873 0.253999 9
    endloop
  endfacet
  facet normal 0.969933 -0.243371 0
    outer loop
      vertex -20.8873 0.253999 0
      vertex -20.9082 0.170704 9
      vertex -20.9082 0.170704 0
    endloop
  endfacet
  facet normal -0.904052 -0.427423 0
    outer loop
      vertex -18.0416 0.334847 0
      vertex -18.0783 0.412472 9
      vertex -18.0783 0.412472 0
    endloop
  endfacet
  facet normal -0.904052 -0.427423 0
    outer loop
      vertex -18.0783 0.412472 9
      vertex -18.0416 0.334847 0
      vertex -18.0416 0.334847 9
    endloop
  endfacet
  facet normal -0.671702 -0.740822 0
    outer loop
      vertex -18.2949 0.676384 0
      vertex -18.2313 0.618718 9
      vertex -18.2949 0.676384 9
    endloop
  endfacet
  facet normal -0.671702 -0.740822 -0
    outer loop
      vertex -18.2313 0.618718 9
      vertex -18.2949 0.676384 0
      vertex -18.2313 0.618718 0
    endloop
  endfacet
  facet normal -0.514376 -0.857565 0
    outer loop
      vertex -18.4375 0.771681 0
      vertex -18.3639 0.727535 9
      vertex -18.4375 0.771681 9
    endloop
  endfacet
  facet normal -0.514376 -0.857565 -0
    outer loop
      vertex -18.3639 0.727535 9
      vertex -18.4375 0.771681 0
      vertex -18.3639 0.727535 0
    endloop
  endfacet
  facet normal -0.803499 -0.595306 0
    outer loop
      vertex -18.1225 0.486123 0
      vertex -18.1736 0.555094 9
      vertex -18.1736 0.555094 0
    endloop
  endfacet
  facet normal -0.803499 -0.595306 0
    outer loop
      vertex -18.1736 0.555094 9
      vertex -18.1225 0.486123 0
      vertex -18.1225 0.486123 9
    endloop
  endfacet
  facet normal -0.146791 -0.989168 0
    outer loop
      vertex -18.7642 0.870786 0
      vertex -18.6793 0.858187 9
      vertex -18.7642 0.870786 9
    endloop
  endfacet
  facet normal -0.146791 -0.989168 -0
    outer loop
      vertex -18.6793 0.858187 9
      vertex -18.7642 0.870786 0
      vertex -18.6793 0.858187 0
    endloop
  endfacet
  facet normal -0.337069 -0.94148 0
    outer loop
      vertex -18.596 0.837322 0
      vertex -18.5152 0.808394 9
      vertex -18.596 0.837322 9
    endloop
  endfacet
  facet normal -0.337069 -0.94148 -0
    outer loop
      vertex -18.5152 0.808394 9
      vertex -18.596 0.837322 0
      vertex -18.5152 0.808394 0
    endloop
  endfacet
  facet normal 0.146791 -0.989168 0
    outer loop
      vertex -20.2207 0.858187 0
      vertex -20.1358 0.870786 9
      vertex -20.2207 0.858187 9
    endloop
  endfacet
  facet normal 0.146791 -0.989168 0
    outer loop
      vertex -20.1358 0.870786 9
      vertex -20.2207 0.858187 0
      vertex -20.1358 0.870786 0
    endloop
  endfacet
  facet normal 0.0490551 -0.998796 0
    outer loop
      vertex -20.1358 0.870786 0
      vertex -20.05 0.875 9
      vertex -20.1358 0.870786 9
    endloop
  endfacet
  facet normal 0.0490551 -0.998796 0
    outer loop
      vertex -20.05 0.875 9
      vertex -20.1358 0.870786 0
      vertex -20.05 0.875 0
    endloop
  endfacet
  facet normal 0.242974 -0.970033 0
    outer loop
      vertex -20.304 0.837322 0
      vertex -20.2207 0.858187 9
      vertex -20.304 0.837322 9
    endloop
  endfacet
  facet normal 0.242974 -0.970033 0
    outer loop
      vertex -20.2207 0.858187 9
      vertex -20.304 0.837322 0
      vertex -20.2207 0.858187 0
    endloop
  endfacet
  facet normal 0.514376 -0.857565 0
    outer loop
      vertex -20.5361 0.727535 0
      vertex -20.4625 0.771681 9
      vertex -20.5361 0.727535 9
    endloop
  endfacet
  facet normal 0.514376 -0.857565 0
    outer loop
      vertex -20.4625 0.771681 9
      vertex -20.5361 0.727535 0
      vertex -20.4625 0.771681 0
    endloop
  endfacet
  facet normal 0.595527 -0.803335 0
    outer loop
      vertex -20.6051 0.676384 0
      vertex -20.5361 0.727535 9
      vertex -20.6051 0.676384 9
    endloop
  endfacet
  facet normal 0.595527 -0.803335 0
    outer loop
      vertex -20.5361 0.727535 9
      vertex -20.6051 0.676384 0
      vertex -20.5361 0.727535 0
    endloop
  endfacet
  facet normal 0.427209 -0.904153 0
    outer loop
      vertex -20.4625 0.771681 0
      vertex -20.3848 0.808394 9
      vertex -20.4625 0.771681 9
    endloop
  endfacet
  facet normal 0.427209 -0.904153 0
    outer loop
      vertex -20.3848 0.808394 9
      vertex -20.4625 0.771681 0
      vertex -20.3848 0.808394 0
    endloop
  endfacet
  facet normal 0.803499 -0.595306 0
    outer loop
      vertex -20.7775 0.486123 9
      vertex -20.7264 0.555094 0
      vertex -20.7264 0.555094 9
    endloop
  endfacet
  facet normal 0.803499 -0.595306 0
    outer loop
      vertex -20.7264 0.555094 0
      vertex -20.7775 0.486123 9
      vertex -20.7775 0.486123 0
    endloop
  endfacet
  facet normal 0.740751 -0.67178 0
    outer loop
      vertex -20.7264 0.555094 9
      vertex -20.6687 0.618718 0
      vertex -20.6687 0.618718 9
    endloop
  endfacet
  facet normal 0.740751 -0.67178 0
    outer loop
      vertex -20.6687 0.618718 0
      vertex -20.7264 0.555094 9
      vertex -20.7264 0.555094 0
    endloop
  endfacet
  facet normal 0.857445 -0.514576 0
    outer loop
      vertex -20.8217 0.412472 9
      vertex -20.7775 0.486123 0
      vertex -20.7775 0.486123 9
    endloop
  endfacet
  facet normal 0.857445 -0.514576 0
    outer loop
      vertex -20.7775 0.486123 0
      vertex -20.8217 0.412472 9
      vertex -20.8217 0.412472 0
    endloop
  endfacet
  facet normal 0.941647 -0.336602 0
    outer loop
      vertex -20.8873 0.253999 9
      vertex -20.8584 0.334847 0
      vertex -20.8584 0.334847 9
    endloop
  endfacet
  facet normal 0.941647 -0.336602 0
    outer loop
      vertex -20.8584 0.334847 0
      vertex -20.8873 0.253999 9
      vertex -20.8873 0.253999 0
    endloop
  endfacet
  facet normal 0.989176 -0.146736 0
    outer loop
      vertex -20.9208 0.0857649 9
      vertex -20.9082 0.170704 0
      vertex -20.9082 0.170704 9
    endloop
  endfacet
  facet normal 0.989176 -0.146736 0
    outer loop
      vertex -20.9082 0.170704 0
      vertex -20.9208 0.0857649 9
      vertex -20.9208 0.0857649 0
    endloop
  endfacet
  facet normal 0.242974 0.970033 -0
    outer loop
      vertex -20.2207 -0.858187 0
      vertex -20.304 -0.837322 9
      vertex -20.2207 -0.858187 9
    endloop
  endfacet
  facet normal 0.242974 0.970033 0
    outer loop
      vertex -20.304 -0.837322 9
      vertex -20.2207 -0.858187 0
      vertex -20.304 -0.837322 0
    endloop
  endfacet
  facet normal 0.803499 0.595306 0
    outer loop
      vertex -20.7264 -0.555094 9
      vertex -20.7775 -0.486123 0
      vertex -20.7775 -0.486123 9
    endloop
  endfacet
  facet normal 0.803499 0.595306 0
    outer loop
      vertex -20.7775 -0.486123 0
      vertex -20.7264 -0.555094 9
      vertex -20.7264 -0.555094 0
    endloop
  endfacet
  facet normal 0.671702 0.740822 -0
    outer loop
      vertex -20.6051 -0.676384 0
      vertex -20.6687 -0.618718 9
      vertex -20.6051 -0.676384 9
    endloop
  endfacet
  facet normal 0.671702 0.740822 0
    outer loop
      vertex -20.6687 -0.618718 9
      vertex -20.6051 -0.676384 0
      vertex -20.6687 -0.618718 0
    endloop
  endfacet
  facet normal 0.595527 0.803335 -0
    outer loop
      vertex -20.5361 -0.727535 0
      vertex -20.6051 -0.676384 9
      vertex -20.5361 -0.727535 9
    endloop
  endfacet
  facet normal 0.595527 0.803335 0
    outer loop
      vertex -20.6051 -0.676384 9
      vertex -20.5361 -0.727535 0
      vertex -20.6051 -0.676384 0
    endloop
  endfacet
  facet normal 0.427209 0.904153 -0
    outer loop
      vertex -20.3848 -0.808394 0
      vertex -20.4625 -0.771681 9
      vertex -20.3848 -0.808394 9
    endloop
  endfacet
  facet normal 0.427209 0.904153 0
    outer loop
      vertex -20.4625 -0.771681 9
      vertex -20.3848 -0.808394 0
      vertex -20.4625 -0.771681 0
    endloop
  endfacet
  facet normal 0.941647 0.336602 0
    outer loop
      vertex -20.8584 -0.334847 9
      vertex -20.8873 -0.253999 0
      vertex -20.8873 -0.253999 9
    endloop
  endfacet
  facet normal 0.941647 0.336602 0
    outer loop
      vertex -20.8873 -0.253999 0
      vertex -20.8584 -0.334847 9
      vertex -20.8584 -0.334847 0
    endloop
  endfacet
  facet normal 0.857445 0.514576 0
    outer loop
      vertex -20.7775 -0.486123 9
      vertex -20.8217 -0.412472 0
      vertex -20.8217 -0.412472 9
    endloop
  endfacet
  facet normal 0.857445 0.514576 0
    outer loop
      vertex -20.8217 -0.412472 0
      vertex -20.7775 -0.486123 9
      vertex -20.7775 -0.486123 0
    endloop
  endfacet
  facet normal 0.969933 0.243371 0
    outer loop
      vertex -20.8873 -0.253999 9
      vertex -20.9082 -0.170704 0
      vertex -20.9082 -0.170704 9
    endloop
  endfacet
  facet normal 0.969933 0.243371 0
    outer loop
      vertex -20.9082 -0.170704 0
      vertex -20.8873 -0.253999 9
      vertex -20.8873 -0.253999 0
    endloop
  endfacet
  facet normal 0.998803 0.0489125 0
    outer loop
      vertex -20.9208 -0.0857649 9
      vertex -20.925 0 0
      vertex -20.925 0 9
    endloop
  endfacet
  facet normal 0.998803 0.0489125 0
    outer loop
      vertex -20.925 0 0
      vertex -20.9208 -0.0857649 9
      vertex -20.9208 -0.0857649 0
    endloop
  endfacet
  facet normal -0.904052 0.427423 0
    outer loop
      vertex -18.0783 -0.412472 0
      vertex -18.0416 -0.334847 9
      vertex -18.0416 -0.334847 0
    endloop
  endfacet
  facet normal -0.904052 0.427423 0
    outer loop
      vertex -18.0416 -0.334847 9
      vertex -18.0783 -0.412472 0
      vertex -18.0783 -0.412472 9
    endloop
  endfacet
  facet normal -0.989176 0.146736 0
    outer loop
      vertex -17.9918 -0.170704 0
      vertex -17.9792 -0.0857649 9
      vertex -17.9792 -0.0857649 0
    endloop
  endfacet
  facet normal -0.989176 0.146736 0
    outer loop
      vertex -17.9792 -0.0857649 9
      vertex -17.9918 -0.170704 0
      vertex -17.9918 -0.170704 9
    endloop
  endfacet
  facet normal -0.941647 -0.336602 0
    outer loop
      vertex -18.0127 0.253999 0
      vertex -18.0416 0.334847 9
      vertex -18.0416 0.334847 0
    endloop
  endfacet
  facet normal -0.941647 -0.336602 0
    outer loop
      vertex -18.0416 0.334847 9
      vertex -18.0127 0.253999 0
      vertex -18.0127 0.253999 9
    endloop
  endfacet
  facet normal 0.740751 0.67178 0
    outer loop
      vertex -20.6687 -0.618718 9
      vertex -20.7264 -0.555094 0
      vertex -20.7264 -0.555094 9
    endloop
  endfacet
  facet normal 0.740751 0.67178 0
    outer loop
      vertex -20.7264 -0.555094 0
      vertex -20.6687 -0.618718 9
      vertex -20.6687 -0.618718 0
    endloop
  endfacet
  facet normal 0.514376 0.857565 -0
    outer loop
      vertex -20.4625 -0.771681 0
      vertex -20.5361 -0.727535 9
      vertex -20.4625 -0.771681 9
    endloop
  endfacet
  facet normal 0.514376 0.857565 0
    outer loop
      vertex -20.5361 -0.727535 9
      vertex -20.4625 -0.771681 0
      vertex -20.5361 -0.727535 0
    endloop
  endfacet
  facet normal 0.904052 0.427423 0
    outer loop
      vertex -20.8217 -0.412472 9
      vertex -20.8584 -0.334847 0
      vertex -20.8584 -0.334847 9
    endloop
  endfacet
  facet normal 0.904052 0.427423 0
    outer loop
      vertex -20.8584 -0.334847 0
      vertex -20.8217 -0.412472 9
      vertex -20.8217 -0.412472 0
    endloop
  endfacet
  facet normal 0.989176 0.146736 0
    outer loop
      vertex -20.9082 -0.170704 9
      vertex -20.9208 -0.0857649 0
      vertex -20.9208 -0.0857649 9
    endloop
  endfacet
  facet normal 0.989176 0.146736 0
    outer loop
      vertex -20.9208 -0.0857649 0
      vertex -20.9082 -0.170704 9
      vertex -20.9082 -0.170704 0
    endloop
  endfacet
  facet normal -0.427209 0.904153 0
    outer loop
      vertex -18.4375 -0.771681 0
      vertex -18.5152 -0.808394 9
      vertex -18.4375 -0.771681 9
    endloop
  endfacet
  facet normal -0.427209 0.904153 0
    outer loop
      vertex -18.5152 -0.808394 9
      vertex -18.4375 -0.771681 0
      vertex -18.5152 -0.808394 0
    endloop
  endfacet
  facet normal -0.242974 0.970033 0
    outer loop
      vertex -18.596 -0.837322 0
      vertex -18.6793 -0.858187 9
      vertex -18.596 -0.837322 9
    endloop
  endfacet
  facet normal -0.242974 0.970033 0
    outer loop
      vertex -18.6793 -0.858187 9
      vertex -18.596 -0.837322 0
      vertex -18.6793 -0.858187 0
    endloop
  endfacet
  facet normal -0.337069 0.94148 0
    outer loop
      vertex -18.5152 -0.808394 0
      vertex -18.596 -0.837322 9
      vertex -18.5152 -0.808394 9
    endloop
  endfacet
  facet normal -0.337069 0.94148 0
    outer loop
      vertex -18.596 -0.837322 9
      vertex -18.5152 -0.808394 0
      vertex -18.596 -0.837322 0
    endloop
  endfacet
  facet normal -0.146791 0.989168 0
    outer loop
      vertex -18.6793 -0.858187 0
      vertex -18.7642 -0.870786 9
      vertex -18.6793 -0.858187 9
    endloop
  endfacet
  facet normal -0.146791 0.989168 0
    outer loop
      vertex -18.7642 -0.870786 9
      vertex -18.6793 -0.858187 0
      vertex -18.7642 -0.870786 0
    endloop
  endfacet
  facet normal -0.0490551 0.998796 0
    outer loop
      vertex -18.7642 -0.870786 0
      vertex -18.85 -0.875 9
      vertex -18.7642 -0.870786 9
    endloop
  endfacet
  facet normal -0.0490551 0.998796 0
    outer loop
      vertex -18.85 -0.875 9
      vertex -18.7642 -0.870786 0
      vertex -18.85 -0.875 0
    endloop
  endfacet
  facet normal -0.941647 0.336602 0
    outer loop
      vertex -18.0416 -0.334847 0
      vertex -18.0127 -0.253999 9
      vertex -18.0127 -0.253999 0
    endloop
  endfacet
  facet normal -0.941647 0.336602 0
    outer loop
      vertex -18.0127 -0.253999 9
      vertex -18.0416 -0.334847 0
      vertex -18.0416 -0.334847 9
    endloop
  endfacet
  facet normal -0.857445 0.514576 0
    outer loop
      vertex -18.1225 -0.486123 0
      vertex -18.0783 -0.412472 9
      vertex -18.0783 -0.412472 0
    endloop
  endfacet
  facet normal -0.857445 0.514576 0
    outer loop
      vertex -18.0783 -0.412472 9
      vertex -18.1225 -0.486123 0
      vertex -18.1225 -0.486123 9
    endloop
  endfacet
  facet normal -0.595527 -0.803335 0
    outer loop
      vertex -18.3639 0.727535 0
      vertex -18.2949 0.676384 9
      vertex -18.3639 0.727535 9
    endloop
  endfacet
  facet normal -0.595527 -0.803335 -0
    outer loop
      vertex -18.2949 0.676384 9
      vertex -18.3639 0.727535 0
      vertex -18.2949 0.676384 0
    endloop
  endfacet
  facet normal -0.740751 -0.67178 0
    outer loop
      vertex -18.1736 0.555094 0
      vertex -18.2313 0.618718 9
      vertex -18.2313 0.618718 0
    endloop
  endfacet
  facet normal -0.740751 -0.67178 0
    outer loop
      vertex -18.2313 0.618718 9
      vertex -18.1736 0.555094 0
      vertex -18.1736 0.555094 9
    endloop
  endfacet
  facet normal -0.514376 0.857565 0
    outer loop
      vertex -18.3639 -0.727535 0
      vertex -18.4375 -0.771681 9
      vertex -18.3639 -0.727535 9
    endloop
  endfacet
  facet normal -0.514376 0.857565 0
    outer loop
      vertex -18.4375 -0.771681 9
      vertex -18.3639 -0.727535 0
      vertex -18.4375 -0.771681 0
    endloop
  endfacet
  facet normal -0.595527 0.803335 0
    outer loop
      vertex -18.2949 -0.676384 0
      vertex -18.3639 -0.727535 9
      vertex -18.2949 -0.676384 9
    endloop
  endfacet
  facet normal -0.595527 0.803335 0
    outer loop
      vertex -18.3639 -0.727535 9
      vertex -18.2949 -0.676384 0
      vertex -18.3639 -0.727535 0
    endloop
  endfacet
  facet normal -0.671702 0.740822 0
    outer loop
      vertex -18.2313 -0.618718 0
      vertex -18.2949 -0.676384 9
      vertex -18.2313 -0.618718 9
    endloop
  endfacet
  facet normal -0.671702 0.740822 0
    outer loop
      vertex -18.2949 -0.676384 9
      vertex -18.2313 -0.618718 0
      vertex -18.2949 -0.676384 0
    endloop
  endfacet
  facet normal 0.998797 -0.0490286 0
    outer loop
      vertex 6.975 0 9
      vertex 6.97921 0.0857649 0
      vertex 6.97921 0.0857649 9
    endloop
  endfacet
  facet normal 0.998797 -0.0490286 0
    outer loop
      vertex 6.97921 0.0857649 0
      vertex 6.975 0 9
      vertex 6.975 0 0
    endloop
  endfacet
  facet normal 0.998797 0.0490286 0
    outer loop
      vertex 6.97921 -0.0857649 9
      vertex 6.975 0 0
      vertex 6.975 0 9
    endloop
  endfacet
  facet normal 0.998797 0.0490286 0
    outer loop
      vertex 6.975 0 0
      vertex 6.97921 -0.0857649 9
      vertex 6.97921 -0.0857649 0
    endloop
  endfacet
  facet normal -0.740983 -0.671524 0
    outer loop
      vertex 9.72638 0.555094 0
      vertex 9.66872 0.618718 9
      vertex 9.66872 0.618718 0
    endloop
  endfacet
  facet normal -0.740983 -0.671524 0
    outer loop
      vertex 9.66872 0.618718 9
      vertex 9.72638 0.555094 0
      vertex 9.72638 0.555094 9
    endloop
  endfacet
  facet normal -0.427569 -0.903983 0
    outer loop
      vertex 9.38485 0.808394 0
      vertex 9.46247 0.771681 9
      vertex 9.38485 0.808394 9
    endloop
  endfacet
  facet normal -0.427569 -0.903983 -0
    outer loop
      vertex 9.46247 0.771681 9
      vertex 9.38485 0.808394 0
      vertex 9.46247 0.771681 0
    endloop
  endfacet
  facet normal -0.941536 -0.336912 0
    outer loop
      vertex 9.88732 0.253999 0
      vertex 9.85839 0.334847 9
      vertex 9.85839 0.334847 0
    endloop
  endfacet
  facet normal -0.941536 -0.336912 0
    outer loop
      vertex 9.85839 0.334847 9
      vertex 9.88732 0.253999 0
      vertex 9.88732 0.253999 9
    endloop
  endfacet
  facet normal 0.336884 -0.941546 0
    outer loop
      vertex 7.51515 0.808394 0
      vertex 7.596 0.837322 9
      vertex 7.51515 0.808394 9
    endloop
  endfacet
  facet normal 0.336884 -0.941546 0
    outer loop
      vertex 7.596 0.837322 9
      vertex 7.51515 0.808394 0
      vertex 7.596 0.837322 0
    endloop
  endfacet
  facet normal 0 -1 0
    outer loop
      vertex 7.85 0.875 0
      vertex 9.05 0.875 9
      vertex 7.85 0.875 9
    endloop
  endfacet
  facet normal 0 -1 -0
    outer loop
      vertex 9.05 0.875 9
      vertex 7.85 0.875 0
      vertex 9.05 0.875 0
    endloop
  endfacet
  facet normal 0.857753 0.514062 0
    outer loop
      vertex 7.12246 -0.486123 9
      vertex 7.07832 -0.412472 0
      vertex 7.07832 -0.412472 9
    endloop
  endfacet
  facet normal 0.857753 0.514062 0
    outer loop
      vertex 7.07832 -0.412472 0
      vertex 7.12246 -0.486123 9
      vertex 7.12246 -0.486123 0
    endloop
  endfacet
  facet normal -0.989176 -0.146736 0
    outer loop
      vertex 9.92079 0.0857649 0
      vertex 9.90819 0.170704 9
      vertex 9.90819 0.170704 0
    endloop
  endfacet
  facet normal -0.989176 -0.146736 0
    outer loop
      vertex 9.90819 0.170704 9
      vertex 9.92079 0.0857649 0
      vertex 9.92079 0.0857649 9
    endloop
  endfacet
  facet normal 0.803165 -0.595757 0
    outer loop
      vertex 7.12246 0.486123 9
      vertex 7.17362 0.555094 0
      vertex 7.17362 0.555094 9
    endloop
  endfacet
  facet normal 0.803165 -0.595757 0
    outer loop
      vertex 7.17362 0.555094 0
      vertex 7.12246 0.486123 9
      vertex 7.12246 0.486123 0
    endloop
  endfacet
  facet normal 0.970016 0.243043 0
    outer loop
      vertex 7.01268 -0.253999 9
      vertex 6.99181 -0.170704 0
      vertex 6.99181 -0.170704 9
    endloop
  endfacet
  facet normal 0.970016 0.243043 0
    outer loop
      vertex 6.99181 -0.170704 0
      vertex 7.01268 -0.253999 9
      vertex 7.01268 -0.253999 0
    endloop
  endfacet
  facet normal -0.857753 0.514062 0
    outer loop
      vertex 9.77754 -0.486123 0
      vertex 9.82168 -0.412472 9
      vertex 9.82168 -0.412472 0
    endloop
  endfacet
  facet normal -0.857753 0.514062 0
    outer loop
      vertex 9.82168 -0.412472 9
      vertex 9.77754 -0.486123 0
      vertex 9.77754 -0.486123 9
    endloop
  endfacet
  facet normal 0.0490722 0.998795 -0
    outer loop
      vertex 7.85 -0.875 0
      vertex 7.76423 -0.870786 9
      vertex 7.85 -0.875 9
    endloop
  endfacet
  facet normal 0.0490722 0.998795 0
    outer loop
      vertex 7.76423 -0.870786 9
      vertex 7.85 -0.875 0
      vertex 7.76423 -0.870786 0
    endloop
  endfacet
  facet normal 0 1 -0
    outer loop
      vertex 9.05 -0.875 0
      vertex 7.85 -0.875 9
      vertex 9.05 -0.875 9
    endloop
  endfacet
  facet normal 0 1 0
    outer loop
      vertex 7.85 -0.875 9
      vertex 9.05 -0.875 0
      vertex 7.85 -0.875 0
    endloop
  endfacet
  facet normal -0.0490779 0.998795 0
    outer loop
      vertex 9.13576 -0.870786 0
      vertex 9.05 -0.875 9
      vertex 9.13576 -0.870786 9
    endloop
  endfacet
  facet normal -0.0490779 0.998795 0
    outer loop
      vertex 9.05 -0.875 9
      vertex 9.13576 -0.870786 0
      vertex 9.05 -0.875 0
    endloop
  endfacet
  facet normal 0.941573 0.336809 0
    outer loop
      vertex 7.0416 -0.334847 9
      vertex 7.01268 -0.253999 0
      vertex 7.01268 -0.253999 9
    endloop
  endfacet
  facet normal 0.941573 0.336809 0
    outer loop
      vertex 7.01268 -0.253999 0
      vertex 7.0416 -0.334847 9
      vertex 7.0416 -0.334847 0
    endloop
  endfacet
  facet normal 0.803165 0.595757 0
    outer loop
      vertex 7.17362 -0.555094 9
      vertex 7.12246 -0.486123 0
      vertex 7.12246 -0.486123 9
    endloop
  endfacet
  facet normal 0.803165 0.595757 0
    outer loop
      vertex 7.12246 -0.486123 0
      vertex 7.17362 -0.555094 9
      vertex 7.17362 -0.555094 0
    endloop
  endfacet
  facet normal -0.0490779 -0.998795 0
    outer loop
      vertex 9.05 0.875 0
      vertex 9.13576 0.870786 9
      vertex 9.05 0.875 9
    endloop
  endfacet
  facet normal -0.0490779 -0.998795 -0
    outer loop
      vertex 9.13576 0.870786 9
      vertex 9.05 0.875 0
      vertex 9.13576 0.870786 0
    endloop
  endfacet
  facet normal -0.595695 -0.803211 0
    outer loop
      vertex 9.53612 0.727535 0
      vertex 9.60509 0.676384 9
      vertex 9.53612 0.727535 9
    endloop
  endfacet
  facet normal -0.595695 -0.803211 -0
    outer loop
      vertex 9.60509 0.676384 9
      vertex 9.53612 0.727535 0
      vertex 9.60509 0.676384 0
    endloop
  endfacet
  facet normal -0.671528 -0.740979 0
    outer loop
      vertex 9.60509 0.676384 0
      vertex 9.66872 0.618718 9
      vertex 9.60509 0.676384 9
    endloop
  endfacet
  facet normal -0.671528 -0.740979 -0
    outer loop
      vertex 9.66872 0.618718 9
      vertex 9.60509 0.676384 0
      vertex 9.66872 0.618718 0
    endloop
  endfacet
  facet normal -0.514119 -0.857719 0
    outer loop
      vertex 9.46247 0.771681 0
      vertex 9.53612 0.727535 9
      vertex 9.46247 0.771681 9
    endloop
  endfacet
  facet normal -0.514119 -0.857719 -0
    outer loop
      vertex 9.53612 0.727535 9
      vertex 9.46247 0.771681 0
      vertex 9.53612 0.727535 0
    endloop
  endfacet
  facet normal -0.857753 -0.514062 0
    outer loop
      vertex 9.82168 0.412472 0
      vertex 9.77754 0.486123 9
      vertex 9.77754 0.486123 0
    endloop
  endfacet
  facet normal -0.857753 -0.514062 0
    outer loop
      vertex 9.77754 0.486123 9
      vertex 9.82168 0.412472 0
      vertex 9.82168 0.412472 9
    endloop
  endfacet
  facet normal -0.904007 -0.427518 0
    outer loop
      vertex 9.85839 0.334847 0
      vertex 9.82168 0.412472 9
      vertex 9.82168 0.412472 0
    endloop
  endfacet
  facet normal -0.904007 -0.427518 0
    outer loop
      vertex 9.82168 0.412472 9
      vertex 9.85839 0.334847 0
      vertex 9.85839 0.334847 9
    endloop
  endfacet
  facet normal -0.803165 -0.595757 0
    outer loop
      vertex 9.77754 0.486123 0
      vertex 9.72638 0.555094 9
      vertex 9.72638 0.555094 0
    endloop
  endfacet
  facet normal -0.803165 -0.595757 0
    outer loop
      vertex 9.72638 0.555094 9
      vertex 9.77754 0.486123 0
      vertex 9.77754 0.486123 9
    endloop
  endfacet
  facet normal -0.970016 -0.243043 0
    outer loop
      vertex 9.90819 0.170704 0
      vertex 9.88732 0.253999 9
      vertex 9.88732 0.253999 0
    endloop
  endfacet
  facet normal -0.970016 -0.243043 0
    outer loop
      vertex 9.88732 0.253999 9
      vertex 9.90819 0.170704 0
      vertex 9.90819 0.170704 9
    endloop
  endfacet
  facet normal -0.998797 -0.0490286 0
    outer loop
      vertex 9.925 0 0
      vertex 9.92079 0.0857649 9
      vertex 9.92079 0.0857649 0
    endloop
  endfacet
  facet normal -0.998797 -0.0490286 0
    outer loop
      vertex 9.92079 0.0857649 9
      vertex 9.925 0 0
      vertex 9.925 0 9
    endloop
  endfacet
  facet normal 0.242974 -0.970033 0
    outer loop
      vertex 7.596 0.837322 0
      vertex 7.6793 0.858187 9
      vertex 7.596 0.837322 9
    endloop
  endfacet
  facet normal 0.242974 -0.970033 0
    outer loop
      vertex 7.6793 0.858187 9
      vertex 7.596 0.837322 0
      vertex 7.6793 0.858187 0
    endloop
  endfacet
  facet normal 0.14674 -0.989175 0
    outer loop
      vertex 7.6793 0.858187 0
      vertex 7.76423 0.870786 9
      vertex 7.6793 0.858187 9
    endloop
  endfacet
  facet normal 0.14674 -0.989175 0
    outer loop
      vertex 7.76423 0.870786 9
      vertex 7.6793 0.858187 0
      vertex 7.76423 0.870786 0
    endloop
  endfacet
  facet normal 0.0490722 -0.998795 0
    outer loop
      vertex 7.76423 0.870786 0
      vertex 7.85 0.875 9
      vertex 7.76423 0.870786 9
    endloop
  endfacet
  facet normal 0.0490722 -0.998795 0
    outer loop
      vertex 7.85 0.875 9
      vertex 7.76423 0.870786 0
      vertex 7.85 0.875 0
    endloop
  endfacet
  facet normal 0.595695 -0.803211 0
    outer loop
      vertex 7.29491 0.676384 0
      vertex 7.36388 0.727535 9
      vertex 7.29491 0.676384 9
    endloop
  endfacet
  facet normal 0.595695 -0.803211 0
    outer loop
      vertex 7.36388 0.727535 9
      vertex 7.29491 0.676384 0
      vertex 7.36388 0.727535 0
    endloop
  endfacet
  facet normal 0.427569 -0.903983 0
    outer loop
      vertex 7.43753 0.771681 0
      vertex 7.51515 0.808394 9
      vertex 7.43753 0.771681 9
    endloop
  endfacet
  facet normal 0.427569 -0.903983 0
    outer loop
      vertex 7.51515 0.808394 9
      vertex 7.43753 0.771681 0
      vertex 7.51515 0.808394 0
    endloop
  endfacet
  facet normal 0.989176 -0.146736 0
    outer loop
      vertex 6.97921 0.0857649 9
      vertex 6.99181 0.170704 0
      vertex 6.99181 0.170704 9
    endloop
  endfacet
  facet normal 0.989176 -0.146736 0
    outer loop
      vertex 6.99181 0.170704 0
      vertex 6.97921 0.0857649 9
      vertex 6.97921 0.0857649 0
    endloop
  endfacet
  facet normal 0.14674 0.989175 -0
    outer loop
      vertex 7.76423 -0.870786 0
      vertex 7.6793 -0.858187 9
      vertex 7.76423 -0.870786 9
    endloop
  endfacet
  facet normal 0.14674 0.989175 0
    outer loop
      vertex 7.6793 -0.858187 9
      vertex 7.76423 -0.870786 0
      vertex 7.6793 -0.858187 0
    endloop
  endfacet
  facet normal 0.336884 0.941546 -0
    outer loop
      vertex 7.596 -0.837322 0
      vertex 7.51515 -0.808394 9
      vertex 7.596 -0.837322 9
    endloop
  endfacet
  facet normal 0.336884 0.941546 0
    outer loop
      vertex 7.51515 -0.808394 9
      vertex 7.596 -0.837322 0
      vertex 7.51515 -0.808394 0
    endloop
  endfacet
  facet normal 0.989176 0.146736 0
    outer loop
      vertex 6.99181 -0.170704 9
      vertex 6.97921 -0.0857649 0
      vertex 6.97921 -0.0857649 9
    endloop
  endfacet
  facet normal 0.989176 0.146736 0
    outer loop
      vertex 6.97921 -0.0857649 0
      vertex 6.99181 -0.170704 9
      vertex 6.99181 -0.170704 0
    endloop
  endfacet
  facet normal 0.903962 0.427613 0
    outer loop
      vertex 7.07832 -0.412472 9
      vertex 7.0416 -0.334847 0
      vertex 7.0416 -0.334847 9
    endloop
  endfacet
  facet normal 0.903962 0.427613 0
    outer loop
      vertex 7.0416 -0.334847 0
      vertex 7.07832 -0.412472 9
      vertex 7.07832 -0.412472 0
    endloop
  endfacet
  facet normal 0.595695 0.803211 -0
    outer loop
      vertex 7.36388 -0.727535 0
      vertex 7.29491 -0.676384 9
      vertex 7.36388 -0.727535 9
    endloop
  endfacet
  facet normal 0.595695 0.803211 0
    outer loop
      vertex 7.29491 -0.676384 9
      vertex 7.36388 -0.727535 0
      vertex 7.29491 -0.676384 0
    endloop
  endfacet
  facet normal 0.427569 0.903983 -0
    outer loop
      vertex 7.51515 -0.808394 0
      vertex 7.43753 -0.771681 9
      vertex 7.51515 -0.808394 9
    endloop
  endfacet
  facet normal 0.427569 0.903983 0
    outer loop
      vertex 7.43753 -0.771681 9
      vertex 7.51515 -0.808394 0
      vertex 7.43753 -0.771681 0
    endloop
  endfacet
  facet normal 0.740983 0.671524 0
    outer loop
      vertex 7.23128 -0.618718 9
      vertex 7.17362 -0.555094 0
      vertex 7.17362 -0.555094 9
    endloop
  endfacet
  facet normal 0.740983 0.671524 0
    outer loop
      vertex 7.17362 -0.555094 0
      vertex 7.23128 -0.618718 9
      vertex 7.23128 -0.618718 0
    endloop
  endfacet
  facet normal -0.242974 -0.970033 0
    outer loop
      vertex 9.2207 0.858187 0
      vertex 9.304 0.837322 9
      vertex 9.2207 0.858187 9
    endloop
  endfacet
  facet normal -0.242974 -0.970033 -0
    outer loop
      vertex 9.304 0.837322 9
      vertex 9.2207 0.858187 0
      vertex 9.304 0.837322 0
    endloop
  endfacet
  facet normal -0.336884 -0.941546 0
    outer loop
      vertex 9.304 0.837322 0
      vertex 9.38485 0.808394 9
      vertex 9.304 0.837322 9
    endloop
  endfacet
  facet normal -0.336884 -0.941546 -0
    outer loop
      vertex 9.38485 0.808394 9
      vertex 9.304 0.837322 0
      vertex 9.38485 0.808394 0
    endloop
  endfacet
  facet normal -0.146723 -0.989178 0
    outer loop
      vertex 9.13576 0.870786 0
      vertex 9.2207 0.858187 9
      vertex 9.13576 0.870786 9
    endloop
  endfacet
  facet normal -0.146723 -0.989178 -0
    outer loop
      vertex 9.2207 0.858187 9
      vertex 9.13576 0.870786 0
      vertex 9.2207 0.858187 0
    endloop
  endfacet
  facet normal 0.740983 -0.671524 0
    outer loop
      vertex 7.17362 0.555094 9
      vertex 7.23128 0.618718 0
      vertex 7.23128 0.618718 9
    endloop
  endfacet
  facet normal 0.740983 -0.671524 0
    outer loop
      vertex 7.23128 0.618718 0
      vertex 7.17362 0.555094 9
      vertex 7.17362 0.555094 0
    endloop
  endfacet
  facet normal 0.671528 -0.740979 0
    outer loop
      vertex 7.23128 0.618718 0
      vertex 7.29491 0.676384 9
      vertex 7.23128 0.618718 9
    endloop
  endfacet
  facet normal 0.671528 -0.740979 0
    outer loop
      vertex 7.29491 0.676384 9
      vertex 7.23128 0.618718 0
      vertex 7.29491 0.676384 0
    endloop
  endfacet
  facet normal 0.514119 -0.857719 0
    outer loop
      vertex 7.36388 0.727535 0
      vertex 7.43753 0.771681 9
      vertex 7.36388 0.727535 9
    endloop
  endfacet
  facet normal 0.514119 -0.857719 0
    outer loop
      vertex 7.43753 0.771681 9
      vertex 7.36388 0.727535 0
      vertex 7.43753 0.771681 0
    endloop
  endfacet
  facet normal 0.903962 -0.427613 0
    outer loop
      vertex 7.0416 0.334847 9
      vertex 7.07832 0.412472 0
      vertex 7.07832 0.412472 9
    endloop
  endfacet
  facet normal 0.903962 -0.427613 0
    outer loop
      vertex 7.07832 0.412472 0
      vertex 7.0416 0.334847 9
      vertex 7.0416 0.334847 0
    endloop
  endfacet
  facet normal 0.857753 -0.514062 0
    outer loop
      vertex 7.07832 0.412472 9
      vertex 7.12246 0.486123 0
      vertex 7.12246 0.486123 9
    endloop
  endfacet
  facet normal 0.857753 -0.514062 0
    outer loop
      vertex 7.12246 0.486123 0
      vertex 7.07832 0.412472 9
      vertex 7.07832 0.412472 0
    endloop
  endfacet
  facet normal 0.970016 -0.243043 0
    outer loop
      vertex 6.99181 0.170704 9
      vertex 7.01268 0.253999 0
      vertex 7.01268 0.253999 9
    endloop
  endfacet
  facet normal 0.970016 -0.243043 0
    outer loop
      vertex 7.01268 0.253999 0
      vertex 6.99181 0.170704 9
      vertex 6.99181 0.170704 0
    endloop
  endfacet
  facet normal -0.427569 0.903983 0
    outer loop
      vertex 9.46247 -0.771681 0
      vertex 9.38485 -0.808394 9
      vertex 9.46247 -0.771681 9
    endloop
  endfacet
  facet normal -0.427569 0.903983 0
    outer loop
      vertex 9.38485 -0.808394 9
      vertex 9.46247 -0.771681 0
      vertex 9.38485 -0.808394 0
    endloop
  endfacet
  facet normal -0.970016 0.243043 0
    outer loop
      vertex 9.88732 -0.253999 0
      vertex 9.90819 -0.170704 9
      vertex 9.90819 -0.170704 0
    endloop
  endfacet
  facet normal -0.970016 0.243043 0
    outer loop
      vertex 9.90819 -0.170704 9
      vertex 9.88732 -0.253999 0
      vertex 9.88732 -0.253999 9
    endloop
  endfacet
  facet normal 0.242974 0.970033 -0
    outer loop
      vertex 7.6793 -0.858187 0
      vertex 7.596 -0.837322 9
      vertex 7.6793 -0.858187 9
    endloop
  endfacet
  facet normal 0.242974 0.970033 0
    outer loop
      vertex 7.596 -0.837322 9
      vertex 7.6793 -0.858187 0
      vertex 7.596 -0.837322 0
    endloop
  endfacet
  facet normal -0.242974 0.970033 0
    outer loop
      vertex 9.304 -0.837322 0
      vertex 9.2207 -0.858187 9
      vertex 9.304 -0.837322 9
    endloop
  endfacet
  facet normal -0.242974 0.970033 0
    outer loop
      vertex 9.2207 -0.858187 9
      vertex 9.304 -0.837322 0
      vertex 9.2207 -0.858187 0
    endloop
  endfacet
  facet normal 0.514119 0.857719 -0
    outer loop
      vertex 7.43753 -0.771681 0
      vertex 7.36388 -0.727535 9
      vertex 7.43753 -0.771681 9
    endloop
  endfacet
  facet normal 0.514119 0.857719 0
    outer loop
      vertex 7.36388 -0.727535 9
      vertex 7.43753 -0.771681 0
      vertex 7.36388 -0.727535 0
    endloop
  endfacet
  facet normal 0.671528 0.740979 -0
    outer loop
      vertex 7.29491 -0.676384 0
      vertex 7.23128 -0.618718 9
      vertex 7.29491 -0.676384 9
    endloop
  endfacet
  facet normal 0.671528 0.740979 0
    outer loop
      vertex 7.23128 -0.618718 9
      vertex 7.29491 -0.676384 0
      vertex 7.23128 -0.618718 0
    endloop
  endfacet
  facet normal 0.941573 -0.336809 0
    outer loop
      vertex 7.01268 0.253999 9
      vertex 7.0416 0.334847 0
      vertex 7.0416 0.334847 9
    endloop
  endfacet
  facet normal 0.941573 -0.336809 0
    outer loop
      vertex 7.0416 0.334847 0
      vertex 7.01268 0.253999 9
      vertex 7.01268 0.253999 0
    endloop
  endfacet
  facet normal -0.998797 0.0490286 0
    outer loop
      vertex 9.92079 -0.0857649 0
      vertex 9.925 0 9
      vertex 9.925 0 0
    endloop
  endfacet
  facet normal -0.998797 0.0490286 0
    outer loop
      vertex 9.925 0 9
      vertex 9.92079 -0.0857649 0
      vertex 9.92079 -0.0857649 9
    endloop
  endfacet
  facet normal -0.740983 0.671524 0
    outer loop
      vertex 9.66872 -0.618718 0
      vertex 9.72638 -0.555094 9
      vertex 9.72638 -0.555094 0
    endloop
  endfacet
  facet normal -0.740983 0.671524 0
    outer loop
      vertex 9.72638 -0.555094 9
      vertex 9.66872 -0.618718 0
      vertex 9.66872 -0.618718 9
    endloop
  endfacet
  facet normal -0.671528 0.740979 0
    outer loop
      vertex 9.66872 -0.618718 0
      vertex 9.60509 -0.676384 9
      vertex 9.66872 -0.618718 9
    endloop
  endfacet
  facet normal -0.671528 0.740979 0
    outer loop
      vertex 9.60509 -0.676384 9
      vertex 9.66872 -0.618718 0
      vertex 9.60509 -0.676384 0
    endloop
  endfacet
  facet normal -0.514119 0.857719 0
    outer loop
      vertex 9.53612 -0.727535 0
      vertex 9.46247 -0.771681 9
      vertex 9.53612 -0.727535 9
    endloop
  endfacet
  facet normal -0.514119 0.857719 0
    outer loop
      vertex 9.46247 -0.771681 9
      vertex 9.53612 -0.727535 0
      vertex 9.46247 -0.771681 0
    endloop
  endfacet
  facet normal -0.595695 0.803211 0
    outer loop
      vertex 9.60509 -0.676384 0
      vertex 9.53612 -0.727535 9
      vertex 9.60509 -0.676384 9
    endloop
  endfacet
  facet normal -0.595695 0.803211 0
    outer loop
      vertex 9.53612 -0.727535 9
      vertex 9.60509 -0.676384 0
      vertex 9.53612 -0.727535 0
    endloop
  endfacet
  facet normal -0.904007 0.427518 0
    outer loop
      vertex 9.82168 -0.412472 0
      vertex 9.85839 -0.334847 9
      vertex 9.85839 -0.334847 0
    endloop
  endfacet
  facet normal -0.904007 0.427518 0
    outer loop
      vertex 9.85839 -0.334847 9
      vertex 9.82168 -0.412472 0
      vertex 9.82168 -0.412472 9
    endloop
  endfacet
  facet normal -0.146723 0.989178 0
    outer loop
      vertex 9.2207 -0.858187 0
      vertex 9.13576 -0.870786 9
      vertex 9.2207 -0.858187 9
    endloop
  endfacet
  facet normal -0.146723 0.989178 0
    outer loop
      vertex 9.13576 -0.870786 9
      vertex 9.2207 -0.858187 0
      vertex 9.13576 -0.870786 0
    endloop
  endfacet
  facet normal -0.336884 0.941546 0
    outer loop
      vertex 9.38485 -0.808394 0
      vertex 9.304 -0.837322 9
      vertex 9.38485 -0.808394 9
    endloop
  endfacet
  facet normal -0.336884 0.941546 0
    outer loop
      vertex 9.304 -0.837322 9
      vertex 9.38485 -0.808394 0
      vertex 9.304 -0.837322 0
    endloop
  endfacet
  facet normal -0.989176 0.146736 0
    outer loop
      vertex 9.90819 -0.170704 0
      vertex 9.92079 -0.0857649 9
      vertex 9.92079 -0.0857649 0
    endloop
  endfacet
  facet normal -0.989176 0.146736 0
    outer loop
      vertex 9.92079 -0.0857649 9
      vertex 9.90819 -0.170704 0
      vertex 9.90819 -0.170704 9
    endloop
  endfacet
  facet normal -0.803165 0.595757 0
    outer loop
      vertex 9.72638 -0.555094 0
      vertex 9.77754 -0.486123 9
      vertex 9.77754 -0.486123 0
    endloop
  endfacet
  facet normal -0.803165 0.595757 0
    outer loop
      vertex 9.77754 -0.486123 9
      vertex 9.72638 -0.555094 0
      vertex 9.72638 -0.555094 9
    endloop
  endfacet
  facet normal -0.941536 0.336912 0
    outer loop
      vertex 9.85839 -0.334847 0
      vertex 9.88732 -0.253999 9
      vertex 9.88732 -0.253999 0
    endloop
  endfacet
  facet normal -0.941536 0.336912 0
    outer loop
      vertex 9.88732 -0.253999 9
      vertex 9.85839 -0.334847 0
      vertex 9.85839 -0.334847 9
    endloop
  endfacet
  facet normal -1 0 0
    outer loop
      vertex 6.6 6.7 0
      vertex 6.6 2.35847 3
      vertex 6.6 6.7 3
    endloop
  endfacet
  facet normal -1 0 0
    outer loop
      vertex 6.6 2.35847 3
      vertex 6.6 -2.35847 3
      vertex 6.6 2.35847 9
    endloop
  endfacet
  facet normal -1 0 0
    outer loop
      vertex 6.6 6.7 0
      vertex 6.6 -2.35847 3
      vertex 6.6 2.35847 3
    endloop
  endfacet
  facet normal -1 0 0
    outer loop
      vertex 6.6 -6.7 0
      vertex 6.6 -2.35847 3
      vertex 6.6 6.7 0
    endloop
  endfacet
  facet normal -1 -0 0
    outer loop
      vertex 6.6 -2.35847 3
      vertex 6.6 -6.7 0
      vertex 6.6 -6.7 3
    endloop
  endfacet
  facet normal -1 -0 0
    outer loop
      vertex 6.6 2.35847 9
      vertex 6.6 -2.35847 3
      vertex 6.6 -2.35847 9
    endloop
  endfacet
  facet normal 1 0 0
    outer loop
      vertex -17.6 2.35847 9
      vertex -17.6 -2.35847 9
      vertex -17.6 2.35847 3
    endloop
  endfacet
  facet normal 1 -0 0
    outer loop
      vertex -17.6 2.35847 3
      vertex -17.6 6.7 0
      vertex -17.6 6.7 3
    endloop
  endfacet
  facet normal 1 0 0
    outer loop
      vertex -17.6 -2.35847 3
      vertex -17.6 2.35847 3
      vertex -17.6 -2.35847 9
    endloop
  endfacet
  facet normal 1 -0 0
    outer loop
      vertex -17.6 -2.35847 3
      vertex -17.6 6.7 0
      vertex -17.6 2.35847 3
    endloop
  endfacet
  facet normal 1 0 0
    outer loop
      vertex -17.6 -6.7 0
      vertex -17.6 -2.35847 3
      vertex -17.6 -6.7 3
    endloop
  endfacet
  facet normal 1 0 0
    outer loop
      vertex -17.6 -2.35847 3
      vertex -17.6 -6.7 0
      vertex -17.6 6.7 0
    endloop
  endfacet
  facet normal 0 1 -0
    outer loop
      vertex 6.6 -6.7 0
      vertex -17.6 -6.7 3
      vertex 6.6 -6.7 3
    endloop
  endfacet
  facet normal 0 1 0
    outer loop
      vertex -17.6 -6.7 3
      vertex 6.6 -6.7 0
      vertex -17.6 -6.7 0
    endloop
  endfacet
  facet normal 0 -1 0
    outer loop
      vertex -17.6 6.7 0
      vertex 6.6 6.7 3
      vertex -17.6 6.7 3
    endloop
  endfacet
  facet normal 0 -1 -0
    outer loop
      vertex 6.6 6.7 3
      vertex -17.6 6.7 0
      vertex 6.6 6.7 0
    endloop
  endfacet
  facet normal -0.243357 -0.969937 0
    outer loop
      vertex 24.1063 24.7938 23
      vertex 24.1896 24.7729 31.5
      vertex 24.1063 24.7938 31.5
    endloop
  endfacet
  facet normal -0.243357 -0.969937 -0
    outer loop
      vertex 24.1896 24.7729 31.5
      vertex 24.1063 24.7938 23
      vertex 24.1896 24.7729 23
    endloop
  endfacet
  facet normal 0.428487 -0.903548 0
    outer loop
      vertex 23.5231 24.7072 23
      vertex 23.6007 24.744 31.5
      vertex 23.5231 24.7072 31.5
    endloop
  endfacet
  facet normal 0.428487 -0.903548 0
    outer loop
      vertex 23.6007 24.744 31.5
      vertex 23.5231 24.7072 23
      vertex 23.6007 24.744 23
    endloop
  endfacet
  facet normal 0.941214 -0.337812 0
    outer loop
      vertex 23.0982 24.1896 31.5
      vertex 23.1272 24.2704 23
      vertex 23.1272 24.2704 31.5
    endloop
  endfacet
  facet normal 0.941214 -0.337812 0
    outer loop
      vertex 23.1272 24.2704 23
      vertex 23.0982 24.1896 31.5
      vertex 23.0982 24.1896 23
    endloop
  endfacet
  facet normal 0.243357 -0.969937 0
    outer loop
      vertex 23.6816 24.7729 23
      vertex 23.7649 24.7938 31.5
      vertex 23.6816 24.7729 31.5
    endloop
  endfacet
  facet normal 0.243357 -0.969937 0
    outer loop
      vertex 23.7649 24.7938 31.5
      vertex 23.6816 24.7729 23
      vertex 23.7649 24.7938 23
    endloop
  endfacet
  facet normal 0.802648 0.596453 0
    outer loop
      vertex 23.2592 23.3805 31.5
      vertex 23.208 23.4494 23
      vertex 23.208 23.4494 31.5
    endloop
  endfacet
  facet normal 0.802648 0.596453 0
    outer loop
      vertex 23.208 23.4494 23
      vertex 23.2592 23.3805 31.5
      vertex 23.2592 23.3805 23
    endloop
  endfacet
  facet normal 0.989166 0.146802 0
    outer loop
      vertex 23.0774 23.7649 31.5
      vertex 23.0648 23.8498 23
      vertex 23.0648 23.8498 31.5
    endloop
  endfacet
  facet normal 0.989166 0.146802 0
    outer loop
      vertex 23.0648 23.8498 23
      vertex 23.0774 23.7649 31.5
      vertex 23.0774 23.7649 23
    endloop
  endfacet
  facet normal 0.858109 -0.513468 0
    outer loop
      vertex 23.1639 24.348 31.5
      vertex 23.208 24.4217 23
      vertex 23.208 24.4217 31.5
    endloop
  endfacet
  facet normal 0.858109 -0.513468 0
    outer loop
      vertex 23.208 24.4217 23
      vertex 23.1639 24.348 31.5
      vertex 23.1639 24.348 23
    endloop
  endfacet
  facet normal 0 0 1
    outer loop
      vertex 24.8064 24.0213 23
      vertex 24.8064 23.8498 23
      vertex 24.8106 23.9356 23
    endloop
  endfacet
  facet normal 0 0 1
    outer loop
      vertex 24.7938 24.1063 23
      vertex 24.8064 23.8498 23
      vertex 24.8064 24.0213 23
    endloop
  endfacet
  facet normal 0 0 1
    outer loop
      vertex 24.7938 24.1063 23
      vertex 24.7938 23.7649 23
      vertex 24.8064 23.8498 23
    endloop
  endfacet
  facet normal 0 0 1
    outer loop
      vertex 24.7729 24.1896 23
      vertex 24.7938 23.7649 23
      vertex 24.7938 24.1063 23
    endloop
  endfacet
  facet normal 0 0 1
    outer loop
      vertex 24.7729 24.1896 23
      vertex 24.7729 23.6816 23
      vertex 24.7938 23.7649 23
    endloop
  endfacet
  facet normal 0 0 1
    outer loop
      vertex 24.744 24.2704 23
      vertex 24.7729 23.6816 23
      vertex 24.7729 24.1896 23
    endloop
  endfacet
  facet normal 0 0 1
    outer loop
      vertex 24.744 24.2704 23
      vertex 24.744 23.6007 23
      vertex 24.7729 23.6816 23
    endloop
  endfacet
  facet normal 0 0 1
    outer loop
      vertex 24.7072 24.348 23
      vertex 24.744 23.6007 23
      vertex 24.744 24.2704 23
    endloop
  endfacet
  facet normal 0 0 1
    outer loop
      vertex 24.7072 24.348 23
      vertex 24.7072 23.5231 23
      vertex 24.744 23.6007 23
    endloop
  endfacet
  facet normal 0 0 1
    outer loop
      vertex 24.6631 24.4217 23
      vertex 24.7072 23.5231 23
      vertex 24.7072 24.348 23
    endloop
  endfacet
  facet normal 0 0 1
    outer loop
      vertex 24.6631 24.4217 23
      vertex 24.6631 23.4494 23
      vertex 24.7072 23.5231 23
    endloop
  endfacet
  facet normal 0 0 1
    outer loop
      vertex 24.6119 24.4907 23
      vertex 24.6631 23.4494 23
      vertex 24.6631 24.4217 23
    endloop
  endfacet
  facet normal 0 0 1
    outer loop
      vertex 24.6119 24.4907 23
      vertex 24.6119 23.3805 23
      vertex 24.6631 23.4494 23
    endloop
  endfacet
  facet normal 0 0 1
    outer loop
      vertex 24.5543 24.5543 23
      vertex 24.6119 23.3805 23
      vertex 24.6119 24.4907 23
    endloop
  endfacet
  facet normal 0 0 1
    outer loop
      vertex 24.5543 24.5543 23
      vertex 24.5543 23.3168 23
      vertex 24.6119 23.3805 23
    endloop
  endfacet
  facet normal 0 0 1
    outer loop
      vertex 24.4907 24.6119 23
      vertex 24.5543 23.3168 23
      vertex 24.5543 24.5543 23
    endloop
  endfacet
  facet normal 0 0 1
    outer loop
      vertex 24.4907 24.6119 23
      vertex 24.4907 23.2592 23
      vertex 24.5543 23.3168 23
    endloop
  endfacet
  facet normal 0 0 1
    outer loop
      vertex 24.4217 24.6631 23
      vertex 24.4907 23.2592 23
      vertex 24.4907 24.6119 23
    endloop
  endfacet
  facet normal 0 0 1
    outer loop
      vertex 24.4217 24.6631 23
      vertex 24.4217 23.208 23
      vertex 24.4907 23.2592 23
    endloop
  endfacet
  facet normal 0 0 1
    outer loop
      vertex 24.348 24.7072 23
      vertex 24.4217 23.208 23
      vertex 24.4217 24.6631 23
    endloop
  endfacet
  facet normal 0 0 1
    outer loop
      vertex 24.348 24.7072 23
      vertex 24.348 23.1639 23
      vertex 24.4217 23.208 23
    endloop
  endfacet
  facet normal 0 0 1
    outer loop
      vertex 24.2704 24.744 23
      vertex 24.348 23.1639 23
      vertex 24.348 24.7072 23
    endloop
  endfacet
  facet normal 0 0 1
    outer loop
      vertex 24.2704 24.744 23
      vertex 24.2704 23.1272 23
      vertex 24.348 23.1639 23
    endloop
  endfacet
  facet normal 0 0 1
    outer loop
      vertex 24.1896 24.7729 23
      vertex 24.2704 23.1272 23
      vertex 24.2704 24.744 23
    endloop
  endfacet
  facet normal 0 0 1
    outer loop
      vertex 24.1896 24.7729 23
      vertex 24.1896 23.0982 23
      vertex 24.2704 23.1272 23
    endloop
  endfacet
  facet normal 0 0 1
    outer loop
      vertex 24.1063 24.7938 23
      vertex 24.1896 23.0982 23
      vertex 24.1896 24.7729 23
    endloop
  endfacet
  facet normal 0 0 1
    outer loop
      vertex 24.1063 24.7938 23
      vertex 24.1063 23.0774 23
      vertex 24.1896 23.0982 23
    endloop
  endfacet
  facet normal 0 0 1
    outer loop
      vertex 24.0213 24.8064 23
      vertex 24.1063 23.0774 23
      vertex 24.1063 24.7938 23
    endloop
  endfacet
  facet normal 0 0 1
    outer loop
      vertex 24.0213 24.8064 23
      vertex 24.0213 23.0648 23
      vertex 24.1063 23.0774 23
    endloop
  endfacet
  facet normal 0 0 1
    outer loop
      vertex 23.9356 24.8106 23
      vertex 24.0213 23.0648 23
      vertex 24.0213 24.8064 23
    endloop
  endfacet
  facet normal 0 0 1
    outer loop
      vertex 23.9356 24.8106 23
      vertex 23.9356 23.0606 23
      vertex 24.0213 23.0648 23
    endloop
  endfacet
  facet normal -0 0 1
    outer loop
      vertex 23.8498 24.8064 23
      vertex 23.9356 23.0606 23
      vertex 23.9356 24.8106 23
    endloop
  endfacet
  facet normal 0 0 1
    outer loop
      vertex 23.8498 24.8064 23
      vertex 23.8498 23.0648 23
      vertex 23.9356 23.0606 23
    endloop
  endfacet
  facet normal -0 0 1
    outer loop
      vertex 23.7649 24.7938 23
      vertex 23.8498 23.0648 23
      vertex 23.8498 24.8064 23
    endloop
  endfacet
  facet normal 0 0 1
    outer loop
      vertex 23.7649 24.7938 23
      vertex 23.7649 23.0774 23
      vertex 23.8498 23.0648 23
    endloop
  endfacet
  facet normal -0 0 1
    outer loop
      vertex 23.6816 24.7729 23
      vertex 23.7649 23.0774 23
      vertex 23.7649 24.7938 23
    endloop
  endfacet
  facet normal 0 0 1
    outer loop
      vertex 23.6816 24.7729 23
      vertex 23.6816 23.0982 23
      vertex 23.7649 23.0774 23
    endloop
  endfacet
  facet normal -0 0 1
    outer loop
      vertex 23.6007 24.744 23
      vertex 23.6816 23.0982 23
      vertex 23.6816 24.7729 23
    endloop
  endfacet
  facet normal 0 0 1
    outer loop
      vertex 23.6007 24.744 23
      vertex 23.6007 23.1272 23
      vertex 23.6816 23.0982 23
    endloop
  endfacet
  facet normal -0 0 1
    outer loop
      vertex 23.5231 24.7072 23
      vertex 23.6007 23.1272 23
      vertex 23.6007 24.744 23
    endloop
  endfacet
  facet normal 0 0 1
    outer loop
      vertex 23.5231 24.7072 23
      vertex 23.5231 23.1639 23
      vertex 23.6007 23.1272 23
    endloop
  endfacet
  facet normal -0 0 1
    outer loop
      vertex 23.4494 24.6631 23
      vertex 23.5231 23.1639 23
      vertex 23.5231 24.7072 23
    endloop
  endfacet
  facet normal 0 0 1
    outer loop
      vertex 23.4494 24.6631 23
      vertex 23.4494 23.208 23
      vertex 23.5231 23.1639 23
    endloop
  endfacet
  facet normal -0 0 1
    outer loop
      vertex 23.3805 24.6119 23
      vertex 23.4494 23.208 23
      vertex 23.4494 24.6631 23
    endloop
  endfacet
  facet normal 0 0 1
    outer loop
      vertex 23.3805 24.6119 23
      vertex 23.3805 23.2592 23
      vertex 23.4494 23.208 23
    endloop
  endfacet
  facet normal -0 0 1
    outer loop
      vertex 23.3168 24.5543 23
      vertex 23.3805 23.2592 23
      vertex 23.3805 24.6119 23
    endloop
  endfacet
  facet normal 0 0 1
    outer loop
      vertex 23.3168 24.5543 23
      vertex 23.3168 23.3168 23
      vertex 23.3805 23.2592 23
    endloop
  endfacet
  facet normal -0 0 1
    outer loop
      vertex 23.2592 24.4907 23
      vertex 23.3168 23.3168 23
      vertex 23.3168 24.5543 23
    endloop
  endfacet
  facet normal 0 0 1
    outer loop
      vertex 23.2592 24.4907 23
      vertex 23.2592 23.3805 23
      vertex 23.3168 23.3168 23
    endloop
  endfacet
  facet normal -0 0 1
    outer loop
      vertex 23.208 24.4217 23
      vertex 23.2592 23.3805 23
      vertex 23.2592 24.4907 23
    endloop
  endfacet
  facet normal 0 0 1
    outer loop
      vertex 23.208 24.4217 23
      vertex 23.208 23.4494 23
      vertex 23.2592 23.3805 23
    endloop
  endfacet
  facet normal -0 0 1
    outer loop
      vertex 23.1639 24.348 23
      vertex 23.208 23.4494 23
      vertex 23.208 24.4217 23
    endloop
  endfacet
  facet normal 0 0 1
    outer loop
      vertex 23.1639 24.348 23
      vertex 23.1639 23.5231 23
      vertex 23.208 23.4494 23
    endloop
  endfacet
  facet normal -0 0 1
    outer loop
      vertex 23.1272 24.2704 23
      vertex 23.1639 23.5231 23
      vertex 23.1639 24.348 23
    endloop
  endfacet
  facet normal 0 0 1
    outer loop
      vertex 23.1272 24.2704 23
      vertex 23.1272 23.6007 23
      vertex 23.1639 23.5231 23
    endloop
  endfacet
  facet normal -0 0 1
    outer loop
      vertex 23.0982 24.1896 23
      vertex 23.1272 23.6007 23
      vertex 23.1272 24.2704 23
    endloop
  endfacet
  facet normal 0 0 1
    outer loop
      vertex 23.0982 24.1896 23
      vertex 23.0982 23.6816 23
      vertex 23.1272 23.6007 23
    endloop
  endfacet
  facet normal -0 0 1
    outer loop
      vertex 23.0774 24.1063 23
      vertex 23.0982 23.6816 23
      vertex 23.0982 24.1896 23
    endloop
  endfacet
  facet normal 0 0 1
    outer loop
      vertex 23.0774 24.1063 23
      vertex 23.0774 23.7649 23
      vertex 23.0982 23.6816 23
    endloop
  endfacet
  facet normal -0 0 1
    outer loop
      vertex 23.0648 24.0213 23
      vertex 23.0774 23.7649 23
      vertex 23.0774 24.1063 23
    endloop
  endfacet
  facet normal 0 0 1
    outer loop
      vertex 23.0648 24.0213 23
      vertex 23.0648 23.8498 23
      vertex 23.0774 23.7649 23
    endloop
  endfacet
  facet normal 0 -0 1
    outer loop
      vertex 23.0648 23.8498 23
      vertex 23.0648 24.0213 23
      vertex 23.0606 23.9356 23
    endloop
  endfacet
  facet normal -0.969937 0.243357 0
    outer loop
      vertex 24.7729 23.6816 23
      vertex 24.7938 23.7649 31.5
      vertex 24.7938 23.7649 23
    endloop
  endfacet
  facet normal -0.969937 0.243357 0
    outer loop
      vertex 24.7938 23.7649 31.5
      vertex 24.7729 23.6816 23
      vertex 24.7729 23.6816 31.5
    endloop
  endfacet
  facet normal -0.595895 -0.803062 0
    outer loop
      vertex 24.4217 24.6631 23
      vertex 24.4907 24.6119 31.5
      vertex 24.4217 24.6631 31.5
    endloop
  endfacet
  facet normal -0.595895 -0.803062 -0
    outer loop
      vertex 24.4907 24.6119 31.5
      vertex 24.4217 24.6631 23
      vertex 24.4907 24.6119 23
    endloop
  endfacet
  facet normal -0.146633 -0.989191 0
    outer loop
      vertex 24.0213 24.8064 23
      vertex 24.1063 24.7938 31.5
      vertex 24.0213 24.8064 31.5
    endloop
  endfacet
  facet normal -0.146633 -0.989191 -0
    outer loop
      vertex 24.1063 24.7938 31.5
      vertex 24.0213 24.8064 23
      vertex 24.1063 24.7938 23
    endloop
  endfacet
  facet normal 0.0488925 -0.998804 0
    outer loop
      vertex 23.8498 24.8064 23
      vertex 23.9356 24.8106 31.5
      vertex 23.8498 24.8064 31.5
    endloop
  endfacet
  facet normal 0.0488925 -0.998804 0
    outer loop
      vertex 23.9356 24.8106 31.5
      vertex 23.8498 24.8064 23
      vertex 23.9356 24.8106 23
    endloop
  endfacet
  facet normal -0.0489494 -0.998801 0
    outer loop
      vertex 23.9356 24.8106 23
      vertex 24.0213 24.8064 31.5
      vertex 23.9356 24.8106 31.5
    endloop
  endfacet
  facet normal -0.0489494 -0.998801 -0
    outer loop
      vertex 24.0213 24.8064 31.5
      vertex 23.9356 24.8106 23
      vertex 24.0213 24.8064 23
    endloop
  endfacet
  facet normal 0.741204 -0.671279 0
    outer loop
      vertex 23.2592 24.4907 31.5
      vertex 23.3168 24.5543 23
      vertex 23.3168 24.5543 31.5
    endloop
  endfacet
  facet normal 0.741204 -0.671279 0
    outer loop
      vertex 23.3168 24.5543 23
      vertex 23.2592 24.4907 31.5
      vertex 23.2592 24.4907 23
    endloop
  endfacet
  facet normal 0.513468 -0.858109 0
    outer loop
      vertex 23.4494 24.6631 23
      vertex 23.5231 24.7072 31.5
      vertex 23.4494 24.6631 31.5
    endloop
  endfacet
  facet normal 0.513468 -0.858109 0
    outer loop
      vertex 23.5231 24.7072 31.5
      vertex 23.4494 24.6631 23
      vertex 23.5231 24.7072 23
    endloop
  endfacet
  facet normal 0.596453 -0.802648 0
    outer loop
      vertex 23.3805 24.6119 23
      vertex 23.4494 24.6631 31.5
      vertex 23.3805 24.6119 31.5
    endloop
  endfacet
  facet normal 0.596453 -0.802648 0
    outer loop
      vertex 23.4494 24.6631 31.5
      vertex 23.3805 24.6119 23
      vertex 23.4494 24.6631 23
    endloop
  endfacet
  facet normal 0.33641 -0.941716 0
    outer loop
      vertex 23.6007 24.744 23
      vertex 23.6816 24.7729 31.5
      vertex 23.6007 24.744 31.5
    endloop
  endfacet
  facet normal 0.33641 -0.941716 0
    outer loop
      vertex 23.6816 24.7729 31.5
      vertex 23.6007 24.744 23
      vertex 23.6816 24.7729 23
    endloop
  endfacet
  facet normal 0.146802 -0.989166 0
    outer loop
      vertex 23.7649 24.7938 23
      vertex 23.8498 24.8064 31.5
      vertex 23.7649 24.7938 31.5
    endloop
  endfacet
  facet normal 0.146802 -0.989166 0
    outer loop
      vertex 23.8498 24.8064 31.5
      vertex 23.7649 24.7938 23
      vertex 23.8498 24.8064 23
    endloop
  endfacet
  facet normal 0.741729 0.6707 0
    outer loop
      vertex 23.3168 23.3168 31.5
      vertex 23.2592 23.3805 23
      vertex 23.2592 23.3805 31.5
    endloop
  endfacet
  facet normal 0.741729 0.6707 0
    outer loop
      vertex 23.2592 23.3805 23
      vertex 23.3168 23.3168 31.5
      vertex 23.3168 23.3168 23
    endloop
  endfacet
  facet normal 0.903999 0.427535 0
    outer loop
      vertex 23.1639 23.5231 31.5
      vertex 23.1272 23.6007 23
      vertex 23.1272 23.6007 31.5
    endloop
  endfacet
  facet normal 0.903999 0.427535 0
    outer loop
      vertex 23.1272 23.6007 23
      vertex 23.1639 23.5231 31.5
      vertex 23.1639 23.5231 23
    endloop
  endfacet
  facet normal 0.941346 0.337442 0
    outer loop
      vertex 23.1272 23.6007 31.5
      vertex 23.0982 23.6816 23
      vertex 23.0982 23.6816 31.5
    endloop
  endfacet
  facet normal 0.941346 0.337442 0
    outer loop
      vertex 23.0982 23.6816 23
      vertex 23.1272 23.6007 31.5
      vertex 23.1272 23.6007 23
    endloop
  endfacet
  facet normal 0.903999 -0.427535 0
    outer loop
      vertex 23.1272 24.2704 31.5
      vertex 23.1639 24.348 23
      vertex 23.1639 24.348 31.5
    endloop
  endfacet
  facet normal 0.903999 -0.427535 0
    outer loop
      vertex 23.1639 24.348 23
      vertex 23.1272 24.2704 31.5
      vertex 23.1272 24.2704 23
    endloop
  endfacet
  facet normal 0.803062 -0.595895 0
    outer loop
      vertex 23.208 24.4217 31.5
      vertex 23.2592 24.4907 23
      vertex 23.2592 24.4907 31.5
    endloop
  endfacet
  facet normal 0.803062 -0.595895 0
    outer loop
      vertex 23.2592 24.4907 23
      vertex 23.208 24.4217 31.5
      vertex 23.208 24.4217 23
    endloop
  endfacet
  facet normal 0.989191 -0.146633 0
    outer loop
      vertex 23.0648 24.0213 31.5
      vertex 23.0774 24.1063 23
      vertex 23.0774 24.1063 31.5
    endloop
  endfacet
  facet normal 0.989191 -0.146633 0
    outer loop
      vertex 23.0774 24.1063 23
      vertex 23.0648 24.0213 31.5
      vertex 23.0648 24.0213 23
    endloop
  endfacet
  facet normal 0.998801 -0.0489494 0
    outer loop
      vertex 23.0606 23.9356 31.5
      vertex 23.0648 24.0213 23
      vertex 23.0648 24.0213 31.5
    endloop
  endfacet
  facet normal 0.998801 -0.0489494 0
    outer loop
      vertex 23.0648 24.0213 23
      vertex 23.0606 23.9356 31.5
      vertex 23.0606 23.9356 23
    endloop
  endfacet
  facet normal 0.970211 -0.242262 0
    outer loop
      vertex 23.0774 24.1063 31.5
      vertex 23.0982 24.1896 23
      vertex 23.0982 24.1896 31.5
    endloop
  endfacet
  facet normal 0.970211 -0.242262 0
    outer loop
      vertex 23.0982 24.1896 23
      vertex 23.0774 24.1063 31.5
      vertex 23.0774 24.1063 23
    endloop
  endfacet
  facet normal 0.998804 0.0488925 0
    outer loop
      vertex 23.0648 23.8498 31.5
      vertex 23.0606 23.9356 23
      vertex 23.0606 23.9356 31.5
    endloop
  endfacet
  facet normal 0.998804 0.0488925 0
    outer loop
      vertex 23.0606 23.9356 23
      vertex 23.0648 23.8498 31.5
      vertex 23.0648 23.8498 23
    endloop
  endfacet
  facet normal -0.671279 -0.741204 0
    outer loop
      vertex 24.4907 24.6119 23
      vertex 24.5543 24.5543 31.5
      vertex 24.4907 24.6119 31.5
    endloop
  endfacet
  facet normal -0.671279 -0.741204 -0
    outer loop
      vertex 24.5543 24.5543 31.5
      vertex 24.4907 24.6119 23
      vertex 24.5543 24.5543 23
    endloop
  endfacet
  facet normal -0.741204 -0.671279 0
    outer loop
      vertex 24.6119 24.4907 23
      vertex 24.5543 24.5543 31.5
      vertex 24.5543 24.5543 23
    endloop
  endfacet
  facet normal -0.741204 -0.671279 0
    outer loop
      vertex 24.5543 24.5543 31.5
      vertex 24.6119 24.4907 23
      vertex 24.6119 24.4907 31.5
    endloop
  endfacet
  facet normal -0.802648 0.596453 0
    outer loop
      vertex 24.6119 23.3805 23
      vertex 24.6631 23.4494 31.5
      vertex 24.6631 23.4494 23
    endloop
  endfacet
  facet normal -0.802648 0.596453 0
    outer loop
      vertex 24.6631 23.4494 31.5
      vertex 24.6119 23.3805 23
      vertex 24.6119 23.3805 31.5
    endloop
  endfacet
  facet normal -0.336779 -0.941584 0
    outer loop
      vertex 24.1896 24.7729 23
      vertex 24.2704 24.744 31.5
      vertex 24.1896 24.7729 31.5
    endloop
  endfacet
  facet normal -0.336779 -0.941584 -0
    outer loop
      vertex 24.2704 24.744 31.5
      vertex 24.1896 24.7729 23
      vertex 24.2704 24.744 23
    endloop
  endfacet
  facet normal -0.428487 -0.903548 0
    outer loop
      vertex 24.2704 24.744 23
      vertex 24.348 24.7072 31.5
      vertex 24.2704 24.744 31.5
    endloop
  endfacet
  facet normal -0.428487 -0.903548 -0
    outer loop
      vertex 24.348 24.7072 31.5
      vertex 24.2704 24.744 23
      vertex 24.348 24.7072 23
    endloop
  endfacet
  facet normal 0.6707 -0.741729 0
    outer loop
      vertex 23.3168 24.5543 23
      vertex 23.3805 24.6119 31.5
      vertex 23.3168 24.5543 31.5
    endloop
  endfacet
  facet normal 0.6707 -0.741729 0
    outer loop
      vertex 23.3805 24.6119 31.5
      vertex 23.3168 24.5543 23
      vertex 23.3805 24.6119 23
    endloop
  endfacet
  facet normal 0.858109 0.513468 0
    outer loop
      vertex 23.208 23.4494 31.5
      vertex 23.1639 23.5231 23
      vertex 23.1639 23.5231 31.5
    endloop
  endfacet
  facet normal 0.858109 0.513468 0
    outer loop
      vertex 23.1639 23.5231 23
      vertex 23.208 23.4494 31.5
      vertex 23.208 23.4494 23
    endloop
  endfacet
  facet normal 0.970211 0.242262 0
    outer loop
      vertex 23.0982 23.6816 31.5
      vertex 23.0774 23.7649 23
      vertex 23.0774 23.7649 31.5
    endloop
  endfacet
  facet normal 0.970211 0.242262 0
    outer loop
      vertex 23.0774 23.7649 23
      vertex 23.0982 23.6816 31.5
      vertex 23.0982 23.6816 23
    endloop
  endfacet
  facet normal -0.803062 -0.595895 0
    outer loop
      vertex 24.6631 24.4217 23
      vertex 24.6119 24.4907 31.5
      vertex 24.6119 24.4907 23
    endloop
  endfacet
  facet normal -0.803062 -0.595895 0
    outer loop
      vertex 24.6119 24.4907 31.5
      vertex 24.6631 24.4217 23
      vertex 24.6631 24.4217 31.5
    endloop
  endfacet
  facet normal -0.858109 -0.513468 0
    outer loop
      vertex 24.7072 24.348 23
      vertex 24.6631 24.4217 31.5
      vertex 24.6631 24.4217 23
    endloop
  endfacet
  facet normal -0.858109 -0.513468 0
    outer loop
      vertex 24.6631 24.4217 31.5
      vertex 24.7072 24.348 23
      vertex 24.7072 24.348 31.5
    endloop
  endfacet
  facet normal -0.903548 -0.428487 0
    outer loop
      vertex 24.744 24.2704 23
      vertex 24.7072 24.348 31.5
      vertex 24.7072 24.348 23
    endloop
  endfacet
  facet normal -0.903548 -0.428487 0
    outer loop
      vertex 24.7072 24.348 31.5
      vertex 24.744 24.2704 23
      vertex 24.744 24.2704 31.5
    endloop
  endfacet
  facet normal -0.989191 -0.146633 0
    outer loop
      vertex 24.8064 24.0213 23
      vertex 24.7938 24.1063 31.5
      vertex 24.7938 24.1063 23
    endloop
  endfacet
  facet normal -0.989191 -0.146633 0
    outer loop
      vertex 24.7938 24.1063 31.5
      vertex 24.8064 24.0213 23
      vertex 24.8064 24.0213 31.5
    endloop
  endfacet
  facet normal -0.969937 -0.243357 0
    outer loop
      vertex 24.7938 24.1063 23
      vertex 24.7729 24.1896 31.5
      vertex 24.7729 24.1896 23
    endloop
  endfacet
  facet normal -0.969937 -0.243357 0
    outer loop
      vertex 24.7729 24.1896 31.5
      vertex 24.7938 24.1063 23
      vertex 24.7938 24.1063 31.5
    endloop
  endfacet
  facet normal -0.595895 0.803062 0
    outer loop
      vertex 24.4907 23.2592 23
      vertex 24.4217 23.208 31.5
      vertex 24.4907 23.2592 31.5
    endloop
  endfacet
  facet normal -0.595895 0.803062 0
    outer loop
      vertex 24.4217 23.208 31.5
      vertex 24.4907 23.2592 23
      vertex 24.4217 23.208 23
    endloop
  endfacet
  facet normal 0.6707 0.741729 -0
    outer loop
      vertex 23.3805 23.2592 23
      vertex 23.3168 23.3168 31.5
      vertex 23.3805 23.2592 31.5
    endloop
  endfacet
  facet normal 0.6707 0.741729 0
    outer loop
      vertex 23.3168 23.3168 31.5
      vertex 23.3805 23.2592 23
      vertex 23.3168 23.3168 23
    endloop
  endfacet
  facet normal -0.858109 0.513468 0
    outer loop
      vertex 24.6631 23.4494 23
      vertex 24.7072 23.5231 31.5
      vertex 24.7072 23.5231 23
    endloop
  endfacet
  facet normal -0.858109 0.513468 0
    outer loop
      vertex 24.7072 23.5231 31.5
      vertex 24.6631 23.4494 23
      vertex 24.6631 23.4494 31.5
    endloop
  endfacet
  facet normal -0.941716 0.33641 0
    outer loop
      vertex 24.744 23.6007 23
      vertex 24.7729 23.6816 31.5
      vertex 24.7729 23.6816 23
    endloop
  endfacet
  facet normal -0.941716 0.33641 0
    outer loop
      vertex 24.7729 23.6816 31.5
      vertex 24.744 23.6007 23
      vertex 24.744 23.6007 31.5
    endloop
  endfacet
  facet normal -0.513468 -0.858109 0
    outer loop
      vertex 24.348 24.7072 23
      vertex 24.4217 24.6631 31.5
      vertex 24.348 24.7072 31.5
    endloop
  endfacet
  facet normal -0.513468 -0.858109 -0
    outer loop
      vertex 24.4217 24.6631 31.5
      vertex 24.348 24.7072 23
      vertex 24.4217 24.6631 23
    endloop
  endfacet
  facet normal -0.941584 -0.336779 0
    outer loop
      vertex 24.7729 24.1896 23
      vertex 24.744 24.2704 31.5
      vertex 24.744 24.2704 23
    endloop
  endfacet
  facet normal -0.941584 -0.336779 0
    outer loop
      vertex 24.744 24.2704 31.5
      vertex 24.7729 24.1896 23
      vertex 24.7729 24.1896 31.5
    endloop
  endfacet
  facet normal -0.998804 0.0488925 0
    outer loop
      vertex 24.8064 23.8498 23
      vertex 24.8106 23.9356 31.5
      vertex 24.8106 23.9356 23
    endloop
  endfacet
  facet normal -0.998804 0.0488925 0
    outer loop
      vertex 24.8106 23.9356 31.5
      vertex 24.8064 23.8498 23
      vertex 24.8064 23.8498 31.5
    endloop
  endfacet
  facet normal -0.337812 0.941214 0
    outer loop
      vertex 24.2704 23.1272 23
      vertex 24.1896 23.0982 31.5
      vertex 24.2704 23.1272 31.5
    endloop
  endfacet
  facet normal -0.337812 0.941214 0
    outer loop
      vertex 24.1896 23.0982 31.5
      vertex 24.2704 23.1272 23
      vertex 24.1896 23.0982 23
    endloop
  endfacet
  facet normal -0.671279 0.741204 0
    outer loop
      vertex 24.5543 23.3168 23
      vertex 24.4907 23.2592 31.5
      vertex 24.5543 23.3168 31.5
    endloop
  endfacet
  facet normal -0.671279 0.741204 0
    outer loop
      vertex 24.4907 23.2592 31.5
      vertex 24.5543 23.3168 23
      vertex 24.4907 23.2592 23
    endloop
  endfacet
  facet normal -0.741729 0.6707 0
    outer loop
      vertex 24.5543 23.3168 23
      vertex 24.6119 23.3805 31.5
      vertex 24.6119 23.3805 23
    endloop
  endfacet
  facet normal -0.741729 0.6707 0
    outer loop
      vertex 24.6119 23.3805 31.5
      vertex 24.5543 23.3168 23
      vertex 24.5543 23.3168 31.5
    endloop
  endfacet
  facet normal 0.513468 0.858109 -0
    outer loop
      vertex 23.5231 23.1639 23
      vertex 23.4494 23.208 31.5
      vertex 23.5231 23.1639 31.5
    endloop
  endfacet
  facet normal 0.513468 0.858109 0
    outer loop
      vertex 23.4494 23.208 31.5
      vertex 23.5231 23.1639 23
      vertex 23.4494 23.208 23
    endloop
  endfacet
  facet normal 0.596453 0.802648 -0
    outer loop
      vertex 23.4494 23.208 23
      vertex 23.3805 23.2592 31.5
      vertex 23.4494 23.208 31.5
    endloop
  endfacet
  facet normal 0.596453 0.802648 0
    outer loop
      vertex 23.3805 23.2592 31.5
      vertex 23.4494 23.208 23
      vertex 23.3805 23.2592 23
    endloop
  endfacet
  facet normal 0.242262 0.970211 -0
    outer loop
      vertex 23.7649 23.0774 23
      vertex 23.6816 23.0982 31.5
      vertex 23.7649 23.0774 31.5
    endloop
  endfacet
  facet normal 0.242262 0.970211 0
    outer loop
      vertex 23.6816 23.0982 31.5
      vertex 23.7649 23.0774 23
      vertex 23.6816 23.0982 23
    endloop
  endfacet
  facet normal 0.427535 0.903999 -0
    outer loop
      vertex 23.6007 23.1272 23
      vertex 23.5231 23.1639 31.5
      vertex 23.6007 23.1272 31.5
    endloop
  endfacet
  facet normal 0.427535 0.903999 0
    outer loop
      vertex 23.5231 23.1639 31.5
      vertex 23.6007 23.1272 23
      vertex 23.5231 23.1639 23
    endloop
  endfacet
  facet normal 0.337442 0.941346 -0
    outer loop
      vertex 23.6816 23.0982 23
      vertex 23.6007 23.1272 31.5
      vertex 23.6816 23.0982 31.5
    endloop
  endfacet
  facet normal 0.337442 0.941346 0
    outer loop
      vertex 23.6007 23.1272 31.5
      vertex 23.6816 23.0982 23
      vertex 23.6007 23.1272 23
    endloop
  endfacet
  facet normal 0.0488925 0.998804 -0
    outer loop
      vertex 23.9356 23.0606 23
      vertex 23.8498 23.0648 31.5
      vertex 23.9356 23.0606 31.5
    endloop
  endfacet
  facet normal 0.0488925 0.998804 0
    outer loop
      vertex 23.8498 23.0648 31.5
      vertex 23.9356 23.0606 23
      vertex 23.8498 23.0648 23
    endloop
  endfacet
  facet normal 0.146802 0.989166 -0
    outer loop
      vertex 23.8498 23.0648 23
      vertex 23.7649 23.0774 31.5
      vertex 23.8498 23.0648 31.5
    endloop
  endfacet
  facet normal 0.146802 0.989166 0
    outer loop
      vertex 23.7649 23.0774 31.5
      vertex 23.8498 23.0648 23
      vertex 23.7649 23.0774 23
    endloop
  endfacet
  facet normal -0.0489494 0.998801 0
    outer loop
      vertex 24.0213 23.0648 23
      vertex 23.9356 23.0606 31.5
      vertex 24.0213 23.0648 31.5
    endloop
  endfacet
  facet normal -0.0489494 0.998801 0
    outer loop
      vertex 23.9356 23.0606 31.5
      vertex 24.0213 23.0648 23
      vertex 23.9356 23.0606 23
    endloop
  endfacet
  facet normal -0.998801 -0.0489494 0
    outer loop
      vertex 24.8106 23.9356 23
      vertex 24.8064 24.0213 31.5
      vertex 24.8064 24.0213 23
    endloop
  endfacet
  facet normal -0.998801 -0.0489494 0
    outer loop
      vertex 24.8064 24.0213 31.5
      vertex 24.8106 23.9356 23
      vertex 24.8106 23.9356 31.5
    endloop
  endfacet
  facet normal -0.989166 0.146802 0
    outer loop
      vertex 24.7938 23.7649 23
      vertex 24.8064 23.8498 31.5
      vertex 24.8064 23.8498 23
    endloop
  endfacet
  facet normal -0.989166 0.146802 0
    outer loop
      vertex 24.8064 23.8498 31.5
      vertex 24.7938 23.7649 23
      vertex 24.7938 23.7649 31.5
    endloop
  endfacet
  facet normal -0.427535 0.903999 0
    outer loop
      vertex 24.348 23.1639 23
      vertex 24.2704 23.1272 31.5
      vertex 24.348 23.1639 31.5
    endloop
  endfacet
  facet normal -0.427535 0.903999 0
    outer loop
      vertex 24.2704 23.1272 31.5
      vertex 24.348 23.1639 23
      vertex 24.2704 23.1272 23
    endloop
  endfacet
  facet normal -0.903548 0.428487 0
    outer loop
      vertex 24.7072 23.5231 23
      vertex 24.744 23.6007 31.5
      vertex 24.744 23.6007 23
    endloop
  endfacet
  facet normal -0.903548 0.428487 0
    outer loop
      vertex 24.744 23.6007 31.5
      vertex 24.7072 23.5231 23
      vertex 24.7072 23.5231 31.5
    endloop
  endfacet
  facet normal -0.242262 0.970211 0
    outer loop
      vertex 24.1896 23.0982 23
      vertex 24.1063 23.0774 31.5
      vertex 24.1896 23.0982 31.5
    endloop
  endfacet
  facet normal -0.242262 0.970211 0
    outer loop
      vertex 24.1063 23.0774 31.5
      vertex 24.1896 23.0982 23
      vertex 24.1063 23.0774 23
    endloop
  endfacet
  facet normal -0.146633 0.989191 0
    outer loop
      vertex 24.1063 23.0774 23
      vertex 24.0213 23.0648 31.5
      vertex 24.1063 23.0774 31.5
    endloop
  endfacet
  facet normal -0.146633 0.989191 0
    outer loop
      vertex 24.0213 23.0648 31.5
      vertex 24.1063 23.0774 23
      vertex 24.0213 23.0648 23
    endloop
  endfacet
  facet normal -0.513468 0.858109 0
    outer loop
      vertex 24.4217 23.208 23
      vertex 24.348 23.1639 31.5
      vertex 24.4217 23.208 31.5
    endloop
  endfacet
  facet normal -0.513468 0.858109 0
    outer loop
      vertex 24.348 23.1639 31.5
      vertex 24.4217 23.208 23
      vertex 24.348 23.1639 23
    endloop
  endfacet
  facet normal 0.969937 -0.243357 0
    outer loop
      vertex -24.7938 24.1063 31.5
      vertex -24.7729 24.1896 23
      vertex -24.7729 24.1896 31.5
    endloop
  endfacet
  facet normal 0.969937 -0.243357 0
    outer loop
      vertex -24.7729 24.1896 23
      vertex -24.7938 24.1063 31.5
      vertex -24.7938 24.1063 23
    endloop
  endfacet
  facet normal 0.741729 0.6707 0
    outer loop
      vertex -24.5543 23.3168 31.5
      vertex -24.6119 23.3805 23
      vertex -24.6119 23.3805 31.5
    endloop
  endfacet
  facet normal 0.741729 0.6707 0
    outer loop
      vertex -24.6119 23.3805 23
      vertex -24.5543 23.3168 31.5
      vertex -24.5543 23.3168 23
    endloop
  endfacet
  facet normal 0.969937 0.243357 0
    outer loop
      vertex -24.7729 23.6816 31.5
      vertex -24.7938 23.7649 23
      vertex -24.7938 23.7649 31.5
    endloop
  endfacet
  facet normal 0.969937 0.243357 0
    outer loop
      vertex -24.7938 23.7649 23
      vertex -24.7729 23.6816 31.5
      vertex -24.7729 23.6816 23
    endloop
  endfacet
  facet normal -0.596453 0.802648 0
    outer loop
      vertex -23.3805 23.2592 23
      vertex -23.4494 23.208 31.5
      vertex -23.3805 23.2592 31.5
    endloop
  endfacet
  facet normal -0.596453 0.802648 0
    outer loop
      vertex -23.4494 23.208 31.5
      vertex -23.3805 23.2592 23
      vertex -23.4494 23.208 23
    endloop
  endfacet
  facet normal -0.146802 0.989166 0
    outer loop
      vertex -23.7649 23.0774 23
      vertex -23.8498 23.0648 31.5
      vertex -23.7649 23.0774 31.5
    endloop
  endfacet
  facet normal -0.146802 0.989166 0
    outer loop
      vertex -23.8498 23.0648 31.5
      vertex -23.7649 23.0774 23
      vertex -23.8498 23.0648 23
    endloop
  endfacet
  facet normal 0.513468 0.858109 -0
    outer loop
      vertex -24.348 23.1639 23
      vertex -24.4217 23.208 31.5
      vertex -24.348 23.1639 31.5
    endloop
  endfacet
  facet normal 0.513468 0.858109 0
    outer loop
      vertex -24.4217 23.208 31.5
      vertex -24.348 23.1639 23
      vertex -24.4217 23.208 23
    endloop
  endfacet
  facet normal -0.903999 0.427535 0
    outer loop
      vertex -23.1639 23.5231 23
      vertex -23.1272 23.6007 31.5
      vertex -23.1272 23.6007 23
    endloop
  endfacet
  facet normal -0.903999 0.427535 0
    outer loop
      vertex -23.1272 23.6007 31.5
      vertex -23.1639 23.5231 23
      vertex -23.1639 23.5231 31.5
    endloop
  endfacet
  facet normal -0.596453 -0.802648 0
    outer loop
      vertex -23.4494 24.6631 23
      vertex -23.3805 24.6119 31.5
      vertex -23.4494 24.6631 31.5
    endloop
  endfacet
  facet normal -0.596453 -0.802648 -0
    outer loop
      vertex -23.3805 24.6119 31.5
      vertex -23.4494 24.6631 23
      vertex -23.3805 24.6119 23
    endloop
  endfacet
  facet normal -0.243357 -0.969937 0
    outer loop
      vertex -23.7649 24.7938 23
      vertex -23.6816 24.7729 31.5
      vertex -23.7649 24.7938 31.5
    endloop
  endfacet
  facet normal -0.243357 -0.969937 -0
    outer loop
      vertex -23.6816 24.7729 31.5
      vertex -23.7649 24.7938 23
      vertex -23.6816 24.7729 23
    endloop
  endfacet
  facet normal 0.803062 -0.595895 0
    outer loop
      vertex -24.6631 24.4217 31.5
      vertex -24.6119 24.4907 23
      vertex -24.6119 24.4907 31.5
    endloop
  endfacet
  facet normal 0.803062 -0.595895 0
    outer loop
      vertex -24.6119 24.4907 23
      vertex -24.6631 24.4217 31.5
      vertex -24.6631 24.4217 23
    endloop
  endfacet
  facet normal 0.989191 -0.146633 0
    outer loop
      vertex -24.8064 24.0213 31.5
      vertex -24.7938 24.1063 23
      vertex -24.7938 24.1063 31.5
    endloop
  endfacet
  facet normal 0.989191 -0.146633 0
    outer loop
      vertex -24.7938 24.1063 23
      vertex -24.8064 24.0213 31.5
      vertex -24.8064 24.0213 23
    endloop
  endfacet
  facet normal 0.998804 0.0488925 0
    outer loop
      vertex -24.8064 23.8498 31.5
      vertex -24.8106 23.9356 23
      vertex -24.8106 23.9356 31.5
    endloop
  endfacet
  facet normal 0.998804 0.0488925 0
    outer loop
      vertex -24.8106 23.9356 23
      vertex -24.8064 23.8498 31.5
      vertex -24.8064 23.8498 23
    endloop
  endfacet
  facet normal 0.671279 0.741204 -0
    outer loop
      vertex -24.4907 23.2592 23
      vertex -24.5543 23.3168 31.5
      vertex -24.4907 23.2592 31.5
    endloop
  endfacet
  facet normal 0.671279 0.741204 0
    outer loop
      vertex -24.5543 23.3168 31.5
      vertex -24.4907 23.2592 23
      vertex -24.5543 23.3168 23
    endloop
  endfacet
  facet normal 0.858109 0.513468 0
    outer loop
      vertex -24.6631 23.4494 31.5
      vertex -24.7072 23.5231 23
      vertex -24.7072 23.5231 31.5
    endloop
  endfacet
  facet normal 0.858109 0.513468 0
    outer loop
      vertex -24.7072 23.5231 23
      vertex -24.6631 23.4494 31.5
      vertex -24.6631 23.4494 23
    endloop
  endfacet
  facet normal 0.941716 0.33641 0
    outer loop
      vertex -24.744 23.6007 31.5
      vertex -24.7729 23.6816 23
      vertex -24.7729 23.6816 31.5
    endloop
  endfacet
  facet normal 0.941716 0.33641 0
    outer loop
      vertex -24.7729 23.6816 23
      vertex -24.744 23.6007 31.5
      vertex -24.744 23.6007 23
    endloop
  endfacet
  facet normal 0.989166 0.146802 0
    outer loop
      vertex -24.7938 23.7649 31.5
      vertex -24.8064 23.8498 23
      vertex -24.8064 23.8498 31.5
    endloop
  endfacet
  facet normal 0.989166 0.146802 0
    outer loop
      vertex -24.8064 23.8498 23
      vertex -24.7938 23.7649 31.5
      vertex -24.7938 23.7649 23
    endloop
  endfacet
  facet normal -0.6707 0.741729 0
    outer loop
      vertex -23.3168 23.3168 23
      vertex -23.3805 23.2592 31.5
      vertex -23.3168 23.3168 31.5
    endloop
  endfacet
  facet normal -0.6707 0.741729 0
    outer loop
      vertex -23.3805 23.2592 31.5
      vertex -23.3168 23.3168 23
      vertex -23.3805 23.2592 23
    endloop
  endfacet
  facet normal -0.427535 0.903999 0
    outer loop
      vertex -23.5231 23.1639 23
      vertex -23.6007 23.1272 31.5
      vertex -23.5231 23.1639 31.5
    endloop
  endfacet
  facet normal -0.427535 0.903999 0
    outer loop
      vertex -23.6007 23.1272 31.5
      vertex -23.5231 23.1639 23
      vertex -23.6007 23.1272 23
    endloop
  endfacet
  facet normal -0.337442 0.941346 0
    outer loop
      vertex -23.6007 23.1272 23
      vertex -23.6816 23.0982 31.5
      vertex -23.6007 23.1272 31.5
    endloop
  endfacet
  facet normal -0.337442 0.941346 0
    outer loop
      vertex -23.6816 23.0982 31.5
      vertex -23.6007 23.1272 23
      vertex -23.6816 23.0982 23
    endloop
  endfacet
  facet normal 0.427535 0.903999 -0
    outer loop
      vertex -24.2704 23.1272 23
      vertex -24.348 23.1639 31.5
      vertex -24.2704 23.1272 31.5
    endloop
  endfacet
  facet normal 0.427535 0.903999 0
    outer loop
      vertex -24.348 23.1639 31.5
      vertex -24.2704 23.1272 23
      vertex -24.348 23.1639 23
    endloop
  endfacet
  facet normal 0.595895 0.803062 -0
    outer loop
      vertex -24.4217 23.208 23
      vertex -24.4907 23.2592 31.5
      vertex -24.4217 23.208 31.5
    endloop
  endfacet
  facet normal 0.595895 0.803062 0
    outer loop
      vertex -24.4907 23.2592 31.5
      vertex -24.4217 23.208 23
      vertex -24.4907 23.2592 23
    endloop
  endfacet
  facet normal 0.0489494 0.998801 -0
    outer loop
      vertex -23.9356 23.0606 23
      vertex -24.0213 23.0648 31.5
      vertex -23.9356 23.0606 31.5
    endloop
  endfacet
  facet normal 0.0489494 0.998801 0
    outer loop
      vertex -24.0213 23.0648 31.5
      vertex -23.9356 23.0606 23
      vertex -24.0213 23.0648 23
    endloop
  endfacet
  facet normal 0.242262 0.970211 -0
    outer loop
      vertex -24.1063 23.0774 23
      vertex -24.1896 23.0982 31.5
      vertex -24.1063 23.0774 31.5
    endloop
  endfacet
  facet normal 0.242262 0.970211 0
    outer loop
      vertex -24.1896 23.0982 31.5
      vertex -24.1063 23.0774 23
      vertex -24.1896 23.0982 23
    endloop
  endfacet
  facet normal -0.0488925 0.998804 0
    outer loop
      vertex -23.8498 23.0648 23
      vertex -23.9356 23.0606 31.5
      vertex -23.8498 23.0648 31.5
    endloop
  endfacet
  facet normal -0.0488925 0.998804 0
    outer loop
      vertex -23.9356 23.0606 31.5
      vertex -23.8498 23.0648 23
      vertex -23.9356 23.0606 23
    endloop
  endfacet
  facet normal 0.741204 -0.671279 0
    outer loop
      vertex -24.6119 24.4907 31.5
      vertex -24.5543 24.5543 23
      vertex -24.5543 24.5543 31.5
    endloop
  endfacet
  facet normal 0.741204 -0.671279 0
    outer loop
      vertex -24.5543 24.5543 23
      vertex -24.6119 24.4907 31.5
      vertex -24.6119 24.4907 23
    endloop
  endfacet
  facet normal 0.671279 -0.741204 0
    outer loop
      vertex -24.5543 24.5543 23
      vertex -24.4907 24.6119 31.5
      vertex -24.5543 24.5543 31.5
    endloop
  endfacet
  facet normal 0.671279 -0.741204 0
    outer loop
      vertex -24.4907 24.6119 31.5
      vertex -24.5543 24.5543 23
      vertex -24.4907 24.6119 23
    endloop
  endfacet
  facet normal -0.33641 -0.941716 0
    outer loop
      vertex -23.6816 24.7729 23
      vertex -23.6007 24.744 31.5
      vertex -23.6816 24.7729 31.5
    endloop
  endfacet
  facet normal -0.33641 -0.941716 -0
    outer loop
      vertex -23.6007 24.744 31.5
      vertex -23.6816 24.7729 23
      vertex -23.6007 24.744 23
    endloop
  endfacet
  facet normal 0.941584 -0.336779 0
    outer loop
      vertex -24.7729 24.1896 31.5
      vertex -24.744 24.2704 23
      vertex -24.744 24.2704 31.5
    endloop
  endfacet
  facet normal 0.941584 -0.336779 0
    outer loop
      vertex -24.744 24.2704 23
      vertex -24.7729 24.1896 31.5
      vertex -24.7729 24.1896 23
    endloop
  endfacet
  facet normal 0.903548 -0.428487 0
    outer loop
      vertex -24.744 24.2704 31.5
      vertex -24.7072 24.348 23
      vertex -24.7072 24.348 31.5
    endloop
  endfacet
  facet normal 0.903548 -0.428487 0
    outer loop
      vertex -24.7072 24.348 23
      vertex -24.744 24.2704 31.5
      vertex -24.744 24.2704 23
    endloop
  endfacet
  facet normal 0 0 1
    outer loop
      vertex -23.0648 24.0213 23
      vertex -23.0648 23.8498 23
      vertex -23.0606 23.9356 23
    endloop
  endfacet
  facet normal 0 0 1
    outer loop
      vertex -23.0774 24.1063 23
      vertex -23.0648 23.8498 23
      vertex -23.0648 24.0213 23
    endloop
  endfacet
  facet normal 0 0 1
    outer loop
      vertex -23.0774 24.1063 23
      vertex -23.0774 23.7649 23
      vertex -23.0648 23.8498 23
    endloop
  endfacet
  facet normal 0 0 1
    outer loop
      vertex -23.0982 24.1896 23
      vertex -23.0774 23.7649 23
      vertex -23.0774 24.1063 23
    endloop
  endfacet
  facet normal 0 0 1
    outer loop
      vertex -23.0982 24.1896 23
      vertex -23.0982 23.6816 23
      vertex -23.0774 23.7649 23
    endloop
  endfacet
  facet normal 0 0 1
    outer loop
      vertex -23.1272 24.2704 23
      vertex -23.0982 23.6816 23
      vertex -23.0982 24.1896 23
    endloop
  endfacet
  facet normal 0 0 1
    outer loop
      vertex -23.1272 24.2704 23
      vertex -23.1272 23.6007 23
      vertex -23.0982 23.6816 23
    endloop
  endfacet
  facet normal 0 0 1
    outer loop
      vertex -23.1639 24.348 23
      vertex -23.1272 23.6007 23
      vertex -23.1272 24.2704 23
    endloop
  endfacet
  facet normal 0 0 1
    outer loop
      vertex -23.1639 24.348 23
      vertex -23.1639 23.5231 23
      vertex -23.1272 23.6007 23
    endloop
  endfacet
  facet normal 0 0 1
    outer loop
      vertex -23.208 24.4217 23
      vertex -23.1639 23.5231 23
      vertex -23.1639 24.348 23
    endloop
  endfacet
  facet normal 0 0 1
    outer loop
      vertex -23.208 24.4217 23
      vertex -23.208 23.4494 23
      vertex -23.1639 23.5231 23
    endloop
  endfacet
  facet normal 0 0 1
    outer loop
      vertex -23.2592 24.4907 23
      vertex -23.208 23.4494 23
      vertex -23.208 24.4217 23
    endloop
  endfacet
  facet normal 0 0 1
    outer loop
      vertex -23.2592 24.4907 23
      vertex -23.2592 23.3805 23
      vertex -23.208 23.4494 23
    endloop
  endfacet
  facet normal 0 0 1
    outer loop
      vertex -23.3168 24.5543 23
      vertex -23.2592 23.3805 23
      vertex -23.2592 24.4907 23
    endloop
  endfacet
  facet normal 0 0 1
    outer loop
      vertex -23.3168 24.5543 23
      vertex -23.3168 23.3168 23
      vertex -23.2592 23.3805 23
    endloop
  endfacet
  facet normal 0 0 1
    outer loop
      vertex -23.3805 24.6119 23
      vertex -23.3168 23.3168 23
      vertex -23.3168 24.5543 23
    endloop
  endfacet
  facet normal 0 0 1
    outer loop
      vertex -23.3805 24.6119 23
      vertex -23.3805 23.2592 23
      vertex -23.3168 23.3168 23
    endloop
  endfacet
  facet normal 0 0 1
    outer loop
      vertex -23.4494 24.6631 23
      vertex -23.3805 23.2592 23
      vertex -23.3805 24.6119 23
    endloop
  endfacet
  facet normal 0 0 1
    outer loop
      vertex -23.4494 24.6631 23
      vertex -23.4494 23.208 23
      vertex -23.3805 23.2592 23
    endloop
  endfacet
  facet normal 0 0 1
    outer loop
      vertex -23.5231 24.7072 23
      vertex -23.4494 23.208 23
      vertex -23.4494 24.6631 23
    endloop
  endfacet
  facet normal 0 0 1
    outer loop
      vertex -23.5231 24.7072 23
      vertex -23.5231 23.1639 23
      vertex -23.4494 23.208 23
    endloop
  endfacet
  facet normal 0 0 1
    outer loop
      vertex -23.6007 24.744 23
      vertex -23.5231 23.1639 23
      vertex -23.5231 24.7072 23
    endloop
  endfacet
  facet normal 0 0 1
    outer loop
      vertex -23.6007 24.744 23
      vertex -23.6007 23.1272 23
      vertex -23.5231 23.1639 23
    endloop
  endfacet
  facet normal 0 0 1
    outer loop
      vertex -23.6816 24.7729 23
      vertex -23.6007 23.1272 23
      vertex -23.6007 24.744 23
    endloop
  endfacet
  facet normal 0 0 1
    outer loop
      vertex -23.6816 24.7729 23
      vertex -23.6816 23.0982 23
      vertex -23.6007 23.1272 23
    endloop
  endfacet
  facet normal 0 0 1
    outer loop
      vertex -23.7649 24.7938 23
      vertex -23.6816 23.0982 23
      vertex -23.6816 24.7729 23
    endloop
  endfacet
  facet normal 0 0 1
    outer loop
      vertex -23.7649 24.7938 23
      vertex -23.7649 23.0774 23
      vertex -23.6816 23.0982 23
    endloop
  endfacet
  facet normal 0 0 1
    outer loop
      vertex -23.8498 24.8064 23
      vertex -23.7649 23.0774 23
      vertex -23.7649 24.7938 23
    endloop
  endfacet
  facet normal 0 0 1
    outer loop
      vertex -23.8498 24.8064 23
      vertex -23.8498 23.0648 23
      vertex -23.7649 23.0774 23
    endloop
  endfacet
  facet normal 0 0 1
    outer loop
      vertex -23.9356 24.8106 23
      vertex -23.8498 23.0648 23
      vertex -23.8498 24.8064 23
    endloop
  endfacet
  facet normal 0 0 1
    outer loop
      vertex -23.9356 24.8106 23
      vertex -23.9356 23.0606 23
      vertex -23.8498 23.0648 23
    endloop
  endfacet
  facet normal -0 0 1
    outer loop
      vertex -24.0213 24.8064 23
      vertex -23.9356 23.0606 23
      vertex -23.9356 24.8106 23
    endloop
  endfacet
  facet normal 0 0 1
    outer loop
      vertex -24.0213 24.8064 23
      vertex -24.0213 23.0648 23
      vertex -23.9356 23.0606 23
    endloop
  endfacet
  facet normal -0 0 1
    outer loop
      vertex -24.1063 24.7938 23
      vertex -24.0213 23.0648 23
      vertex -24.0213 24.8064 23
    endloop
  endfacet
  facet normal 0 0 1
    outer loop
      vertex -24.1063 24.7938 23
      vertex -24.1063 23.0774 23
      vertex -24.0213 23.0648 23
    endloop
  endfacet
  facet normal -0 0 1
    outer loop
      vertex -24.1896 24.7729 23
      vertex -24.1063 23.0774 23
      vertex -24.1063 24.7938 23
    endloop
  endfacet
  facet normal 0 0 1
    outer loop
      vertex -24.1896 24.7729 23
      vertex -24.1896 23.0982 23
      vertex -24.1063 23.0774 23
    endloop
  endfacet
  facet normal -0 0 1
    outer loop
      vertex -24.2704 24.744 23
      vertex -24.1896 23.0982 23
      vertex -24.1896 24.7729 23
    endloop
  endfacet
  facet normal 0 0 1
    outer loop
      vertex -24.2704 24.744 23
      vertex -24.2704 23.1272 23
      vertex -24.1896 23.0982 23
    endloop
  endfacet
  facet normal -0 0 1
    outer loop
      vertex -24.348 24.7072 23
      vertex -24.2704 23.1272 23
      vertex -24.2704 24.744 23
    endloop
  endfacet
  facet normal 0 0 1
    outer loop
      vertex -24.348 24.7072 23
      vertex -24.348 23.1639 23
      vertex -24.2704 23.1272 23
    endloop
  endfacet
  facet normal -0 0 1
    outer loop
      vertex -24.4217 24.6631 23
      vertex -24.348 23.1639 23
      vertex -24.348 24.7072 23
    endloop
  endfacet
  facet normal 0 0 1
    outer loop
      vertex -24.4217 24.6631 23
      vertex -24.4217 23.208 23
      vertex -24.348 23.1639 23
    endloop
  endfacet
  facet normal -0 0 1
    outer loop
      vertex -24.4907 24.6119 23
      vertex -24.4217 23.208 23
      vertex -24.4217 24.6631 23
    endloop
  endfacet
  facet normal 0 0 1
    outer loop
      vertex -24.4907 24.6119 23
      vertex -24.4907 23.2592 23
      vertex -24.4217 23.208 23
    endloop
  endfacet
  facet normal -0 0 1
    outer loop
      vertex -24.5543 24.5543 23
      vertex -24.4907 23.2592 23
      vertex -24.4907 24.6119 23
    endloop
  endfacet
  facet normal 0 0 1
    outer loop
      vertex -24.5543 24.5543 23
      vertex -24.5543 23.3168 23
      vertex -24.4907 23.2592 23
    endloop
  endfacet
  facet normal -0 0 1
    outer loop
      vertex -24.6119 24.4907 23
      vertex -24.5543 23.3168 23
      vertex -24.5543 24.5543 23
    endloop
  endfacet
  facet normal 0 0 1
    outer loop
      vertex -24.6119 24.4907 23
      vertex -24.6119 23.3805 23
      vertex -24.5543 23.3168 23
    endloop
  endfacet
  facet normal -0 0 1
    outer loop
      vertex -24.6631 24.4217 23
      vertex -24.6119 23.3805 23
      vertex -24.6119 24.4907 23
    endloop
  endfacet
  facet normal 0 0 1
    outer loop
      vertex -24.6631 24.4217 23
      vertex -24.6631 23.4494 23
      vertex -24.6119 23.3805 23
    endloop
  endfacet
  facet normal -0 0 1
    outer loop
      vertex -24.7072 24.348 23
      vertex -24.6631 23.4494 23
      vertex -24.6631 24.4217 23
    endloop
  endfacet
  facet normal 0 0 1
    outer loop
      vertex -24.7072 24.348 23
      vertex -24.7072 23.5231 23
      vertex -24.6631 23.4494 23
    endloop
  endfacet
  facet normal -0 0 1
    outer loop
      vertex -24.744 24.2704 23
      vertex -24.7072 23.5231 23
      vertex -24.7072 24.348 23
    endloop
  endfacet
  facet normal 0 0 1
    outer loop
      vertex -24.744 24.2704 23
      vertex -24.744 23.6007 23
      vertex -24.7072 23.5231 23
    endloop
  endfacet
  facet normal -0 0 1
    outer loop
      vertex -24.7729 24.1896 23
      vertex -24.744 23.6007 23
      vertex -24.744 24.2704 23
    endloop
  endfacet
  facet normal 0 0 1
    outer loop
      vertex -24.7729 24.1896 23
      vertex -24.7729 23.6816 23
      vertex -24.744 23.6007 23
    endloop
  endfacet
  facet normal -0 0 1
    outer loop
      vertex -24.7938 24.1063 23
      vertex -24.7729 23.6816 23
      vertex -24.7729 24.1896 23
    endloop
  endfacet
  facet normal 0 0 1
    outer loop
      vertex -24.7938 24.1063 23
      vertex -24.7938 23.7649 23
      vertex -24.7729 23.6816 23
    endloop
  endfacet
  facet normal -0 0 1
    outer loop
      vertex -24.8064 24.0213 23
      vertex -24.7938 23.7649 23
      vertex -24.7938 24.1063 23
    endloop
  endfacet
  facet normal 0 0 1
    outer loop
      vertex -24.8064 24.0213 23
      vertex -24.8064 23.8498 23
      vertex -24.7938 23.7649 23
    endloop
  endfacet
  facet normal 0 -0 1
    outer loop
      vertex -24.8064 23.8498 23
      vertex -24.8064 24.0213 23
      vertex -24.8106 23.9356 23
    endloop
  endfacet
  facet normal 0.998801 -0.0489494 0
    outer loop
      vertex -24.8106 23.9356 31.5
      vertex -24.8064 24.0213 23
      vertex -24.8064 24.0213 31.5
    endloop
  endfacet
  facet normal 0.998801 -0.0489494 0
    outer loop
      vertex -24.8064 24.0213 23
      vertex -24.8106 23.9356 31.5
      vertex -24.8106 23.9356 23
    endloop
  endfacet
  facet normal 0.802648 0.596453 0
    outer loop
      vertex -24.6119 23.3805 31.5
      vertex -24.6631 23.4494 23
      vertex -24.6631 23.4494 31.5
    endloop
  endfacet
  facet normal 0.802648 0.596453 0
    outer loop
      vertex -24.6631 23.4494 23
      vertex -24.6119 23.3805 31.5
      vertex -24.6119 23.3805 23
    endloop
  endfacet
  facet normal 0.903548 0.428487 0
    outer loop
      vertex -24.7072 23.5231 31.5
      vertex -24.744 23.6007 23
      vertex -24.744 23.6007 31.5
    endloop
  endfacet
  facet normal 0.903548 0.428487 0
    outer loop
      vertex -24.744 23.6007 23
      vertex -24.7072 23.5231 31.5
      vertex -24.7072 23.5231 23
    endloop
  endfacet
  facet normal -0.513468 0.858109 0
    outer loop
      vertex -23.4494 23.208 23
      vertex -23.5231 23.1639 31.5
      vertex -23.4494 23.208 31.5
    endloop
  endfacet
  facet normal -0.513468 0.858109 0
    outer loop
      vertex -23.5231 23.1639 31.5
      vertex -23.4494 23.208 23
      vertex -23.5231 23.1639 23
    endloop
  endfacet
  facet normal -0.242262 0.970211 0
    outer loop
      vertex -23.6816 23.0982 23
      vertex -23.7649 23.0774 31.5
      vertex -23.6816 23.0982 31.5
    endloop
  endfacet
  facet normal -0.242262 0.970211 0
    outer loop
      vertex -23.7649 23.0774 31.5
      vertex -23.6816 23.0982 23
      vertex -23.7649 23.0774 23
    endloop
  endfacet
  facet normal 0.337812 0.941214 -0
    outer loop
      vertex -24.1896 23.0982 23
      vertex -24.2704 23.1272 31.5
      vertex -24.1896 23.0982 31.5
    endloop
  endfacet
  facet normal 0.337812 0.941214 0
    outer loop
      vertex -24.2704 23.1272 31.5
      vertex -24.1896 23.0982 23
      vertex -24.2704 23.1272 23
    endloop
  endfacet
  facet normal 0.146633 0.989191 -0
    outer loop
      vertex -24.0213 23.0648 23
      vertex -24.1063 23.0774 31.5
      vertex -24.0213 23.0648 31.5
    endloop
  endfacet
  facet normal 0.146633 0.989191 0
    outer loop
      vertex -24.1063 23.0774 31.5
      vertex -24.0213 23.0648 23
      vertex -24.1063 23.0774 23
    endloop
  endfacet
  facet normal 0.513468 -0.858109 0
    outer loop
      vertex -24.4217 24.6631 23
      vertex -24.348 24.7072 31.5
      vertex -24.4217 24.6631 31.5
    endloop
  endfacet
  facet normal 0.513468 -0.858109 0
    outer loop
      vertex -24.348 24.7072 31.5
      vertex -24.4217 24.6631 23
      vertex -24.348 24.7072 23
    endloop
  endfacet
  facet normal 0.595895 -0.803062 0
    outer loop
      vertex -24.4907 24.6119 23
      vertex -24.4217 24.6631 31.5
      vertex -24.4907 24.6119 31.5
    endloop
  endfacet
  facet normal 0.595895 -0.803062 0
    outer loop
      vertex -24.4217 24.6631 31.5
      vertex -24.4907 24.6119 23
      vertex -24.4217 24.6631 23
    endloop
  endfacet
  facet normal 0.428487 -0.903548 0
    outer loop
      vertex -24.348 24.7072 23
      vertex -24.2704 24.744 31.5
      vertex -24.348 24.7072 31.5
    endloop
  endfacet
  facet normal 0.428487 -0.903548 0
    outer loop
      vertex -24.2704 24.744 31.5
      vertex -24.348 24.7072 23
      vertex -24.2704 24.744 23
    endloop
  endfacet
  facet normal 0.146633 -0.989191 0
    outer loop
      vertex -24.1063 24.7938 23
      vertex -24.0213 24.8064 31.5
      vertex -24.1063 24.7938 31.5
    endloop
  endfacet
  facet normal 0.146633 -0.989191 0
    outer loop
      vertex -24.0213 24.8064 31.5
      vertex -24.1063 24.7938 23
      vertex -24.0213 24.8064 23
    endloop
  endfacet
  facet normal 0.243357 -0.969937 0
    outer loop
      vertex -24.1896 24.7729 23
      vertex -24.1063 24.7938 31.5
      vertex -24.1896 24.7729 31.5
    endloop
  endfacet
  facet normal 0.243357 -0.969937 0
    outer loop
      vertex -24.1063 24.7938 31.5
      vertex -24.1896 24.7729 23
      vertex -24.1063 24.7938 23
    endloop
  endfacet
  facet normal -0.741729 0.6707 0
    outer loop
      vertex -23.3168 23.3168 23
      vertex -23.2592 23.3805 31.5
      vertex -23.2592 23.3805 23
    endloop
  endfacet
  facet normal -0.741729 0.6707 0
    outer loop
      vertex -23.2592 23.3805 31.5
      vertex -23.3168 23.3168 23
      vertex -23.3168 23.3168 31.5
    endloop
  endfacet
  facet normal 0.858109 -0.513468 0
    outer loop
      vertex -24.7072 24.348 31.5
      vertex -24.6631 24.4217 23
      vertex -24.6631 24.4217 31.5
    endloop
  endfacet
  facet normal 0.858109 -0.513468 0
    outer loop
      vertex -24.6631 24.4217 23
      vertex -24.7072 24.348 31.5
      vertex -24.7072 24.348 23
    endloop
  endfacet
  facet normal 0.336779 -0.941584 0
    outer loop
      vertex -24.2704 24.744 23
      vertex -24.1896 24.7729 31.5
      vertex -24.2704 24.744 31.5
    endloop
  endfacet
  facet normal 0.336779 -0.941584 0
    outer loop
      vertex -24.1896 24.7729 31.5
      vertex -24.2704 24.744 23
      vertex -24.1896 24.7729 23
    endloop
  endfacet
  facet normal -0.146802 -0.989166 0
    outer loop
      vertex -23.8498 24.8064 23
      vertex -23.7649 24.7938 31.5
      vertex -23.8498 24.8064 31.5
    endloop
  endfacet
  facet normal -0.146802 -0.989166 -0
    outer loop
      vertex -23.7649 24.7938 31.5
      vertex -23.8498 24.8064 23
      vertex -23.7649 24.7938 23
    endloop
  endfacet
  facet normal -0.941214 -0.337812 0
    outer loop
      vertex -23.0982 24.1896 23
      vertex -23.1272 24.2704 31.5
      vertex -23.1272 24.2704 23
    endloop
  endfacet
  facet normal -0.941214 -0.337812 0
    outer loop
      vertex -23.1272 24.2704 31.5
      vertex -23.0982 24.1896 23
      vertex -23.0982 24.1896 31.5
    endloop
  endfacet
  facet normal -0.6707 -0.741729 0
    outer loop
      vertex -23.3805 24.6119 23
      vertex -23.3168 24.5543 31.5
      vertex -23.3805 24.6119 31.5
    endloop
  endfacet
  facet normal -0.6707 -0.741729 -0
    outer loop
      vertex -23.3168 24.5543 31.5
      vertex -23.3805 24.6119 23
      vertex -23.3168 24.5543 23
    endloop
  endfacet
  facet normal -0.741204 -0.671279 0
    outer loop
      vertex -23.2592 24.4907 23
      vertex -23.3168 24.5543 31.5
      vertex -23.3168 24.5543 23
    endloop
  endfacet
  facet normal -0.741204 -0.671279 0
    outer loop
      vertex -23.3168 24.5543 31.5
      vertex -23.2592 24.4907 23
      vertex -23.2592 24.4907 31.5
    endloop
  endfacet
  facet normal -0.858109 0.513468 0
    outer loop
      vertex -23.208 23.4494 23
      vertex -23.1639 23.5231 31.5
      vertex -23.1639 23.5231 23
    endloop
  endfacet
  facet normal -0.858109 0.513468 0
    outer loop
      vertex -23.1639 23.5231 31.5
      vertex -23.208 23.4494 23
      vertex -23.208 23.4494 31.5
    endloop
  endfacet
  facet normal -0.802648 0.596453 0
    outer loop
      vertex -23.2592 23.3805 23
      vertex -23.208 23.4494 31.5
      vertex -23.208 23.4494 23
    endloop
  endfacet
  facet normal -0.802648 0.596453 0
    outer loop
      vertex -23.208 23.4494 31.5
      vertex -23.2592 23.3805 23
      vertex -23.2592 23.3805 31.5
    endloop
  endfacet
  facet normal -0.970211 0.242262 0
    outer loop
      vertex -23.0982 23.6816 23
      vertex -23.0774 23.7649 31.5
      vertex -23.0774 23.7649 23
    endloop
  endfacet
  facet normal -0.970211 0.242262 0
    outer loop
      vertex -23.0774 23.7649 31.5
      vertex -23.0982 23.6816 23
      vertex -23.0982 23.6816 31.5
    endloop
  endfacet
  facet normal -0.941346 0.337442 0
    outer loop
      vertex -23.1272 23.6007 23
      vertex -23.0982 23.6816 31.5
      vertex -23.0982 23.6816 23
    endloop
  endfacet
  facet normal -0.941346 0.337442 0
    outer loop
      vertex -23.0982 23.6816 31.5
      vertex -23.1272 23.6007 23
      vertex -23.1272 23.6007 31.5
    endloop
  endfacet
  facet normal -0.989166 0.146802 0
    outer loop
      vertex -23.0774 23.7649 23
      vertex -23.0648 23.8498 31.5
      vertex -23.0648 23.8498 23
    endloop
  endfacet
  facet normal -0.989166 0.146802 0
    outer loop
      vertex -23.0648 23.8498 31.5
      vertex -23.0774 23.7649 23
      vertex -23.0774 23.7649 31.5
    endloop
  endfacet
  facet normal -0.998801 -0.0489494 0
    outer loop
      vertex -23.0606 23.9356 23
      vertex -23.0648 24.0213 31.5
      vertex -23.0648 24.0213 23
    endloop
  endfacet
  facet normal -0.998801 -0.0489494 0
    outer loop
      vertex -23.0648 24.0213 31.5
      vertex -23.0606 23.9356 23
      vertex -23.0606 23.9356 31.5
    endloop
  endfacet
  facet normal -0.998804 0.0488925 0
    outer loop
      vertex -23.0648 23.8498 23
      vertex -23.0606 23.9356 31.5
      vertex -23.0606 23.9356 23
    endloop
  endfacet
  facet normal -0.998804 0.0488925 0
    outer loop
      vertex -23.0606 23.9356 31.5
      vertex -23.0648 23.8498 23
      vertex -23.0648 23.8498 31.5
    endloop
  endfacet
  facet normal 0.0489494 -0.998801 0
    outer loop
      vertex -24.0213 24.8064 23
      vertex -23.9356 24.8106 31.5
      vertex -24.0213 24.8064 31.5
    endloop
  endfacet
  facet normal 0.0489494 -0.998801 0
    outer loop
      vertex -23.9356 24.8106 31.5
      vertex -24.0213 24.8064 23
      vertex -23.9356 24.8106 23
    endloop
  endfacet
  facet normal -0.0488925 -0.998804 0
    outer loop
      vertex -23.9356 24.8106 23
      vertex -23.8498 24.8064 31.5
      vertex -23.9356 24.8106 31.5
    endloop
  endfacet
  facet normal -0.0488925 -0.998804 -0
    outer loop
      vertex -23.8498 24.8064 31.5
      vertex -23.9356 24.8106 23
      vertex -23.8498 24.8064 23
    endloop
  endfacet
  facet normal -0.970211 -0.242262 0
    outer loop
      vertex -23.0774 24.1063 23
      vertex -23.0982 24.1896 31.5
      vertex -23.0982 24.1896 23
    endloop
  endfacet
  facet normal -0.970211 -0.242262 0
    outer loop
      vertex -23.0982 24.1896 31.5
      vertex -23.0774 24.1063 23
      vertex -23.0774 24.1063 31.5
    endloop
  endfacet
  facet normal -0.903999 -0.427535 0
    outer loop
      vertex -23.1272 24.2704 23
      vertex -23.1639 24.348 31.5
      vertex -23.1639 24.348 23
    endloop
  endfacet
  facet normal -0.903999 -0.427535 0
    outer loop
      vertex -23.1639 24.348 31.5
      vertex -23.1272 24.2704 23
      vertex -23.1272 24.2704 31.5
    endloop
  endfacet
  facet normal -0.858109 -0.513468 0
    outer loop
      vertex -23.1639 24.348 23
      vertex -23.208 24.4217 31.5
      vertex -23.208 24.4217 23
    endloop
  endfacet
  facet normal -0.858109 -0.513468 0
    outer loop
      vertex -23.208 24.4217 31.5
      vertex -23.1639 24.348 23
      vertex -23.1639 24.348 31.5
    endloop
  endfacet
  facet normal -0.803062 -0.595895 0
    outer loop
      vertex -23.208 24.4217 23
      vertex -23.2592 24.4907 31.5
      vertex -23.2592 24.4907 23
    endloop
  endfacet
  facet normal -0.803062 -0.595895 0
    outer loop
      vertex -23.2592 24.4907 31.5
      vertex -23.208 24.4217 23
      vertex -23.208 24.4217 31.5
    endloop
  endfacet
  facet normal -0.428487 -0.903548 0
    outer loop
      vertex -23.6007 24.744 23
      vertex -23.5231 24.7072 31.5
      vertex -23.6007 24.744 31.5
    endloop
  endfacet
  facet normal -0.428487 -0.903548 -0
    outer loop
      vertex -23.5231 24.7072 31.5
      vertex -23.6007 24.744 23
      vertex -23.5231 24.7072 23
    endloop
  endfacet
  facet normal -0.513468 -0.858109 0
    outer loop
      vertex -23.5231 24.7072 23
      vertex -23.4494 24.6631 31.5
      vertex -23.5231 24.7072 31.5
    endloop
  endfacet
  facet normal -0.513468 -0.858109 -0
    outer loop
      vertex -23.4494 24.6631 31.5
      vertex -23.5231 24.7072 23
      vertex -23.4494 24.6631 23
    endloop
  endfacet
  facet normal -0.989191 -0.146633 0
    outer loop
      vertex -23.0648 24.0213 23
      vertex -23.0774 24.1063 31.5
      vertex -23.0774 24.1063 23
    endloop
  endfacet
  facet normal -0.989191 -0.146633 0
    outer loop
      vertex -23.0774 24.1063 31.5
      vertex -23.0648 24.0213 23
      vertex -23.0648 24.0213 31.5
    endloop
  endfacet
  facet normal 0.671279 0.741204 -0
    outer loop
      vertex -24.4907 -24.6119 23
      vertex -24.5543 -24.5543 31.5
      vertex -24.4907 -24.6119 31.5
    endloop
  endfacet
  facet normal 0.671279 0.741204 0
    outer loop
      vertex -24.5543 -24.5543 31.5
      vertex -24.4907 -24.6119 23
      vertex -24.5543 -24.5543 23
    endloop
  endfacet
  facet normal -0.741729 -0.6707 0
    outer loop
      vertex -23.2592 -23.3805 23
      vertex -23.3168 -23.3168 31.5
      vertex -23.3168 -23.3168 23
    endloop
  endfacet
  facet normal -0.741729 -0.6707 0
    outer loop
      vertex -23.3168 -23.3168 31.5
      vertex -23.2592 -23.3805 23
      vertex -23.2592 -23.3805 31.5
    endloop
  endfacet
  facet normal -0.998804 -0.0488925 0
    outer loop
      vertex -23.0606 -23.9356 23
      vertex -23.0648 -23.8498 31.5
      vertex -23.0648 -23.8498 23
    endloop
  endfacet
  facet normal -0.998804 -0.0488925 0
    outer loop
      vertex -23.0648 -23.8498 31.5
      vertex -23.0606 -23.9356 23
      vertex -23.0606 -23.9356 31.5
    endloop
  endfacet
  facet normal -0.741204 0.671279 0
    outer loop
      vertex -23.3168 -24.5543 23
      vertex -23.2592 -24.4907 31.5
      vertex -23.2592 -24.4907 23
    endloop
  endfacet
  facet normal -0.741204 0.671279 0
    outer loop
      vertex -23.2592 -24.4907 31.5
      vertex -23.3168 -24.5543 23
      vertex -23.3168 -24.5543 31.5
    endloop
  endfacet
  facet normal -0.428487 0.903548 0
    outer loop
      vertex -23.5231 -24.7072 23
      vertex -23.6007 -24.744 31.5
      vertex -23.5231 -24.7072 31.5
    endloop
  endfacet
  facet normal -0.428487 0.903548 0
    outer loop
      vertex -23.6007 -24.744 31.5
      vertex -23.5231 -24.7072 23
      vertex -23.6007 -24.744 23
    endloop
  endfacet
  facet normal -0.941346 -0.337442 0
    outer loop
      vertex -23.0982 -23.6816 23
      vertex -23.1272 -23.6007 31.5
      vertex -23.1272 -23.6007 23
    endloop
  endfacet
  facet normal -0.941346 -0.337442 0
    outer loop
      vertex -23.1272 -23.6007 31.5
      vertex -23.0982 -23.6816 23
      vertex -23.0982 -23.6816 31.5
    endloop
  endfacet
  facet normal -0.970211 -0.242262 0
    outer loop
      vertex -23.0774 -23.7649 23
      vertex -23.0982 -23.6816 31.5
      vertex -23.0982 -23.6816 23
    endloop
  endfacet
  facet normal -0.970211 -0.242262 0
    outer loop
      vertex -23.0982 -23.6816 31.5
      vertex -23.0774 -23.7649 23
      vertex -23.0774 -23.7649 31.5
    endloop
  endfacet
  facet normal -0.941214 0.337812 0
    outer loop
      vertex -23.1272 -24.2704 23
      vertex -23.0982 -24.1896 31.5
      vertex -23.0982 -24.1896 23
    endloop
  endfacet
  facet normal -0.941214 0.337812 0
    outer loop
      vertex -23.0982 -24.1896 31.5
      vertex -23.1272 -24.2704 23
      vertex -23.1272 -24.2704 31.5
    endloop
  endfacet
  facet normal -0.337442 -0.941346 0
    outer loop
      vertex -23.6816 -23.0982 23
      vertex -23.6007 -23.1272 31.5
      vertex -23.6816 -23.0982 31.5
    endloop
  endfacet
  facet normal -0.337442 -0.941346 -0
    outer loop
      vertex -23.6007 -23.1272 31.5
      vertex -23.6816 -23.0982 23
      vertex -23.6007 -23.1272 23
    endloop
  endfacet
  facet normal 0.941716 -0.33641 0
    outer loop
      vertex -24.7729 -23.6816 31.5
      vertex -24.744 -23.6007 23
      vertex -24.744 -23.6007 31.5
    endloop
  endfacet
  facet normal 0.941716 -0.33641 0
    outer loop
      vertex -24.744 -23.6007 23
      vertex -24.7729 -23.6816 31.5
      vertex -24.7729 -23.6816 23
    endloop
  endfacet
  facet normal 0.595895 0.803062 -0
    outer loop
      vertex -24.4217 -24.6631 23
      vertex -24.4907 -24.6119 31.5
      vertex -24.4217 -24.6631 31.5
    endloop
  endfacet
  facet normal 0.595895 0.803062 0
    outer loop
      vertex -24.4907 -24.6119 31.5
      vertex -24.4217 -24.6631 23
      vertex -24.4907 -24.6119 23
    endloop
  endfacet
  facet normal 0.428487 0.903548 -0
    outer loop
      vertex -24.2704 -24.744 23
      vertex -24.348 -24.7072 31.5
      vertex -24.2704 -24.744 31.5
    endloop
  endfacet
  facet normal 0.428487 0.903548 0
    outer loop
      vertex -24.348 -24.7072 31.5
      vertex -24.2704 -24.744 23
      vertex -24.348 -24.7072 23
    endloop
  endfacet
  facet normal 0.0489494 0.998801 -0
    outer loop
      vertex -23.9356 -24.8106 23
      vertex -24.0213 -24.8064 31.5
      vertex -23.9356 -24.8106 31.5
    endloop
  endfacet
  facet normal 0.0489494 0.998801 0
    outer loop
      vertex -24.0213 -24.8064 31.5
      vertex -23.9356 -24.8106 23
      vertex -24.0213 -24.8064 23
    endloop
  endfacet
  facet normal 0.146633 0.989191 -0
    outer loop
      vertex -24.0213 -24.8064 23
      vertex -24.1063 -24.7938 31.5
      vertex -24.0213 -24.8064 31.5
    endloop
  endfacet
  facet normal 0.146633 0.989191 0
    outer loop
      vertex -24.1063 -24.7938 31.5
      vertex -24.0213 -24.8064 23
      vertex -24.1063 -24.7938 23
    endloop
  endfacet
  facet normal 0.243357 0.969937 -0
    outer loop
      vertex -24.1063 -24.7938 23
      vertex -24.1896 -24.7729 31.5
      vertex -24.1063 -24.7938 31.5
    endloop
  endfacet
  facet normal 0.243357 0.969937 0
    outer loop
      vertex -24.1896 -24.7729 31.5
      vertex -24.1063 -24.7938 23
      vertex -24.1896 -24.7729 23
    endloop
  endfacet
  facet normal -0.596453 0.802648 0
    outer loop
      vertex -23.3805 -24.6119 23
      vertex -23.4494 -24.6631 31.5
      vertex -23.3805 -24.6119 31.5
    endloop
  endfacet
  facet normal -0.596453 0.802648 0
    outer loop
      vertex -23.4494 -24.6631 31.5
      vertex -23.3805 -24.6119 23
      vertex -23.4494 -24.6631 23
    endloop
  endfacet
  facet normal -0.513468 0.858109 0
    outer loop
      vertex -23.4494 -24.6631 23
      vertex -23.5231 -24.7072 31.5
      vertex -23.4494 -24.6631 31.5
    endloop
  endfacet
  facet normal -0.513468 0.858109 0
    outer loop
      vertex -23.5231 -24.7072 31.5
      vertex -23.4494 -24.6631 23
      vertex -23.5231 -24.7072 23
    endloop
  endfacet
  facet normal -0.6707 0.741729 0
    outer loop
      vertex -23.3168 -24.5543 23
      vertex -23.3805 -24.6119 31.5
      vertex -23.3168 -24.5543 31.5
    endloop
  endfacet
  facet normal -0.6707 0.741729 0
    outer loop
      vertex -23.3805 -24.6119 31.5
      vertex -23.3168 -24.5543 23
      vertex -23.3805 -24.6119 23
    endloop
  endfacet
  facet normal -0.146802 0.989166 0
    outer loop
      vertex -23.7649 -24.7938 23
      vertex -23.8498 -24.8064 31.5
      vertex -23.7649 -24.7938 31.5
    endloop
  endfacet
  facet normal -0.146802 0.989166 0
    outer loop
      vertex -23.8498 -24.8064 31.5
      vertex -23.7649 -24.7938 23
      vertex -23.8498 -24.8064 23
    endloop
  endfacet
  facet normal -0.33641 0.941716 0
    outer loop
      vertex -23.6007 -24.744 23
      vertex -23.6816 -24.7729 31.5
      vertex -23.6007 -24.744 31.5
    endloop
  endfacet
  facet normal -0.33641 0.941716 0
    outer loop
      vertex -23.6816 -24.7729 31.5
      vertex -23.6007 -24.744 23
      vertex -23.6816 -24.7729 23
    endloop
  endfacet
  facet normal -0.243357 0.969937 0
    outer loop
      vertex -23.6816 -24.7729 23
      vertex -23.7649 -24.7938 31.5
      vertex -23.6816 -24.7729 31.5
    endloop
  endfacet
  facet normal -0.243357 0.969937 0
    outer loop
      vertex -23.7649 -24.7938 31.5
      vertex -23.6816 -24.7729 23
      vertex -23.7649 -24.7938 23
    endloop
  endfacet
  facet normal -0.989166 -0.146802 0
    outer loop
      vertex -23.0648 -23.8498 23
      vertex -23.0774 -23.7649 31.5
      vertex -23.0774 -23.7649 23
    endloop
  endfacet
  facet normal -0.989166 -0.146802 0
    outer loop
      vertex -23.0774 -23.7649 31.5
      vertex -23.0648 -23.8498 23
      vertex -23.0648 -23.8498 31.5
    endloop
  endfacet
  facet normal -0.903999 -0.427535 0
    outer loop
      vertex -23.1272 -23.6007 23
      vertex -23.1639 -23.5231 31.5
      vertex -23.1639 -23.5231 23
    endloop
  endfacet
  facet normal -0.903999 -0.427535 0
    outer loop
      vertex -23.1639 -23.5231 31.5
      vertex -23.1272 -23.6007 23
      vertex -23.1272 -23.6007 31.5
    endloop
  endfacet
  facet normal -0.858109 -0.513468 0
    outer loop
      vertex -23.1639 -23.5231 23
      vertex -23.208 -23.4494 31.5
      vertex -23.208 -23.4494 23
    endloop
  endfacet
  facet normal -0.858109 -0.513468 0
    outer loop
      vertex -23.208 -23.4494 31.5
      vertex -23.1639 -23.5231 23
      vertex -23.1639 -23.5231 31.5
    endloop
  endfacet
  facet normal -0.802648 -0.596453 0
    outer loop
      vertex -23.208 -23.4494 23
      vertex -23.2592 -23.3805 31.5
      vertex -23.2592 -23.3805 23
    endloop
  endfacet
  facet normal -0.802648 -0.596453 0
    outer loop
      vertex -23.2592 -23.3805 31.5
      vertex -23.208 -23.4494 23
      vertex -23.208 -23.4494 31.5
    endloop
  endfacet
  facet normal -0.989191 0.146633 0
    outer loop
      vertex -23.0774 -24.1063 23
      vertex -23.0648 -24.0213 31.5
      vertex -23.0648 -24.0213 23
    endloop
  endfacet
  facet normal -0.989191 0.146633 0
    outer loop
      vertex -23.0648 -24.0213 31.5
      vertex -23.0774 -24.1063 23
      vertex -23.0774 -24.1063 31.5
    endloop
  endfacet
  facet normal -0.970211 0.242262 0
    outer loop
      vertex -23.0982 -24.1896 23
      vertex -23.0774 -24.1063 31.5
      vertex -23.0774 -24.1063 23
    endloop
  endfacet
  facet normal -0.970211 0.242262 0
    outer loop
      vertex -23.0774 -24.1063 31.5
      vertex -23.0982 -24.1896 23
      vertex -23.0982 -24.1896 31.5
    endloop
  endfacet
  facet normal -0.998801 0.0489494 0
    outer loop
      vertex -23.0648 -24.0213 23
      vertex -23.0606 -23.9356 31.5
      vertex -23.0606 -23.9356 23
    endloop
  endfacet
  facet normal -0.998801 0.0489494 0
    outer loop
      vertex -23.0606 -23.9356 31.5
      vertex -23.0648 -24.0213 23
      vertex -23.0648 -24.0213 31.5
    endloop
  endfacet
  facet normal -0.803062 0.595895 0
    outer loop
      vertex -23.2592 -24.4907 23
      vertex -23.208 -24.4217 31.5
      vertex -23.208 -24.4217 23
    endloop
  endfacet
  facet normal -0.803062 0.595895 0
    outer loop
      vertex -23.208 -24.4217 31.5
      vertex -23.2592 -24.4907 23
      vertex -23.2592 -24.4907 31.5
    endloop
  endfacet
  facet normal -0.903999 0.427535 0
    outer loop
      vertex -23.1639 -24.348 23
      vertex -23.1272 -24.2704 31.5
      vertex -23.1272 -24.2704 23
    endloop
  endfacet
  facet normal -0.903999 0.427535 0
    outer loop
      vertex -23.1272 -24.2704 31.5
      vertex -23.1639 -24.348 23
      vertex -23.1639 -24.348 31.5
    endloop
  endfacet
  facet normal 0 0 1
    outer loop
      vertex -23.0648 -23.8498 23
      vertex -23.0648 -24.0213 23
      vertex -23.0606 -23.9356 23
    endloop
  endfacet
  facet normal 0 0 1
    outer loop
      vertex -23.0774 -23.7649 23
      vertex -23.0648 -24.0213 23
      vertex -23.0648 -23.8498 23
    endloop
  endfacet
  facet normal 0 0 1
    outer loop
      vertex -23.0774 -23.7649 23
      vertex -23.0774 -24.1063 23
      vertex -23.0648 -24.0213 23
    endloop
  endfacet
  facet normal 0 0 1
    outer loop
      vertex -23.0982 -23.6816 23
      vertex -23.0774 -24.1063 23
      vertex -23.0774 -23.7649 23
    endloop
  endfacet
  facet normal 0 0 1
    outer loop
      vertex -23.0982 -23.6816 23
      vertex -23.0982 -24.1896 23
      vertex -23.0774 -24.1063 23
    endloop
  endfacet
  facet normal 0 0 1
    outer loop
      vertex -23.1272 -23.6007 23
      vertex -23.0982 -24.1896 23
      vertex -23.0982 -23.6816 23
    endloop
  endfacet
  facet normal 0 0 1
    outer loop
      vertex -23.1272 -23.6007 23
      vertex -23.1272 -24.2704 23
      vertex -23.0982 -24.1896 23
    endloop
  endfacet
  facet normal 0 0 1
    outer loop
      vertex -23.1639 -23.5231 23
      vertex -23.1272 -24.2704 23
      vertex -23.1272 -23.6007 23
    endloop
  endfacet
  facet normal 0 0 1
    outer loop
      vertex -23.1639 -23.5231 23
      vertex -23.1639 -24.348 23
      vertex -23.1272 -24.2704 23
    endloop
  endfacet
  facet normal 0 0 1
    outer loop
      vertex -23.208 -23.4494 23
      vertex -23.1639 -24.348 23
      vertex -23.1639 -23.5231 23
    endloop
  endfacet
  facet normal 0 0 1
    outer loop
      vertex -23.208 -23.4494 23
      vertex -23.208 -24.4217 23
      vertex -23.1639 -24.348 23
    endloop
  endfacet
  facet normal 0 0 1
    outer loop
      vertex -23.2592 -23.3805 23
      vertex -23.208 -24.4217 23
      vertex -23.208 -23.4494 23
    endloop
  endfacet
  facet normal 0 0 1
    outer loop
      vertex -23.2592 -23.3805 23
      vertex -23.2592 -24.4907 23
      vertex -23.208 -24.4217 23
    endloop
  endfacet
  facet normal 0 0 1
    outer loop
      vertex -23.3168 -23.3168 23
      vertex -23.2592 -24.4907 23
      vertex -23.2592 -23.3805 23
    endloop
  endfacet
  facet normal 0 0 1
    outer loop
      vertex -23.3168 -23.3168 23
      vertex -23.3168 -24.5543 23
      vertex -23.2592 -24.4907 23
    endloop
  endfacet
  facet normal 0 0 1
    outer loop
      vertex -23.3805 -23.2592 23
      vertex -23.3168 -24.5543 23
      vertex -23.3168 -23.3168 23
    endloop
  endfacet
  facet normal 0 0 1
    outer loop
      vertex -23.3805 -23.2592 23
      vertex -23.3805 -24.6119 23
      vertex -23.3168 -24.5543 23
    endloop
  endfacet
  facet normal 0 0 1
    outer loop
      vertex -23.4494 -23.208 23
      vertex -23.3805 -24.6119 23
      vertex -23.3805 -23.2592 23
    endloop
  endfacet
  facet normal 0 0 1
    outer loop
      vertex -23.4494 -23.208 23
      vertex -23.4494 -24.6631 23
      vertex -23.3805 -24.6119 23
    endloop
  endfacet
  facet normal 0 0 1
    outer loop
      vertex -23.5231 -23.1639 23
      vertex -23.4494 -24.6631 23
      vertex -23.4494 -23.208 23
    endloop
  endfacet
  facet normal 0 0 1
    outer loop
      vertex -23.5231 -23.1639 23
      vertex -23.5231 -24.7072 23
      vertex -23.4494 -24.6631 23
    endloop
  endfacet
  facet normal 0 0 1
    outer loop
      vertex -23.6007 -23.1272 23
      vertex -23.5231 -24.7072 23
      vertex -23.5231 -23.1639 23
    endloop
  endfacet
  facet normal 0 0 1
    outer loop
      vertex -23.6007 -23.1272 23
      vertex -23.6007 -24.744 23
      vertex -23.5231 -24.7072 23
    endloop
  endfacet
  facet normal 0 0 1
    outer loop
      vertex -23.6816 -23.0982 23
      vertex -23.6007 -24.744 23
      vertex -23.6007 -23.1272 23
    endloop
  endfacet
  facet normal 0 0 1
    outer loop
      vertex -23.6816 -23.0982 23
      vertex -23.6816 -24.7729 23
      vertex -23.6007 -24.744 23
    endloop
  endfacet
  facet normal 0 0 1
    outer loop
      vertex -23.7649 -23.0774 23
      vertex -23.6816 -24.7729 23
      vertex -23.6816 -23.0982 23
    endloop
  endfacet
  facet normal 0 0 1
    outer loop
      vertex -23.7649 -23.0774 23
      vertex -23.7649 -24.7938 23
      vertex -23.6816 -24.7729 23
    endloop
  endfacet
  facet normal 0 0 1
    outer loop
      vertex -23.8498 -23.0648 23
      vertex -23.7649 -24.7938 23
      vertex -23.7649 -23.0774 23
    endloop
  endfacet
  facet normal 0 0 1
    outer loop
      vertex -23.8498 -23.0648 23
      vertex -23.8498 -24.8064 23
      vertex -23.7649 -24.7938 23
    endloop
  endfacet
  facet normal 0 0 1
    outer loop
      vertex -23.9356 -23.0606 23
      vertex -23.8498 -24.8064 23
      vertex -23.8498 -23.0648 23
    endloop
  endfacet
  facet normal 0 0 1
    outer loop
      vertex -23.9356 -23.0606 23
      vertex -23.9356 -24.8106 23
      vertex -23.8498 -24.8064 23
    endloop
  endfacet
  facet normal -0 0 1
    outer loop
      vertex -24.0213 -23.0648 23
      vertex -23.9356 -24.8106 23
      vertex -23.9356 -23.0606 23
    endloop
  endfacet
  facet normal 0 0 1
    outer loop
      vertex -24.0213 -23.0648 23
      vertex -24.0213 -24.8064 23
      vertex -23.9356 -24.8106 23
    endloop
  endfacet
  facet normal -0 0 1
    outer loop
      vertex -24.1063 -23.0774 23
      vertex -24.0213 -24.8064 23
      vertex -24.0213 -23.0648 23
    endloop
  endfacet
  facet normal 0 0 1
    outer loop
      vertex -24.1063 -23.0774 23
      vertex -24.1063 -24.7938 23
      vertex -24.0213 -24.8064 23
    endloop
  endfacet
  facet normal -0 0 1
    outer loop
      vertex -24.1896 -23.0982 23
      vertex -24.1063 -24.7938 23
      vertex -24.1063 -23.0774 23
    endloop
  endfacet
  facet normal 0 0 1
    outer loop
      vertex -24.1896 -23.0982 23
      vertex -24.1896 -24.7729 23
      vertex -24.1063 -24.7938 23
    endloop
  endfacet
  facet normal -0 0 1
    outer loop
      vertex -24.2704 -23.1272 23
      vertex -24.1896 -24.7729 23
      vertex -24.1896 -23.0982 23
    endloop
  endfacet
  facet normal 0 0 1
    outer loop
      vertex -24.2704 -23.1272 23
      vertex -24.2704 -24.744 23
      vertex -24.1896 -24.7729 23
    endloop
  endfacet
  facet normal -0 0 1
    outer loop
      vertex -24.348 -23.1639 23
      vertex -24.2704 -24.744 23
      vertex -24.2704 -23.1272 23
    endloop
  endfacet
  facet normal 0 0 1
    outer loop
      vertex -24.348 -23.1639 23
      vertex -24.348 -24.7072 23
      vertex -24.2704 -24.744 23
    endloop
  endfacet
  facet normal -0 0 1
    outer loop
      vertex -24.4217 -23.208 23
      vertex -24.348 -24.7072 23
      vertex -24.348 -23.1639 23
    endloop
  endfacet
  facet normal 0 0 1
    outer loop
      vertex -24.4217 -23.208 23
      vertex -24.4217 -24.6631 23
      vertex -24.348 -24.7072 23
    endloop
  endfacet
  facet normal -0 0 1
    outer loop
      vertex -24.4907 -23.2592 23
      vertex -24.4217 -24.6631 23
      vertex -24.4217 -23.208 23
    endloop
  endfacet
  facet normal 0 0 1
    outer loop
      vertex -24.4907 -23.2592 23
      vertex -24.4907 -24.6119 23
      vertex -24.4217 -24.6631 23
    endloop
  endfacet
  facet normal -0 0 1
    outer loop
      vertex -24.5543 -23.3168 23
      vertex -24.4907 -24.6119 23
      vertex -24.4907 -23.2592 23
    endloop
  endfacet
  facet normal 0 0 1
    outer loop
      vertex -24.5543 -23.3168 23
      vertex -24.5543 -24.5543 23
      vertex -24.4907 -24.6119 23
    endloop
  endfacet
  facet normal -0 0 1
    outer loop
      vertex -24.6119 -23.3805 23
      vertex -24.5543 -24.5543 23
      vertex -24.5543 -23.3168 23
    endloop
  endfacet
  facet normal 0 0 1
    outer loop
      vertex -24.6119 -23.3805 23
      vertex -24.6119 -24.4907 23
      vertex -24.5543 -24.5543 23
    endloop
  endfacet
  facet normal -0 0 1
    outer loop
      vertex -24.6631 -23.4494 23
      vertex -24.6119 -24.4907 23
      vertex -24.6119 -23.3805 23
    endloop
  endfacet
  facet normal 0 0 1
    outer loop
      vertex -24.6631 -23.4494 23
      vertex -24.6631 -24.4217 23
      vertex -24.6119 -24.4907 23
    endloop
  endfacet
  facet normal -0 0 1
    outer loop
      vertex -24.7072 -23.5231 23
      vertex -24.6631 -24.4217 23
      vertex -24.6631 -23.4494 23
    endloop
  endfacet
  facet normal 0 0 1
    outer loop
      vertex -24.7072 -23.5231 23
      vertex -24.7072 -24.348 23
      vertex -24.6631 -24.4217 23
    endloop
  endfacet
  facet normal -0 0 1
    outer loop
      vertex -24.744 -23.6007 23
      vertex -24.7072 -24.348 23
      vertex -24.7072 -23.5231 23
    endloop
  endfacet
  facet normal 0 0 1
    outer loop
      vertex -24.744 -23.6007 23
      vertex -24.744 -24.2704 23
      vertex -24.7072 -24.348 23
    endloop
  endfacet
  facet normal -0 0 1
    outer loop
      vertex -24.7729 -23.6816 23
      vertex -24.744 -24.2704 23
      vertex -24.744 -23.6007 23
    endloop
  endfacet
  facet normal 0 0 1
    outer loop
      vertex -24.7729 -23.6816 23
      vertex -24.7729 -24.1896 23
      vertex -24.744 -24.2704 23
    endloop
  endfacet
  facet normal -0 0 1
    outer loop
      vertex -24.7938 -23.7649 23
      vertex -24.7729 -24.1896 23
      vertex -24.7729 -23.6816 23
    endloop
  endfacet
  facet normal 0 0 1
    outer loop
      vertex -24.7938 -23.7649 23
      vertex -24.7938 -24.1063 23
      vertex -24.7729 -24.1896 23
    endloop
  endfacet
  facet normal -0 0 1
    outer loop
      vertex -24.8064 -23.8498 23
      vertex -24.7938 -24.1063 23
      vertex -24.7938 -23.7649 23
    endloop
  endfacet
  facet normal 0 0 1
    outer loop
      vertex -24.8064 -23.8498 23
      vertex -24.8064 -24.0213 23
      vertex -24.7938 -24.1063 23
    endloop
  endfacet
  facet normal 0 -0 1
    outer loop
      vertex -24.8064 -24.0213 23
      vertex -24.8064 -23.8498 23
      vertex -24.8106 -23.9356 23
    endloop
  endfacet
  facet normal 0.941584 0.336779 0
    outer loop
      vertex -24.744 -24.2704 31.5
      vertex -24.7729 -24.1896 23
      vertex -24.7729 -24.1896 31.5
    endloop
  endfacet
  facet normal 0.941584 0.336779 0
    outer loop
      vertex -24.7729 -24.1896 23
      vertex -24.744 -24.2704 31.5
      vertex -24.744 -24.2704 23
    endloop
  endfacet
  facet normal -0.513468 -0.858109 0
    outer loop
      vertex -23.5231 -23.1639 23
      vertex -23.4494 -23.208 31.5
      vertex -23.5231 -23.1639 31.5
    endloop
  endfacet
  facet normal -0.513468 -0.858109 -0
    outer loop
      vertex -23.4494 -23.208 31.5
      vertex -23.5231 -23.1639 23
      vertex -23.4494 -23.208 23
    endloop
  endfacet
  facet normal 0.513468 0.858109 -0
    outer loop
      vertex -24.348 -24.7072 23
      vertex -24.4217 -24.6631 31.5
      vertex -24.348 -24.7072 31.5
    endloop
  endfacet
  facet normal 0.513468 0.858109 0
    outer loop
      vertex -24.4217 -24.6631 31.5
      vertex -24.348 -24.7072 23
      vertex -24.4217 -24.6631 23
    endloop
  endfacet
  facet normal 0.336779 0.941584 -0
    outer loop
      vertex -24.1896 -24.7729 23
      vertex -24.2704 -24.744 31.5
      vertex -24.1896 -24.7729 31.5
    endloop
  endfacet
  facet normal 0.336779 0.941584 0
    outer loop
      vertex -24.2704 -24.744 31.5
      vertex -24.1896 -24.7729 23
      vertex -24.2704 -24.744 23
    endloop
  endfacet
  facet normal -0.0488925 0.998804 0
    outer loop
      vertex -23.8498 -24.8064 23
      vertex -23.9356 -24.8106 31.5
      vertex -23.8498 -24.8064 31.5
    endloop
  endfacet
  facet normal -0.0488925 0.998804 0
    outer loop
      vertex -23.9356 -24.8106 31.5
      vertex -23.8498 -24.8064 23
      vertex -23.9356 -24.8106 23
    endloop
  endfacet
  facet normal -0.858109 0.513468 0
    outer loop
      vertex -23.208 -24.4217 23
      vertex -23.1639 -24.348 31.5
      vertex -23.1639 -24.348 23
    endloop
  endfacet
  facet normal -0.858109 0.513468 0
    outer loop
      vertex -23.1639 -24.348 31.5
      vertex -23.208 -24.4217 23
      vertex -23.208 -24.4217 31.5
    endloop
  endfacet
  facet normal 0.803062 0.595895 0
    outer loop
      vertex -24.6119 -24.4907 31.5
      vertex -24.6631 -24.4217 23
      vertex -24.6631 -24.4217 31.5
    endloop
  endfacet
  facet normal 0.803062 0.595895 0
    outer loop
      vertex -24.6631 -24.4217 23
      vertex -24.6119 -24.4907 31.5
      vertex -24.6119 -24.4907 23
    endloop
  endfacet
  facet normal 0.741204 0.671279 0
    outer loop
      vertex -24.5543 -24.5543 31.5
      vertex -24.6119 -24.4907 23
      vertex -24.6119 -24.4907 31.5
    endloop
  endfacet
  facet normal 0.741204 0.671279 0
    outer loop
      vertex -24.6119 -24.4907 23
      vertex -24.5543 -24.5543 31.5
      vertex -24.5543 -24.5543 23
    endloop
  endfacet
  facet normal 0.989191 0.146633 0
    outer loop
      vertex -24.7938 -24.1063 31.5
      vertex -24.8064 -24.0213 23
      vertex -24.8064 -24.0213 31.5
    endloop
  endfacet
  facet normal 0.989191 0.146633 0
    outer loop
      vertex -24.8064 -24.0213 23
      vertex -24.7938 -24.1063 31.5
      vertex -24.7938 -24.1063 23
    endloop
  endfacet
  facet normal 0.741729 -0.6707 0
    outer loop
      vertex -24.6119 -23.3805 31.5
      vertex -24.5543 -23.3168 23
      vertex -24.5543 -23.3168 31.5
    endloop
  endfacet
  facet normal 0.741729 -0.6707 0
    outer loop
      vertex -24.5543 -23.3168 23
      vertex -24.6119 -23.3805 31.5
      vertex -24.6119 -23.3805 23
    endloop
  endfacet
  facet normal -0.0488925 -0.998804 0
    outer loop
      vertex -23.9356 -23.0606 23
      vertex -23.8498 -23.0648 31.5
      vertex -23.9356 -23.0606 31.5
    endloop
  endfacet
  facet normal -0.0488925 -0.998804 -0
    outer loop
      vertex -23.8498 -23.0648 31.5
      vertex -23.9356 -23.0606 23
      vertex -23.8498 -23.0648 23
    endloop
  endfacet
  facet normal 0.802648 -0.596453 0
    outer loop
      vertex -24.6631 -23.4494 31.5
      vertex -24.6119 -23.3805 23
      vertex -24.6119 -23.3805 31.5
    endloop
  endfacet
  facet normal 0.802648 -0.596453 0
    outer loop
      vertex -24.6119 -23.3805 23
      vertex -24.6631 -23.4494 31.5
      vertex -24.6631 -23.4494 23
    endloop
  endfacet
  facet normal 0.903548 0.428487 0
    outer loop
      vertex -24.7072 -24.348 31.5
      vertex -24.744 -24.2704 23
      vertex -24.744 -24.2704 31.5
    endloop
  endfacet
  facet normal 0.903548 0.428487 0
    outer loop
      vertex -24.744 -24.2704 23
      vertex -24.7072 -24.348 31.5
      vertex -24.7072 -24.348 23
    endloop
  endfacet
  facet normal 0.858109 0.513468 0
    outer loop
      vertex -24.6631 -24.4217 31.5
      vertex -24.7072 -24.348 23
      vertex -24.7072 -24.348 31.5
    endloop
  endfacet
  facet normal 0.858109 0.513468 0
    outer loop
      vertex -24.7072 -24.348 23
      vertex -24.6631 -24.4217 31.5
      vertex -24.6631 -24.4217 23
    endloop
  endfacet
  facet normal 0.998804 -0.0488925 0
    outer loop
      vertex -24.8106 -23.9356 31.5
      vertex -24.8064 -23.8498 23
      vertex -24.8064 -23.8498 31.5
    endloop
  endfacet
  facet normal 0.998804 -0.0488925 0
    outer loop
      vertex -24.8064 -23.8498 23
      vertex -24.8106 -23.9356 31.5
      vertex -24.8106 -23.9356 23
    endloop
  endfacet
  facet normal 0.969937 0.243357 0
    outer loop
      vertex -24.7729 -24.1896 31.5
      vertex -24.7938 -24.1063 23
      vertex -24.7938 -24.1063 31.5
    endloop
  endfacet
  facet normal 0.969937 0.243357 0
    outer loop
      vertex -24.7938 -24.1063 23
      vertex -24.7729 -24.1896 31.5
      vertex -24.7729 -24.1896 23
    endloop
  endfacet
  facet normal 0.671279 -0.741204 0
    outer loop
      vertex -24.5543 -23.3168 23
      vertex -24.4907 -23.2592 31.5
      vertex -24.5543 -23.3168 31.5
    endloop
  endfacet
  facet normal 0.671279 -0.741204 0
    outer loop
      vertex -24.4907 -23.2592 31.5
      vertex -24.5543 -23.3168 23
      vertex -24.4907 -23.2592 23
    endloop
  endfacet
  facet normal 0.337812 -0.941214 0
    outer loop
      vertex -24.2704 -23.1272 23
      vertex -24.1896 -23.0982 31.5
      vertex -24.2704 -23.1272 31.5
    endloop
  endfacet
  facet normal 0.337812 -0.941214 0
    outer loop
      vertex -24.1896 -23.0982 31.5
      vertex -24.2704 -23.1272 23
      vertex -24.1896 -23.0982 23
    endloop
  endfacet
  facet normal 0.0489494 -0.998801 0
    outer loop
      vertex -24.0213 -23.0648 23
      vertex -23.9356 -23.0606 31.5
      vertex -24.0213 -23.0648 31.5
    endloop
  endfacet
  facet normal 0.0489494 -0.998801 0
    outer loop
      vertex -23.9356 -23.0606 31.5
      vertex -24.0213 -23.0648 23
      vertex -23.9356 -23.0606 23
    endloop
  endfacet
  facet normal -0.146802 -0.989166 0
    outer loop
      vertex -23.8498 -23.0648 23
      vertex -23.7649 -23.0774 31.5
      vertex -23.8498 -23.0648 31.5
    endloop
  endfacet
  facet normal -0.146802 -0.989166 -0
    outer loop
      vertex -23.7649 -23.0774 31.5
      vertex -23.8498 -23.0648 23
      vertex -23.7649 -23.0774 23
    endloop
  endfacet
  facet normal -0.242262 -0.970211 0
    outer loop
      vertex -23.7649 -23.0774 23
      vertex -23.6816 -23.0982 31.5
      vertex -23.7649 -23.0774 31.5
    endloop
  endfacet
  facet normal -0.242262 -0.970211 -0
    outer loop
      vertex -23.6816 -23.0982 31.5
      vertex -23.7649 -23.0774 23
      vertex -23.6816 -23.0982 23
    endloop
  endfacet
  facet normal -0.427535 -0.903999 0
    outer loop
      vertex -23.6007 -23.1272 23
      vertex -23.5231 -23.1639 31.5
      vertex -23.6007 -23.1272 31.5
    endloop
  endfacet
  facet normal -0.427535 -0.903999 -0
    outer loop
      vertex -23.5231 -23.1639 31.5
      vertex -23.6007 -23.1272 23
      vertex -23.5231 -23.1639 23
    endloop
  endfacet
  facet normal 0.903548 -0.428487 0
    outer loop
      vertex -24.744 -23.6007 31.5
      vertex -24.7072 -23.5231 23
      vertex -24.7072 -23.5231 31.5
    endloop
  endfacet
  facet normal 0.903548 -0.428487 0
    outer loop
      vertex -24.7072 -23.5231 23
      vertex -24.744 -23.6007 31.5
      vertex -24.744 -23.6007 23
    endloop
  endfacet
  facet normal 0.989166 -0.146802 0
    outer loop
      vertex -24.8064 -23.8498 31.5
      vertex -24.7938 -23.7649 23
      vertex -24.7938 -23.7649 31.5
    endloop
  endfacet
  facet normal 0.989166 -0.146802 0
    outer loop
      vertex -24.7938 -23.7649 23
      vertex -24.8064 -23.8498 31.5
      vertex -24.8064 -23.8498 23
    endloop
  endfacet
  facet normal 0.969937 -0.243357 0
    outer loop
      vertex -24.7938 -23.7649 31.5
      vertex -24.7729 -23.6816 23
      vertex -24.7729 -23.6816 31.5
    endloop
  endfacet
  facet normal 0.969937 -0.243357 0
    outer loop
      vertex -24.7729 -23.6816 23
      vertex -24.7938 -23.7649 31.5
      vertex -24.7938 -23.7649 23
    endloop
  endfacet
  facet normal 0.998801 0.0489494 0
    outer loop
      vertex -24.8064 -24.0213 31.5
      vertex -24.8106 -23.9356 23
      vertex -24.8106 -23.9356 31.5
    endloop
  endfacet
  facet normal 0.998801 0.0489494 0
    outer loop
      vertex -24.8106 -23.9356 23
      vertex -24.8064 -24.0213 31.5
      vertex -24.8064 -24.0213 23
    endloop
  endfacet
  facet normal 0.595895 -0.803062 0
    outer loop
      vertex -24.4907 -23.2592 23
      vertex -24.4217 -23.208 31.5
      vertex -24.4907 -23.2592 31.5
    endloop
  endfacet
  facet normal 0.595895 -0.803062 0
    outer loop
      vertex -24.4217 -23.208 31.5
      vertex -24.4907 -23.2592 23
      vertex -24.4217 -23.208 23
    endloop
  endfacet
  facet normal 0.513468 -0.858109 0
    outer loop
      vertex -24.4217 -23.208 23
      vertex -24.348 -23.1639 31.5
      vertex -24.4217 -23.208 31.5
    endloop
  endfacet
  facet normal 0.513468 -0.858109 0
    outer loop
      vertex -24.348 -23.1639 31.5
      vertex -24.4217 -23.208 23
      vertex -24.348 -23.1639 23
    endloop
  endfacet
  facet normal 0.427535 -0.903999 0
    outer loop
      vertex -24.348 -23.1639 23
      vertex -24.2704 -23.1272 31.5
      vertex -24.348 -23.1639 31.5
    endloop
  endfacet
  facet normal 0.427535 -0.903999 0
    outer loop
      vertex -24.2704 -23.1272 31.5
      vertex -24.348 -23.1639 23
      vertex -24.2704 -23.1272 23
    endloop
  endfacet
  facet normal -0.596453 -0.802648 0
    outer loop
      vertex -23.4494 -23.208 23
      vertex -23.3805 -23.2592 31.5
      vertex -23.4494 -23.208 31.5
    endloop
  endfacet
  facet normal -0.596453 -0.802648 -0
    outer loop
      vertex -23.3805 -23.2592 31.5
      vertex -23.4494 -23.208 23
      vertex -23.3805 -23.2592 23
    endloop
  endfacet
  facet normal -0.6707 -0.741729 0
    outer loop
      vertex -23.3805 -23.2592 23
      vertex -23.3168 -23.3168 31.5
      vertex -23.3805 -23.2592 31.5
    endloop
  endfacet
  facet normal -0.6707 -0.741729 -0
    outer loop
      vertex -23.3168 -23.3168 31.5
      vertex -23.3805 -23.2592 23
      vertex -23.3168 -23.3168 23
    endloop
  endfacet
  facet normal 0.858109 -0.513468 0
    outer loop
      vertex -24.7072 -23.5231 31.5
      vertex -24.6631 -23.4494 23
      vertex -24.6631 -23.4494 31.5
    endloop
  endfacet
  facet normal 0.858109 -0.513468 0
    outer loop
      vertex -24.6631 -23.4494 23
      vertex -24.7072 -23.5231 31.5
      vertex -24.7072 -23.5231 23
    endloop
  endfacet
  facet normal 0.242262 -0.970211 0
    outer loop
      vertex -24.1896 -23.0982 23
      vertex -24.1063 -23.0774 31.5
      vertex -24.1896 -23.0982 31.5
    endloop
  endfacet
  facet normal 0.242262 -0.970211 0
    outer loop
      vertex -24.1063 -23.0774 31.5
      vertex -24.1896 -23.0982 23
      vertex -24.1063 -23.0774 23
    endloop
  endfacet
  facet normal 0.146633 -0.989191 0
    outer loop
      vertex -24.1063 -23.0774 23
      vertex -24.0213 -23.0648 31.5
      vertex -24.1063 -23.0774 31.5
    endloop
  endfacet
  facet normal 0.146633 -0.989191 0
    outer loop
      vertex -24.0213 -23.0648 31.5
      vertex -24.1063 -23.0774 23
      vertex -24.0213 -23.0648 23
    endloop
  endfacet
  facet normal -0.741204 0.671279 0
    outer loop
      vertex 24.5543 -24.5543 23
      vertex 24.6119 -24.4907 31.5
      vertex 24.6119 -24.4907 23
    endloop
  endfacet
  facet normal -0.741204 0.671279 0
    outer loop
      vertex 24.6119 -24.4907 31.5
      vertex 24.5543 -24.5543 23
      vertex 24.5543 -24.5543 31.5
    endloop
  endfacet
  facet normal 0.6707 -0.741729 0
    outer loop
      vertex 23.3168 -23.3168 23
      vertex 23.3805 -23.2592 31.5
      vertex 23.3168 -23.3168 31.5
    endloop
  endfacet
  facet normal 0.6707 -0.741729 0
    outer loop
      vertex 23.3805 -23.2592 31.5
      vertex 23.3168 -23.3168 23
      vertex 23.3805 -23.2592 23
    endloop
  endfacet
  facet normal -0.671279 -0.741204 0
    outer loop
      vertex 24.4907 -23.2592 23
      vertex 24.5543 -23.3168 31.5
      vertex 24.4907 -23.2592 31.5
    endloop
  endfacet
  facet normal -0.671279 -0.741204 -0
    outer loop
      vertex 24.5543 -23.3168 31.5
      vertex 24.4907 -23.2592 23
      vertex 24.5543 -23.3168 23
    endloop
  endfacet
  facet normal 0.6707 0.741729 -0
    outer loop
      vertex 23.3805 -24.6119 23
      vertex 23.3168 -24.5543 31.5
      vertex 23.3805 -24.6119 31.5
    endloop
  endfacet
  facet normal 0.6707 0.741729 0
    outer loop
      vertex 23.3168 -24.5543 31.5
      vertex 23.3805 -24.6119 23
      vertex 23.3168 -24.5543 23
    endloop
  endfacet
  facet normal -0.998804 -0.0488925 0
    outer loop
      vertex 24.8106 -23.9356 23
      vertex 24.8064 -23.8498 31.5
      vertex 24.8064 -23.8498 23
    endloop
  endfacet
  facet normal -0.998804 -0.0488925 0
    outer loop
      vertex 24.8064 -23.8498 31.5
      vertex 24.8106 -23.9356 23
      vertex 24.8106 -23.9356 31.5
    endloop
  endfacet
  facet normal 0.0488925 -0.998804 0
    outer loop
      vertex 23.8498 -23.0648 23
      vertex 23.9356 -23.0606 31.5
      vertex 23.8498 -23.0648 31.5
    endloop
  endfacet
  facet normal 0.0488925 -0.998804 0
    outer loop
      vertex 23.9356 -23.0606 31.5
      vertex 23.8498 -23.0648 23
      vertex 23.9356 -23.0606 23
    endloop
  endfacet
  facet normal -0.337812 -0.941214 0
    outer loop
      vertex 24.1896 -23.0982 23
      vertex 24.2704 -23.1272 31.5
      vertex 24.1896 -23.0982 31.5
    endloop
  endfacet
  facet normal -0.337812 -0.941214 -0
    outer loop
      vertex 24.2704 -23.1272 31.5
      vertex 24.1896 -23.0982 23
      vertex 24.2704 -23.1272 23
    endloop
  endfacet
  facet normal -0.903548 -0.428487 0
    outer loop
      vertex 24.744 -23.6007 23
      vertex 24.7072 -23.5231 31.5
      vertex 24.7072 -23.5231 23
    endloop
  endfacet
  facet normal -0.903548 -0.428487 0
    outer loop
      vertex 24.7072 -23.5231 31.5
      vertex 24.744 -23.6007 23
      vertex 24.744 -23.6007 31.5
    endloop
  endfacet
  facet normal -0.969937 -0.243357 0
    outer loop
      vertex 24.7938 -23.7649 23
      vertex 24.7729 -23.6816 31.5
      vertex 24.7729 -23.6816 23
    endloop
  endfacet
  facet normal -0.969937 -0.243357 0
    outer loop
      vertex 24.7729 -23.6816 31.5
      vertex 24.7938 -23.7649 23
      vertex 24.7938 -23.7649 31.5
    endloop
  endfacet
  facet normal 0.337442 -0.941346 0
    outer loop
      vertex 23.6007 -23.1272 23
      vertex 23.6816 -23.0982 31.5
      vertex 23.6007 -23.1272 31.5
    endloop
  endfacet
  facet normal 0.337442 -0.941346 0
    outer loop
      vertex 23.6816 -23.0982 31.5
      vertex 23.6007 -23.1272 23
      vertex 23.6816 -23.0982 23
    endloop
  endfacet
  facet normal 0.242262 -0.970211 0
    outer loop
      vertex 23.6816 -23.0982 23
      vertex 23.7649 -23.0774 31.5
      vertex 23.6816 -23.0982 31.5
    endloop
  endfacet
  facet normal 0.242262 -0.970211 0
    outer loop
      vertex 23.7649 -23.0774 31.5
      vertex 23.6816 -23.0982 23
      vertex 23.7649 -23.0774 23
    endloop
  endfacet
  facet normal -0.513468 -0.858109 0
    outer loop
      vertex 24.348 -23.1639 23
      vertex 24.4217 -23.208 31.5
      vertex 24.348 -23.1639 31.5
    endloop
  endfacet
  facet normal -0.513468 -0.858109 -0
    outer loop
      vertex 24.4217 -23.208 31.5
      vertex 24.348 -23.1639 23
      vertex 24.4217 -23.208 23
    endloop
  endfacet
  facet normal 0.596453 0.802648 -0
    outer loop
      vertex 23.4494 -24.6631 23
      vertex 23.3805 -24.6119 31.5
      vertex 23.4494 -24.6631 31.5
    endloop
  endfacet
  facet normal 0.596453 0.802648 0
    outer loop
      vertex 23.3805 -24.6119 31.5
      vertex 23.4494 -24.6631 23
      vertex 23.3805 -24.6119 23
    endloop
  endfacet
  facet normal -0.803062 0.595895 0
    outer loop
      vertex 24.6119 -24.4907 23
      vertex 24.6631 -24.4217 31.5
      vertex 24.6631 -24.4217 23
    endloop
  endfacet
  facet normal -0.803062 0.595895 0
    outer loop
      vertex 24.6631 -24.4217 31.5
      vertex 24.6119 -24.4907 23
      vertex 24.6119 -24.4907 31.5
    endloop
  endfacet
  facet normal -0.903548 0.428487 0
    outer loop
      vertex 24.7072 -24.348 23
      vertex 24.744 -24.2704 31.5
      vertex 24.744 -24.2704 23
    endloop
  endfacet
  facet normal -0.903548 0.428487 0
    outer loop
      vertex 24.744 -24.2704 31.5
      vertex 24.7072 -24.348 23
      vertex 24.7072 -24.348 31.5
    endloop
  endfacet
  facet normal -0.998801 0.0489494 0
    outer loop
      vertex 24.8064 -24.0213 23
      vertex 24.8106 -23.9356 31.5
      vertex 24.8106 -23.9356 23
    endloop
  endfacet
  facet normal -0.998801 0.0489494 0
    outer loop
      vertex 24.8106 -23.9356 31.5
      vertex 24.8064 -24.0213 23
      vertex 24.8064 -24.0213 31.5
    endloop
  endfacet
  facet normal -0.989191 0.146633 0
    outer loop
      vertex 24.7938 -24.1063 23
      vertex 24.8064 -24.0213 31.5
      vertex 24.8064 -24.0213 23
    endloop
  endfacet
  facet normal -0.989191 0.146633 0
    outer loop
      vertex 24.8064 -24.0213 31.5
      vertex 24.7938 -24.1063 23
      vertex 24.7938 -24.1063 31.5
    endloop
  endfacet
  facet normal -0.969937 0.243357 0
    outer loop
      vertex 24.7729 -24.1896 23
      vertex 24.7938 -24.1063 31.5
      vertex 24.7938 -24.1063 23
    endloop
  endfacet
  facet normal -0.969937 0.243357 0
    outer loop
      vertex 24.7938 -24.1063 31.5
      vertex 24.7729 -24.1896 23
      vertex 24.7729 -24.1896 31.5
    endloop
  endfacet
  facet normal -0.802648 -0.596453 0
    outer loop
      vertex 24.6631 -23.4494 23
      vertex 24.6119 -23.3805 31.5
      vertex 24.6119 -23.3805 23
    endloop
  endfacet
  facet normal -0.802648 -0.596453 0
    outer loop
      vertex 24.6119 -23.3805 31.5
      vertex 24.6631 -23.4494 23
      vertex 24.6631 -23.4494 31.5
    endloop
  endfacet
  facet normal -0.858109 -0.513468 0
    outer loop
      vertex 24.7072 -23.5231 23
      vertex 24.6631 -23.4494 31.5
      vertex 24.6631 -23.4494 23
    endloop
  endfacet
  facet normal -0.858109 -0.513468 0
    outer loop
      vertex 24.6631 -23.4494 31.5
      vertex 24.7072 -23.5231 23
      vertex 24.7072 -23.5231 31.5
    endloop
  endfacet
  facet normal -0.741729 -0.6707 0
    outer loop
      vertex 24.6119 -23.3805 23
      vertex 24.5543 -23.3168 31.5
      vertex 24.5543 -23.3168 23
    endloop
  endfacet
  facet normal -0.741729 -0.6707 0
    outer loop
      vertex 24.5543 -23.3168 31.5
      vertex 24.6119 -23.3805 23
      vertex 24.6119 -23.3805 31.5
    endloop
  endfacet
  facet normal -0.989166 -0.146802 0
    outer loop
      vertex 24.8064 -23.8498 23
      vertex 24.7938 -23.7649 31.5
      vertex 24.7938 -23.7649 23
    endloop
  endfacet
  facet normal -0.989166 -0.146802 0
    outer loop
      vertex 24.7938 -23.7649 31.5
      vertex 24.8064 -23.8498 23
      vertex 24.8064 -23.8498 31.5
    endloop
  endfacet
  facet normal 0.513468 -0.858109 0
    outer loop
      vertex 23.4494 -23.208 23
      vertex 23.5231 -23.1639 31.5
      vertex 23.4494 -23.208 31.5
    endloop
  endfacet
  facet normal 0.513468 -0.858109 0
    outer loop
      vertex 23.5231 -23.1639 31.5
      vertex 23.4494 -23.208 23
      vertex 23.5231 -23.1639 23
    endloop
  endfacet
  facet normal 0.596453 -0.802648 0
    outer loop
      vertex 23.3805 -23.2592 23
      vertex 23.4494 -23.208 31.5
      vertex 23.3805 -23.2592 31.5
    endloop
  endfacet
  facet normal 0.596453 -0.802648 0
    outer loop
      vertex 23.4494 -23.208 31.5
      vertex 23.3805 -23.2592 23
      vertex 23.4494 -23.208 23
    endloop
  endfacet
  facet normal -0.146633 -0.989191 0
    outer loop
      vertex 24.0213 -23.0648 23
      vertex 24.1063 -23.0774 31.5
      vertex 24.0213 -23.0648 31.5
    endloop
  endfacet
  facet normal -0.146633 -0.989191 -0
    outer loop
      vertex 24.1063 -23.0774 31.5
      vertex 24.0213 -23.0648 23
      vertex 24.1063 -23.0774 23
    endloop
  endfacet
  facet normal -0.595895 -0.803062 0
    outer loop
      vertex 24.4217 -23.208 23
      vertex 24.4907 -23.2592 31.5
      vertex 24.4217 -23.208 31.5
    endloop
  endfacet
  facet normal -0.595895 -0.803062 -0
    outer loop
      vertex 24.4907 -23.2592 31.5
      vertex 24.4217 -23.208 23
      vertex 24.4907 -23.2592 23
    endloop
  endfacet
  facet normal -0.671279 0.741204 0
    outer loop
      vertex 24.5543 -24.5543 23
      vertex 24.4907 -24.6119 31.5
      vertex 24.5543 -24.5543 31.5
    endloop
  endfacet
  facet normal -0.671279 0.741204 0
    outer loop
      vertex 24.4907 -24.6119 31.5
      vertex 24.5543 -24.5543 23
      vertex 24.4907 -24.6119 23
    endloop
  endfacet
  facet normal -0.513468 0.858109 0
    outer loop
      vertex 24.4217 -24.6631 23
      vertex 24.348 -24.7072 31.5
      vertex 24.4217 -24.6631 31.5
    endloop
  endfacet
  facet normal -0.513468 0.858109 0
    outer loop
      vertex 24.348 -24.7072 31.5
      vertex 24.4217 -24.6631 23
      vertex 24.348 -24.7072 23
    endloop
  endfacet
  facet normal -0.0489494 0.998801 0
    outer loop
      vertex 24.0213 -24.8064 23
      vertex 23.9356 -24.8106 31.5
      vertex 24.0213 -24.8064 31.5
    endloop
  endfacet
  facet normal -0.0489494 0.998801 0
    outer loop
      vertex 23.9356 -24.8106 31.5
      vertex 24.0213 -24.8064 23
      vertex 23.9356 -24.8106 23
    endloop
  endfacet
  facet normal 0.941346 -0.337442 0
    outer loop
      vertex 23.0982 -23.6816 31.5
      vertex 23.1272 -23.6007 23
      vertex 23.1272 -23.6007 31.5
    endloop
  endfacet
  facet normal 0.941346 -0.337442 0
    outer loop
      vertex 23.1272 -23.6007 23
      vertex 23.0982 -23.6816 31.5
      vertex 23.0982 -23.6816 23
    endloop
  endfacet
  facet normal 0.33641 0.941716 -0
    outer loop
      vertex 23.6816 -24.7729 23
      vertex 23.6007 -24.744 31.5
      vertex 23.6816 -24.7729 31.5
    endloop
  endfacet
  facet normal 0.33641 0.941716 0
    outer loop
      vertex 23.6007 -24.744 31.5
      vertex 23.6816 -24.7729 23
      vertex 23.6007 -24.744 23
    endloop
  endfacet
  facet normal -0.858109 0.513468 0
    outer loop
      vertex 24.6631 -24.4217 23
      vertex 24.7072 -24.348 31.5
      vertex 24.7072 -24.348 23
    endloop
  endfacet
  facet normal -0.858109 0.513468 0
    outer loop
      vertex 24.7072 -24.348 31.5
      vertex 24.6631 -24.4217 23
      vertex 24.6631 -24.4217 31.5
    endloop
  endfacet
  facet normal -0.941584 0.336779 0
    outer loop
      vertex 24.744 -24.2704 23
      vertex 24.7729 -24.1896 31.5
      vertex 24.7729 -24.1896 23
    endloop
  endfacet
  facet normal -0.941584 0.336779 0
    outer loop
      vertex 24.7729 -24.1896 31.5
      vertex 24.744 -24.2704 23
      vertex 24.744 -24.2704 31.5
    endloop
  endfacet
  facet normal -0.941716 -0.33641 0
    outer loop
      vertex 24.7729 -23.6816 23
      vertex 24.744 -23.6007 31.5
      vertex 24.744 -23.6007 23
    endloop
  endfacet
  facet normal -0.941716 -0.33641 0
    outer loop
      vertex 24.744 -23.6007 31.5
      vertex 24.7729 -23.6816 23
      vertex 24.7729 -23.6816 31.5
    endloop
  endfacet
  facet normal 0.146802 -0.989166 0
    outer loop
      vertex 23.7649 -23.0774 23
      vertex 23.8498 -23.0648 31.5
      vertex 23.7649 -23.0774 31.5
    endloop
  endfacet
  facet normal 0.146802 -0.989166 0
    outer loop
      vertex 23.8498 -23.0648 31.5
      vertex 23.7649 -23.0774 23
      vertex 23.8498 -23.0648 23
    endloop
  endfacet
  facet normal 0.427535 -0.903999 0
    outer loop
      vertex 23.5231 -23.1639 23
      vertex 23.6007 -23.1272 31.5
      vertex 23.5231 -23.1639 31.5
    endloop
  endfacet
  facet normal 0.427535 -0.903999 0
    outer loop
      vertex 23.6007 -23.1272 31.5
      vertex 23.5231 -23.1639 23
      vertex 23.6007 -23.1272 23
    endloop
  endfacet
  facet normal -0.0489494 -0.998801 0
    outer loop
      vertex 23.9356 -23.0606 23
      vertex 24.0213 -23.0648 31.5
      vertex 23.9356 -23.0606 31.5
    endloop
  endfacet
  facet normal -0.0489494 -0.998801 -0
    outer loop
      vertex 24.0213 -23.0648 31.5
      vertex 23.9356 -23.0606 23
      vertex 24.0213 -23.0648 23
    endloop
  endfacet
  facet normal -0.242262 -0.970211 0
    outer loop
      vertex 24.1063 -23.0774 23
      vertex 24.1896 -23.0982 31.5
      vertex 24.1063 -23.0774 31.5
    endloop
  endfacet
  facet normal -0.242262 -0.970211 -0
    outer loop
      vertex 24.1896 -23.0982 31.5
      vertex 24.1063 -23.0774 23
      vertex 24.1896 -23.0982 23
    endloop
  endfacet
  facet normal -0.427535 -0.903999 0
    outer loop
      vertex 24.2704 -23.1272 23
      vertex 24.348 -23.1639 31.5
      vertex 24.2704 -23.1272 31.5
    endloop
  endfacet
  facet normal -0.427535 -0.903999 -0
    outer loop
      vertex 24.348 -23.1639 31.5
      vertex 24.2704 -23.1272 23
      vertex 24.348 -23.1639 23
    endloop
  endfacet
  facet normal -0.595895 0.803062 0
    outer loop
      vertex 24.4907 -24.6119 23
      vertex 24.4217 -24.6631 31.5
      vertex 24.4907 -24.6119 31.5
    endloop
  endfacet
  facet normal -0.595895 0.803062 0
    outer loop
      vertex 24.4217 -24.6631 31.5
      vertex 24.4907 -24.6119 23
      vertex 24.4217 -24.6631 23
    endloop
  endfacet
  facet normal 0.0488925 0.998804 -0
    outer loop
      vertex 23.9356 -24.8106 23
      vertex 23.8498 -24.8064 31.5
      vertex 23.9356 -24.8106 31.5
    endloop
  endfacet
  facet normal 0.0488925 0.998804 0
    outer loop
      vertex 23.8498 -24.8064 31.5
      vertex 23.9356 -24.8106 23
      vertex 23.8498 -24.8064 23
    endloop
  endfacet
  facet normal -0.146633 0.989191 0
    outer loop
      vertex 24.1063 -24.7938 23
      vertex 24.0213 -24.8064 31.5
      vertex 24.1063 -24.7938 31.5
    endloop
  endfacet
  facet normal -0.146633 0.989191 0
    outer loop
      vertex 24.0213 -24.8064 31.5
      vertex 24.1063 -24.7938 23
      vertex 24.0213 -24.8064 23
    endloop
  endfacet
  facet normal 0.903999 0.427535 0
    outer loop
      vertex 23.1639 -24.348 31.5
      vertex 23.1272 -24.2704 23
      vertex 23.1272 -24.2704 31.5
    endloop
  endfacet
  facet normal 0.903999 0.427535 0
    outer loop
      vertex 23.1272 -24.2704 23
      vertex 23.1639 -24.348 31.5
      vertex 23.1639 -24.348 23
    endloop
  endfacet
  facet normal -0.428487 0.903548 0
    outer loop
      vertex 24.348 -24.7072 23
      vertex 24.2704 -24.744 31.5
      vertex 24.348 -24.7072 31.5
    endloop
  endfacet
  facet normal -0.428487 0.903548 0
    outer loop
      vertex 24.2704 -24.744 31.5
      vertex 24.348 -24.7072 23
      vertex 24.2704 -24.744 23
    endloop
  endfacet
  facet normal -0.336779 0.941584 0
    outer loop
      vertex 24.2704 -24.744 23
      vertex 24.1896 -24.7729 31.5
      vertex 24.2704 -24.744 31.5
    endloop
  endfacet
  facet normal -0.336779 0.941584 0
    outer loop
      vertex 24.1896 -24.7729 31.5
      vertex 24.2704 -24.744 23
      vertex 24.1896 -24.7729 23
    endloop
  endfacet
  facet normal 0.243357 0.969937 -0
    outer loop
      vertex 23.7649 -24.7938 23
      vertex 23.6816 -24.7729 31.5
      vertex 23.7649 -24.7938 31.5
    endloop
  endfacet
  facet normal 0.243357 0.969937 0
    outer loop
      vertex 23.6816 -24.7729 31.5
      vertex 23.7649 -24.7938 23
      vertex 23.6816 -24.7729 23
    endloop
  endfacet
  facet normal 0.146802 0.989166 -0
    outer loop
      vertex 23.8498 -24.8064 23
      vertex 23.7649 -24.7938 31.5
      vertex 23.8498 -24.8064 31.5
    endloop
  endfacet
  facet normal 0.146802 0.989166 0
    outer loop
      vertex 23.7649 -24.7938 31.5
      vertex 23.8498 -24.8064 23
      vertex 23.7649 -24.7938 23
    endloop
  endfacet
  facet normal -0.243357 0.969937 0
    outer loop
      vertex 24.1896 -24.7729 23
      vertex 24.1063 -24.7938 31.5
      vertex 24.1896 -24.7729 31.5
    endloop
  endfacet
  facet normal -0.243357 0.969937 0
    outer loop
      vertex 24.1063 -24.7938 31.5
      vertex 24.1896 -24.7729 23
      vertex 24.1063 -24.7938 23
    endloop
  endfacet
  facet normal 0.741204 0.671279 0
    outer loop
      vertex 23.3168 -24.5543 31.5
      vertex 23.2592 -24.4907 23
      vertex 23.2592 -24.4907 31.5
    endloop
  endfacet
  facet normal 0.741204 0.671279 0
    outer loop
      vertex 23.2592 -24.4907 23
      vertex 23.3168 -24.5543 31.5
      vertex 23.3168 -24.5543 23
    endloop
  endfacet
  facet normal 0.998801 0.0489494 0
    outer loop
      vertex 23.0648 -24.0213 31.5
      vertex 23.0606 -23.9356 23
      vertex 23.0606 -23.9356 31.5
    endloop
  endfacet
  facet normal 0.998801 0.0489494 0
    outer loop
      vertex 23.0606 -23.9356 23
      vertex 23.0648 -24.0213 31.5
      vertex 23.0648 -24.0213 23
    endloop
  endfacet
  facet normal 0.998804 -0.0488925 0
    outer loop
      vertex 23.0606 -23.9356 31.5
      vertex 23.0648 -23.8498 23
      vertex 23.0648 -23.8498 31.5
    endloop
  endfacet
  facet normal 0.998804 -0.0488925 0
    outer loop
      vertex 23.0648 -23.8498 23
      vertex 23.0606 -23.9356 31.5
      vertex 23.0606 -23.9356 23
    endloop
  endfacet
  facet normal 0.970211 -0.242262 0
    outer loop
      vertex 23.0774 -23.7649 31.5
      vertex 23.0982 -23.6816 23
      vertex 23.0982 -23.6816 31.5
    endloop
  endfacet
  facet normal 0.970211 -0.242262 0
    outer loop
      vertex 23.0982 -23.6816 23
      vertex 23.0774 -23.7649 31.5
      vertex 23.0774 -23.7649 23
    endloop
  endfacet
  facet normal 0 0 1
    outer loop
      vertex 24.8064 -23.8498 23
      vertex 24.8064 -24.0213 23
      vertex 24.8106 -23.9356 23
    endloop
  endfacet
  facet normal 0 0 1
    outer loop
      vertex 24.7938 -23.7649 23
      vertex 24.8064 -24.0213 23
      vertex 24.8064 -23.8498 23
    endloop
  endfacet
  facet normal 0 0 1
    outer loop
      vertex 24.7938 -23.7649 23
      vertex 24.7938 -24.1063 23
      vertex 24.8064 -24.0213 23
    endloop
  endfacet
  facet normal 0 0 1
    outer loop
      vertex 24.7729 -23.6816 23
      vertex 24.7938 -24.1063 23
      vertex 24.7938 -23.7649 23
    endloop
  endfacet
  facet normal 0 0 1
    outer loop
      vertex 24.7729 -23.6816 23
      vertex 24.7729 -24.1896 23
      vertex 24.7938 -24.1063 23
    endloop
  endfacet
  facet normal 0 0 1
    outer loop
      vertex 24.744 -23.6007 23
      vertex 24.7729 -24.1896 23
      vertex 24.7729 -23.6816 23
    endloop
  endfacet
  facet normal 0 0 1
    outer loop
      vertex 24.744 -23.6007 23
      vertex 24.744 -24.2704 23
      vertex 24.7729 -24.1896 23
    endloop
  endfacet
  facet normal 0 0 1
    outer loop
      vertex 24.7072 -23.5231 23
      vertex 24.744 -24.2704 23
      vertex 24.744 -23.6007 23
    endloop
  endfacet
  facet normal 0 0 1
    outer loop
      vertex 24.7072 -23.5231 23
      vertex 24.7072 -24.348 23
      vertex 24.744 -24.2704 23
    endloop
  endfacet
  facet normal 0 0 1
    outer loop
      vertex 24.6631 -23.4494 23
      vertex 24.7072 -24.348 23
      vertex 24.7072 -23.5231 23
    endloop
  endfacet
  facet normal 0 0 1
    outer loop
      vertex 24.6631 -23.4494 23
      vertex 24.6631 -24.4217 23
      vertex 24.7072 -24.348 23
    endloop
  endfacet
  facet normal 0 0 1
    outer loop
      vertex 24.6119 -23.3805 23
      vertex 24.6631 -24.4217 23
      vertex 24.6631 -23.4494 23
    endloop
  endfacet
  facet normal 0 0 1
    outer loop
      vertex 24.6119 -23.3805 23
      vertex 24.6119 -24.4907 23
      vertex 24.6631 -24.4217 23
    endloop
  endfacet
  facet normal 0 0 1
    outer loop
      vertex 24.5543 -23.3168 23
      vertex 24.6119 -24.4907 23
      vertex 24.6119 -23.3805 23
    endloop
  endfacet
  facet normal 0 0 1
    outer loop
      vertex 24.5543 -23.3168 23
      vertex 24.5543 -24.5543 23
      vertex 24.6119 -24.4907 23
    endloop
  endfacet
  facet normal 0 0 1
    outer loop
      vertex 24.4907 -23.2592 23
      vertex 24.5543 -24.5543 23
      vertex 24.5543 -23.3168 23
    endloop
  endfacet
  facet normal 0 0 1
    outer loop
      vertex 24.4907 -23.2592 23
      vertex 24.4907 -24.6119 23
      vertex 24.5543 -24.5543 23
    endloop
  endfacet
  facet normal 0 0 1
    outer loop
      vertex 24.4217 -23.208 23
      vertex 24.4907 -24.6119 23
      vertex 24.4907 -23.2592 23
    endloop
  endfacet
  facet normal 0 0 1
    outer loop
      vertex 24.4217 -23.208 23
      vertex 24.4217 -24.6631 23
      vertex 24.4907 -24.6119 23
    endloop
  endfacet
  facet normal 0 0 1
    outer loop
      vertex 24.348 -23.1639 23
      vertex 24.4217 -24.6631 23
      vertex 24.4217 -23.208 23
    endloop
  endfacet
  facet normal 0 0 1
    outer loop
      vertex 24.348 -23.1639 23
      vertex 24.348 -24.7072 23
      vertex 24.4217 -24.6631 23
    endloop
  endfacet
  facet normal 0 0 1
    outer loop
      vertex 24.2704 -23.1272 23
      vertex 24.348 -24.7072 23
      vertex 24.348 -23.1639 23
    endloop
  endfacet
  facet normal 0 0 1
    outer loop
      vertex 24.2704 -23.1272 23
      vertex 24.2704 -24.744 23
      vertex 24.348 -24.7072 23
    endloop
  endfacet
  facet normal 0 0 1
    outer loop
      vertex 24.1896 -23.0982 23
      vertex 24.2704 -24.744 23
      vertex 24.2704 -23.1272 23
    endloop
  endfacet
  facet normal 0 0 1
    outer loop
      vertex 24.1896 -23.0982 23
      vertex 24.1896 -24.7729 23
      vertex 24.2704 -24.744 23
    endloop
  endfacet
  facet normal 0 0 1
    outer loop
      vertex 24.1063 -23.0774 23
      vertex 24.1896 -24.7729 23
      vertex 24.1896 -23.0982 23
    endloop
  endfacet
  facet normal 0 0 1
    outer loop
      vertex 24.1063 -23.0774 23
      vertex 24.1063 -24.7938 23
      vertex 24.1896 -24.7729 23
    endloop
  endfacet
  facet normal 0 0 1
    outer loop
      vertex 24.0213 -23.0648 23
      vertex 24.1063 -24.7938 23
      vertex 24.1063 -23.0774 23
    endloop
  endfacet
  facet normal 0 0 1
    outer loop
      vertex 24.0213 -23.0648 23
      vertex 24.0213 -24.8064 23
      vertex 24.1063 -24.7938 23
    endloop
  endfacet
  facet normal 0 0 1
    outer loop
      vertex 23.9356 -23.0606 23
      vertex 24.0213 -24.8064 23
      vertex 24.0213 -23.0648 23
    endloop
  endfacet
  facet normal 0 0 1
    outer loop
      vertex 23.9356 -23.0606 23
      vertex 23.9356 -24.8106 23
      vertex 24.0213 -24.8064 23
    endloop
  endfacet
  facet normal -0 0 1
    outer loop
      vertex 23.8498 -23.0648 23
      vertex 23.9356 -24.8106 23
      vertex 23.9356 -23.0606 23
    endloop
  endfacet
  facet normal 0 0 1
    outer loop
      vertex 23.8498 -23.0648 23
      vertex 23.8498 -24.8064 23
      vertex 23.9356 -24.8106 23
    endloop
  endfacet
  facet normal -0 0 1
    outer loop
      vertex 23.7649 -23.0774 23
      vertex 23.8498 -24.8064 23
      vertex 23.8498 -23.0648 23
    endloop
  endfacet
  facet normal 0 0 1
    outer loop
      vertex 23.7649 -23.0774 23
      vertex 23.7649 -24.7938 23
      vertex 23.8498 -24.8064 23
    endloop
  endfacet
  facet normal -0 0 1
    outer loop
      vertex 23.6816 -23.0982 23
      vertex 23.7649 -24.7938 23
      vertex 23.7649 -23.0774 23
    endloop
  endfacet
  facet normal 0 0 1
    outer loop
      vertex 23.6816 -23.0982 23
      vertex 23.6816 -24.7729 23
      vertex 23.7649 -24.7938 23
    endloop
  endfacet
  facet normal -0 0 1
    outer loop
      vertex 23.6007 -23.1272 23
      vertex 23.6816 -24.7729 23
      vertex 23.6816 -23.0982 23
    endloop
  endfacet
  facet normal 0 0 1
    outer loop
      vertex 23.6007 -23.1272 23
      vertex 23.6007 -24.744 23
      vertex 23.6816 -24.7729 23
    endloop
  endfacet
  facet normal -0 0 1
    outer loop
      vertex 23.5231 -23.1639 23
      vertex 23.6007 -24.744 23
      vertex 23.6007 -23.1272 23
    endloop
  endfacet
  facet normal 0 0 1
    outer loop
      vertex 23.5231 -23.1639 23
      vertex 23.5231 -24.7072 23
      vertex 23.6007 -24.744 23
    endloop
  endfacet
  facet normal -0 0 1
    outer loop
      vertex 23.4494 -23.208 23
      vertex 23.5231 -24.7072 23
      vertex 23.5231 -23.1639 23
    endloop
  endfacet
  facet normal 0 0 1
    outer loop
      vertex 23.4494 -23.208 23
      vertex 23.4494 -24.6631 23
      vertex 23.5231 -24.7072 23
    endloop
  endfacet
  facet normal -0 0 1
    outer loop
      vertex 23.3805 -23.2592 23
      vertex 23.4494 -24.6631 23
      vertex 23.4494 -23.208 23
    endloop
  endfacet
  facet normal 0 0 1
    outer loop
      vertex 23.3805 -23.2592 23
      vertex 23.3805 -24.6119 23
      vertex 23.4494 -24.6631 23
    endloop
  endfacet
  facet normal -0 0 1
    outer loop
      vertex 23.3168 -23.3168 23
      vertex 23.3805 -24.6119 23
      vertex 23.3805 -23.2592 23
    endloop
  endfacet
  facet normal 0 0 1
    outer loop
      vertex 23.3168 -23.3168 23
      vertex 23.3168 -24.5543 23
      vertex 23.3805 -24.6119 23
    endloop
  endfacet
  facet normal -0 0 1
    outer loop
      vertex 23.2592 -23.3805 23
      vertex 23.3168 -24.5543 23
      vertex 23.3168 -23.3168 23
    endloop
  endfacet
  facet normal 0 0 1
    outer loop
      vertex 23.2592 -23.3805 23
      vertex 23.2592 -24.4907 23
      vertex 23.3168 -24.5543 23
    endloop
  endfacet
  facet normal -0 0 1
    outer loop
      vertex 23.208 -23.4494 23
      vertex 23.2592 -24.4907 23
      vertex 23.2592 -23.3805 23
    endloop
  endfacet
  facet normal 0 0 1
    outer loop
      vertex 23.208 -23.4494 23
      vertex 23.208 -24.4217 23
      vertex 23.2592 -24.4907 23
    endloop
  endfacet
  facet normal -0 0 1
    outer loop
      vertex 23.1639 -23.5231 23
      vertex 23.208 -24.4217 23
      vertex 23.208 -23.4494 23
    endloop
  endfacet
  facet normal 0 0 1
    outer loop
      vertex 23.1639 -23.5231 23
      vertex 23.1639 -24.348 23
      vertex 23.208 -24.4217 23
    endloop
  endfacet
  facet normal -0 0 1
    outer loop
      vertex 23.1272 -23.6007 23
      vertex 23.1639 -24.348 23
      vertex 23.1639 -23.5231 23
    endloop
  endfacet
  facet normal 0 0 1
    outer loop
      vertex 23.1272 -23.6007 23
      vertex 23.1272 -24.2704 23
      vertex 23.1639 -24.348 23
    endloop
  endfacet
  facet normal -0 0 1
    outer loop
      vertex 23.0982 -23.6816 23
      vertex 23.1272 -24.2704 23
      vertex 23.1272 -23.6007 23
    endloop
  endfacet
  facet normal 0 0 1
    outer loop
      vertex 23.0982 -23.6816 23
      vertex 23.0982 -24.1896 23
      vertex 23.1272 -24.2704 23
    endloop
  endfacet
  facet normal -0 0 1
    outer loop
      vertex 23.0774 -23.7649 23
      vertex 23.0982 -24.1896 23
      vertex 23.0982 -23.6816 23
    endloop
  endfacet
  facet normal 0 0 1
    outer loop
      vertex 23.0774 -23.7649 23
      vertex 23.0774 -24.1063 23
      vertex 23.0982 -24.1896 23
    endloop
  endfacet
  facet normal -0 0 1
    outer loop
      vertex 23.0648 -23.8498 23
      vertex 23.0774 -24.1063 23
      vertex 23.0774 -23.7649 23
    endloop
  endfacet
  facet normal 0 0 1
    outer loop
      vertex 23.0648 -23.8498 23
      vertex 23.0648 -24.0213 23
      vertex 23.0774 -24.1063 23
    endloop
  endfacet
  facet normal 0 -0 1
    outer loop
      vertex 23.0648 -24.0213 23
      vertex 23.0648 -23.8498 23
      vertex 23.0606 -23.9356 23
    endloop
  endfacet
  facet normal 0.989166 -0.146802 0
    outer loop
      vertex 23.0648 -23.8498 31.5
      vertex 23.0774 -23.7649 23
      vertex 23.0774 -23.7649 31.5
    endloop
  endfacet
  facet normal 0.989166 -0.146802 0
    outer loop
      vertex 23.0774 -23.7649 23
      vertex 23.0648 -23.8498 31.5
      vertex 23.0648 -23.8498 23
    endloop
  endfacet
  facet normal 0.802648 -0.596453 0
    outer loop
      vertex 23.208 -23.4494 31.5
      vertex 23.2592 -23.3805 23
      vertex 23.2592 -23.3805 31.5
    endloop
  endfacet
  facet normal 0.802648 -0.596453 0
    outer loop
      vertex 23.2592 -23.3805 23
      vertex 23.208 -23.4494 31.5
      vertex 23.208 -23.4494 23
    endloop
  endfacet
  facet normal 0.741729 -0.6707 0
    outer loop
      vertex 23.2592 -23.3805 31.5
      vertex 23.3168 -23.3168 23
      vertex 23.3168 -23.3168 31.5
    endloop
  endfacet
  facet normal 0.741729 -0.6707 0
    outer loop
      vertex 23.3168 -23.3168 23
      vertex 23.2592 -23.3805 31.5
      vertex 23.2592 -23.3805 23
    endloop
  endfacet
  facet normal 0.513468 0.858109 -0
    outer loop
      vertex 23.5231 -24.7072 23
      vertex 23.4494 -24.6631 31.5
      vertex 23.5231 -24.7072 31.5
    endloop
  endfacet
  facet normal 0.513468 0.858109 0
    outer loop
      vertex 23.4494 -24.6631 31.5
      vertex 23.5231 -24.7072 23
      vertex 23.4494 -24.6631 23
    endloop
  endfacet
  facet normal 0.428487 0.903548 -0
    outer loop
      vertex 23.6007 -24.744 23
      vertex 23.5231 -24.7072 31.5
      vertex 23.6007 -24.744 31.5
    endloop
  endfacet
  facet normal 0.428487 0.903548 0
    outer loop
      vertex 23.5231 -24.7072 31.5
      vertex 23.6007 -24.744 23
      vertex 23.5231 -24.7072 23
    endloop
  endfacet
  facet normal 0.989191 0.146633 0
    outer loop
      vertex 23.0774 -24.1063 31.5
      vertex 23.0648 -24.0213 23
      vertex 23.0648 -24.0213 31.5
    endloop
  endfacet
  facet normal 0.989191 0.146633 0
    outer loop
      vertex 23.0648 -24.0213 23
      vertex 23.0774 -24.1063 31.5
      vertex 23.0774 -24.1063 23
    endloop
  endfacet
  facet normal 0.941214 0.337812 0
    outer loop
      vertex 23.1272 -24.2704 31.5
      vertex 23.0982 -24.1896 23
      vertex 23.0982 -24.1896 31.5
    endloop
  endfacet
  facet normal 0.941214 0.337812 0
    outer loop
      vertex 23.0982 -24.1896 23
      vertex 23.1272 -24.2704 31.5
      vertex 23.1272 -24.2704 23
    endloop
  endfacet
  facet normal 0.803062 0.595895 0
    outer loop
      vertex 23.2592 -24.4907 31.5
      vertex 23.208 -24.4217 23
      vertex 23.208 -24.4217 31.5
    endloop
  endfacet
  facet normal 0.803062 0.595895 0
    outer loop
      vertex 23.208 -24.4217 23
      vertex 23.2592 -24.4907 31.5
      vertex 23.2592 -24.4907 23
    endloop
  endfacet
  facet normal 0.858109 0.513468 0
    outer loop
      vertex 23.208 -24.4217 31.5
      vertex 23.1639 -24.348 23
      vertex 23.1639 -24.348 31.5
    endloop
  endfacet
  facet normal 0.858109 0.513468 0
    outer loop
      vertex 23.1639 -24.348 23
      vertex 23.208 -24.4217 31.5
      vertex 23.208 -24.4217 23
    endloop
  endfacet
  facet normal 0.903999 -0.427535 0
    outer loop
      vertex 23.1272 -23.6007 31.5
      vertex 23.1639 -23.5231 23
      vertex 23.1639 -23.5231 31.5
    endloop
  endfacet
  facet normal 0.903999 -0.427535 0
    outer loop
      vertex 23.1639 -23.5231 23
      vertex 23.1272 -23.6007 31.5
      vertex 23.1272 -23.6007 23
    endloop
  endfacet
  facet normal 0.858109 -0.513468 0
    outer loop
      vertex 23.1639 -23.5231 31.5
      vertex 23.208 -23.4494 23
      vertex 23.208 -23.4494 31.5
    endloop
  endfacet
  facet normal 0.858109 -0.513468 0
    outer loop
      vertex 23.208 -23.4494 23
      vertex 23.1639 -23.5231 31.5
      vertex 23.1639 -23.5231 23
    endloop
  endfacet
  facet normal 0.970211 0.242262 0
    outer loop
      vertex 23.0982 -24.1896 31.5
      vertex 23.0774 -24.1063 23
      vertex 23.0774 -24.1063 31.5
    endloop
  endfacet
  facet normal 0.970211 0.242262 0
    outer loop
      vertex 23.0774 -24.1063 23
      vertex 23.0982 -24.1896 31.5
      vertex 23.0982 -24.1896 23
    endloop
  endfacet
  facet normal -0 0 1
    outer loop
      vertex 36.2291 -4.9 13
      vertex 38.3261 -7.1 13
      vertex 38.6524 -4.9 13
    endloop
  endfacet
  facet normal 0 0 1
    outer loop
      vertex 38.3261 -7.1 13
      vertex 36.2291 -4.9 13
      vertex 35.9027 -7.1 13
    endloop
  endfacet
  facet normal 0 -1 0
    outer loop
      vertex 36.2291 -4.9 13
      vertex 38.6524 -4.9 27
      vertex 36.2291 -4.9 27
    endloop
  endfacet
  facet normal 0 -1 -0
    outer loop
      vertex 38.6524 -4.9 27
      vertex 36.2291 -4.9 13
      vertex 38.6524 -4.9 13
    endloop
  endfacet
  facet normal 0 0 -1
    outer loop
      vertex 38.3261 -7.1 27
      vertex 36.2291 -4.9 27
      vertex 38.6524 -4.9 27
    endloop
  endfacet
  facet normal 0 -0 -1
    outer loop
      vertex 36.2291 -4.9 27
      vertex 38.3261 -7.1 27
      vertex 35.9027 -7.1 27
    endloop
  endfacet
  facet normal 0 1 -0
    outer loop
      vertex 38.3261 -7.1 13
      vertex 35.9027 -7.1 27
      vertex 38.3261 -7.1 27
    endloop
  endfacet
  facet normal 0 1 0
    outer loop
      vertex 35.9027 -7.1 27
      vertex 38.3261 -7.1 13
      vertex 35.9027 -7.1 13
    endloop
  endfacet
  facet normal 0 0 1
    outer loop
      vertex 36.6 0 13
      vertex 39 0 13
      vertex 38.946 1.1 13
    endloop
  endfacet
  facet normal 0 0 1
    outer loop
      vertex 39 0 13
      vertex 36.6 0 13
      vertex 38.946 -1.1 13
    endloop
  endfacet
  facet normal 0 -0 1
    outer loop
      vertex 36.6 0 13
      vertex 38.946 1.1 13
      vertex 36.546 1.1 13
    endloop
  endfacet
  facet normal 0 0 1
    outer loop
      vertex 38.946 -1.1 13
      vertex 36.6 0 13
      vertex 36.546 -1.1 13
    endloop
  endfacet
  facet normal 0 -1 0
    outer loop
      vertex 36.546 1.1 13
      vertex 38.946 1.1 27
      vertex 36.546 1.1 27
    endloop
  endfacet
  facet normal 0 -1 -0
    outer loop
      vertex 38.946 1.1 27
      vertex 36.546 1.1 13
      vertex 38.946 1.1 13
    endloop
  endfacet
  facet normal 0 0 -1
    outer loop
      vertex 36.6 0 27
      vertex 39 0 27
      vertex 38.946 -1.1 27
    endloop
  endfacet
  facet normal 0 0 -1
    outer loop
      vertex 39 0 27
      vertex 36.6 0 27
      vertex 38.946 1.1 27
    endloop
  endfacet
  facet normal 0 -0 -1
    outer loop
      vertex 36.6 0 27
      vertex 38.946 -1.1 27
      vertex 36.546 -1.1 27
    endloop
  endfacet
  facet normal -0 0 -1
    outer loop
      vertex 38.946 1.1 27
      vertex 36.6 0 27
      vertex 36.546 1.1 27
    endloop
  endfacet
  facet normal 0 1 -0
    outer loop
      vertex 38.946 -1.1 13
      vertex 36.546 -1.1 27
      vertex 38.946 -1.1 27
    endloop
  endfacet
  facet normal 0 1 0
    outer loop
      vertex 36.546 -1.1 27
      vertex 38.946 -1.1 13
      vertex 36.546 -1.1 13
    endloop
  endfacet
  facet normal 0 0 1
    outer loop
      vertex 38.3261 7.1 13
      vertex 36.2291 4.9 13
      vertex 38.6524 4.9 13
    endloop
  endfacet
  facet normal 0 -0 1
    outer loop
      vertex 36.2291 4.9 13
      vertex 38.3261 7.1 13
      vertex 35.9027 7.1 13
    endloop
  endfacet
  facet normal 0 -1 0
    outer loop
      vertex 35.9027 7.1 13
      vertex 38.3261 7.1 27
      vertex 35.9027 7.1 27
    endloop
  endfacet
  facet normal 0 -1 -0
    outer loop
      vertex 38.3261 7.1 27
      vertex 35.9027 7.1 13
      vertex 38.3261 7.1 13
    endloop
  endfacet
  facet normal 0 0 -1
    outer loop
      vertex 36.2291 4.9 27
      vertex 38.3261 7.1 27
      vertex 38.6524 4.9 27
    endloop
  endfacet
  facet normal -0 0 -1
    outer loop
      vertex 38.3261 7.1 27
      vertex 36.2291 4.9 27
      vertex 35.9027 7.1 27
    endloop
  endfacet
  facet normal 0 1 -0
    outer loop
      vertex 38.6524 4.9 13
      vertex 36.2291 4.9 27
      vertex 38.6524 4.9 27
    endloop
  endfacet
  facet normal 0 1 0
    outer loop
      vertex 36.2291 4.9 27
      vertex 38.6524 4.9 13
      vertex 36.2291 4.9 13
    endloop
  endfacet
  facet normal -0.595747 -0.803172 0
    outer loop
      vertex 1.66671 34.9944 0
      vertex 1.90318 34.819 3
      vertex 1.66671 34.9944 3
    endloop
  endfacet
  facet normal -0.595747 -0.803172 -0
    outer loop
      vertex 1.90318 34.819 3
      vertex 1.66671 34.9944 0
      vertex 1.90318 34.819 0
    endloop
  endfacet
  facet normal 0.427347 -0.904088 0
    outer loop
      vertex -1.41419 35.1458 0
      vertex -1.14805 35.2716 3
      vertex -1.41419 35.1458 3
    endloop
  endfacet
  facet normal 0.427347 -0.904088 0
    outer loop
      vertex -1.14805 35.2716 3
      vertex -1.41419 35.1458 0
      vertex -1.14805 35.2716 0
    endloop
  endfacet
  facet normal 0.94151 -0.336986 0
    outer loop
      vertex -2.87082 33.3709 3
      vertex -2.77164 33.648 0
      vertex -2.77164 33.648 3
    endloop
  endfacet
  facet normal 0.94151 -0.336986 0
    outer loop
      vertex -2.77164 33.648 0
      vertex -2.87082 33.3709 3
      vertex -2.87082 33.3709 0
    endloop
  endfacet
  facet normal -0.90402 -0.427491 0
    outer loop
      vertex 2.77164 33.648 0
      vertex 2.64576 33.9142 3
      vertex 2.64576 33.9142 0
    endloop
  endfacet
  facet normal -0.90402 -0.427491 0
    outer loop
      vertex 2.64576 33.9142 3
      vertex 2.77164 33.648 0
      vertex 2.77164 33.648 3
    endloop
  endfacet
  facet normal -0.857718 -0.514121 0
    outer loop
      vertex 2.64576 33.9142 0
      vertex 2.49441 34.1667 3
      vertex 2.49441 34.1667 0
    endloop
  endfacet
  facet normal -0.857718 -0.514121 0
    outer loop
      vertex 2.49441 34.1667 3
      vertex 2.64576 33.9142 0
      vertex 2.64576 33.9142 3
    endloop
  endfacet
  facet normal -0.336942 -0.941525 0
    outer loop
      vertex 0.870853 35.3708 0
      vertex 1.14805 35.2716 3
      vertex 0.870853 35.3708 3
    endloop
  endfacet
  facet normal -0.336942 -0.941525 -0
    outer loop
      vertex 1.14805 35.2716 3
      vertex 0.870853 35.3708 0
      vertex 1.14805 35.2716 0
    endloop
  endfacet
  facet normal -0.0489125 -0.998803 0
    outer loop
      vertex 0 35.5 0
      vertex 0.294051 35.4856 3
      vertex 0 35.5 3
    endloop
  endfacet
  facet normal -0.0489125 -0.998803 -0
    outer loop
      vertex 0.294051 35.4856 3
      vertex 0 35.5 0
      vertex 0.294051 35.4856 0
    endloop
  endfacet
  facet normal 0.998795 -0.0490738 0
    outer loop
      vertex -3 32.5 3
      vertex -2.98555 32.7941 0
      vertex -2.98555 32.7941 3
    endloop
  endfacet
  facet normal 0.998795 -0.0490738 0
    outer loop
      vertex -2.98555 32.7941 0
      vertex -3 32.5 3
      vertex -3 32.5 0
    endloop
  endfacet
  facet normal 0.803241 -0.595655 0
    outer loop
      vertex -2.49441 34.1667 3
      vertex -2.31903 34.4032 0
      vertex -2.31903 34.4032 3
    endloop
  endfacet
  facet normal 0.803241 -0.595655 0
    outer loop
      vertex -2.31903 34.4032 0
      vertex -2.49441 34.1667 3
      vertex -2.49441 34.1667 0
    endloop
  endfacet
  facet normal 0.243189 -0.969979 0
    outer loop
      vertex -0.870853 35.3708 0
      vertex -0.585271 35.4424 3
      vertex -0.870853 35.3708 3
    endloop
  endfacet
  facet normal 0.243189 -0.969979 0
    outer loop
      vertex -0.585271 35.4424 3
      vertex -0.870853 35.3708 0
      vertex -0.585271 35.4424 0
    endloop
  endfacet
  facet normal -0.998795 0.0490738 0
    outer loop
      vertex 2.98555 32.2059 0
      vertex 3 32.5 3
      vertex 3 32.5 0
    endloop
  endfacet
  facet normal -0.998795 0.0490738 0
    outer loop
      vertex 3 32.5 3
      vertex 2.98555 32.2059 0
      vertex 2.98555 32.2059 3
    endloop
  endfacet
  facet normal -0.803241 0.595655 0
    outer loop
      vertex 2.31903 30.5968 0
      vertex 2.49441 30.8333 3
      vertex 2.49441 30.8333 0
    endloop
  endfacet
  facet normal -0.803241 0.595655 0
    outer loop
      vertex 2.49441 30.8333 3
      vertex 2.31903 30.5968 0
      vertex 2.31903 30.5968 3
    endloop
  endfacet
  facet normal 0.0489125 0.998803 -0
    outer loop
      vertex 0 29.5 0
      vertex -0.294051 29.5144 3
      vertex 0 29.5 3
    endloop
  endfacet
  facet normal 0.0489125 0.998803 0
    outer loop
      vertex -0.294051 29.5144 3
      vertex 0 29.5 0
      vertex -0.294051 29.5144 0
    endloop
  endfacet
  facet normal 0.595747 0.803172 -0
    outer loop
      vertex -1.66671 30.0056 0
      vertex -1.90318 30.181 3
      vertex -1.66671 30.0056 3
    endloop
  endfacet
  facet normal 0.595747 0.803172 0
    outer loop
      vertex -1.90318 30.181 3
      vertex -1.66671 30.0056 0
      vertex -1.90318 30.181 0
    endloop
  endfacet
  facet normal 0.903958 0.427622 0
    outer loop
      vertex -2.64576 31.0858 3
      vertex -2.77164 31.3519 0
      vertex -2.77164 31.3519 3
    endloop
  endfacet
  facet normal 0.903958 0.427622 0
    outer loop
      vertex -2.77164 31.3519 0
      vertex -2.64576 31.0858 3
      vertex -2.64576 31.0858 0
    endloop
  endfacet
  facet normal -0.989179 -0.146712 0
    outer loop
      vertex 2.98555 32.7941 0
      vertex 2.94236 33.0853 3
      vertex 2.94236 33.0853 0
    endloop
  endfacet
  facet normal -0.989179 -0.146712 0
    outer loop
      vertex 2.94236 33.0853 3
      vertex 2.98555 32.7941 0
      vertex 2.98555 32.7941 3
    endloop
  endfacet
  facet normal -0.970031 -0.242983 0
    outer loop
      vertex 2.94236 33.0853 0
      vertex 2.87082 33.3709 3
      vertex 2.87082 33.3709 0
    endloop
  endfacet
  facet normal -0.970031 -0.242983 0
    outer loop
      vertex 2.87082 33.3709 3
      vertex 2.94236 33.0853 0
      vertex 2.94236 33.0853 3
    endloop
  endfacet
  facet normal -0.94151 -0.336986 0
    outer loop
      vertex 2.87082 33.3709 0
      vertex 2.77164 33.648 3
      vertex 2.77164 33.648 0
    endloop
  endfacet
  facet normal -0.94151 -0.336986 0
    outer loop
      vertex 2.77164 33.648 3
      vertex 2.87082 33.3709 0
      vertex 2.87082 33.3709 3
    endloop
  endfacet
  facet normal -0.740891 -0.671625 0
    outer loop
      vertex 2.31903 34.4032 0
      vertex 2.12132 34.6213 3
      vertex 2.12132 34.6213 0
    endloop
  endfacet
  facet normal -0.740891 -0.671625 0
    outer loop
      vertex 2.12132 34.6213 3
      vertex 2.31903 34.4032 0
      vertex 2.31903 34.4032 3
    endloop
  endfacet
  facet normal -0.803241 -0.595655 0
    outer loop
      vertex 2.49441 34.1667 0
      vertex 2.31903 34.4032 3
      vertex 2.31903 34.4032 0
    endloop
  endfacet
  facet normal -0.803241 -0.595655 0
    outer loop
      vertex 2.31903 34.4032 3
      vertex 2.49441 34.1667 0
      vertex 2.49441 34.1667 3
    endloop
  endfacet
  facet normal -0.671539 -0.740969 0
    outer loop
      vertex 1.90318 34.819 0
      vertex 2.12132 34.6213 3
      vertex 1.90318 34.819 3
    endloop
  endfacet
  facet normal -0.671539 -0.740969 -0
    outer loop
      vertex 2.12132 34.6213 3
      vertex 1.90318 34.819 0
      vertex 2.12132 34.6213 0
    endloop
  endfacet
  facet normal -0.514216 -0.857661 0
    outer loop
      vertex 1.41419 35.1458 0
      vertex 1.66671 34.9944 3
      vertex 1.41419 35.1458 3
    endloop
  endfacet
  facet normal -0.514216 -0.857661 -0
    outer loop
      vertex 1.66671 34.9944 3
      vertex 1.41419 35.1458 0
      vertex 1.66671 34.9944 0
    endloop
  endfacet
  facet normal 0.0489125 -0.998803 0
    outer loop
      vertex -0.294051 35.4856 0
      vertex 0 35.5 3
      vertex -0.294051 35.4856 3
    endloop
  endfacet
  facet normal 0.0489125 -0.998803 0
    outer loop
      vertex 0 35.5 3
      vertex -0.294051 35.4856 0
      vertex 0 35.5 0
    endloop
  endfacet
  facet normal -0.427347 -0.904088 0
    outer loop
      vertex 1.14805 35.2716 0
      vertex 1.41419 35.1458 3
      vertex 1.14805 35.2716 3
    endloop
  endfacet
  facet normal -0.427347 -0.904088 -0
    outer loop
      vertex 1.41419 35.1458 3
      vertex 1.14805 35.2716 0
      vertex 1.41419 35.1458 0
    endloop
  endfacet
  facet normal -0.243189 -0.969979 0
    outer loop
      vertex 0.585271 35.4424 0
      vertex 0.870853 35.3708 3
      vertex 0.585271 35.4424 3
    endloop
  endfacet
  facet normal -0.243189 -0.969979 -0
    outer loop
      vertex 0.870853 35.3708 3
      vertex 0.585271 35.4424 0
      vertex 0.870853 35.3708 0
    endloop
  endfacet
  facet normal -0.146736 -0.989176 0
    outer loop
      vertex 0.294051 35.4856 0
      vertex 0.585271 35.4424 3
      vertex 0.294051 35.4856 3
    endloop
  endfacet
  facet normal -0.146736 -0.989176 -0
    outer loop
      vertex 0.585271 35.4424 3
      vertex 0.294051 35.4856 0
      vertex 0.585271 35.4424 0
    endloop
  endfacet
  facet normal 0.970031 -0.242983 0
    outer loop
      vertex -2.94236 33.0853 3
      vertex -2.87082 33.3709 0
      vertex -2.87082 33.3709 3
    endloop
  endfacet
  facet normal 0.970031 -0.242983 0
    outer loop
      vertex -2.87082 33.3709 0
      vertex -2.94236 33.0853 3
      vertex -2.94236 33.0853 0
    endloop
  endfacet
  facet normal 0.989179 -0.146712 0
    outer loop
      vertex -2.98555 32.7941 3
      vertex -2.94236 33.0853 0
      vertex -2.94236 33.0853 3
    endloop
  endfacet
  facet normal 0.989179 -0.146712 0
    outer loop
      vertex -2.94236 33.0853 0
      vertex -2.98555 32.7941 3
      vertex -2.98555 32.7941 0
    endloop
  endfacet
  facet normal 0.90402 -0.427491 0
    outer loop
      vertex -2.77164 33.648 3
      vertex -2.64576 33.9142 0
      vertex -2.64576 33.9142 3
    endloop
  endfacet
  facet normal 0.90402 -0.427491 0
    outer loop
      vertex -2.64576 33.9142 0
      vertex -2.77164 33.648 3
      vertex -2.77164 33.648 0
    endloop
  endfacet
  facet normal 0.857718 -0.514121 0
    outer loop
      vertex -2.64576 33.9142 3
      vertex -2.49441 34.1667 0
      vertex -2.49441 34.1667 3
    endloop
  endfacet
  facet normal 0.857718 -0.514121 0
    outer loop
      vertex -2.49441 34.1667 0
      vertex -2.64576 33.9142 3
      vertex -2.64576 33.9142 0
    endloop
  endfacet
  facet normal 0.336942 -0.941525 0
    outer loop
      vertex -1.14805 35.2716 0
      vertex -0.870853 35.3708 3
      vertex -1.14805 35.2716 3
    endloop
  endfacet
  facet normal 0.336942 -0.941525 0
    outer loop
      vertex -0.870853 35.3708 3
      vertex -1.14805 35.2716 0
      vertex -0.870853 35.3708 0
    endloop
  endfacet
  facet normal 0.146736 -0.989176 0
    outer loop
      vertex -0.585271 35.4424 0
      vertex -0.294051 35.4856 3
      vertex -0.585271 35.4424 3
    endloop
  endfacet
  facet normal 0.146736 -0.989176 0
    outer loop
      vertex -0.294051 35.4856 3
      vertex -0.585271 35.4424 0
      vertex -0.294051 35.4856 0
    endloop
  endfacet
  facet normal 0.595747 -0.803172 0
    outer loop
      vertex -1.90318 34.819 0
      vertex -1.66671 34.9944 3
      vertex -1.90318 34.819 3
    endloop
  endfacet
  facet normal 0.595747 -0.803172 0
    outer loop
      vertex -1.66671 34.9944 3
      vertex -1.90318 34.819 0
      vertex -1.66671 34.9944 0
    endloop
  endfacet
  facet normal 0.671539 -0.740969 0
    outer loop
      vertex -2.12132 34.6213 0
      vertex -1.90318 34.819 3
      vertex -2.12132 34.6213 3
    endloop
  endfacet
  facet normal 0.671539 -0.740969 0
    outer loop
      vertex -1.90318 34.819 3
      vertex -2.12132 34.6213 0
      vertex -1.90318 34.819 0
    endloop
  endfacet
  facet normal 0.514216 -0.857661 0
    outer loop
      vertex -1.66671 34.9944 0
      vertex -1.41419 35.1458 3
      vertex -1.66671 34.9944 3
    endloop
  endfacet
  facet normal 0.514216 -0.857661 0
    outer loop
      vertex -1.41419 35.1458 3
      vertex -1.66671 34.9944 0
      vertex -1.41419 35.1458 0
    endloop
  endfacet
  facet normal 0.740891 -0.671625 0
    outer loop
      vertex -2.31903 34.4032 3
      vertex -2.12132 34.6213 0
      vertex -2.12132 34.6213 3
    endloop
  endfacet
  facet normal 0.740891 -0.671625 0
    outer loop
      vertex -2.12132 34.6213 0
      vertex -2.31903 34.4032 3
      vertex -2.31903 34.4032 0
    endloop
  endfacet
  facet normal -0.998795 -0.0490738 0
    outer loop
      vertex 3 32.5 0
      vertex 2.98555 32.7941 3
      vertex 2.98555 32.7941 0
    endloop
  endfacet
  facet normal -0.998795 -0.0490738 0
    outer loop
      vertex 2.98555 32.7941 3
      vertex 3 32.5 0
      vertex 3 32.5 3
    endloop
  endfacet
  facet normal -0.146736 0.989176 0
    outer loop
      vertex 0.585271 29.5576 0
      vertex 0.294051 29.5144 3
      vertex 0.585271 29.5576 3
    endloop
  endfacet
  facet normal -0.146736 0.989176 0
    outer loop
      vertex 0.294051 29.5144 3
      vertex 0.585271 29.5576 0
      vertex 0.294051 29.5144 0
    endloop
  endfacet
  facet normal -0.336942 0.941525 0
    outer loop
      vertex 1.14805 29.7284 0
      vertex 0.870853 29.6292 3
      vertex 1.14805 29.7284 3
    endloop
  endfacet
  facet normal -0.336942 0.941525 0
    outer loop
      vertex 0.870853 29.6292 3
      vertex 1.14805 29.7284 0
      vertex 0.870853 29.6292 0
    endloop
  endfacet
  facet normal -0.671539 0.740969 0
    outer loop
      vertex 2.12132 30.3787 0
      vertex 1.90318 30.181 3
      vertex 2.12132 30.3787 3
    endloop
  endfacet
  facet normal -0.671539 0.740969 0
    outer loop
      vertex 1.90318 30.181 3
      vertex 2.12132 30.3787 0
      vertex 1.90318 30.181 0
    endloop
  endfacet
  facet normal -0.514216 0.857661 0
    outer loop
      vertex 1.66671 30.0056 0
      vertex 1.41419 29.8542 3
      vertex 1.66671 30.0056 3
    endloop
  endfacet
  facet normal -0.514216 0.857661 0
    outer loop
      vertex 1.41419 29.8542 3
      vertex 1.66671 30.0056 0
      vertex 1.41419 29.8542 0
    endloop
  endfacet
  facet normal -0.903958 0.427622 0
    outer loop
      vertex 2.64576 31.0858 0
      vertex 2.77164 31.3519 3
      vertex 2.77164 31.3519 0
    endloop
  endfacet
  facet normal -0.903958 0.427622 0
    outer loop
      vertex 2.77164 31.3519 3
      vertex 2.64576 31.0858 0
      vertex 2.64576 31.0858 3
    endloop
  endfacet
  facet normal 0.243189 0.969979 -0
    outer loop
      vertex -0.585271 29.5576 0
      vertex -0.870853 29.6292 3
      vertex -0.585271 29.5576 3
    endloop
  endfacet
  facet normal 0.243189 0.969979 0
    outer loop
      vertex -0.870853 29.6292 3
      vertex -0.585271 29.5576 0
      vertex -0.870853 29.6292 0
    endloop
  endfacet
  facet normal 0.427347 0.904088 -0
    outer loop
      vertex -1.14805 29.7284 0
      vertex -1.41419 29.8542 3
      vertex -1.14805 29.7284 3
    endloop
  endfacet
  facet normal 0.427347 0.904088 0
    outer loop
      vertex -1.41419 29.8542 3
      vertex -1.14805 29.7284 0
      vertex -1.41419 29.8542 0
    endloop
  endfacet
  facet normal 0.989179 0.146712 0
    outer loop
      vertex -2.94236 31.9147 3
      vertex -2.98555 32.2059 0
      vertex -2.98555 32.2059 3
    endloop
  endfacet
  facet normal 0.989179 0.146712 0
    outer loop
      vertex -2.98555 32.2059 0
      vertex -2.94236 31.9147 3
      vertex -2.94236 31.9147 0
    endloop
  endfacet
  facet normal 0.941548 0.336879 0
    outer loop
      vertex -2.77164 31.3519 3
      vertex -2.87082 31.6291 0
      vertex -2.87082 31.6291 3
    endloop
  endfacet
  facet normal 0.941548 0.336879 0
    outer loop
      vertex -2.87082 31.6291 0
      vertex -2.77164 31.3519 3
      vertex -2.77164 31.3519 0
    endloop
  endfacet
  facet normal 0.740891 0.671625 0
    outer loop
      vertex -2.12132 30.3787 3
      vertex -2.31903 30.5968 0
      vertex -2.31903 30.5968 3
    endloop
  endfacet
  facet normal 0.740891 0.671625 0
    outer loop
      vertex -2.31903 30.5968 0
      vertex -2.12132 30.3787 3
      vertex -2.12132 30.3787 0
    endloop
  endfacet
  facet normal 0.857718 0.514121 0
    outer loop
      vertex -2.49441 30.8333 3
      vertex -2.64576 31.0858 0
      vertex -2.64576 31.0858 3
    endloop
  endfacet
  facet normal 0.857718 0.514121 0
    outer loop
      vertex -2.64576 31.0858 0
      vertex -2.49441 30.8333 3
      vertex -2.49441 30.8333 0
    endloop
  endfacet
  facet normal 0.998795 0.0490738 0
    outer loop
      vertex -2.98555 32.2059 3
      vertex -3 32.5 0
      vertex -3 32.5 3
    endloop
  endfacet
  facet normal 0.998795 0.0490738 0
    outer loop
      vertex -3 32.5 0
      vertex -2.98555 32.2059 3
      vertex -2.98555 32.2059 0
    endloop
  endfacet
  facet normal -0.989179 0.146712 0
    outer loop
      vertex 2.94236 31.9147 0
      vertex 2.98555 32.2059 3
      vertex 2.98555 32.2059 0
    endloop
  endfacet
  facet normal -0.989179 0.146712 0
    outer loop
      vertex 2.98555 32.2059 3
      vertex 2.94236 31.9147 0
      vertex 2.94236 31.9147 3
    endloop
  endfacet
  facet normal -0.970031 0.242983 0
    outer loop
      vertex 2.87082 31.6291 0
      vertex 2.94236 31.9147 3
      vertex 2.94236 31.9147 0
    endloop
  endfacet
  facet normal -0.970031 0.242983 0
    outer loop
      vertex 2.94236 31.9147 3
      vertex 2.87082 31.6291 0
      vertex 2.87082 31.6291 3
    endloop
  endfacet
  facet normal -0.243189 0.969979 0
    outer loop
      vertex 0.870853 29.6292 0
      vertex 0.585271 29.5576 3
      vertex 0.870853 29.6292 3
    endloop
  endfacet
  facet normal -0.243189 0.969979 0
    outer loop
      vertex 0.585271 29.5576 3
      vertex 0.870853 29.6292 0
      vertex 0.585271 29.5576 0
    endloop
  endfacet
  facet normal -0.427347 0.904088 0
    outer loop
      vertex 1.41419 29.8542 0
      vertex 1.14805 29.7284 3
      vertex 1.41419 29.8542 3
    endloop
  endfacet
  facet normal -0.427347 0.904088 0
    outer loop
      vertex 1.14805 29.7284 3
      vertex 1.41419 29.8542 0
      vertex 1.14805 29.7284 0
    endloop
  endfacet
  facet normal -0.740891 0.671625 0
    outer loop
      vertex 2.12132 30.3787 0
      vertex 2.31903 30.5968 3
      vertex 2.31903 30.5968 0
    endloop
  endfacet
  facet normal -0.740891 0.671625 0
    outer loop
      vertex 2.31903 30.5968 3
      vertex 2.12132 30.3787 0
      vertex 2.12132 30.3787 3
    endloop
  endfacet
  facet normal -0.595747 0.803172 0
    outer loop
      vertex 1.90318 30.181 0
      vertex 1.66671 30.0056 3
      vertex 1.90318 30.181 3
    endloop
  endfacet
  facet normal -0.595747 0.803172 0
    outer loop
      vertex 1.66671 30.0056 3
      vertex 1.90318 30.181 0
      vertex 1.66671 30.0056 0
    endloop
  endfacet
  facet normal -0.941548 0.336879 0
    outer loop
      vertex 2.77164 31.3519 0
      vertex 2.87082 31.6291 3
      vertex 2.87082 31.6291 0
    endloop
  endfacet
  facet normal -0.941548 0.336879 0
    outer loop
      vertex 2.87082 31.6291 3
      vertex 2.77164 31.3519 0
      vertex 2.77164 31.3519 3
    endloop
  endfacet
  facet normal -0.857718 0.514121 0
    outer loop
      vertex 2.49441 30.8333 0
      vertex 2.64576 31.0858 3
      vertex 2.64576 31.0858 0
    endloop
  endfacet
  facet normal -0.857718 0.514121 0
    outer loop
      vertex 2.64576 31.0858 3
      vertex 2.49441 30.8333 0
      vertex 2.49441 30.8333 3
    endloop
  endfacet
  facet normal -0.0489125 0.998803 0
    outer loop
      vertex 0.294051 29.5144 0
      vertex 0 29.5 3
      vertex 0.294051 29.5144 3
    endloop
  endfacet
  facet normal -0.0489125 0.998803 0
    outer loop
      vertex 0 29.5 3
      vertex 0.294051 29.5144 0
      vertex 0 29.5 0
    endloop
  endfacet
  facet normal 0.146736 0.989176 -0
    outer loop
      vertex -0.294051 29.5144 0
      vertex -0.585271 29.5576 3
      vertex -0.294051 29.5144 3
    endloop
  endfacet
  facet normal 0.146736 0.989176 0
    outer loop
      vertex -0.585271 29.5576 3
      vertex -0.294051 29.5144 0
      vertex -0.585271 29.5576 0
    endloop
  endfacet
  facet normal 0.336942 0.941525 -0
    outer loop
      vertex -0.870853 29.6292 0
      vertex -1.14805 29.7284 3
      vertex -0.870853 29.6292 3
    endloop
  endfacet
  facet normal 0.336942 0.941525 0
    outer loop
      vertex -1.14805 29.7284 3
      vertex -0.870853 29.6292 0
      vertex -1.14805 29.7284 0
    endloop
  endfacet
  facet normal 0.514216 0.857661 -0
    outer loop
      vertex -1.41419 29.8542 0
      vertex -1.66671 30.0056 3
      vertex -1.41419 29.8542 3
    endloop
  endfacet
  facet normal 0.514216 0.857661 0
    outer loop
      vertex -1.66671 30.0056 3
      vertex -1.41419 29.8542 0
      vertex -1.66671 30.0056 0
    endloop
  endfacet
  facet normal 0.970031 0.242983 0
    outer loop
      vertex -2.87082 31.6291 3
      vertex -2.94236 31.9147 0
      vertex -2.94236 31.9147 3
    endloop
  endfacet
  facet normal 0.970031 0.242983 0
    outer loop
      vertex -2.94236 31.9147 0
      vertex -2.87082 31.6291 3
      vertex -2.87082 31.6291 0
    endloop
  endfacet
  facet normal 0.803241 0.595655 0
    outer loop
      vertex -2.31903 30.5968 3
      vertex -2.49441 30.8333 0
      vertex -2.49441 30.8333 3
    endloop
  endfacet
  facet normal 0.803241 0.595655 0
    outer loop
      vertex -2.49441 30.8333 0
      vertex -2.31903 30.5968 3
      vertex -2.31903 30.5968 0
    endloop
  endfacet
  facet normal 0.671539 0.740969 -0
    outer loop
      vertex -1.90318 30.181 0
      vertex -2.12132 30.3787 3
      vertex -1.90318 30.181 3
    endloop
  endfacet
  facet normal 0.671539 0.740969 0
    outer loop
      vertex -2.12132 30.3787 3
      vertex -1.90318 30.181 0
      vertex -2.12132 30.3787 0
    endloop
  endfacet
  facet normal -0 0 1
    outer loop
      vertex -38.8122 3.82267 22.5
      vertex -36.4238 3.58743 22.5
      vertex -38.4151 6.5 22.5
    endloop
  endfacet
  facet normal -0 0 1
    outer loop
      vertex -38.4151 6.5 22.5
      vertex -36.4238 3.58743 22.5
      vertex -35.9917 6.5 22.5
    endloop
  endfacet
  facet normal 0 0 1
    outer loop
      vertex -36.4238 3.58743 22.5
      vertex -38.8122 3.82267 22.5
      vertex -36.6 0 22.5
    endloop
  endfacet
  facet normal 0 0 1
    outer loop
      vertex -39 0 22.5
      vertex -36.6 0 22.5
      vertex -38.8122 3.82267 22.5
    endloop
  endfacet
  facet normal 0 0 1
    outer loop
      vertex -36.6 0 22.5
      vertex -39 0 22.5
      vertex -36.4238 -3.58743 22.5
    endloop
  endfacet
  facet normal 0 -0 1
    outer loop
      vertex -38.8122 -3.82267 22.5
      vertex -36.4238 -3.58743 22.5
      vertex -39 0 22.5
    endloop
  endfacet
  facet normal 0 -0 1
    outer loop
      vertex -38.4151 -6.5 22.5
      vertex -36.4238 -3.58743 22.5
      vertex -38.8122 -3.82267 22.5
    endloop
  endfacet
  facet normal 0 0 1
    outer loop
      vertex -36.4238 -3.58743 22.5
      vertex -38.4151 -6.5 22.5
      vertex -35.9917 -6.5 22.5
    endloop
  endfacet
  facet normal 0 -1 0
    outer loop
      vertex -38.4151 6.5 22.5
      vertex -35.9917 6.5 34
      vertex -38.4151 6.5 34
    endloop
  endfacet
  facet normal 0 -1 -0
    outer loop
      vertex -35.9917 6.5 34
      vertex -38.4151 6.5 22.5
      vertex -35.9917 6.5 22.5
    endloop
  endfacet
  facet normal 0 1 -0
    outer loop
      vertex -35.9917 -6.5 22.5
      vertex -38.4151 -6.5 34
      vertex -35.9917 -6.5 34
    endloop
  endfacet
  facet normal 0 1 0
    outer loop
      vertex -38.4151 -6.5 34
      vertex -35.9917 -6.5 22.5
      vertex -38.4151 -6.5 22.5
    endloop
  endfacet
endsolid OpenSCAD_Model
