solid OpenSCAD_Model
  facet normal -0.671702 -0.740822 0
    outer loop
      vertex 24.6651 24.8245 0
      vertex 24.7487 24.7487 2.5
      vertex 24.6651 24.8245 2.5
    endloop
  endfacet
  facet normal -0.671702 -0.740822 -0
    outer loop
      vertex 24.7487 24.7487 2.5
      vertex 24.6651 24.8245 0
      vertex 24.7487 24.7487 0
    endloop
  endfacet
  facet normal 0.740822 -0.671702 0
    outer loop
      vertex 23.0466 24.6651 2.5
      vertex 23.1224 24.7487 0
      vertex 23.1224 24.7487 2.5
    endloop
  endfacet
  facet normal 0.740822 -0.671702 0
    outer loop
      vertex 23.1224 24.7487 0
      vertex 23.0466 24.6651 2.5
      vertex 23.0466 24.6651 0
    endloop
  endfacet
  facet normal -0.740822 0.671702 0
    outer loop
      vertex 24.7487 23.1224 0
      vertex 24.8245 23.206 2.5
      vertex 24.8245 23.206 0
    endloop
  endfacet
  facet normal -0.740822 0.671702 0
    outer loop
      vertex 24.8245 23.206 2.5
      vertex 24.7487 23.1224 0
      vertex 24.7487 23.1224 2.5
    endloop
  endfacet
  facet normal 0.0495843 -0.99877 0
    outer loop
      vertex 23.8228 25.08 0
      vertex 23.9356 25.0856 2.5
      vertex 23.8228 25.08 2.5
    endloop
  endfacet
  facet normal 0.0495843 -0.99877 0
    outer loop
      vertex 23.9356 25.0856 2.5
      vertex 23.8228 25.08 0
      vertex 23.9356 25.0856 0
    endloop
  endfacet
  facet normal 0.998813 0.048701 0
    outer loop
      vertex 22.7911 23.8228 2.5
      vertex 22.7856 23.9356 0
      vertex 22.7856 23.9356 2.5
    endloop
  endfacet
  facet normal 0.998813 0.048701 0
    outer loop
      vertex 22.7856 23.9356 0
      vertex 22.7911 23.8228 2.5
      vertex 22.7911 23.8228 0
    endloop
  endfacet
  facet normal 0.941642 -0.336617 0
    outer loop
      vertex 22.8351 24.2694 2.5
      vertex 22.8731 24.3757 0
      vertex 22.8731 24.3757 2.5
    endloop
  endfacet
  facet normal 0.941642 -0.336617 0
    outer loop
      vertex 22.8731 24.3757 0
      vertex 22.8351 24.2694 2.5
      vertex 22.8351 24.2694 0
    endloop
  endfacet
  facet normal -0.969881 -0.243578 0
    outer loop
      vertex 25.0635 24.1599 0
      vertex 25.036 24.2694 2.5
      vertex 25.036 24.2694 0
    endloop
  endfacet
  facet normal -0.969881 -0.243578 0
    outer loop
      vertex 25.036 24.2694 2.5
      vertex 25.0635 24.1599 0
      vertex 25.0635 24.1599 2.5
    endloop
  endfacet
  facet normal -0.336617 -0.941642 0
    outer loop
      vertex 24.2694 25.036 0
      vertex 24.3757 24.998 2.5
      vertex 24.2694 25.036 2.5
    endloop
  endfacet
  facet normal -0.336617 -0.941642 -0
    outer loop
      vertex 24.3757 24.998 2.5
      vertex 24.2694 25.036 0
      vertex 24.3757 24.998 0
    endloop
  endfacet
  facet normal 0.427248 -0.904135 0
    outer loop
      vertex 23.3935 24.9498 0
      vertex 23.4955 24.998 2.5
      vertex 23.3935 24.9498 2.5
    endloop
  endfacet
  facet normal 0.427248 -0.904135 0
    outer loop
      vertex 23.4955 24.998 2.5
      vertex 23.3935 24.9498 0
      vertex 23.4955 24.998 0
    endloop
  endfacet
  facet normal 0.243578 -0.969881 0
    outer loop
      vertex 23.6017 25.036 0
      vertex 23.7112 25.0635 2.5
      vertex 23.6017 25.036 2.5
    endloop
  endfacet
  facet normal 0.243578 -0.969881 0
    outer loop
      vertex 23.7112 25.0635 2.5
      vertex 23.6017 25.036 0
      vertex 23.7112 25.0635 0
    endloop
  endfacet
  facet normal 0.857806 -0.513974 0
    outer loop
      vertex 22.9214 24.4777 2.5
      vertex 22.9794 24.5745 0
      vertex 22.9794 24.5745 2.5
    endloop
  endfacet
  facet normal 0.857806 -0.513974 0
    outer loop
      vertex 22.9794 24.5745 0
      vertex 22.9214 24.4777 2.5
      vertex 22.9214 24.4777 0
    endloop
  endfacet
  facet normal -0.802756 -0.596308 0
    outer loop
      vertex 24.8918 24.5745 0
      vertex 24.8245 24.6651 2.5
      vertex 24.8245 24.6651 0
    endloop
  endfacet
  facet normal -0.802756 -0.596308 0
    outer loop
      vertex 24.8245 24.6651 2.5
      vertex 24.8918 24.5745 0
      vertex 24.8918 24.5745 2.5
    endloop
  endfacet
  facet normal -0.904135 0.427248 0
    outer loop
      vertex 24.9498 23.3935 0
      vertex 24.998 23.4955 2.5
      vertex 24.998 23.4955 0
    endloop
  endfacet
  facet normal -0.904135 0.427248 0
    outer loop
      vertex 24.998 23.4955 2.5
      vertex 24.9498 23.3935 0
      vertex 24.9498 23.3935 2.5
    endloop
  endfacet
  facet normal -0.513974 -0.857806 0
    outer loop
      vertex 24.4777 24.9498 0
      vertex 24.5745 24.8918 2.5
      vertex 24.4777 24.9498 2.5
    endloop
  endfacet
  facet normal -0.513974 -0.857806 -0
    outer loop
      vertex 24.5745 24.8918 2.5
      vertex 24.4777 24.9498 0
      vertex 24.5745 24.8918 0
    endloop
  endfacet
  facet normal -0.596308 -0.802756 0
    outer loop
      vertex 24.5745 24.8918 0
      vertex 24.6651 24.8245 2.5
      vertex 24.5745 24.8918 2.5
    endloop
  endfacet
  facet normal -0.596308 -0.802756 -0
    outer loop
      vertex 24.6651 24.8245 2.5
      vertex 24.5745 24.8918 0
      vertex 24.6651 24.8245 0
    endloop
  endfacet
  facet normal -0.427248 -0.904135 0
    outer loop
      vertex 24.3757 24.998 0
      vertex 24.4777 24.9498 2.5
      vertex 24.3757 24.998 2.5
    endloop
  endfacet
  facet normal -0.427248 -0.904135 -0
    outer loop
      vertex 24.4777 24.9498 2.5
      vertex 24.3757 24.998 0
      vertex 24.4777 24.9498 0
    endloop
  endfacet
  facet normal -0.14626 -0.989246 0
    outer loop
      vertex 24.0483 25.08 0
      vertex 24.1599 25.0635 2.5
      vertex 24.0483 25.08 2.5
    endloop
  endfacet
  facet normal -0.14626 -0.989246 -0
    outer loop
      vertex 24.1599 25.0635 2.5
      vertex 24.0483 25.08 0
      vertex 24.1599 25.0635 0
    endloop
  endfacet
  facet normal -0.0496282 -0.998768 0
    outer loop
      vertex 23.9356 25.0856 0
      vertex 24.0483 25.08 2.5
      vertex 23.9356 25.0856 2.5
    endloop
  endfacet
  facet normal -0.0496282 -0.998768 -0
    outer loop
      vertex 24.0483 25.08 2.5
      vertex 23.9356 25.0856 0
      vertex 24.0483 25.08 0
    endloop
  endfacet
  facet normal -0.243578 -0.969881 0
    outer loop
      vertex 24.1599 25.0635 0
      vertex 24.2694 25.036 2.5
      vertex 24.1599 25.0635 2.5
    endloop
  endfacet
  facet normal -0.243578 -0.969881 -0
    outer loop
      vertex 24.2694 25.036 2.5
      vertex 24.1599 25.0635 0
      vertex 24.2694 25.036 0
    endloop
  endfacet
  facet normal 0.595884 -0.803071 0
    outer loop
      vertex 23.206 24.8245 0
      vertex 23.2967 24.8918 2.5
      vertex 23.206 24.8245 2.5
    endloop
  endfacet
  facet normal 0.595884 -0.803071 0
    outer loop
      vertex 23.2967 24.8918 2.5
      vertex 23.206 24.8245 0
      vertex 23.2967 24.8918 0
    endloop
  endfacet
  facet normal 0.513974 -0.857806 0
    outer loop
      vertex 23.2967 24.8918 0
      vertex 23.3935 24.9498 2.5
      vertex 23.2967 24.8918 2.5
    endloop
  endfacet
  facet normal 0.513974 -0.857806 0
    outer loop
      vertex 23.3935 24.9498 2.5
      vertex 23.2967 24.8918 0
      vertex 23.3935 24.9498 0
    endloop
  endfacet
  facet normal 0.671702 -0.740822 0
    outer loop
      vertex 23.1224 24.7487 0
      vertex 23.206 24.8245 2.5
      vertex 23.1224 24.7487 2.5
    endloop
  endfacet
  facet normal 0.671702 -0.740822 0
    outer loop
      vertex 23.206 24.8245 2.5
      vertex 23.1224 24.7487 0
      vertex 23.206 24.8245 0
    endloop
  endfacet
  facet normal 0.336898 -0.941541 0
    outer loop
      vertex 23.4955 24.998 0
      vertex 23.6017 25.036 2.5
      vertex 23.4955 24.998 2.5
    endloop
  endfacet
  facet normal 0.336898 -0.941541 0
    outer loop
      vertex 23.6017 25.036 2.5
      vertex 23.4955 24.998 0
      vertex 23.6017 25.036 0
    endloop
  endfacet
  facet normal 0.14626 -0.989246 0
    outer loop
      vertex 23.7112 25.0635 0
      vertex 23.8228 25.08 2.5
      vertex 23.7112 25.0635 2.5
    endloop
  endfacet
  facet normal 0.14626 -0.989246 0
    outer loop
      vertex 23.8228 25.08 2.5
      vertex 23.7112 25.0635 0
      vertex 23.8228 25.08 0
    endloop
  endfacet
  facet normal 0.989118 0.147127 0
    outer loop
      vertex 22.8077 23.7112 2.5
      vertex 22.7911 23.8228 0
      vertex 22.7911 23.8228 2.5
    endloop
  endfacet
  facet normal 0.989118 0.147127 0
    outer loop
      vertex 22.7911 23.8228 0
      vertex 22.8077 23.7112 2.5
      vertex 22.8077 23.7112 0
    endloop
  endfacet
  facet normal 0.941541 0.336898 0
    outer loop
      vertex 22.8731 23.4955 2.5
      vertex 22.8351 23.6017 0
      vertex 22.8351 23.6017 2.5
    endloop
  endfacet
  facet normal 0.941541 0.336898 0
    outer loop
      vertex 22.8351 23.6017 0
      vertex 22.8731 23.4955 2.5
      vertex 22.8731 23.4955 0
    endloop
  endfacet
  facet normal 0.857806 0.513974 0
    outer loop
      vertex 22.9794 23.2967 2.5
      vertex 22.9214 23.3935 0
      vertex 22.9214 23.3935 2.5
    endloop
  endfacet
  facet normal 0.857806 0.513974 0
    outer loop
      vertex 22.9214 23.3935 0
      vertex 22.9794 23.2967 2.5
      vertex 22.9794 23.2967 0
    endloop
  endfacet
  facet normal 0.740822 0.671702 0
    outer loop
      vertex 23.1224 23.1224 2.5
      vertex 23.0466 23.206 0
      vertex 23.0466 23.206 2.5
    endloop
  endfacet
  facet normal 0.740822 0.671702 0
    outer loop
      vertex 23.0466 23.206 0
      vertex 23.1224 23.1224 2.5
      vertex 23.1224 23.1224 0
    endloop
  endfacet
  facet normal 0.989118 -0.147127 0
    outer loop
      vertex 22.7911 24.0483 2.5
      vertex 22.8077 24.1599 0
      vertex 22.8077 24.1599 2.5
    endloop
  endfacet
  facet normal 0.989118 -0.147127 0
    outer loop
      vertex 22.8077 24.1599 0
      vertex 22.7911 24.0483 2.5
      vertex 22.7911 24.0483 0
    endloop
  endfacet
  facet normal 0.97009 -0.242744 0
    outer loop
      vertex 22.8077 24.1599 2.5
      vertex 22.8351 24.2694 0
      vertex 22.8351 24.2694 2.5
    endloop
  endfacet
  facet normal 0.97009 -0.242744 0
    outer loop
      vertex 22.8351 24.2694 0
      vertex 22.8077 24.1599 2.5
      vertex 22.8077 24.1599 0
    endloop
  endfacet
  facet normal 0.998811 -0.0487441 0
    outer loop
      vertex 22.7856 23.9356 2.5
      vertex 22.7911 24.0483 0
      vertex 22.7911 24.0483 2.5
    endloop
  endfacet
  facet normal 0.998811 -0.0487441 0
    outer loop
      vertex 22.7911 24.0483 0
      vertex 22.7856 23.9356 2.5
      vertex 22.7856 23.9356 0
    endloop
  endfacet
  facet normal 0.903792 -0.427972 0
    outer loop
      vertex 22.8731 24.3757 2.5
      vertex 22.9214 24.4777 0
      vertex 22.9214 24.4777 2.5
    endloop
  endfacet
  facet normal 0.903792 -0.427972 0
    outer loop
      vertex 22.9214 24.4777 0
      vertex 22.8731 24.3757 2.5
      vertex 22.8731 24.3757 0
    endloop
  endfacet
  facet normal 0.80318 -0.595736 0
    outer loop
      vertex 22.9794 24.5745 2.5
      vertex 23.0466 24.6651 0
      vertex 23.0466 24.6651 2.5
    endloop
  endfacet
  facet normal 0.80318 -0.595736 0
    outer loop
      vertex 23.0466 24.6651 0
      vertex 22.9794 24.5745 2.5
      vertex 22.9794 24.5745 0
    endloop
  endfacet
  facet normal -0.740822 -0.671702 0
    outer loop
      vertex 24.8245 24.6651 0
      vertex 24.7487 24.7487 2.5
      vertex 24.7487 24.7487 0
    endloop
  endfacet
  facet normal -0.740822 -0.671702 0
    outer loop
      vertex 24.7487 24.7487 2.5
      vertex 24.8245 24.6651 0
      vertex 24.8245 24.6651 2.5
    endloop
  endfacet
  facet normal -0.998768 -0.0496282 0
    outer loop
      vertex 25.0856 23.9356 0
      vertex 25.08 24.0483 2.5
      vertex 25.08 24.0483 0
    endloop
  endfacet
  facet normal -0.998768 -0.0496282 0
    outer loop
      vertex 25.08 24.0483 2.5
      vertex 25.0856 23.9356 0
      vertex 25.0856 23.9356 2.5
    endloop
  endfacet
  facet normal -0.904135 -0.427248 0
    outer loop
      vertex 24.998 24.3757 0
      vertex 24.9498 24.4777 2.5
      vertex 24.9498 24.4777 0
    endloop
  endfacet
  facet normal -0.904135 -0.427248 0
    outer loop
      vertex 24.9498 24.4777 2.5
      vertex 24.998 24.3757 0
      vertex 24.998 24.3757 2.5
    endloop
  endfacet
  facet normal -0.147127 0.989118 0
    outer loop
      vertex 24.1599 22.8077 0
      vertex 24.0483 22.7911 2.5
      vertex 24.1599 22.8077 2.5
    endloop
  endfacet
  facet normal -0.147127 0.989118 0
    outer loop
      vertex 24.0483 22.7911 2.5
      vertex 24.1599 22.8077 0
      vertex 24.0483 22.7911 0
    endloop
  endfacet
  facet normal 0.242744 0.97009 -0
    outer loop
      vertex 23.7112 22.8077 0
      vertex 23.6017 22.8351 2.5
      vertex 23.7112 22.8077 2.5
    endloop
  endfacet
  facet normal 0.242744 0.97009 0
    outer loop
      vertex 23.6017 22.8351 2.5
      vertex 23.7112 22.8077 0
      vertex 23.6017 22.8351 0
    endloop
  endfacet
  facet normal 0.048701 0.998813 -0
    outer loop
      vertex 23.9356 22.7856 0
      vertex 23.8228 22.7911 2.5
      vertex 23.9356 22.7856 2.5
    endloop
  endfacet
  facet normal 0.048701 0.998813 0
    outer loop
      vertex 23.8228 22.7911 2.5
      vertex 23.9356 22.7856 0
      vertex 23.8228 22.7911 0
    endloop
  endfacet
  facet normal 0.97009 0.242744 0
    outer loop
      vertex 22.8351 23.6017 2.5
      vertex 22.8077 23.7112 0
      vertex 22.8077 23.7112 2.5
    endloop
  endfacet
  facet normal 0.97009 0.242744 0
    outer loop
      vertex 22.8077 23.7112 0
      vertex 22.8351 23.6017 2.5
      vertex 22.8351 23.6017 0
    endloop
  endfacet
  facet normal 0.903792 0.427972 0
    outer loop
      vertex 22.9214 23.3935 2.5
      vertex 22.8731 23.4955 0
      vertex 22.8731 23.4955 2.5
    endloop
  endfacet
  facet normal 0.903792 0.427972 0
    outer loop
      vertex 22.8731 23.4955 0
      vertex 22.9214 23.3935 2.5
      vertex 22.9214 23.3935 0
    endloop
  endfacet
  facet normal 0.803494 0.595312 0
    outer loop
      vertex 23.0466 23.206 2.5
      vertex 22.9794 23.2967 0
      vertex 22.9794 23.2967 2.5
    endloop
  endfacet
  facet normal 0.803494 0.595312 0
    outer loop
      vertex 22.9794 23.2967 0
      vertex 23.0466 23.206 2.5
      vertex 23.0466 23.206 0
    endloop
  endfacet
  facet normal 0.671702 0.740822 -0
    outer loop
      vertex 23.206 23.0466 0
      vertex 23.1224 23.1224 2.5
      vertex 23.206 23.0466 2.5
    endloop
  endfacet
  facet normal 0.671702 0.740822 0
    outer loop
      vertex 23.1224 23.1224 2.5
      vertex 23.206 23.0466 0
      vertex 23.1224 23.1224 0
    endloop
  endfacet
  facet normal -0.857806 -0.513974 0
    outer loop
      vertex 24.9498 24.4777 0
      vertex 24.8918 24.5745 2.5
      vertex 24.8918 24.5745 0
    endloop
  endfacet
  facet normal -0.857806 -0.513974 0
    outer loop
      vertex 24.8918 24.5745 2.5
      vertex 24.9498 24.4777 0
      vertex 24.9498 24.4777 2.5
    endloop
  endfacet
  facet normal -0.969881 0.243578 0
    outer loop
      vertex 25.036 23.6017 0
      vertex 25.0635 23.7112 2.5
      vertex 25.0635 23.7112 0
    endloop
  endfacet
  facet normal -0.969881 0.243578 0
    outer loop
      vertex 25.0635 23.7112 2.5
      vertex 25.036 23.6017 0
      vertex 25.036 23.6017 2.5
    endloop
  endfacet
  facet normal -0.99877 0.0495843 0
    outer loop
      vertex 25.08 23.8228 0
      vertex 25.0856 23.9356 2.5
      vertex 25.0856 23.9356 0
    endloop
  endfacet
  facet normal -0.99877 0.0495843 0
    outer loop
      vertex 25.0856 23.9356 2.5
      vertex 25.08 23.8228 0
      vertex 25.08 23.8228 2.5
    endloop
  endfacet
  facet normal -0.941642 -0.336617 0
    outer loop
      vertex 25.036 24.2694 0
      vertex 24.998 24.3757 2.5
      vertex 24.998 24.3757 0
    endloop
  endfacet
  facet normal -0.941642 -0.336617 0
    outer loop
      vertex 24.998 24.3757 2.5
      vertex 25.036 24.2694 0
      vertex 25.036 24.2694 2.5
    endloop
  endfacet
  facet normal -0.989246 -0.14626 0
    outer loop
      vertex 25.08 24.0483 0
      vertex 25.0635 24.1599 2.5
      vertex 25.0635 24.1599 0
    endloop
  endfacet
  facet normal -0.989246 -0.14626 0
    outer loop
      vertex 25.0635 24.1599 2.5
      vertex 25.08 24.0483 0
      vertex 25.08 24.0483 2.5
    endloop
  endfacet
  facet normal -0.0487441 0.998811 0
    outer loop
      vertex 24.0483 22.7911 0
      vertex 23.9356 22.7856 2.5
      vertex 24.0483 22.7911 2.5
    endloop
  endfacet
  facet normal -0.0487441 0.998811 0
    outer loop
      vertex 23.9356 22.7856 2.5
      vertex 24.0483 22.7911 0
      vertex 23.9356 22.7856 0
    endloop
  endfacet
  facet normal 0.427972 0.903792 -0
    outer loop
      vertex 23.4955 22.8731 0
      vertex 23.3935 22.9214 2.5
      vertex 23.4955 22.8731 2.5
    endloop
  endfacet
  facet normal 0.427972 0.903792 0
    outer loop
      vertex 23.3935 22.9214 2.5
      vertex 23.4955 22.8731 0
      vertex 23.3935 22.9214 0
    endloop
  endfacet
  facet normal -0.941541 0.336898 0
    outer loop
      vertex 24.998 23.4955 0
      vertex 25.036 23.6017 2.5
      vertex 25.036 23.6017 0
    endloop
  endfacet
  facet normal -0.941541 0.336898 0
    outer loop
      vertex 25.036 23.6017 2.5
      vertex 24.998 23.4955 0
      vertex 24.998 23.4955 2.5
    endloop
  endfacet
  facet normal -0.671702 0.740822 0
    outer loop
      vertex 24.7487 23.1224 0
      vertex 24.6651 23.0466 2.5
      vertex 24.7487 23.1224 2.5
    endloop
  endfacet
  facet normal -0.671702 0.740822 0
    outer loop
      vertex 24.6651 23.0466 2.5
      vertex 24.7487 23.1224 0
      vertex 24.6651 23.0466 0
    endloop
  endfacet
  facet normal -0.427972 0.903792 0
    outer loop
      vertex 24.4777 22.9214 0
      vertex 24.3757 22.8731 2.5
      vertex 24.4777 22.9214 2.5
    endloop
  endfacet
  facet normal -0.427972 0.903792 0
    outer loop
      vertex 24.3757 22.8731 2.5
      vertex 24.4777 22.9214 0
      vertex 24.3757 22.8731 0
    endloop
  endfacet
  facet normal 0.147127 0.989118 -0
    outer loop
      vertex 23.8228 22.7911 0
      vertex 23.7112 22.8077 2.5
      vertex 23.8228 22.7911 2.5
    endloop
  endfacet
  facet normal 0.147127 0.989118 0
    outer loop
      vertex 23.7112 22.8077 2.5
      vertex 23.8228 22.7911 0
      vertex 23.7112 22.8077 0
    endloop
  endfacet
  facet normal 0.336898 0.941541 -0
    outer loop
      vertex 23.6017 22.8351 0
      vertex 23.4955 22.8731 2.5
      vertex 23.6017 22.8351 2.5
    endloop
  endfacet
  facet normal 0.336898 0.941541 0
    outer loop
      vertex 23.4955 22.8731 2.5
      vertex 23.6017 22.8351 0
      vertex 23.4955 22.8731 0
    endloop
  endfacet
  facet normal 0.513974 0.857806 -0
    outer loop
      vertex 23.3935 22.9214 0
      vertex 23.2967 22.9794 2.5
      vertex 23.3935 22.9214 2.5
    endloop
  endfacet
  facet normal 0.513974 0.857806 0
    outer loop
      vertex 23.2967 22.9794 2.5
      vertex 23.3935 22.9214 0
      vertex 23.2967 22.9794 0
    endloop
  endfacet
  facet normal 0.595312 0.803494 -0
    outer loop
      vertex 23.2967 22.9794 0
      vertex 23.206 23.0466 2.5
      vertex 23.2967 22.9794 2.5
    endloop
  endfacet
  facet normal 0.595312 0.803494 0
    outer loop
      vertex 23.206 23.0466 2.5
      vertex 23.2967 22.9794 0
      vertex 23.206 23.0466 0
    endloop
  endfacet
  facet normal -0.857806 0.513974 0
    outer loop
      vertex 24.8918 23.2967 0
      vertex 24.9498 23.3935 2.5
      vertex 24.9498 23.3935 0
    endloop
  endfacet
  facet normal -0.857806 0.513974 0
    outer loop
      vertex 24.9498 23.3935 2.5
      vertex 24.8918 23.2967 0
      vertex 24.8918 23.2967 2.5
    endloop
  endfacet
  facet normal -0.803071 0.595884 0
    outer loop
      vertex 24.8245 23.206 0
      vertex 24.8918 23.2967 2.5
      vertex 24.8918 23.2967 0
    endloop
  endfacet
  facet normal -0.803071 0.595884 0
    outer loop
      vertex 24.8918 23.2967 2.5
      vertex 24.8245 23.206 0
      vertex 24.8245 23.206 2.5
    endloop
  endfacet
  facet normal -0.989246 0.14626 0
    outer loop
      vertex 25.0635 23.7112 0
      vertex 25.08 23.8228 2.5
      vertex 25.08 23.8228 0
    endloop
  endfacet
  facet normal -0.989246 0.14626 0
    outer loop
      vertex 25.08 23.8228 2.5
      vertex 25.0635 23.7112 0
      vertex 25.0635 23.7112 2.5
    endloop
  endfacet
  facet normal -0.513974 0.857806 0
    outer loop
      vertex 24.5745 22.9794 0
      vertex 24.4777 22.9214 2.5
      vertex 24.5745 22.9794 2.5
    endloop
  endfacet
  facet normal -0.513974 0.857806 0
    outer loop
      vertex 24.4777 22.9214 2.5
      vertex 24.5745 22.9794 0
      vertex 24.4777 22.9214 0
    endloop
  endfacet
  facet normal -0.336617 0.941642 0
    outer loop
      vertex 24.3757 22.8731 0
      vertex 24.2694 22.8351 2.5
      vertex 24.3757 22.8731 2.5
    endloop
  endfacet
  facet normal -0.336617 0.941642 0
    outer loop
      vertex 24.2694 22.8351 2.5
      vertex 24.3757 22.8731 0
      vertex 24.2694 22.8351 0
    endloop
  endfacet
  facet normal -0.242744 0.97009 0
    outer loop
      vertex 24.2694 22.8351 0
      vertex 24.1599 22.8077 2.5
      vertex 24.2694 22.8351 2.5
    endloop
  endfacet
  facet normal -0.242744 0.97009 0
    outer loop
      vertex 24.1599 22.8077 2.5
      vertex 24.2694 22.8351 0
      vertex 24.1599 22.8077 0
    endloop
  endfacet
  facet normal -0.595736 0.80318 0
    outer loop
      vertex 24.6651 23.0466 0
      vertex 24.5745 22.9794 2.5
      vertex 24.6651 23.0466 2.5
    endloop
  endfacet
  facet normal -0.595736 0.80318 0
    outer loop
      vertex 24.5745 22.9794 2.5
      vertex 24.6651 23.0466 0
      vertex 24.5745 22.9794 0
    endloop
  endfacet
  facet normal 0.969881 -0.243578 0
    outer loop
      vertex -25.0635 24.1599 2.5
      vertex -25.036 24.2694 0
      vertex -25.036 24.2694 2.5
    endloop
  endfacet
  facet normal 0.969881 -0.243578 0
    outer loop
      vertex -25.036 24.2694 0
      vertex -25.0635 24.1599 2.5
      vertex -25.0635 24.1599 0
    endloop
  endfacet
  facet normal 0.740822 0.671702 0
    outer loop
      vertex -24.7487 23.1224 2.5
      vertex -24.8245 23.206 0
      vertex -24.8245 23.206 2.5
    endloop
  endfacet
  facet normal 0.740822 0.671702 0
    outer loop
      vertex -24.8245 23.206 0
      vertex -24.7487 23.1224 2.5
      vertex -24.7487 23.1224 0
    endloop
  endfacet
  facet normal -0.671702 0.740822 0
    outer loop
      vertex -23.1224 23.1224 0
      vertex -23.206 23.0466 2.5
      vertex -23.1224 23.1224 2.5
    endloop
  endfacet
  facet normal -0.671702 0.740822 0
    outer loop
      vertex -23.206 23.0466 2.5
      vertex -23.1224 23.1224 0
      vertex -23.206 23.0466 0
    endloop
  endfacet
  facet normal -0.147127 0.989118 0
    outer loop
      vertex -23.7112 22.8077 0
      vertex -23.8228 22.7911 2.5
      vertex -23.7112 22.8077 2.5
    endloop
  endfacet
  facet normal -0.147127 0.989118 0
    outer loop
      vertex -23.8228 22.7911 2.5
      vertex -23.7112 22.8077 0
      vertex -23.8228 22.7911 0
    endloop
  endfacet
  facet normal 0.427248 -0.904135 0
    outer loop
      vertex -24.4777 24.9498 0
      vertex -24.3757 24.998 2.5
      vertex -24.4777 24.9498 2.5
    endloop
  endfacet
  facet normal 0.427248 -0.904135 0
    outer loop
      vertex -24.3757 24.998 2.5
      vertex -24.4777 24.9498 0
      vertex -24.3757 24.998 0
    endloop
  endfacet
  facet normal -0.97009 0.242744 0
    outer loop
      vertex -22.8351 23.6017 0
      vertex -22.8077 23.7112 2.5
      vertex -22.8077 23.7112 0
    endloop
  endfacet
  facet normal -0.97009 0.242744 0
    outer loop
      vertex -22.8077 23.7112 2.5
      vertex -22.8351 23.6017 0
      vertex -22.8351 23.6017 2.5
    endloop
  endfacet
  facet normal -0.595884 -0.803071 0
    outer loop
      vertex -23.2967 24.8918 0
      vertex -23.206 24.8245 2.5
      vertex -23.2967 24.8918 2.5
    endloop
  endfacet
  facet normal -0.595884 -0.803071 -0
    outer loop
      vertex -23.206 24.8245 2.5
      vertex -23.2967 24.8918 0
      vertex -23.206 24.8245 0
    endloop
  endfacet
  facet normal -0.14626 -0.989246 0
    outer loop
      vertex -23.8228 25.08 0
      vertex -23.7112 25.0635 2.5
      vertex -23.8228 25.08 2.5
    endloop
  endfacet
  facet normal -0.14626 -0.989246 -0
    outer loop
      vertex -23.7112 25.0635 2.5
      vertex -23.8228 25.08 0
      vertex -23.7112 25.0635 0
    endloop
  endfacet
  facet normal 0.989246 -0.14626 0
    outer loop
      vertex -25.08 24.0483 2.5
      vertex -25.0635 24.1599 0
      vertex -25.0635 24.1599 2.5
    endloop
  endfacet
  facet normal 0.989246 -0.14626 0
    outer loop
      vertex -25.0635 24.1599 0
      vertex -25.08 24.0483 2.5
      vertex -25.08 24.0483 0
    endloop
  endfacet
  facet normal 0.998768 -0.0496282 0
    outer loop
      vertex -25.0856 23.9356 2.5
      vertex -25.08 24.0483 0
      vertex -25.08 24.0483 2.5
    endloop
  endfacet
  facet normal 0.998768 -0.0496282 0
    outer loop
      vertex -25.08 24.0483 0
      vertex -25.0856 23.9356 2.5
      vertex -25.0856 23.9356 0
    endloop
  endfacet
  facet normal 0.99877 0.0495843 0
    outer loop
      vertex -25.08 23.8228 2.5
      vertex -25.0856 23.9356 0
      vertex -25.0856 23.9356 2.5
    endloop
  endfacet
  facet normal 0.99877 0.0495843 0
    outer loop
      vertex -25.0856 23.9356 0
      vertex -25.08 23.8228 2.5
      vertex -25.08 23.8228 0
    endloop
  endfacet
  facet normal 0.671702 0.740822 -0
    outer loop
      vertex -24.6651 23.0466 0
      vertex -24.7487 23.1224 2.5
      vertex -24.6651 23.0466 2.5
    endloop
  endfacet
  facet normal 0.671702 0.740822 0
    outer loop
      vertex -24.7487 23.1224 2.5
      vertex -24.6651 23.0466 0
      vertex -24.7487 23.1224 0
    endloop
  endfacet
  facet normal 0.857806 0.513974 0
    outer loop
      vertex -24.8918 23.2967 2.5
      vertex -24.9498 23.3935 0
      vertex -24.9498 23.3935 2.5
    endloop
  endfacet
  facet normal 0.857806 0.513974 0
    outer loop
      vertex -24.9498 23.3935 0
      vertex -24.8918 23.2967 2.5
      vertex -24.8918 23.2967 0
    endloop
  endfacet
  facet normal 0.941541 0.336898 0
    outer loop
      vertex -24.998 23.4955 2.5
      vertex -25.036 23.6017 0
      vertex -25.036 23.6017 2.5
    endloop
  endfacet
  facet normal 0.941541 0.336898 0
    outer loop
      vertex -25.036 23.6017 0
      vertex -24.998 23.4955 2.5
      vertex -24.998 23.4955 0
    endloop
  endfacet
  facet normal 0.989246 0.14626 0
    outer loop
      vertex -25.0635 23.7112 2.5
      vertex -25.08 23.8228 0
      vertex -25.08 23.8228 2.5
    endloop
  endfacet
  facet normal 0.989246 0.14626 0
    outer loop
      vertex -25.08 23.8228 0
      vertex -25.0635 23.7112 2.5
      vertex -25.0635 23.7112 0
    endloop
  endfacet
  facet normal -0.740822 0.671702 0
    outer loop
      vertex -23.1224 23.1224 0
      vertex -23.0466 23.206 2.5
      vertex -23.0466 23.206 0
    endloop
  endfacet
  facet normal -0.740822 0.671702 0
    outer loop
      vertex -23.0466 23.206 2.5
      vertex -23.1224 23.1224 0
      vertex -23.1224 23.1224 2.5
    endloop
  endfacet
  facet normal -0.513974 0.857806 0
    outer loop
      vertex -23.2967 22.9794 0
      vertex -23.3935 22.9214 2.5
      vertex -23.2967 22.9794 2.5
    endloop
  endfacet
  facet normal -0.513974 0.857806 0
    outer loop
      vertex -23.3935 22.9214 2.5
      vertex -23.2967 22.9794 0
      vertex -23.3935 22.9214 0
    endloop
  endfacet
  facet normal -0.336898 0.941541 0
    outer loop
      vertex -23.4955 22.8731 0
      vertex -23.6017 22.8351 2.5
      vertex -23.4955 22.8731 2.5
    endloop
  endfacet
  facet normal -0.336898 0.941541 0
    outer loop
      vertex -23.6017 22.8351 2.5
      vertex -23.4955 22.8731 0
      vertex -23.6017 22.8351 0
    endloop
  endfacet
  facet normal 0.427972 0.903792 -0
    outer loop
      vertex -24.3757 22.8731 0
      vertex -24.4777 22.9214 2.5
      vertex -24.3757 22.8731 2.5
    endloop
  endfacet
  facet normal 0.427972 0.903792 0
    outer loop
      vertex -24.4777 22.9214 2.5
      vertex -24.3757 22.8731 0
      vertex -24.4777 22.9214 0
    endloop
  endfacet
  facet normal 0.595736 0.80318 -0
    outer loop
      vertex -24.5745 22.9794 0
      vertex -24.6651 23.0466 2.5
      vertex -24.5745 22.9794 2.5
    endloop
  endfacet
  facet normal 0.595736 0.80318 0
    outer loop
      vertex -24.6651 23.0466 2.5
      vertex -24.5745 22.9794 0
      vertex -24.6651 23.0466 0
    endloop
  endfacet
  facet normal 0.0487441 0.998811 -0
    outer loop
      vertex -23.9356 22.7856 0
      vertex -24.0483 22.7911 2.5
      vertex -23.9356 22.7856 2.5
    endloop
  endfacet
  facet normal 0.0487441 0.998811 0
    outer loop
      vertex -24.0483 22.7911 2.5
      vertex -23.9356 22.7856 0
      vertex -24.0483 22.7911 0
    endloop
  endfacet
  facet normal 0.242744 0.97009 -0
    outer loop
      vertex -24.1599 22.8077 0
      vertex -24.2694 22.8351 2.5
      vertex -24.1599 22.8077 2.5
    endloop
  endfacet
  facet normal 0.242744 0.97009 0
    outer loop
      vertex -24.2694 22.8351 2.5
      vertex -24.1599 22.8077 0
      vertex -24.2694 22.8351 0
    endloop
  endfacet
  facet normal 0.740822 -0.671702 0
    outer loop
      vertex -24.8245 24.6651 2.5
      vertex -24.7487 24.7487 0
      vertex -24.7487 24.7487 2.5
    endloop
  endfacet
  facet normal 0.740822 -0.671702 0
    outer loop
      vertex -24.7487 24.7487 0
      vertex -24.8245 24.6651 2.5
      vertex -24.8245 24.6651 0
    endloop
  endfacet
  facet normal 0.671702 -0.740822 0
    outer loop
      vertex -24.7487 24.7487 0
      vertex -24.6651 24.8245 2.5
      vertex -24.7487 24.7487 2.5
    endloop
  endfacet
  facet normal 0.671702 -0.740822 0
    outer loop
      vertex -24.6651 24.8245 2.5
      vertex -24.7487 24.7487 0
      vertex -24.6651 24.8245 0
    endloop
  endfacet
  facet normal 0.513974 -0.857806 0
    outer loop
      vertex -24.5745 24.8918 0
      vertex -24.4777 24.9498 2.5
      vertex -24.5745 24.8918 2.5
    endloop
  endfacet
  facet normal 0.513974 -0.857806 0
    outer loop
      vertex -24.4777 24.9498 2.5
      vertex -24.5745 24.8918 0
      vertex -24.4777 24.9498 0
    endloop
  endfacet
  facet normal 0.14626 -0.989246 0
    outer loop
      vertex -24.1599 25.0635 0
      vertex -24.0483 25.08 2.5
      vertex -24.1599 25.0635 2.5
    endloop
  endfacet
  facet normal 0.14626 -0.989246 0
    outer loop
      vertex -24.0483 25.08 2.5
      vertex -24.1599 25.0635 0
      vertex -24.0483 25.08 0
    endloop
  endfacet
  facet normal -0.336898 -0.941541 0
    outer loop
      vertex -23.6017 25.036 0
      vertex -23.4955 24.998 2.5
      vertex -23.6017 25.036 2.5
    endloop
  endfacet
  facet normal -0.336898 -0.941541 -0
    outer loop
      vertex -23.4955 24.998 2.5
      vertex -23.6017 25.036 0
      vertex -23.4955 24.998 0
    endloop
  endfacet
  facet normal 0.941642 -0.336617 0
    outer loop
      vertex -25.036 24.2694 2.5
      vertex -24.998 24.3757 0
      vertex -24.998 24.3757 2.5
    endloop
  endfacet
  facet normal 0.941642 -0.336617 0
    outer loop
      vertex -24.998 24.3757 0
      vertex -25.036 24.2694 2.5
      vertex -25.036 24.2694 0
    endloop
  endfacet
  facet normal 0.904135 -0.427248 0
    outer loop
      vertex -24.998 24.3757 2.5
      vertex -24.9498 24.4777 0
      vertex -24.9498 24.4777 2.5
    endloop
  endfacet
  facet normal 0.904135 -0.427248 0
    outer loop
      vertex -24.9498 24.4777 0
      vertex -24.998 24.3757 2.5
      vertex -24.998 24.3757 0
    endloop
  endfacet
  facet normal 0.857806 -0.513974 0
    outer loop
      vertex -24.9498 24.4777 2.5
      vertex -24.8918 24.5745 0
      vertex -24.8918 24.5745 2.5
    endloop
  endfacet
  facet normal 0.857806 -0.513974 0
    outer loop
      vertex -24.8918 24.5745 0
      vertex -24.9498 24.4777 2.5
      vertex -24.9498 24.4777 0
    endloop
  endfacet
  facet normal 0.803071 0.595884 0
    outer loop
      vertex -24.8245 23.206 2.5
      vertex -24.8918 23.2967 0
      vertex -24.8918 23.2967 2.5
    endloop
  endfacet
  facet normal 0.803071 0.595884 0
    outer loop
      vertex -24.8918 23.2967 0
      vertex -24.8245 23.206 2.5
      vertex -24.8245 23.206 0
    endloop
  endfacet
  facet normal 0.904135 0.427248 0
    outer loop
      vertex -24.9498 23.3935 2.5
      vertex -24.998 23.4955 0
      vertex -24.998 23.4955 2.5
    endloop
  endfacet
  facet normal 0.904135 0.427248 0
    outer loop
      vertex -24.998 23.4955 0
      vertex -24.9498 23.3935 2.5
      vertex -24.9498 23.3935 0
    endloop
  endfacet
  facet normal 0.969881 0.243578 0
    outer loop
      vertex -25.036 23.6017 2.5
      vertex -25.0635 23.7112 0
      vertex -25.0635 23.7112 2.5
    endloop
  endfacet
  facet normal 0.969881 0.243578 0
    outer loop
      vertex -25.0635 23.7112 0
      vertex -25.036 23.6017 2.5
      vertex -25.036 23.6017 0
    endloop
  endfacet
  facet normal -0.595312 0.803494 0
    outer loop
      vertex -23.206 23.0466 0
      vertex -23.2967 22.9794 2.5
      vertex -23.206 23.0466 2.5
    endloop
  endfacet
  facet normal -0.595312 0.803494 0
    outer loop
      vertex -23.2967 22.9794 2.5
      vertex -23.206 23.0466 0
      vertex -23.2967 22.9794 0
    endloop
  endfacet
  facet normal -0.427972 0.903792 0
    outer loop
      vertex -23.3935 22.9214 0
      vertex -23.4955 22.8731 2.5
      vertex -23.3935 22.9214 2.5
    endloop
  endfacet
  facet normal -0.427972 0.903792 0
    outer loop
      vertex -23.4955 22.8731 2.5
      vertex -23.3935 22.9214 0
      vertex -23.4955 22.8731 0
    endloop
  endfacet
  facet normal -0.242744 0.97009 0
    outer loop
      vertex -23.6017 22.8351 0
      vertex -23.7112 22.8077 2.5
      vertex -23.6017 22.8351 2.5
    endloop
  endfacet
  facet normal -0.242744 0.97009 0
    outer loop
      vertex -23.7112 22.8077 2.5
      vertex -23.6017 22.8351 0
      vertex -23.7112 22.8077 0
    endloop
  endfacet
  facet normal 0.336617 0.941642 -0
    outer loop
      vertex -24.2694 22.8351 0
      vertex -24.3757 22.8731 2.5
      vertex -24.2694 22.8351 2.5
    endloop
  endfacet
  facet normal 0.336617 0.941642 0
    outer loop
      vertex -24.3757 22.8731 2.5
      vertex -24.2694 22.8351 0
      vertex -24.3757 22.8731 0
    endloop
  endfacet
  facet normal 0.513974 0.857806 -0
    outer loop
      vertex -24.4777 22.9214 0
      vertex -24.5745 22.9794 2.5
      vertex -24.4777 22.9214 2.5
    endloop
  endfacet
  facet normal 0.513974 0.857806 0
    outer loop
      vertex -24.5745 22.9794 2.5
      vertex -24.4777 22.9214 0
      vertex -24.5745 22.9794 0
    endloop
  endfacet
  facet normal 0.147127 0.989118 -0
    outer loop
      vertex -24.0483 22.7911 0
      vertex -24.1599 22.8077 2.5
      vertex -24.0483 22.7911 2.5
    endloop
  endfacet
  facet normal 0.147127 0.989118 0
    outer loop
      vertex -24.1599 22.8077 2.5
      vertex -24.0483 22.7911 0
      vertex -24.1599 22.8077 0
    endloop
  endfacet
  facet normal -0.048701 0.998813 0
    outer loop
      vertex -23.8228 22.7911 0
      vertex -23.9356 22.7856 2.5
      vertex -23.8228 22.7911 2.5
    endloop
  endfacet
  facet normal -0.048701 0.998813 0
    outer loop
      vertex -23.9356 22.7856 2.5
      vertex -23.8228 22.7911 0
      vertex -23.9356 22.7856 0
    endloop
  endfacet
  facet normal 0.596308 -0.802756 0
    outer loop
      vertex -24.6651 24.8245 0
      vertex -24.5745 24.8918 2.5
      vertex -24.6651 24.8245 2.5
    endloop
  endfacet
  facet normal 0.596308 -0.802756 0
    outer loop
      vertex -24.5745 24.8918 2.5
      vertex -24.6651 24.8245 0
      vertex -24.5745 24.8918 0
    endloop
  endfacet
  facet normal -0.243578 -0.969881 0
    outer loop
      vertex -23.7112 25.0635 0
      vertex -23.6017 25.036 2.5
      vertex -23.7112 25.0635 2.5
    endloop
  endfacet
  facet normal -0.243578 -0.969881 -0
    outer loop
      vertex -23.6017 25.036 2.5
      vertex -23.7112 25.0635 0
      vertex -23.6017 25.036 0
    endloop
  endfacet
  facet normal 0.243578 -0.969881 0
    outer loop
      vertex -24.2694 25.036 0
      vertex -24.1599 25.0635 2.5
      vertex -24.2694 25.036 2.5
    endloop
  endfacet
  facet normal 0.243578 -0.969881 0
    outer loop
      vertex -24.1599 25.0635 2.5
      vertex -24.2694 25.036 0
      vertex -24.1599 25.0635 0
    endloop
  endfacet
  facet normal -0.941642 -0.336617 0
    outer loop
      vertex -22.8351 24.2694 0
      vertex -22.8731 24.3757 2.5
      vertex -22.8731 24.3757 0
    endloop
  endfacet
  facet normal -0.941642 -0.336617 0
    outer loop
      vertex -22.8731 24.3757 2.5
      vertex -22.8351 24.2694 0
      vertex -22.8351 24.2694 2.5
    endloop
  endfacet
  facet normal -0.803494 0.595312 0
    outer loop
      vertex -23.0466 23.206 0
      vertex -22.9794 23.2967 2.5
      vertex -22.9794 23.2967 0
    endloop
  endfacet
  facet normal -0.803494 0.595312 0
    outer loop
      vertex -22.9794 23.2967 2.5
      vertex -23.0466 23.206 0
      vertex -23.0466 23.206 2.5
    endloop
  endfacet
  facet normal -0.903792 0.427972 0
    outer loop
      vertex -22.9214 23.3935 0
      vertex -22.8731 23.4955 2.5
      vertex -22.8731 23.4955 0
    endloop
  endfacet
  facet normal -0.903792 0.427972 0
    outer loop
      vertex -22.8731 23.4955 2.5
      vertex -22.9214 23.3935 0
      vertex -22.9214 23.3935 2.5
    endloop
  endfacet
  facet normal -0.427248 -0.904135 0
    outer loop
      vertex -23.4955 24.998 0
      vertex -23.3935 24.9498 2.5
      vertex -23.4955 24.998 2.5
    endloop
  endfacet
  facet normal -0.427248 -0.904135 -0
    outer loop
      vertex -23.3935 24.9498 2.5
      vertex -23.4955 24.998 0
      vertex -23.3935 24.9498 0
    endloop
  endfacet
  facet normal -0.513974 -0.857806 0
    outer loop
      vertex -23.3935 24.9498 0
      vertex -23.2967 24.8918 2.5
      vertex -23.3935 24.9498 2.5
    endloop
  endfacet
  facet normal -0.513974 -0.857806 -0
    outer loop
      vertex -23.2967 24.8918 2.5
      vertex -23.3935 24.9498 0
      vertex -23.2967 24.8918 0
    endloop
  endfacet
  facet normal 0.802756 -0.596308 0
    outer loop
      vertex -24.8918 24.5745 2.5
      vertex -24.8245 24.6651 0
      vertex -24.8245 24.6651 2.5
    endloop
  endfacet
  facet normal 0.802756 -0.596308 0
    outer loop
      vertex -24.8245 24.6651 0
      vertex -24.8918 24.5745 2.5
      vertex -24.8918 24.5745 0
    endloop
  endfacet
  facet normal 0.336617 -0.941642 0
    outer loop
      vertex -24.3757 24.998 0
      vertex -24.2694 25.036 2.5
      vertex -24.3757 24.998 2.5
    endloop
  endfacet
  facet normal 0.336617 -0.941642 0
    outer loop
      vertex -24.2694 25.036 2.5
      vertex -24.3757 24.998 0
      vertex -24.2694 25.036 0
    endloop
  endfacet
  facet normal -0.671702 -0.740822 0
    outer loop
      vertex -23.206 24.8245 0
      vertex -23.1224 24.7487 2.5
      vertex -23.206 24.8245 2.5
    endloop
  endfacet
  facet normal -0.671702 -0.740822 -0
    outer loop
      vertex -23.1224 24.7487 2.5
      vertex -23.206 24.8245 0
      vertex -23.1224 24.7487 0
    endloop
  endfacet
  facet normal -0.740822 -0.671702 0
    outer loop
      vertex -23.0466 24.6651 0
      vertex -23.1224 24.7487 2.5
      vertex -23.1224 24.7487 0
    endloop
  endfacet
  facet normal -0.740822 -0.671702 0
    outer loop
      vertex -23.1224 24.7487 2.5
      vertex -23.0466 24.6651 0
      vertex -23.0466 24.6651 2.5
    endloop
  endfacet
  facet normal -0.903792 -0.427972 0
    outer loop
      vertex -22.8731 24.3757 0
      vertex -22.9214 24.4777 2.5
      vertex -22.9214 24.4777 0
    endloop
  endfacet
  facet normal -0.903792 -0.427972 0
    outer loop
      vertex -22.9214 24.4777 2.5
      vertex -22.8731 24.3757 0
      vertex -22.8731 24.3757 2.5
    endloop
  endfacet
  facet normal -0.80318 -0.595736 0
    outer loop
      vertex -22.9794 24.5745 0
      vertex -23.0466 24.6651 2.5
      vertex -23.0466 24.6651 0
    endloop
  endfacet
  facet normal -0.80318 -0.595736 0
    outer loop
      vertex -23.0466 24.6651 2.5
      vertex -22.9794 24.5745 0
      vertex -22.9794 24.5745 2.5
    endloop
  endfacet
  facet normal -0.97009 -0.242744 0
    outer loop
      vertex -22.8077 24.1599 0
      vertex -22.8351 24.2694 2.5
      vertex -22.8351 24.2694 0
    endloop
  endfacet
  facet normal -0.97009 -0.242744 0
    outer loop
      vertex -22.8351 24.2694 2.5
      vertex -22.8077 24.1599 0
      vertex -22.8077 24.1599 2.5
    endloop
  endfacet
  facet normal -0.857806 0.513974 0
    outer loop
      vertex -22.9794 23.2967 0
      vertex -22.9214 23.3935 2.5
      vertex -22.9214 23.3935 0
    endloop
  endfacet
  facet normal -0.857806 0.513974 0
    outer loop
      vertex -22.9214 23.3935 2.5
      vertex -22.9794 23.2967 0
      vertex -22.9794 23.2967 2.5
    endloop
  endfacet
  facet normal -0.941541 0.336898 0
    outer loop
      vertex -22.8731 23.4955 0
      vertex -22.8351 23.6017 2.5
      vertex -22.8351 23.6017 0
    endloop
  endfacet
  facet normal -0.941541 0.336898 0
    outer loop
      vertex -22.8351 23.6017 2.5
      vertex -22.8731 23.4955 0
      vertex -22.8731 23.4955 2.5
    endloop
  endfacet
  facet normal -0.989118 0.147127 0
    outer loop
      vertex -22.8077 23.7112 0
      vertex -22.7911 23.8228 2.5
      vertex -22.7911 23.8228 0
    endloop
  endfacet
  facet normal -0.989118 0.147127 0
    outer loop
      vertex -22.7911 23.8228 2.5
      vertex -22.8077 23.7112 0
      vertex -22.8077 23.7112 2.5
    endloop
  endfacet
  facet normal -0.998811 -0.0487441 0
    outer loop
      vertex -22.7856 23.9356 0
      vertex -22.7911 24.0483 2.5
      vertex -22.7911 24.0483 0
    endloop
  endfacet
  facet normal -0.998811 -0.0487441 0
    outer loop
      vertex -22.7911 24.0483 2.5
      vertex -22.7856 23.9356 0
      vertex -22.7856 23.9356 2.5
    endloop
  endfacet
  facet normal -0.998813 0.048701 0
    outer loop
      vertex -22.7911 23.8228 0
      vertex -22.7856 23.9356 2.5
      vertex -22.7856 23.9356 0
    endloop
  endfacet
  facet normal -0.998813 0.048701 0
    outer loop
      vertex -22.7856 23.9356 2.5
      vertex -22.7911 23.8228 0
      vertex -22.7911 23.8228 2.5
    endloop
  endfacet
  facet normal 0.0496282 -0.998768 0
    outer loop
      vertex -24.0483 25.08 0
      vertex -23.9356 25.0856 2.5
      vertex -24.0483 25.08 2.5
    endloop
  endfacet
  facet normal 0.0496282 -0.998768 0
    outer loop
      vertex -23.9356 25.0856 2.5
      vertex -24.0483 25.08 0
      vertex -23.9356 25.0856 0
    endloop
  endfacet
  facet normal -0.0495843 -0.99877 0
    outer loop
      vertex -23.9356 25.0856 0
      vertex -23.8228 25.08 2.5
      vertex -23.9356 25.0856 2.5
    endloop
  endfacet
  facet normal -0.0495843 -0.99877 -0
    outer loop
      vertex -23.8228 25.08 2.5
      vertex -23.9356 25.0856 0
      vertex -23.8228 25.08 0
    endloop
  endfacet
  facet normal -0.857806 -0.513974 0
    outer loop
      vertex -22.9214 24.4777 0
      vertex -22.9794 24.5745 2.5
      vertex -22.9794 24.5745 0
    endloop
  endfacet
  facet normal -0.857806 -0.513974 0
    outer loop
      vertex -22.9794 24.5745 2.5
      vertex -22.9214 24.4777 0
      vertex -22.9214 24.4777 2.5
    endloop
  endfacet
  facet normal -0.989118 -0.147127 0
    outer loop
      vertex -22.7911 24.0483 0
      vertex -22.8077 24.1599 2.5
      vertex -22.8077 24.1599 0
    endloop
  endfacet
  facet normal -0.989118 -0.147127 0
    outer loop
      vertex -22.8077 24.1599 2.5
      vertex -22.7911 24.0483 0
      vertex -22.7911 24.0483 2.5
    endloop
  endfacet
  facet normal 0.671702 0.740822 -0
    outer loop
      vertex -24.6651 -24.8245 0
      vertex -24.7487 -24.7487 2.5
      vertex -24.6651 -24.8245 2.5
    endloop
  endfacet
  facet normal 0.671702 0.740822 0
    outer loop
      vertex -24.7487 -24.7487 2.5
      vertex -24.6651 -24.8245 0
      vertex -24.7487 -24.7487 0
    endloop
  endfacet
  facet normal -0.671702 -0.740822 0
    outer loop
      vertex -23.206 -23.0466 0
      vertex -23.1224 -23.1224 2.5
      vertex -23.206 -23.0466 2.5
    endloop
  endfacet
  facet normal -0.671702 -0.740822 -0
    outer loop
      vertex -23.1224 -23.1224 2.5
      vertex -23.206 -23.0466 0
      vertex -23.1224 -23.1224 0
    endloop
  endfacet
  facet normal 0.740822 -0.671702 0
    outer loop
      vertex -24.8245 -23.206 2.5
      vertex -24.7487 -23.1224 0
      vertex -24.7487 -23.1224 2.5
    endloop
  endfacet
  facet normal 0.740822 -0.671702 0
    outer loop
      vertex -24.7487 -23.1224 0
      vertex -24.8245 -23.206 2.5
      vertex -24.8245 -23.206 0
    endloop
  endfacet
  facet normal -0.998813 -0.048701 0
    outer loop
      vertex -22.7856 -23.9356 0
      vertex -22.7911 -23.8228 2.5
      vertex -22.7911 -23.8228 0
    endloop
  endfacet
  facet normal -0.998813 -0.048701 0
    outer loop
      vertex -22.7911 -23.8228 2.5
      vertex -22.7856 -23.9356 0
      vertex -22.7856 -23.9356 2.5
    endloop
  endfacet
  facet normal -0.941642 0.336617 0
    outer loop
      vertex -22.8731 -24.3757 0
      vertex -22.8351 -24.2694 2.5
      vertex -22.8351 -24.2694 0
    endloop
  endfacet
  facet normal -0.941642 0.336617 0
    outer loop
      vertex -22.8351 -24.2694 2.5
      vertex -22.8731 -24.3757 0
      vertex -22.8731 -24.3757 2.5
    endloop
  endfacet
  facet normal -0.903792 -0.427972 0
    outer loop
      vertex -22.8731 -23.4955 0
      vertex -22.9214 -23.3935 2.5
      vertex -22.9214 -23.3935 0
    endloop
  endfacet
  facet normal -0.903792 -0.427972 0
    outer loop
      vertex -22.9214 -23.3935 2.5
      vertex -22.8731 -23.4955 0
      vertex -22.8731 -23.4955 2.5
    endloop
  endfacet
  facet normal 0.904135 -0.427248 0
    outer loop
      vertex -24.998 -23.4955 2.5
      vertex -24.9498 -23.3935 0
      vertex -24.9498 -23.3935 2.5
    endloop
  endfacet
  facet normal 0.904135 -0.427248 0
    outer loop
      vertex -24.9498 -23.3935 0
      vertex -24.998 -23.4955 2.5
      vertex -24.998 -23.4955 0
    endloop
  endfacet
  facet normal 0.941541 -0.336898 0
    outer loop
      vertex -25.036 -23.6017 2.5
      vertex -24.998 -23.4955 0
      vertex -24.998 -23.4955 2.5
    endloop
  endfacet
  facet normal 0.941541 -0.336898 0
    outer loop
      vertex -24.998 -23.4955 0
      vertex -25.036 -23.6017 2.5
      vertex -25.036 -23.6017 0
    endloop
  endfacet
  facet normal 0.596308 0.802756 -0
    outer loop
      vertex -24.5745 -24.8918 0
      vertex -24.6651 -24.8245 2.5
      vertex -24.5745 -24.8918 2.5
    endloop
  endfacet
  facet normal 0.596308 0.802756 0
    outer loop
      vertex -24.6651 -24.8245 2.5
      vertex -24.5745 -24.8918 0
      vertex -24.6651 -24.8245 0
    endloop
  endfacet
  facet normal 0.427248 0.904135 -0
    outer loop
      vertex -24.3757 -24.998 0
      vertex -24.4777 -24.9498 2.5
      vertex -24.3757 -24.998 2.5
    endloop
  endfacet
  facet normal 0.427248 0.904135 0
    outer loop
      vertex -24.4777 -24.9498 2.5
      vertex -24.3757 -24.998 0
      vertex -24.4777 -24.9498 0
    endloop
  endfacet
  facet normal 0.0496282 0.998768 -0
    outer loop
      vertex -23.9356 -25.0856 0
      vertex -24.0483 -25.08 2.5
      vertex -23.9356 -25.0856 2.5
    endloop
  endfacet
  facet normal 0.0496282 0.998768 0
    outer loop
      vertex -24.0483 -25.08 2.5
      vertex -23.9356 -25.0856 0
      vertex -24.0483 -25.08 0
    endloop
  endfacet
  facet normal 0.243578 0.969881 -0
    outer loop
      vertex -24.1599 -25.0635 0
      vertex -24.2694 -25.036 2.5
      vertex -24.1599 -25.0635 2.5
    endloop
  endfacet
  facet normal 0.243578 0.969881 0
    outer loop
      vertex -24.2694 -25.036 2.5
      vertex -24.1599 -25.0635 0
      vertex -24.2694 -25.036 0
    endloop
  endfacet
  facet normal -0.513974 0.857806 0
    outer loop
      vertex -23.2967 -24.8918 0
      vertex -23.3935 -24.9498 2.5
      vertex -23.2967 -24.8918 2.5
    endloop
  endfacet
  facet normal -0.513974 0.857806 0
    outer loop
      vertex -23.3935 -24.9498 2.5
      vertex -23.2967 -24.8918 0
      vertex -23.3935 -24.9498 0
    endloop
  endfacet
  facet normal -0.671702 0.740822 0
    outer loop
      vertex -23.1224 -24.7487 0
      vertex -23.206 -24.8245 2.5
      vertex -23.1224 -24.7487 2.5
    endloop
  endfacet
  facet normal -0.671702 0.740822 0
    outer loop
      vertex -23.206 -24.8245 2.5
      vertex -23.1224 -24.7487 0
      vertex -23.206 -24.8245 0
    endloop
  endfacet
  facet normal -0.336898 0.941541 0
    outer loop
      vertex -23.4955 -24.998 0
      vertex -23.6017 -25.036 2.5
      vertex -23.4955 -24.998 2.5
    endloop
  endfacet
  facet normal -0.336898 0.941541 0
    outer loop
      vertex -23.6017 -25.036 2.5
      vertex -23.4955 -24.998 0
      vertex -23.6017 -25.036 0
    endloop
  endfacet
  facet normal -0.14626 0.989246 0
    outer loop
      vertex -23.7112 -25.0635 0
      vertex -23.8228 -25.08 2.5
      vertex -23.7112 -25.0635 2.5
    endloop
  endfacet
  facet normal -0.14626 0.989246 0
    outer loop
      vertex -23.8228 -25.08 2.5
      vertex -23.7112 -25.0635 0
      vertex -23.8228 -25.08 0
    endloop
  endfacet
  facet normal -0.803494 -0.595312 0
    outer loop
      vertex -22.9794 -23.2967 0
      vertex -23.0466 -23.206 2.5
      vertex -23.0466 -23.206 0
    endloop
  endfacet
  facet normal -0.803494 -0.595312 0
    outer loop
      vertex -23.0466 -23.206 2.5
      vertex -22.9794 -23.2967 0
      vertex -22.9794 -23.2967 2.5
    endloop
  endfacet
  facet normal -0.97009 -0.242744 0
    outer loop
      vertex -22.8077 -23.7112 0
      vertex -22.8351 -23.6017 2.5
      vertex -22.8351 -23.6017 0
    endloop
  endfacet
  facet normal -0.97009 -0.242744 0
    outer loop
      vertex -22.8351 -23.6017 2.5
      vertex -22.8077 -23.7112 0
      vertex -22.8077 -23.7112 2.5
    endloop
  endfacet
  facet normal -0.989118 -0.147127 0
    outer loop
      vertex -22.7911 -23.8228 0
      vertex -22.8077 -23.7112 2.5
      vertex -22.8077 -23.7112 0
    endloop
  endfacet
  facet normal -0.989118 -0.147127 0
    outer loop
      vertex -22.8077 -23.7112 2.5
      vertex -22.7911 -23.8228 0
      vertex -22.7911 -23.8228 2.5
    endloop
  endfacet
  facet normal -0.941541 -0.336898 0
    outer loop
      vertex -22.8351 -23.6017 0
      vertex -22.8731 -23.4955 2.5
      vertex -22.8731 -23.4955 0
    endloop
  endfacet
  facet normal -0.941541 -0.336898 0
    outer loop
      vertex -22.8731 -23.4955 2.5
      vertex -22.8351 -23.6017 0
      vertex -22.8351 -23.6017 2.5
    endloop
  endfacet
  facet normal -0.857806 -0.513974 0
    outer loop
      vertex -22.9214 -23.3935 0
      vertex -22.9794 -23.2967 2.5
      vertex -22.9794 -23.2967 0
    endloop
  endfacet
  facet normal -0.857806 -0.513974 0
    outer loop
      vertex -22.9794 -23.2967 2.5
      vertex -22.9214 -23.3935 0
      vertex -22.9214 -23.3935 2.5
    endloop
  endfacet
  facet normal -0.740822 -0.671702 0
    outer loop
      vertex -23.0466 -23.206 0
      vertex -23.1224 -23.1224 2.5
      vertex -23.1224 -23.1224 0
    endloop
  endfacet
  facet normal -0.740822 -0.671702 0
    outer loop
      vertex -23.1224 -23.1224 2.5
      vertex -23.0466 -23.206 0
      vertex -23.0466 -23.206 2.5
    endloop
  endfacet
  facet normal -0.97009 0.242744 0
    outer loop
      vertex -22.8351 -24.2694 0
      vertex -22.8077 -24.1599 2.5
      vertex -22.8077 -24.1599 0
    endloop
  endfacet
  facet normal -0.97009 0.242744 0
    outer loop
      vertex -22.8077 -24.1599 2.5
      vertex -22.8351 -24.2694 0
      vertex -22.8351 -24.2694 2.5
    endloop
  endfacet
  facet normal -0.998811 0.0487441 0
    outer loop
      vertex -22.7911 -24.0483 0
      vertex -22.7856 -23.9356 2.5
      vertex -22.7856 -23.9356 0
    endloop
  endfacet
  facet normal -0.998811 0.0487441 0
    outer loop
      vertex -22.7856 -23.9356 2.5
      vertex -22.7911 -24.0483 0
      vertex -22.7911 -24.0483 2.5
    endloop
  endfacet
  facet normal -0.903792 0.427972 0
    outer loop
      vertex -22.9214 -24.4777 0
      vertex -22.8731 -24.3757 2.5
      vertex -22.8731 -24.3757 0
    endloop
  endfacet
  facet normal -0.903792 0.427972 0
    outer loop
      vertex -22.8731 -24.3757 2.5
      vertex -22.9214 -24.4777 0
      vertex -22.9214 -24.4777 2.5
    endloop
  endfacet
  facet normal -0.80318 0.595736 0
    outer loop
      vertex -23.0466 -24.6651 0
      vertex -22.9794 -24.5745 2.5
      vertex -22.9794 -24.5745 0
    endloop
  endfacet
  facet normal -0.80318 0.595736 0
    outer loop
      vertex -22.9794 -24.5745 2.5
      vertex -23.0466 -24.6651 0
      vertex -23.0466 -24.6651 2.5
    endloop
  endfacet
  facet normal 0.740822 0.671702 0
    outer loop
      vertex -24.7487 -24.7487 2.5
      vertex -24.8245 -24.6651 0
      vertex -24.8245 -24.6651 2.5
    endloop
  endfacet
  facet normal 0.740822 0.671702 0
    outer loop
      vertex -24.8245 -24.6651 0
      vertex -24.7487 -24.7487 2.5
      vertex -24.7487 -24.7487 0
    endloop
  endfacet
  facet normal 0.998768 0.0496282 0
    outer loop
      vertex -25.08 -24.0483 2.5
      vertex -25.0856 -23.9356 0
      vertex -25.0856 -23.9356 2.5
    endloop
  endfacet
  facet normal 0.998768 0.0496282 0
    outer loop
      vertex -25.0856 -23.9356 0
      vertex -25.08 -24.0483 2.5
      vertex -25.08 -24.0483 0
    endloop
  endfacet
  facet normal -0.242744 -0.97009 0
    outer loop
      vertex -23.7112 -22.8077 0
      vertex -23.6017 -22.8351 2.5
      vertex -23.7112 -22.8077 2.5
    endloop
  endfacet
  facet normal -0.242744 -0.97009 -0
    outer loop
      vertex -23.6017 -22.8351 2.5
      vertex -23.7112 -22.8077 0
      vertex -23.6017 -22.8351 0
    endloop
  endfacet
  facet normal 0.513974 0.857806 -0
    outer loop
      vertex -24.4777 -24.9498 0
      vertex -24.5745 -24.8918 2.5
      vertex -24.4777 -24.9498 2.5
    endloop
  endfacet
  facet normal 0.513974 0.857806 0
    outer loop
      vertex -24.5745 -24.8918 2.5
      vertex -24.4777 -24.9498 0
      vertex -24.5745 -24.8918 0
    endloop
  endfacet
  facet normal 0.336617 0.941642 -0
    outer loop
      vertex -24.2694 -25.036 0
      vertex -24.3757 -24.998 2.5
      vertex -24.2694 -25.036 2.5
    endloop
  endfacet
  facet normal 0.336617 0.941642 0
    outer loop
      vertex -24.3757 -24.998 2.5
      vertex -24.2694 -25.036 0
      vertex -24.3757 -24.998 0
    endloop
  endfacet
  facet normal -0.0495843 0.99877 0
    outer loop
      vertex -23.8228 -25.08 0
      vertex -23.9356 -25.0856 2.5
      vertex -23.8228 -25.08 2.5
    endloop
  endfacet
  facet normal -0.0495843 0.99877 0
    outer loop
      vertex -23.9356 -25.0856 2.5
      vertex -23.8228 -25.08 0
      vertex -23.9356 -25.0856 0
    endloop
  endfacet
  facet normal 0.14626 0.989246 -0
    outer loop
      vertex -24.0483 -25.08 0
      vertex -24.1599 -25.0635 2.5
      vertex -24.0483 -25.08 2.5
    endloop
  endfacet
  facet normal 0.14626 0.989246 0
    outer loop
      vertex -24.1599 -25.0635 2.5
      vertex -24.0483 -25.08 0
      vertex -24.1599 -25.0635 0
    endloop
  endfacet
  facet normal -0.595884 0.803071 0
    outer loop
      vertex -23.206 -24.8245 0
      vertex -23.2967 -24.8918 2.5
      vertex -23.206 -24.8245 2.5
    endloop
  endfacet
  facet normal -0.595884 0.803071 0
    outer loop
      vertex -23.2967 -24.8918 2.5
      vertex -23.206 -24.8245 0
      vertex -23.2967 -24.8918 0
    endloop
  endfacet
  facet normal -0.740822 0.671702 0
    outer loop
      vertex -23.1224 -24.7487 0
      vertex -23.0466 -24.6651 2.5
      vertex -23.0466 -24.6651 0
    endloop
  endfacet
  facet normal -0.740822 0.671702 0
    outer loop
      vertex -23.0466 -24.6651 2.5
      vertex -23.1224 -24.7487 0
      vertex -23.1224 -24.7487 2.5
    endloop
  endfacet
  facet normal -0.427248 0.904135 0
    outer loop
      vertex -23.3935 -24.9498 0
      vertex -23.4955 -24.998 2.5
      vertex -23.3935 -24.9498 2.5
    endloop
  endfacet
  facet normal -0.427248 0.904135 0
    outer loop
      vertex -23.4955 -24.998 2.5
      vertex -23.3935 -24.9498 0
      vertex -23.4955 -24.998 0
    endloop
  endfacet
  facet normal -0.243578 0.969881 0
    outer loop
      vertex -23.6017 -25.036 0
      vertex -23.7112 -25.0635 2.5
      vertex -23.6017 -25.036 2.5
    endloop
  endfacet
  facet normal -0.243578 0.969881 0
    outer loop
      vertex -23.7112 -25.0635 2.5
      vertex -23.6017 -25.036 0
      vertex -23.7112 -25.0635 0
    endloop
  endfacet
  facet normal -0.989118 0.147127 0
    outer loop
      vertex -22.8077 -24.1599 0
      vertex -22.7911 -24.0483 2.5
      vertex -22.7911 -24.0483 0
    endloop
  endfacet
  facet normal -0.989118 0.147127 0
    outer loop
      vertex -22.7911 -24.0483 2.5
      vertex -22.8077 -24.1599 0
      vertex -22.8077 -24.1599 2.5
    endloop
  endfacet
  facet normal -0.857806 0.513974 0
    outer loop
      vertex -22.9794 -24.5745 0
      vertex -22.9214 -24.4777 2.5
      vertex -22.9214 -24.4777 0
    endloop
  endfacet
  facet normal -0.857806 0.513974 0
    outer loop
      vertex -22.9214 -24.4777 2.5
      vertex -22.9794 -24.5745 0
      vertex -22.9794 -24.5745 2.5
    endloop
  endfacet
  facet normal 0.904135 0.427248 0
    outer loop
      vertex -24.9498 -24.4777 2.5
      vertex -24.998 -24.3757 0
      vertex -24.998 -24.3757 2.5
    endloop
  endfacet
  facet normal 0.904135 0.427248 0
    outer loop
      vertex -24.998 -24.3757 0
      vertex -24.9498 -24.4777 2.5
      vertex -24.9498 -24.4777 0
    endloop
  endfacet
  facet normal 0.802756 0.596308 0
    outer loop
      vertex -24.8245 -24.6651 2.5
      vertex -24.8918 -24.5745 0
      vertex -24.8918 -24.5745 2.5
    endloop
  endfacet
  facet normal 0.802756 0.596308 0
    outer loop
      vertex -24.8918 -24.5745 0
      vertex -24.8245 -24.6651 2.5
      vertex -24.8245 -24.6651 0
    endloop
  endfacet
  facet normal 0.857806 0.513974 0
    outer loop
      vertex -24.8918 -24.5745 2.5
      vertex -24.9498 -24.4777 0
      vertex -24.9498 -24.4777 2.5
    endloop
  endfacet
  facet normal 0.857806 0.513974 0
    outer loop
      vertex -24.9498 -24.4777 0
      vertex -24.8918 -24.5745 2.5
      vertex -24.8918 -24.5745 0
    endloop
  endfacet
  facet normal 0.941642 0.336617 0
    outer loop
      vertex -24.998 -24.3757 2.5
      vertex -25.036 -24.2694 0
      vertex -25.036 -24.2694 2.5
    endloop
  endfacet
  facet normal 0.941642 0.336617 0
    outer loop
      vertex -25.036 -24.2694 0
      vertex -24.998 -24.3757 2.5
      vertex -24.998 -24.3757 0
    endloop
  endfacet
  facet normal 0.989246 0.14626 0
    outer loop
      vertex -25.0635 -24.1599 2.5
      vertex -25.08 -24.0483 0
      vertex -25.08 -24.0483 2.5
    endloop
  endfacet
  facet normal 0.989246 0.14626 0
    outer loop
      vertex -25.08 -24.0483 0
      vertex -25.0635 -24.1599 2.5
      vertex -25.0635 -24.1599 0
    endloop
  endfacet
  facet normal 0.989246 -0.14626 0
    outer loop
      vertex -25.08 -23.8228 2.5
      vertex -25.0635 -23.7112 0
      vertex -25.0635 -23.7112 2.5
    endloop
  endfacet
  facet normal 0.989246 -0.14626 0
    outer loop
      vertex -25.0635 -23.7112 0
      vertex -25.08 -23.8228 2.5
      vertex -25.08 -23.8228 0
    endloop
  endfacet
  facet normal 0.969881 0.243578 0
    outer loop
      vertex -25.036 -24.2694 2.5
      vertex -25.0635 -24.1599 0
      vertex -25.0635 -24.1599 2.5
    endloop
  endfacet
  facet normal 0.969881 0.243578 0
    outer loop
      vertex -25.0635 -24.1599 0
      vertex -25.036 -24.2694 2.5
      vertex -25.036 -24.2694 0
    endloop
  endfacet
  facet normal 0.671702 -0.740822 0
    outer loop
      vertex -24.7487 -23.1224 0
      vertex -24.6651 -23.0466 2.5
      vertex -24.7487 -23.1224 2.5
    endloop
  endfacet
  facet normal 0.671702 -0.740822 0
    outer loop
      vertex -24.6651 -23.0466 2.5
      vertex -24.7487 -23.1224 0
      vertex -24.6651 -23.0466 0
    endloop
  endfacet
  facet normal 0.595736 -0.80318 0
    outer loop
      vertex -24.6651 -23.0466 0
      vertex -24.5745 -22.9794 2.5
      vertex -24.6651 -23.0466 2.5
    endloop
  endfacet
  facet normal 0.595736 -0.80318 0
    outer loop
      vertex -24.5745 -22.9794 2.5
      vertex -24.6651 -23.0466 0
      vertex -24.5745 -22.9794 0
    endloop
  endfacet
  facet normal 0.147127 -0.989118 0
    outer loop
      vertex -24.1599 -22.8077 0
      vertex -24.0483 -22.7911 2.5
      vertex -24.1599 -22.8077 2.5
    endloop
  endfacet
  facet normal 0.147127 -0.989118 0
    outer loop
      vertex -24.0483 -22.7911 2.5
      vertex -24.1599 -22.8077 0
      vertex -24.0483 -22.7911 0
    endloop
  endfacet
  facet normal 0.427972 -0.903792 0
    outer loop
      vertex -24.4777 -22.9214 0
      vertex -24.3757 -22.8731 2.5
      vertex -24.4777 -22.9214 2.5
    endloop
  endfacet
  facet normal 0.427972 -0.903792 0
    outer loop
      vertex -24.3757 -22.8731 2.5
      vertex -24.4777 -22.9214 0
      vertex -24.3757 -22.8731 0
    endloop
  endfacet
  facet normal -0.147127 -0.989118 0
    outer loop
      vertex -23.8228 -22.7911 0
      vertex -23.7112 -22.8077 2.5
      vertex -23.8228 -22.7911 2.5
    endloop
  endfacet
  facet normal -0.147127 -0.989118 -0
    outer loop
      vertex -23.7112 -22.8077 2.5
      vertex -23.8228 -22.7911 0
      vertex -23.7112 -22.8077 0
    endloop
  endfacet
  facet normal 0.0487441 -0.998811 0
    outer loop
      vertex -24.0483 -22.7911 0
      vertex -23.9356 -22.7856 2.5
      vertex -24.0483 -22.7911 2.5
    endloop
  endfacet
  facet normal 0.0487441 -0.998811 0
    outer loop
      vertex -23.9356 -22.7856 2.5
      vertex -24.0483 -22.7911 0
      vertex -23.9356 -22.7856 0
    endloop
  endfacet
  facet normal -0.048701 -0.998813 0
    outer loop
      vertex -23.9356 -22.7856 0
      vertex -23.8228 -22.7911 2.5
      vertex -23.9356 -22.7856 2.5
    endloop
  endfacet
  facet normal -0.048701 -0.998813 -0
    outer loop
      vertex -23.8228 -22.7911 2.5
      vertex -23.9356 -22.7856 0
      vertex -23.8228 -22.7911 0
    endloop
  endfacet
  facet normal -0.336898 -0.941541 0
    outer loop
      vertex -23.6017 -22.8351 0
      vertex -23.4955 -22.8731 2.5
      vertex -23.6017 -22.8351 2.5
    endloop
  endfacet
  facet normal -0.336898 -0.941541 -0
    outer loop
      vertex -23.4955 -22.8731 2.5
      vertex -23.6017 -22.8351 0
      vertex -23.4955 -22.8731 0
    endloop
  endfacet
  facet normal -0.427972 -0.903792 0
    outer loop
      vertex -23.4955 -22.8731 0
      vertex -23.3935 -22.9214 2.5
      vertex -23.4955 -22.8731 2.5
    endloop
  endfacet
  facet normal -0.427972 -0.903792 -0
    outer loop
      vertex -23.3935 -22.9214 2.5
      vertex -23.4955 -22.8731 0
      vertex -23.3935 -22.9214 0
    endloop
  endfacet
  facet normal -0.513974 -0.857806 0
    outer loop
      vertex -23.3935 -22.9214 0
      vertex -23.2967 -22.9794 2.5
      vertex -23.3935 -22.9214 2.5
    endloop
  endfacet
  facet normal -0.513974 -0.857806 -0
    outer loop
      vertex -23.2967 -22.9794 2.5
      vertex -23.3935 -22.9214 0
      vertex -23.2967 -22.9794 0
    endloop
  endfacet
  facet normal -0.595312 -0.803494 0
    outer loop
      vertex -23.2967 -22.9794 0
      vertex -23.206 -23.0466 2.5
      vertex -23.2967 -22.9794 2.5
    endloop
  endfacet
  facet normal -0.595312 -0.803494 -0
    outer loop
      vertex -23.206 -23.0466 2.5
      vertex -23.2967 -22.9794 0
      vertex -23.206 -23.0466 0
    endloop
  endfacet
  facet normal 0.857806 -0.513974 0
    outer loop
      vertex -24.9498 -23.3935 2.5
      vertex -24.8918 -23.2967 0
      vertex -24.8918 -23.2967 2.5
    endloop
  endfacet
  facet normal 0.857806 -0.513974 0
    outer loop
      vertex -24.8918 -23.2967 0
      vertex -24.9498 -23.3935 2.5
      vertex -24.9498 -23.3935 0
    endloop
  endfacet
  facet normal 0.803071 -0.595884 0
    outer loop
      vertex -24.8918 -23.2967 2.5
      vertex -24.8245 -23.206 0
      vertex -24.8245 -23.206 2.5
    endloop
  endfacet
  facet normal 0.803071 -0.595884 0
    outer loop
      vertex -24.8245 -23.206 0
      vertex -24.8918 -23.2967 2.5
      vertex -24.8918 -23.2967 0
    endloop
  endfacet
  facet normal 0.99877 -0.0495843 0
    outer loop
      vertex -25.0856 -23.9356 2.5
      vertex -25.08 -23.8228 0
      vertex -25.08 -23.8228 2.5
    endloop
  endfacet
  facet normal 0.99877 -0.0495843 0
    outer loop
      vertex -25.08 -23.8228 0
      vertex -25.0856 -23.9356 2.5
      vertex -25.0856 -23.9356 0
    endloop
  endfacet
  facet normal 0.969881 -0.243578 0
    outer loop
      vertex -25.0635 -23.7112 2.5
      vertex -25.036 -23.6017 0
      vertex -25.036 -23.6017 2.5
    endloop
  endfacet
  facet normal 0.969881 -0.243578 0
    outer loop
      vertex -25.036 -23.6017 0
      vertex -25.0635 -23.7112 2.5
      vertex -25.0635 -23.7112 0
    endloop
  endfacet
  facet normal 0.513974 -0.857806 0
    outer loop
      vertex -24.5745 -22.9794 0
      vertex -24.4777 -22.9214 2.5
      vertex -24.5745 -22.9794 2.5
    endloop
  endfacet
  facet normal 0.513974 -0.857806 0
    outer loop
      vertex -24.4777 -22.9214 2.5
      vertex -24.5745 -22.9794 0
      vertex -24.4777 -22.9214 0
    endloop
  endfacet
  facet normal 0.336617 -0.941642 0
    outer loop
      vertex -24.3757 -22.8731 0
      vertex -24.2694 -22.8351 2.5
      vertex -24.3757 -22.8731 2.5
    endloop
  endfacet
  facet normal 0.336617 -0.941642 0
    outer loop
      vertex -24.2694 -22.8351 2.5
      vertex -24.3757 -22.8731 0
      vertex -24.2694 -22.8351 0
    endloop
  endfacet
  facet normal 0.242744 -0.97009 0
    outer loop
      vertex -24.2694 -22.8351 0
      vertex -24.1599 -22.8077 2.5
      vertex -24.2694 -22.8351 2.5
    endloop
  endfacet
  facet normal 0.242744 -0.97009 0
    outer loop
      vertex -24.1599 -22.8077 2.5
      vertex -24.2694 -22.8351 0
      vertex -24.1599 -22.8077 0
    endloop
  endfacet
  facet normal -0.740822 0.671702 0
    outer loop
      vertex 24.7487 -24.7487 0
      vertex 24.8245 -24.6651 2.5
      vertex 24.8245 -24.6651 0
    endloop
  endfacet
  facet normal -0.740822 0.671702 0
    outer loop
      vertex 24.8245 -24.6651 2.5
      vertex 24.7487 -24.7487 0
      vertex 24.7487 -24.7487 2.5
    endloop
  endfacet
  facet normal 0.740822 -0.671702 0
    outer loop
      vertex 23.0466 -23.206 2.5
      vertex 23.1224 -23.1224 0
      vertex 23.1224 -23.1224 2.5
    endloop
  endfacet
  facet normal 0.740822 -0.671702 0
    outer loop
      vertex 23.1224 -23.1224 0
      vertex 23.0466 -23.206 2.5
      vertex 23.0466 -23.206 0
    endloop
  endfacet
  facet normal -0.671702 -0.740822 0
    outer loop
      vertex 24.6651 -23.0466 0
      vertex 24.7487 -23.1224 2.5
      vertex 24.6651 -23.0466 2.5
    endloop
  endfacet
  facet normal -0.671702 -0.740822 -0
    outer loop
      vertex 24.7487 -23.1224 2.5
      vertex 24.6651 -23.0466 0
      vertex 24.7487 -23.1224 0
    endloop
  endfacet
  facet normal 0.671702 0.740822 -0
    outer loop
      vertex 23.206 -24.8245 0
      vertex 23.1224 -24.7487 2.5
      vertex 23.206 -24.8245 2.5
    endloop
  endfacet
  facet normal 0.671702 0.740822 0
    outer loop
      vertex 23.1224 -24.7487 2.5
      vertex 23.206 -24.8245 0
      vertex 23.1224 -24.7487 0
    endloop
  endfacet
  facet normal -0.99877 -0.0495843 0
    outer loop
      vertex 25.0856 -23.9356 0
      vertex 25.08 -23.8228 2.5
      vertex 25.08 -23.8228 0
    endloop
  endfacet
  facet normal -0.99877 -0.0495843 0
    outer loop
      vertex 25.08 -23.8228 2.5
      vertex 25.0856 -23.9356 0
      vertex 25.0856 -23.9356 2.5
    endloop
  endfacet
  facet normal 0.048701 -0.998813 0
    outer loop
      vertex 23.8228 -22.7911 0
      vertex 23.9356 -22.7856 2.5
      vertex 23.8228 -22.7911 2.5
    endloop
  endfacet
  facet normal 0.048701 -0.998813 0
    outer loop
      vertex 23.9356 -22.7856 2.5
      vertex 23.8228 -22.7911 0
      vertex 23.9356 -22.7856 0
    endloop
  endfacet
  facet normal -0.336617 -0.941642 0
    outer loop
      vertex 24.2694 -22.8351 0
      vertex 24.3757 -22.8731 2.5
      vertex 24.2694 -22.8351 2.5
    endloop
  endfacet
  facet normal -0.336617 -0.941642 -0
    outer loop
      vertex 24.3757 -22.8731 2.5
      vertex 24.2694 -22.8351 0
      vertex 24.3757 -22.8731 0
    endloop
  endfacet
  facet normal -0.904135 -0.427248 0
    outer loop
      vertex 24.998 -23.4955 0
      vertex 24.9498 -23.3935 2.5
      vertex 24.9498 -23.3935 0
    endloop
  endfacet
  facet normal -0.904135 -0.427248 0
    outer loop
      vertex 24.9498 -23.3935 2.5
      vertex 24.998 -23.4955 0
      vertex 24.998 -23.4955 2.5
    endloop
  endfacet
  facet normal -0.969881 -0.243578 0
    outer loop
      vertex 25.0635 -23.7112 0
      vertex 25.036 -23.6017 2.5
      vertex 25.036 -23.6017 0
    endloop
  endfacet
  facet normal -0.969881 -0.243578 0
    outer loop
      vertex 25.036 -23.6017 2.5
      vertex 25.0635 -23.7112 0
      vertex 25.0635 -23.7112 2.5
    endloop
  endfacet
  facet normal 0.427972 -0.903792 0
    outer loop
      vertex 23.3935 -22.9214 0
      vertex 23.4955 -22.8731 2.5
      vertex 23.3935 -22.9214 2.5
    endloop
  endfacet
  facet normal 0.427972 -0.903792 0
    outer loop
      vertex 23.4955 -22.8731 2.5
      vertex 23.3935 -22.9214 0
      vertex 23.4955 -22.8731 0
    endloop
  endfacet
  facet normal -0.513974 -0.857806 0
    outer loop
      vertex 24.4777 -22.9214 0
      vertex 24.5745 -22.9794 2.5
      vertex 24.4777 -22.9214 2.5
    endloop
  endfacet
  facet normal -0.513974 -0.857806 -0
    outer loop
      vertex 24.5745 -22.9794 2.5
      vertex 24.4777 -22.9214 0
      vertex 24.5745 -22.9794 0
    endloop
  endfacet
  facet normal 0.427248 0.904135 -0
    outer loop
      vertex 23.4955 -24.998 0
      vertex 23.3935 -24.9498 2.5
      vertex 23.4955 -24.998 2.5
    endloop
  endfacet
  facet normal 0.427248 0.904135 0
    outer loop
      vertex 23.3935 -24.9498 2.5
      vertex 23.4955 -24.998 0
      vertex 23.3935 -24.9498 0
    endloop
  endfacet
  facet normal -0.802756 0.596308 0
    outer loop
      vertex 24.8245 -24.6651 0
      vertex 24.8918 -24.5745 2.5
      vertex 24.8918 -24.5745 0
    endloop
  endfacet
  facet normal -0.802756 0.596308 0
    outer loop
      vertex 24.8918 -24.5745 2.5
      vertex 24.8245 -24.6651 0
      vertex 24.8245 -24.6651 2.5
    endloop
  endfacet
  facet normal -0.904135 0.427248 0
    outer loop
      vertex 24.9498 -24.4777 0
      vertex 24.998 -24.3757 2.5
      vertex 24.998 -24.3757 0
    endloop
  endfacet
  facet normal -0.904135 0.427248 0
    outer loop
      vertex 24.998 -24.3757 2.5
      vertex 24.9498 -24.4777 0
      vertex 24.9498 -24.4777 2.5
    endloop
  endfacet
  facet normal -0.998768 0.0496282 0
    outer loop
      vertex 25.08 -24.0483 0
      vertex 25.0856 -23.9356 2.5
      vertex 25.0856 -23.9356 0
    endloop
  endfacet
  facet normal -0.998768 0.0496282 0
    outer loop
      vertex 25.0856 -23.9356 2.5
      vertex 25.08 -24.0483 0
      vertex 25.08 -24.0483 2.5
    endloop
  endfacet
  facet normal -0.969881 0.243578 0
    outer loop
      vertex 25.036 -24.2694 0
      vertex 25.0635 -24.1599 2.5
      vertex 25.0635 -24.1599 0
    endloop
  endfacet
  facet normal -0.969881 0.243578 0
    outer loop
      vertex 25.0635 -24.1599 2.5
      vertex 25.036 -24.2694 0
      vertex 25.036 -24.2694 2.5
    endloop
  endfacet
  facet normal -0.803071 -0.595884 0
    outer loop
      vertex 24.8918 -23.2967 0
      vertex 24.8245 -23.206 2.5
      vertex 24.8245 -23.206 0
    endloop
  endfacet
  facet normal -0.803071 -0.595884 0
    outer loop
      vertex 24.8245 -23.206 2.5
      vertex 24.8918 -23.2967 0
      vertex 24.8918 -23.2967 2.5
    endloop
  endfacet
  facet normal -0.857806 -0.513974 0
    outer loop
      vertex 24.9498 -23.3935 0
      vertex 24.8918 -23.2967 2.5
      vertex 24.8918 -23.2967 0
    endloop
  endfacet
  facet normal -0.857806 -0.513974 0
    outer loop
      vertex 24.8918 -23.2967 2.5
      vertex 24.9498 -23.3935 0
      vertex 24.9498 -23.3935 2.5
    endloop
  endfacet
  facet normal -0.740822 -0.671702 0
    outer loop
      vertex 24.8245 -23.206 0
      vertex 24.7487 -23.1224 2.5
      vertex 24.7487 -23.1224 0
    endloop
  endfacet
  facet normal -0.740822 -0.671702 0
    outer loop
      vertex 24.7487 -23.1224 2.5
      vertex 24.8245 -23.206 0
      vertex 24.8245 -23.206 2.5
    endloop
  endfacet
  facet normal -0.941541 -0.336898 0
    outer loop
      vertex 25.036 -23.6017 0
      vertex 24.998 -23.4955 2.5
      vertex 24.998 -23.4955 0
    endloop
  endfacet
  facet normal -0.941541 -0.336898 0
    outer loop
      vertex 24.998 -23.4955 2.5
      vertex 25.036 -23.6017 0
      vertex 25.036 -23.6017 2.5
    endloop
  endfacet
  facet normal -0.989246 -0.14626 0
    outer loop
      vertex 25.08 -23.8228 0
      vertex 25.0635 -23.7112 2.5
      vertex 25.0635 -23.7112 0
    endloop
  endfacet
  facet normal -0.989246 -0.14626 0
    outer loop
      vertex 25.0635 -23.7112 2.5
      vertex 25.08 -23.8228 0
      vertex 25.08 -23.8228 2.5
    endloop
  endfacet
  facet normal 0.595312 -0.803494 0
    outer loop
      vertex 23.206 -23.0466 0
      vertex 23.2967 -22.9794 2.5
      vertex 23.206 -23.0466 2.5
    endloop
  endfacet
  facet normal 0.595312 -0.803494 0
    outer loop
      vertex 23.2967 -22.9794 2.5
      vertex 23.206 -23.0466 0
      vertex 23.2967 -22.9794 0
    endloop
  endfacet
  facet normal 0.242744 -0.97009 0
    outer loop
      vertex 23.6017 -22.8351 0
      vertex 23.7112 -22.8077 2.5
      vertex 23.6017 -22.8351 2.5
    endloop
  endfacet
  facet normal 0.242744 -0.97009 0
    outer loop
      vertex 23.7112 -22.8077 2.5
      vertex 23.6017 -22.8351 0
      vertex 23.7112 -22.8077 0
    endloop
  endfacet
  facet normal 0.147127 -0.989118 0
    outer loop
      vertex 23.7112 -22.8077 0
      vertex 23.8228 -22.7911 2.5
      vertex 23.7112 -22.8077 2.5
    endloop
  endfacet
  facet normal 0.147127 -0.989118 0
    outer loop
      vertex 23.8228 -22.7911 2.5
      vertex 23.7112 -22.8077 0
      vertex 23.8228 -22.7911 0
    endloop
  endfacet
  facet normal 0.336898 -0.941541 0
    outer loop
      vertex 23.4955 -22.8731 0
      vertex 23.6017 -22.8351 2.5
      vertex 23.4955 -22.8731 2.5
    endloop
  endfacet
  facet normal 0.336898 -0.941541 0
    outer loop
      vertex 23.6017 -22.8351 2.5
      vertex 23.4955 -22.8731 0
      vertex 23.6017 -22.8351 0
    endloop
  endfacet
  facet normal 0.513974 -0.857806 0
    outer loop
      vertex 23.2967 -22.9794 0
      vertex 23.3935 -22.9214 2.5
      vertex 23.2967 -22.9794 2.5
    endloop
  endfacet
  facet normal 0.513974 -0.857806 0
    outer loop
      vertex 23.3935 -22.9214 2.5
      vertex 23.2967 -22.9794 0
      vertex 23.3935 -22.9214 0
    endloop
  endfacet
  facet normal 0.671702 -0.740822 0
    outer loop
      vertex 23.1224 -23.1224 0
      vertex 23.206 -23.0466 2.5
      vertex 23.1224 -23.1224 2.5
    endloop
  endfacet
  facet normal 0.671702 -0.740822 0
    outer loop
      vertex 23.206 -23.0466 2.5
      vertex 23.1224 -23.1224 0
      vertex 23.206 -23.0466 0
    endloop
  endfacet
  facet normal -0.147127 -0.989118 0
    outer loop
      vertex 24.0483 -22.7911 0
      vertex 24.1599 -22.8077 2.5
      vertex 24.0483 -22.7911 2.5
    endloop
  endfacet
  facet normal -0.147127 -0.989118 -0
    outer loop
      vertex 24.1599 -22.8077 2.5
      vertex 24.0483 -22.7911 0
      vertex 24.1599 -22.8077 0
    endloop
  endfacet
  facet normal -0.242744 -0.97009 0
    outer loop
      vertex 24.1599 -22.8077 0
      vertex 24.2694 -22.8351 2.5
      vertex 24.1599 -22.8077 2.5
    endloop
  endfacet
  facet normal -0.242744 -0.97009 -0
    outer loop
      vertex 24.2694 -22.8351 2.5
      vertex 24.1599 -22.8077 0
      vertex 24.2694 -22.8351 0
    endloop
  endfacet
  facet normal -0.0487441 -0.998811 0
    outer loop
      vertex 23.9356 -22.7856 0
      vertex 24.0483 -22.7911 2.5
      vertex 23.9356 -22.7856 2.5
    endloop
  endfacet
  facet normal -0.0487441 -0.998811 -0
    outer loop
      vertex 24.0483 -22.7911 2.5
      vertex 23.9356 -22.7856 0
      vertex 24.0483 -22.7911 0
    endloop
  endfacet
  facet normal -0.427972 -0.903792 0
    outer loop
      vertex 24.3757 -22.8731 0
      vertex 24.4777 -22.9214 2.5
      vertex 24.3757 -22.8731 2.5
    endloop
  endfacet
  facet normal -0.427972 -0.903792 -0
    outer loop
      vertex 24.4777 -22.9214 2.5
      vertex 24.3757 -22.8731 0
      vertex 24.4777 -22.9214 0
    endloop
  endfacet
  facet normal -0.595736 -0.80318 0
    outer loop
      vertex 24.5745 -22.9794 0
      vertex 24.6651 -23.0466 2.5
      vertex 24.5745 -22.9794 2.5
    endloop
  endfacet
  facet normal -0.595736 -0.80318 -0
    outer loop
      vertex 24.6651 -23.0466 2.5
      vertex 24.5745 -22.9794 0
      vertex 24.6651 -23.0466 0
    endloop
  endfacet
  facet normal -0.671702 0.740822 0
    outer loop
      vertex 24.7487 -24.7487 0
      vertex 24.6651 -24.8245 2.5
      vertex 24.7487 -24.7487 2.5
    endloop
  endfacet
  facet normal -0.671702 0.740822 0
    outer loop
      vertex 24.6651 -24.8245 2.5
      vertex 24.7487 -24.7487 0
      vertex 24.6651 -24.8245 0
    endloop
  endfacet
  facet normal -0.0496282 0.998768 0
    outer loop
      vertex 24.0483 -25.08 0
      vertex 23.9356 -25.0856 2.5
      vertex 24.0483 -25.08 2.5
    endloop
  endfacet
  facet normal -0.0496282 0.998768 0
    outer loop
      vertex 23.9356 -25.0856 2.5
      vertex 24.0483 -25.08 0
      vertex 23.9356 -25.0856 0
    endloop
  endfacet
  facet normal 0.97009 -0.242744 0
    outer loop
      vertex 22.8077 -23.7112 2.5
      vertex 22.8351 -23.6017 0
      vertex 22.8351 -23.6017 2.5
    endloop
  endfacet
  facet normal 0.97009 -0.242744 0
    outer loop
      vertex 22.8351 -23.6017 0
      vertex 22.8077 -23.7112 2.5
      vertex 22.8077 -23.7112 0
    endloop
  endfacet
  facet normal -0.857806 0.513974 0
    outer loop
      vertex 24.8918 -24.5745 0
      vertex 24.9498 -24.4777 2.5
      vertex 24.9498 -24.4777 0
    endloop
  endfacet
  facet normal -0.857806 0.513974 0
    outer loop
      vertex 24.9498 -24.4777 2.5
      vertex 24.8918 -24.5745 0
      vertex 24.8918 -24.5745 2.5
    endloop
  endfacet
  facet normal -0.941642 0.336617 0
    outer loop
      vertex 24.998 -24.3757 0
      vertex 25.036 -24.2694 2.5
      vertex 25.036 -24.2694 0
    endloop
  endfacet
  facet normal -0.941642 0.336617 0
    outer loop
      vertex 25.036 -24.2694 2.5
      vertex 24.998 -24.3757 0
      vertex 24.998 -24.3757 2.5
    endloop
  endfacet
  facet normal -0.989246 0.14626 0
    outer loop
      vertex 25.0635 -24.1599 0
      vertex 25.08 -24.0483 2.5
      vertex 25.08 -24.0483 0
    endloop
  endfacet
  facet normal -0.989246 0.14626 0
    outer loop
      vertex 25.08 -24.0483 2.5
      vertex 25.0635 -24.1599 0
      vertex 25.0635 -24.1599 2.5
    endloop
  endfacet
  facet normal -0.427248 0.904135 0
    outer loop
      vertex 24.4777 -24.9498 0
      vertex 24.3757 -24.998 2.5
      vertex 24.4777 -24.9498 2.5
    endloop
  endfacet
  facet normal -0.427248 0.904135 0
    outer loop
      vertex 24.3757 -24.998 2.5
      vertex 24.4777 -24.9498 0
      vertex 24.3757 -24.998 0
    endloop
  endfacet
  facet normal -0.596308 0.802756 0
    outer loop
      vertex 24.6651 -24.8245 0
      vertex 24.5745 -24.8918 2.5
      vertex 24.6651 -24.8245 2.5
    endloop
  endfacet
  facet normal -0.596308 0.802756 0
    outer loop
      vertex 24.5745 -24.8918 2.5
      vertex 24.6651 -24.8245 0
      vertex 24.5745 -24.8918 0
    endloop
  endfacet
  facet normal -0.513974 0.857806 0
    outer loop
      vertex 24.5745 -24.8918 0
      vertex 24.4777 -24.9498 2.5
      vertex 24.5745 -24.8918 2.5
    endloop
  endfacet
  facet normal -0.513974 0.857806 0
    outer loop
      vertex 24.4777 -24.9498 2.5
      vertex 24.5745 -24.8918 0
      vertex 24.4777 -24.9498 0
    endloop
  endfacet
  facet normal 0.0495843 0.99877 -0
    outer loop
      vertex 23.9356 -25.0856 0
      vertex 23.8228 -25.08 2.5
      vertex 23.9356 -25.0856 2.5
    endloop
  endfacet
  facet normal 0.0495843 0.99877 0
    outer loop
      vertex 23.8228 -25.08 2.5
      vertex 23.9356 -25.0856 0
      vertex 23.8228 -25.08 0
    endloop
  endfacet
  facet normal -0.336617 0.941642 0
    outer loop
      vertex 24.3757 -24.998 0
      vertex 24.2694 -25.036 2.5
      vertex 24.3757 -24.998 2.5
    endloop
  endfacet
  facet normal -0.336617 0.941642 0
    outer loop
      vertex 24.2694 -25.036 2.5
      vertex 24.3757 -24.998 0
      vertex 24.2694 -25.036 0
    endloop
  endfacet
  facet normal -0.14626 0.989246 0
    outer loop
      vertex 24.1599 -25.0635 0
      vertex 24.0483 -25.08 2.5
      vertex 24.1599 -25.0635 2.5
    endloop
  endfacet
  facet normal -0.14626 0.989246 0
    outer loop
      vertex 24.0483 -25.08 2.5
      vertex 24.1599 -25.0635 0
      vertex 24.0483 -25.08 0
    endloop
  endfacet
  facet normal 0.989118 -0.147127 0
    outer loop
      vertex 22.7911 -23.8228 2.5
      vertex 22.8077 -23.7112 0
      vertex 22.8077 -23.7112 2.5
    endloop
  endfacet
  facet normal 0.989118 -0.147127 0
    outer loop
      vertex 22.8077 -23.7112 0
      vertex 22.7911 -23.8228 2.5
      vertex 22.7911 -23.8228 0
    endloop
  endfacet
  facet normal 0.595884 0.803071 -0
    outer loop
      vertex 23.2967 -24.8918 0
      vertex 23.206 -24.8245 2.5
      vertex 23.2967 -24.8918 2.5
    endloop
  endfacet
  facet normal 0.595884 0.803071 0
    outer loop
      vertex 23.206 -24.8245 2.5
      vertex 23.2967 -24.8918 0
      vertex 23.206 -24.8245 0
    endloop
  endfacet
  facet normal 0.336898 0.941541 -0
    outer loop
      vertex 23.6017 -25.036 0
      vertex 23.4955 -24.998 2.5
      vertex 23.6017 -25.036 2.5
    endloop
  endfacet
  facet normal 0.336898 0.941541 0
    outer loop
      vertex 23.4955 -24.998 2.5
      vertex 23.6017 -25.036 0
      vertex 23.4955 -24.998 0
    endloop
  endfacet
  facet normal 0.243578 0.969881 -0
    outer loop
      vertex 23.7112 -25.0635 0
      vertex 23.6017 -25.036 2.5
      vertex 23.7112 -25.0635 2.5
    endloop
  endfacet
  facet normal 0.243578 0.969881 0
    outer loop
      vertex 23.6017 -25.036 2.5
      vertex 23.7112 -25.0635 0
      vertex 23.6017 -25.036 0
    endloop
  endfacet
  facet normal 0.14626 0.989246 -0
    outer loop
      vertex 23.8228 -25.08 0
      vertex 23.7112 -25.0635 2.5
      vertex 23.8228 -25.08 2.5
    endloop
  endfacet
  facet normal 0.14626 0.989246 0
    outer loop
      vertex 23.7112 -25.0635 2.5
      vertex 23.8228 -25.08 0
      vertex 23.7112 -25.0635 0
    endloop
  endfacet
  facet normal -0.243578 0.969881 0
    outer loop
      vertex 24.2694 -25.036 0
      vertex 24.1599 -25.0635 2.5
      vertex 24.2694 -25.036 2.5
    endloop
  endfacet
  facet normal -0.243578 0.969881 0
    outer loop
      vertex 24.1599 -25.0635 2.5
      vertex 24.2694 -25.036 0
      vertex 24.1599 -25.0635 0
    endloop
  endfacet
  facet normal 0.740822 0.671702 0
    outer loop
      vertex 23.1224 -24.7487 2.5
      vertex 23.0466 -24.6651 0
      vertex 23.0466 -24.6651 2.5
    endloop
  endfacet
  facet normal 0.740822 0.671702 0
    outer loop
      vertex 23.0466 -24.6651 0
      vertex 23.1224 -24.7487 2.5
      vertex 23.1224 -24.7487 0
    endloop
  endfacet
  facet normal 0.80318 0.595736 0
    outer loop
      vertex 23.0466 -24.6651 2.5
      vertex 22.9794 -24.5745 0
      vertex 22.9794 -24.5745 2.5
    endloop
  endfacet
  facet normal 0.80318 0.595736 0
    outer loop
      vertex 22.9794 -24.5745 0
      vertex 23.0466 -24.6651 2.5
      vertex 23.0466 -24.6651 0
    endloop
  endfacet
  facet normal 0.989118 0.147127 0
    outer loop
      vertex 22.8077 -24.1599 2.5
      vertex 22.7911 -24.0483 0
      vertex 22.7911 -24.0483 2.5
    endloop
  endfacet
  facet normal 0.989118 0.147127 0
    outer loop
      vertex 22.7911 -24.0483 0
      vertex 22.8077 -24.1599 2.5
      vertex 22.8077 -24.1599 0
    endloop
  endfacet
  facet normal 0.903792 0.427972 0
    outer loop
      vertex 22.9214 -24.4777 2.5
      vertex 22.8731 -24.3757 0
      vertex 22.8731 -24.3757 2.5
    endloop
  endfacet
  facet normal 0.903792 0.427972 0
    outer loop
      vertex 22.8731 -24.3757 0
      vertex 22.9214 -24.4777 2.5
      vertex 22.9214 -24.4777 0
    endloop
  endfacet
  facet normal 0.998811 0.0487441 0
    outer loop
      vertex 22.7911 -24.0483 2.5
      vertex 22.7856 -23.9356 0
      vertex 22.7856 -23.9356 2.5
    endloop
  endfacet
  facet normal 0.998811 0.0487441 0
    outer loop
      vertex 22.7856 -23.9356 0
      vertex 22.7911 -24.0483 2.5
      vertex 22.7911 -24.0483 0
    endloop
  endfacet
  facet normal 0.998813 -0.048701 0
    outer loop
      vertex 22.7856 -23.9356 2.5
      vertex 22.7911 -23.8228 0
      vertex 22.7911 -23.8228 2.5
    endloop
  endfacet
  facet normal 0.998813 -0.048701 0
    outer loop
      vertex 22.7911 -23.8228 0
      vertex 22.7856 -23.9356 2.5
      vertex 22.7856 -23.9356 0
    endloop
  endfacet
  facet normal 0.941541 -0.336898 0
    outer loop
      vertex 22.8351 -23.6017 2.5
      vertex 22.8731 -23.4955 0
      vertex 22.8731 -23.4955 2.5
    endloop
  endfacet
  facet normal 0.941541 -0.336898 0
    outer loop
      vertex 22.8731 -23.4955 0
      vertex 22.8351 -23.6017 2.5
      vertex 22.8351 -23.6017 0
    endloop
  endfacet
  facet normal 0.903792 -0.427972 0
    outer loop
      vertex 22.8731 -23.4955 2.5
      vertex 22.9214 -23.3935 0
      vertex 22.9214 -23.3935 2.5
    endloop
  endfacet
  facet normal 0.903792 -0.427972 0
    outer loop
      vertex 22.9214 -23.3935 0
      vertex 22.8731 -23.4955 2.5
      vertex 22.8731 -23.4955 0
    endloop
  endfacet
  facet normal 0.857806 -0.513974 0
    outer loop
      vertex 22.9214 -23.3935 2.5
      vertex 22.9794 -23.2967 0
      vertex 22.9794 -23.2967 2.5
    endloop
  endfacet
  facet normal 0.857806 -0.513974 0
    outer loop
      vertex 22.9794 -23.2967 0
      vertex 22.9214 -23.3935 2.5
      vertex 22.9214 -23.3935 0
    endloop
  endfacet
  facet normal 0.803494 -0.595312 0
    outer loop
      vertex 22.9794 -23.2967 2.5
      vertex 23.0466 -23.206 0
      vertex 23.0466 -23.206 2.5
    endloop
  endfacet
  facet normal 0.803494 -0.595312 0
    outer loop
      vertex 23.0466 -23.206 0
      vertex 22.9794 -23.2967 2.5
      vertex 22.9794 -23.2967 0
    endloop
  endfacet
  facet normal 0.513974 0.857806 -0
    outer loop
      vertex 23.3935 -24.9498 0
      vertex 23.2967 -24.8918 2.5
      vertex 23.3935 -24.9498 2.5
    endloop
  endfacet
  facet normal 0.513974 0.857806 0
    outer loop
      vertex 23.2967 -24.8918 2.5
      vertex 23.3935 -24.9498 0
      vertex 23.2967 -24.8918 0
    endloop
  endfacet
  facet normal 0.857806 0.513974 0
    outer loop
      vertex 22.9794 -24.5745 2.5
      vertex 22.9214 -24.4777 0
      vertex 22.9214 -24.4777 2.5
    endloop
  endfacet
  facet normal 0.857806 0.513974 0
    outer loop
      vertex 22.9214 -24.4777 0
      vertex 22.9794 -24.5745 2.5
      vertex 22.9794 -24.5745 0
    endloop
  endfacet
  facet normal 0.941642 0.336617 0
    outer loop
      vertex 22.8731 -24.3757 2.5
      vertex 22.8351 -24.2694 0
      vertex 22.8351 -24.2694 2.5
    endloop
  endfacet
  facet normal 0.941642 0.336617 0
    outer loop
      vertex 22.8351 -24.2694 0
      vertex 22.8731 -24.3757 2.5
      vertex 22.8731 -24.3757 0
    endloop
  endfacet
  facet normal 0.97009 0.242744 0
    outer loop
      vertex 22.8351 -24.2694 2.5
      vertex 22.8077 -24.1599 0
      vertex 22.8077 -24.1599 2.5
    endloop
  endfacet
  facet normal 0.97009 0.242744 0
    outer loop
      vertex 22.8077 -24.1599 0
      vertex 22.8351 -24.2694 2.5
      vertex 22.8351 -24.2694 0
    endloop
  endfacet
  facet normal -0.998794 -0.0491061 0
    outer loop
      vertex 31.65 0 0
      vertex 31.6247 0.514589 0.79
      vertex 31.6247 0.514589 0
    endloop
  endfacet
  facet normal -0.998794 -0.0491061 0
    outer loop
      vertex 31.6247 0.514589 0.79
      vertex 31.65 0 0
      vertex 31.65 0 0.79
    endloop
  endfacet
  facet normal 0.998794 -0.0491061 0
    outer loop
      vertex 21.15 0 0.79
      vertex 21.1753 0.514589 0
      vertex 21.1753 0.514589 0.79
    endloop
  endfacet
  facet normal 0.998794 -0.0491061 0
    outer loop
      vertex 21.1753 0.514589 0
      vertex 21.15 0 0.79
      vertex 21.15 0 0
    endloop
  endfacet
  facet normal -0.0490664 -0.998796 0
    outer loop
      vertex 26.4 5.25 0
      vertex 26.9146 5.22472 0.79
      vertex 26.4 5.25 0.79
    endloop
  endfacet
  facet normal -0.0490664 -0.998796 -0
    outer loop
      vertex 26.9146 5.22472 0.79
      vertex 26.4 5.25 0
      vertex 26.9146 5.22472 0
    endloop
  endfacet
  facet normal -0.671599 -0.740915 0
    outer loop
      vertex 29.7306 4.0583 0
      vertex 30.1123 3.71231 0.79
      vertex 29.7306 4.0583 0.79
    endloop
  endfacet
  facet normal -0.671599 -0.740915 -0
    outer loop
      vertex 30.1123 3.71231 0.79
      vertex 29.7306 4.0583 0
      vertex 30.1123 3.71231 0
    endloop
  endfacet
  facet normal 0.671599 -0.740915 0
    outer loop
      vertex 22.6877 3.71231 0
      vertex 23.0694 4.0583 0.79
      vertex 22.6877 3.71231 0.79
    endloop
  endfacet
  facet normal 0.671599 -0.740915 0
    outer loop
      vertex 23.0694 4.0583 0.79
      vertex 22.6877 3.71231 0
      vertex 23.0694 4.0583 0
    endloop
  endfacet
  facet normal 0.336887 -0.941545 0
    outer loop
      vertex 24.3909 4.85037 0
      vertex 24.876 5.02394 0.79
      vertex 24.3909 4.85037 0.79
    endloop
  endfacet
  facet normal 0.336887 -0.941545 0
    outer loop
      vertex 24.876 5.02394 0.79
      vertex 24.3909 4.85037 0
      vertex 24.876 5.02394 0
    endloop
  endfacet
  facet normal 0.970025 0.243006 0
    outer loop
      vertex 21.3761 -1.52399 0.79
      vertex 21.2509 -1.02422 0
      vertex 21.2509 -1.02422 0.79
    endloop
  endfacet
  facet normal 0.970025 0.243006 0
    outer loop
      vertex 21.2509 -1.02422 0
      vertex 21.3761 -1.52399 0.79
      vertex 21.3761 -1.52399 0
    endloop
  endfacet
  facet normal -0.903973 -0.427589 0
    outer loop
      vertex 31.2504 2.00909 0
      vertex 31.0301 2.47483 0.79
      vertex 31.0301 2.47483 0
    endloop
  endfacet
  facet normal -0.903973 -0.427589 0
    outer loop
      vertex 31.0301 2.47483 0.79
      vertex 31.2504 2.00909 0
      vertex 31.2504 2.00909 0.79
    endloop
  endfacet
  facet normal -0.336887 -0.941545 0
    outer loop
      vertex 27.924 5.02394 0
      vertex 28.4091 4.85037 0.79
      vertex 27.924 5.02394 0.79
    endloop
  endfacet
  facet normal -0.336887 -0.941545 -0
    outer loop
      vertex 28.4091 4.85037 0.79
      vertex 27.924 5.02394 0
      vertex 28.4091 4.85037 0
    endloop
  endfacet
  facet normal -0.242956 -0.970037 0
    outer loop
      vertex 27.4242 5.14912 0
      vertex 27.924 5.02394 0.79
      vertex 27.4242 5.14912 0.79
    endloop
  endfacet
  facet normal -0.242956 -0.970037 -0
    outer loop
      vertex 27.924 5.02394 0.79
      vertex 27.4242 5.14912 0
      vertex 27.924 5.02394 0
    endloop
  endfacet
  facet normal 0.857703 -0.514145 0
    outer loop
      vertex 21.7699 2.47483 0.79
      vertex 22.0348 2.91674 0
      vertex 22.0348 2.91674 0.79
    endloop
  endfacet
  facet normal 0.857703 -0.514145 0
    outer loop
      vertex 22.0348 2.91674 0
      vertex 21.7699 2.47483 0.79
      vertex 21.7699 2.47483 0
    endloop
  endfacet
  facet normal 0.803217 -0.595687 0
    outer loop
      vertex 22.0348 2.91674 0.79
      vertex 22.3417 3.33056 0
      vertex 22.3417 3.33056 0.79
    endloop
  endfacet
  facet normal 0.803217 -0.595687 0
    outer loop
      vertex 22.3417 3.33056 0
      vertex 22.0348 2.91674 0.79
      vertex 22.0348 2.91674 0
    endloop
  endfacet
  facet normal 0.146746 -0.989174 0
    outer loop
      vertex 25.3758 5.14912 0
      vertex 25.8854 5.22472 0.79
      vertex 25.3758 5.14912 0.79
    endloop
  endfacet
  facet normal 0.146746 -0.989174 0
    outer loop
      vertex 25.8854 5.22472 0.79
      vertex 25.3758 5.14912 0
      vertex 25.8854 5.22472 0
    endloop
  endfacet
  facet normal -0.903973 0.427589 0
    outer loop
      vertex 31.0301 -2.47483 0
      vertex 31.2504 -2.00909 0.79
      vertex 31.2504 -2.00909 0
    endloop
  endfacet
  facet normal -0.903973 0.427589 0
    outer loop
      vertex 31.2504 -2.00909 0.79
      vertex 31.0301 -2.47483 0
      vertex 31.0301 -2.47483 0.79
    endloop
  endfacet
  facet normal -0.336887 0.941545 0
    outer loop
      vertex 28.4091 -4.85037 0
      vertex 27.924 -5.02394 0.79
      vertex 28.4091 -4.85037 0.79
    endloop
  endfacet
  facet normal -0.336887 0.941545 0
    outer loop
      vertex 27.924 -5.02394 0.79
      vertex 28.4091 -4.85037 0
      vertex 27.924 -5.02394 0
    endloop
  endfacet
  facet normal -0.740949 0.671561 0
    outer loop
      vertex 30.1123 -3.71231 0
      vertex 30.4583 -3.33056 0.79
      vertex 30.4583 -3.33056 0
    endloop
  endfacet
  facet normal -0.740949 0.671561 0
    outer loop
      vertex 30.4583 -3.33056 0.79
      vertex 30.1123 -3.71231 0
      vertex 30.1123 -3.71231 0.79
    endloop
  endfacet
  facet normal -0.970025 0.243006 0
    outer loop
      vertex 31.4239 -1.52399 0
      vertex 31.5491 -1.02422 0.79
      vertex 31.5491 -1.02422 0
    endloop
  endfacet
  facet normal -0.970025 0.243006 0
    outer loop
      vertex 31.5491 -1.02422 0.79
      vertex 31.4239 -1.52399 0
      vertex 31.4239 -1.52399 0.79
    endloop
  endfacet
  facet normal 0.336887 0.941545 -0
    outer loop
      vertex 24.876 -5.02394 0
      vertex 24.3909 -4.85037 0.79
      vertex 24.876 -5.02394 0.79
    endloop
  endfacet
  facet normal 0.336887 0.941545 0
    outer loop
      vertex 24.3909 -4.85037 0.79
      vertex 24.876 -5.02394 0
      vertex 24.3909 -4.85037 0
    endloop
  endfacet
  facet normal 0.740949 0.671561 0
    outer loop
      vertex 22.6877 -3.71231 0.79
      vertex 22.3417 -3.33056 0
      vertex 22.3417 -3.33056 0.79
    endloop
  endfacet
  facet normal 0.740949 0.671561 0
    outer loop
      vertex 22.3417 -3.33056 0
      vertex 22.6877 -3.71231 0.79
      vertex 22.6877 -3.71231 0
    endloop
  endfacet
  facet normal 0.803217 0.595687 0
    outer loop
      vertex 22.3417 -3.33056 0.79
      vertex 22.0348 -2.91674 0
      vertex 22.0348 -2.91674 0.79
    endloop
  endfacet
  facet normal 0.803217 0.595687 0
    outer loop
      vertex 22.0348 -2.91674 0
      vertex 22.3417 -3.33056 0.79
      vertex 22.3417 -3.33056 0
    endloop
  endfacet
  facet normal -0.970025 -0.243006 0
    outer loop
      vertex 31.5491 1.02422 0
      vertex 31.4239 1.52399 0.79
      vertex 31.4239 1.52399 0
    endloop
  endfacet
  facet normal -0.970025 -0.243006 0
    outer loop
      vertex 31.4239 1.52399 0.79
      vertex 31.5491 1.02422 0
      vertex 31.5491 1.02422 0.79
    endloop
  endfacet
  facet normal -0.989176 -0.146737 0
    outer loop
      vertex 31.6247 0.514589 0
      vertex 31.5491 1.02422 0.79
      vertex 31.5491 1.02422 0
    endloop
  endfacet
  facet normal -0.989176 -0.146737 0
    outer loop
      vertex 31.5491 1.02422 0.79
      vertex 31.6247 0.514589 0
      vertex 31.6247 0.514589 0.79
    endloop
  endfacet
  facet normal -0.941588 -0.336767 0
    outer loop
      vertex 31.4239 1.52399 0
      vertex 31.2504 2.00909 0.79
      vertex 31.2504 2.00909 0
    endloop
  endfacet
  facet normal -0.941588 -0.336767 0
    outer loop
      vertex 31.2504 2.00909 0.79
      vertex 31.4239 1.52399 0
      vertex 31.4239 1.52399 0.79
    endloop
  endfacet
  facet normal -0.803217 -0.595687 0
    outer loop
      vertex 30.7652 2.91674 0
      vertex 30.4583 3.33056 0.79
      vertex 30.4583 3.33056 0
    endloop
  endfacet
  facet normal -0.803217 -0.595687 0
    outer loop
      vertex 30.4583 3.33056 0.79
      vertex 30.7652 2.91674 0
      vertex 30.7652 2.91674 0.79
    endloop
  endfacet
  facet normal -0.857703 -0.514145 0
    outer loop
      vertex 31.0301 2.47483 0
      vertex 30.7652 2.91674 0.79
      vertex 30.7652 2.91674 0
    endloop
  endfacet
  facet normal -0.857703 -0.514145 0
    outer loop
      vertex 30.7652 2.91674 0.79
      vertex 31.0301 2.47483 0
      vertex 31.0301 2.47483 0.79
    endloop
  endfacet
  facet normal -0.146746 -0.989174 0
    outer loop
      vertex 26.9146 5.22472 0
      vertex 27.4242 5.14912 0.79
      vertex 26.9146 5.22472 0.79
    endloop
  endfacet
  facet normal -0.146746 -0.989174 -0
    outer loop
      vertex 27.4242 5.14912 0.79
      vertex 26.9146 5.22472 0
      vertex 27.4242 5.14912 0
    endloop
  endfacet
  facet normal -0.51411 -0.857724 0
    outer loop
      vertex 28.8748 4.63009 0
      vertex 29.3167 4.36522 0.79
      vertex 28.8748 4.63009 0.79
    endloop
  endfacet
  facet normal -0.51411 -0.857724 -0
    outer loop
      vertex 29.3167 4.36522 0.79
      vertex 28.8748 4.63009 0
      vertex 29.3167 4.36522 0
    endloop
  endfacet
  facet normal -0.595638 -0.803253 0
    outer loop
      vertex 29.3167 4.36522 0
      vertex 29.7306 4.0583 0.79
      vertex 29.3167 4.36522 0.79
    endloop
  endfacet
  facet normal -0.595638 -0.803253 -0
    outer loop
      vertex 29.7306 4.0583 0.79
      vertex 29.3167 4.36522 0
      vertex 29.7306 4.0583 0
    endloop
  endfacet
  facet normal 0.970025 -0.243006 0
    outer loop
      vertex 21.2509 1.02422 0.79
      vertex 21.3761 1.52399 0
      vertex 21.3761 1.52399 0.79
    endloop
  endfacet
  facet normal 0.970025 -0.243006 0
    outer loop
      vertex 21.3761 1.52399 0
      vertex 21.2509 1.02422 0.79
      vertex 21.2509 1.02422 0
    endloop
  endfacet
  facet normal 0.903973 -0.427589 0
    outer loop
      vertex 21.5496 2.00909 0.79
      vertex 21.7699 2.47483 0
      vertex 21.7699 2.47483 0.79
    endloop
  endfacet
  facet normal 0.903973 -0.427589 0
    outer loop
      vertex 21.7699 2.47483 0
      vertex 21.5496 2.00909 0.79
      vertex 21.5496 2.00909 0
    endloop
  endfacet
  facet normal 0.989176 -0.146737 0
    outer loop
      vertex 21.1753 0.514589 0.79
      vertex 21.2509 1.02422 0
      vertex 21.2509 1.02422 0.79
    endloop
  endfacet
  facet normal 0.989176 -0.146737 0
    outer loop
      vertex 21.2509 1.02422 0
      vertex 21.1753 0.514589 0.79
      vertex 21.1753 0.514589 0
    endloop
  endfacet
  facet normal 0 0 -1
    outer loop
      vertex 31.6247 -0.514589 0.79
      vertex 31.6247 0.514589 0.79
      vertex 31.65 0 0.79
    endloop
  endfacet
  facet normal 0 0 -1
    outer loop
      vertex 31.5491 -1.02422 0.79
      vertex 31.6247 0.514589 0.79
      vertex 31.6247 -0.514589 0.79
    endloop
  endfacet
  facet normal 0 0 -1
    outer loop
      vertex 31.5491 -1.02422 0.79
      vertex 31.5491 1.02422 0.79
      vertex 31.6247 0.514589 0.79
    endloop
  endfacet
  facet normal 0 0 -1
    outer loop
      vertex 31.4239 -1.52399 0.79
      vertex 31.5491 1.02422 0.79
      vertex 31.5491 -1.02422 0.79
    endloop
  endfacet
  facet normal 0 0 -1
    outer loop
      vertex 31.4239 -1.52399 0.79
      vertex 31.4239 1.52399 0.79
      vertex 31.5491 1.02422 0.79
    endloop
  endfacet
  facet normal 0 0 -1
    outer loop
      vertex 31.2504 -2.00909 0.79
      vertex 31.4239 1.52399 0.79
      vertex 31.4239 -1.52399 0.79
    endloop
  endfacet
  facet normal 0 0 -1
    outer loop
      vertex 31.2504 -2.00909 0.79
      vertex 31.2504 2.00909 0.79
      vertex 31.4239 1.52399 0.79
    endloop
  endfacet
  facet normal 0 0 -1
    outer loop
      vertex 31.0301 -2.47483 0.79
      vertex 31.2504 2.00909 0.79
      vertex 31.2504 -2.00909 0.79
    endloop
  endfacet
  facet normal 0 0 -1
    outer loop
      vertex 31.0301 -2.47483 0.79
      vertex 31.0301 2.47483 0.79
      vertex 31.2504 2.00909 0.79
    endloop
  endfacet
  facet normal 0 0 -1
    outer loop
      vertex 30.7652 -2.91674 0.79
      vertex 31.0301 2.47483 0.79
      vertex 31.0301 -2.47483 0.79
    endloop
  endfacet
  facet normal 0 0 -1
    outer loop
      vertex 30.7652 -2.91674 0.79
      vertex 30.7652 2.91674 0.79
      vertex 31.0301 2.47483 0.79
    endloop
  endfacet
  facet normal 0 0 -1
    outer loop
      vertex 30.4583 -3.33056 0.79
      vertex 30.7652 2.91674 0.79
      vertex 30.7652 -2.91674 0.79
    endloop
  endfacet
  facet normal 0 0 -1
    outer loop
      vertex 30.4583 -3.33056 0.79
      vertex 30.4583 3.33056 0.79
      vertex 30.7652 2.91674 0.79
    endloop
  endfacet
  facet normal 0 0 -1
    outer loop
      vertex 30.1123 -3.71231 0.79
      vertex 30.4583 3.33056 0.79
      vertex 30.4583 -3.33056 0.79
    endloop
  endfacet
  facet normal 0 0 -1
    outer loop
      vertex 30.1123 -3.71231 0.79
      vertex 30.1123 3.71231 0.79
      vertex 30.4583 3.33056 0.79
    endloop
  endfacet
  facet normal 0 0 -1
    outer loop
      vertex 29.7306 -4.0583 0.79
      vertex 30.1123 3.71231 0.79
      vertex 30.1123 -3.71231 0.79
    endloop
  endfacet
  facet normal 0 0 -1
    outer loop
      vertex 29.7306 -4.0583 0.79
      vertex 29.7306 4.0583 0.79
      vertex 30.1123 3.71231 0.79
    endloop
  endfacet
  facet normal 0 0 -1
    outer loop
      vertex 29.3167 -4.36522 0.79
      vertex 29.7306 4.0583 0.79
      vertex 29.7306 -4.0583 0.79
    endloop
  endfacet
  facet normal 0 0 -1
    outer loop
      vertex 29.3167 -4.36522 0.79
      vertex 29.3167 4.36522 0.79
      vertex 29.7306 4.0583 0.79
    endloop
  endfacet
  facet normal 0 0 -1
    outer loop
      vertex 28.8748 -4.63009 0.79
      vertex 29.3167 4.36522 0.79
      vertex 29.3167 -4.36522 0.79
    endloop
  endfacet
  facet normal 0 0 -1
    outer loop
      vertex 28.8748 -4.63009 0.79
      vertex 28.8748 4.63009 0.79
      vertex 29.3167 4.36522 0.79
    endloop
  endfacet
  facet normal 0 0 -1
    outer loop
      vertex 28.4091 -4.85037 0.79
      vertex 28.8748 4.63009 0.79
      vertex 28.8748 -4.63009 0.79
    endloop
  endfacet
  facet normal 0 0 -1
    outer loop
      vertex 28.4091 -4.85037 0.79
      vertex 28.4091 4.85037 0.79
      vertex 28.8748 4.63009 0.79
    endloop
  endfacet
  facet normal 0 0 -1
    outer loop
      vertex 27.924 -5.02394 0.79
      vertex 28.4091 4.85037 0.79
      vertex 28.4091 -4.85037 0.79
    endloop
  endfacet
  facet normal 0 0 -1
    outer loop
      vertex 27.924 -5.02394 0.79
      vertex 27.924 5.02394 0.79
      vertex 28.4091 4.85037 0.79
    endloop
  endfacet
  facet normal 0 0 -1
    outer loop
      vertex 27.4242 -5.14912 0.79
      vertex 27.924 5.02394 0.79
      vertex 27.924 -5.02394 0.79
    endloop
  endfacet
  facet normal 0 0 -1
    outer loop
      vertex 27.4242 -5.14912 0.79
      vertex 27.4242 5.14912 0.79
      vertex 27.924 5.02394 0.79
    endloop
  endfacet
  facet normal 0 0 -1
    outer loop
      vertex 26.9146 -5.22472 0.79
      vertex 27.4242 5.14912 0.79
      vertex 27.4242 -5.14912 0.79
    endloop
  endfacet
  facet normal 0 0 -1
    outer loop
      vertex 26.9146 -5.22472 0.79
      vertex 26.9146 5.22472 0.79
      vertex 27.4242 5.14912 0.79
    endloop
  endfacet
  facet normal 0 0 -1
    outer loop
      vertex 26.4 -5.25 0.79
      vertex 26.9146 5.22472 0.79
      vertex 26.9146 -5.22472 0.79
    endloop
  endfacet
  facet normal 0 0 -1
    outer loop
      vertex 26.4 -5.25 0.79
      vertex 26.4 5.25 0.79
      vertex 26.9146 5.22472 0.79
    endloop
  endfacet
  facet normal 0 0 -1
    outer loop
      vertex 25.8854 -5.22472 0.79
      vertex 26.4 5.25 0.79
      vertex 26.4 -5.25 0.79
    endloop
  endfacet
  facet normal 0 0 -1
    outer loop
      vertex 25.8854 -5.22472 0.79
      vertex 25.8854 5.22472 0.79
      vertex 26.4 5.25 0.79
    endloop
  endfacet
  facet normal 0 0 -1
    outer loop
      vertex 25.3758 -5.14912 0.79
      vertex 25.8854 5.22472 0.79
      vertex 25.8854 -5.22472 0.79
    endloop
  endfacet
  facet normal 0 0 -1
    outer loop
      vertex 25.3758 -5.14912 0.79
      vertex 25.3758 5.14912 0.79
      vertex 25.8854 5.22472 0.79
    endloop
  endfacet
  facet normal 0 0 -1
    outer loop
      vertex 24.876 -5.02394 0.79
      vertex 25.3758 5.14912 0.79
      vertex 25.3758 -5.14912 0.79
    endloop
  endfacet
  facet normal 0 0 -1
    outer loop
      vertex 24.876 -5.02394 0.79
      vertex 24.876 5.02394 0.79
      vertex 25.3758 5.14912 0.79
    endloop
  endfacet
  facet normal 0 0 -1
    outer loop
      vertex 24.3909 -4.85037 0.79
      vertex 24.876 5.02394 0.79
      vertex 24.876 -5.02394 0.79
    endloop
  endfacet
  facet normal 0 0 -1
    outer loop
      vertex 24.3909 -4.85037 0.79
      vertex 24.3909 4.85037 0.79
      vertex 24.876 5.02394 0.79
    endloop
  endfacet
  facet normal 0 0 -1
    outer loop
      vertex 23.9252 -4.63009 0.79
      vertex 24.3909 4.85037 0.79
      vertex 24.3909 -4.85037 0.79
    endloop
  endfacet
  facet normal 0 0 -1
    outer loop
      vertex 23.9252 -4.63009 0.79
      vertex 23.9252 4.63009 0.79
      vertex 24.3909 4.85037 0.79
    endloop
  endfacet
  facet normal 0 0 -1
    outer loop
      vertex 23.4833 -4.36522 0.79
      vertex 23.9252 4.63009 0.79
      vertex 23.9252 -4.63009 0.79
    endloop
  endfacet
  facet normal 0 0 -1
    outer loop
      vertex 23.4833 -4.36522 0.79
      vertex 23.4833 4.36522 0.79
      vertex 23.9252 4.63009 0.79
    endloop
  endfacet
  facet normal 0 0 -1
    outer loop
      vertex 23.0694 -4.0583 0.79
      vertex 23.4833 4.36522 0.79
      vertex 23.4833 -4.36522 0.79
    endloop
  endfacet
  facet normal 0 0 -1
    outer loop
      vertex 23.0694 -4.0583 0.79
      vertex 23.0694 4.0583 0.79
      vertex 23.4833 4.36522 0.79
    endloop
  endfacet
  facet normal 0 0 -1
    outer loop
      vertex 22.6877 -3.71231 0.79
      vertex 23.0694 4.0583 0.79
      vertex 23.0694 -4.0583 0.79
    endloop
  endfacet
  facet normal 0 0 -1
    outer loop
      vertex 22.6877 -3.71231 0.79
      vertex 22.6877 3.71231 0.79
      vertex 23.0694 4.0583 0.79
    endloop
  endfacet
  facet normal 0 0 -1
    outer loop
      vertex 22.3417 -3.33056 0.79
      vertex 22.6877 3.71231 0.79
      vertex 22.6877 -3.71231 0.79
    endloop
  endfacet
  facet normal 0 0 -1
    outer loop
      vertex 22.3417 -3.33056 0.79
      vertex 22.3417 3.33056 0.79
      vertex 22.6877 3.71231 0.79
    endloop
  endfacet
  facet normal 0 0 -1
    outer loop
      vertex 22.0348 -2.91674 0.79
      vertex 22.3417 3.33056 0.79
      vertex 22.3417 -3.33056 0.79
    endloop
  endfacet
  facet normal 0 0 -1
    outer loop
      vertex 22.0348 -2.91674 0.79
      vertex 22.0348 2.91674 0.79
      vertex 22.3417 3.33056 0.79
    endloop
  endfacet
  facet normal 0 0 -1
    outer loop
      vertex 21.7699 -2.47483 0.79
      vertex 22.0348 2.91674 0.79
      vertex 22.0348 -2.91674 0.79
    endloop
  endfacet
  facet normal 0 0 -1
    outer loop
      vertex 21.7699 -2.47483 0.79
      vertex 21.7699 2.47483 0.79
      vertex 22.0348 2.91674 0.79
    endloop
  endfacet
  facet normal 0 0 -1
    outer loop
      vertex 21.5496 -2.00909 0.79
      vertex 21.7699 2.47483 0.79
      vertex 21.7699 -2.47483 0.79
    endloop
  endfacet
  facet normal 0 0 -1
    outer loop
      vertex 21.5496 -2.00909 0.79
      vertex 21.5496 2.00909 0.79
      vertex 21.7699 2.47483 0.79
    endloop
  endfacet
  facet normal 0 0 -1
    outer loop
      vertex 21.3761 -1.52399 0.79
      vertex 21.5496 2.00909 0.79
      vertex 21.5496 -2.00909 0.79
    endloop
  endfacet
  facet normal 0 0 -1
    outer loop
      vertex 21.3761 -1.52399 0.79
      vertex 21.3761 1.52399 0.79
      vertex 21.5496 2.00909 0.79
    endloop
  endfacet
  facet normal 0 0 -1
    outer loop
      vertex 21.2509 -1.02422 0.79
      vertex 21.3761 1.52399 0.79
      vertex 21.3761 -1.52399 0.79
    endloop
  endfacet
  facet normal 0 0 -1
    outer loop
      vertex 21.2509 -1.02422 0.79
      vertex 21.2509 1.02422 0.79
      vertex 21.3761 1.52399 0.79
    endloop
  endfacet
  facet normal 0 0 -1
    outer loop
      vertex 21.1753 -0.514589 0.79
      vertex 21.2509 1.02422 0.79
      vertex 21.2509 -1.02422 0.79
    endloop
  endfacet
  facet normal 0 0 -1
    outer loop
      vertex 21.1753 -0.514589 0.79
      vertex 21.1753 0.514589 0.79
      vertex 21.2509 1.02422 0.79
    endloop
  endfacet
  facet normal 0 -0 -1
    outer loop
      vertex 21.1753 0.514589 0.79
      vertex 21.1753 -0.514589 0.79
      vertex 21.15 0 0.79
    endloop
  endfacet
  facet normal 0.51411 -0.857724 0
    outer loop
      vertex 23.4833 4.36522 0
      vertex 23.9252 4.63009 0.79
      vertex 23.4833 4.36522 0.79
    endloop
  endfacet
  facet normal 0.51411 -0.857724 0
    outer loop
      vertex 23.9252 4.63009 0.79
      vertex 23.4833 4.36522 0
      vertex 23.9252 4.63009 0
    endloop
  endfacet
  facet normal 0.0490664 -0.998796 0
    outer loop
      vertex 25.8854 5.22472 0
      vertex 26.4 5.25 0.79
      vertex 25.8854 5.22472 0.79
    endloop
  endfacet
  facet normal 0.0490664 -0.998796 0
    outer loop
      vertex 26.4 5.25 0.79
      vertex 25.8854 5.22472 0
      vertex 26.4 5.25 0
    endloop
  endfacet
  facet normal -0.51411 0.857724 0
    outer loop
      vertex 29.3167 -4.36522 0
      vertex 28.8748 -4.63009 0.79
      vertex 29.3167 -4.36522 0.79
    endloop
  endfacet
  facet normal -0.51411 0.857724 0
    outer loop
      vertex 28.8748 -4.63009 0.79
      vertex 29.3167 -4.36522 0
      vertex 28.8748 -4.63009 0
    endloop
  endfacet
  facet normal -0.671599 0.740915 0
    outer loop
      vertex 30.1123 -3.71231 0
      vertex 29.7306 -4.0583 0.79
      vertex 30.1123 -3.71231 0.79
    endloop
  endfacet
  facet normal -0.671599 0.740915 0
    outer loop
      vertex 29.7306 -4.0583 0.79
      vertex 30.1123 -3.71231 0
      vertex 29.7306 -4.0583 0
    endloop
  endfacet
  facet normal -0.595638 0.803253 0
    outer loop
      vertex 29.7306 -4.0583 0
      vertex 29.3167 -4.36522 0.79
      vertex 29.7306 -4.0583 0.79
    endloop
  endfacet
  facet normal -0.595638 0.803253 0
    outer loop
      vertex 29.3167 -4.36522 0.79
      vertex 29.7306 -4.0583 0
      vertex 29.3167 -4.36522 0
    endloop
  endfacet
  facet normal -0.803217 0.595687 0
    outer loop
      vertex 30.4583 -3.33056 0
      vertex 30.7652 -2.91674 0.79
      vertex 30.7652 -2.91674 0
    endloop
  endfacet
  facet normal -0.803217 0.595687 0
    outer loop
      vertex 30.7652 -2.91674 0.79
      vertex 30.4583 -3.33056 0
      vertex 30.4583 -3.33056 0.79
    endloop
  endfacet
  facet normal -0.857703 0.514145 0
    outer loop
      vertex 30.7652 -2.91674 0
      vertex 31.0301 -2.47483 0.79
      vertex 31.0301 -2.47483 0
    endloop
  endfacet
  facet normal -0.857703 0.514145 0
    outer loop
      vertex 31.0301 -2.47483 0.79
      vertex 30.7652 -2.91674 0
      vertex 30.7652 -2.91674 0.79
    endloop
  endfacet
  facet normal 0.671599 0.740915 -0
    outer loop
      vertex 23.0694 -4.0583 0
      vertex 22.6877 -3.71231 0.79
      vertex 23.0694 -4.0583 0.79
    endloop
  endfacet
  facet normal 0.671599 0.740915 0
    outer loop
      vertex 22.6877 -3.71231 0.79
      vertex 23.0694 -4.0583 0
      vertex 22.6877 -3.71231 0
    endloop
  endfacet
  facet normal 0.595638 0.803253 -0
    outer loop
      vertex 23.4833 -4.36522 0
      vertex 23.0694 -4.0583 0.79
      vertex 23.4833 -4.36522 0.79
    endloop
  endfacet
  facet normal 0.595638 0.803253 0
    outer loop
      vertex 23.0694 -4.0583 0.79
      vertex 23.4833 -4.36522 0
      vertex 23.0694 -4.0583 0
    endloop
  endfacet
  facet normal 0.51411 0.857724 -0
    outer loop
      vertex 23.9252 -4.63009 0
      vertex 23.4833 -4.36522 0.79
      vertex 23.9252 -4.63009 0.79
    endloop
  endfacet
  facet normal 0.51411 0.857724 0
    outer loop
      vertex 23.4833 -4.36522 0.79
      vertex 23.9252 -4.63009 0
      vertex 23.4833 -4.36522 0
    endloop
  endfacet
  facet normal 0.146746 0.989174 -0
    outer loop
      vertex 25.8854 -5.22472 0
      vertex 25.3758 -5.14912 0.79
      vertex 25.8854 -5.22472 0.79
    endloop
  endfacet
  facet normal 0.146746 0.989174 0
    outer loop
      vertex 25.3758 -5.14912 0.79
      vertex 25.8854 -5.22472 0
      vertex 25.3758 -5.14912 0
    endloop
  endfacet
  facet normal 0.903973 0.427589 0
    outer loop
      vertex 21.7699 -2.47483 0.79
      vertex 21.5496 -2.00909 0
      vertex 21.5496 -2.00909 0.79
    endloop
  endfacet
  facet normal 0.903973 0.427589 0
    outer loop
      vertex 21.5496 -2.00909 0
      vertex 21.7699 -2.47483 0.79
      vertex 21.7699 -2.47483 0
    endloop
  endfacet
  facet normal 0.941588 0.336767 0
    outer loop
      vertex 21.5496 -2.00909 0.79
      vertex 21.3761 -1.52399 0
      vertex 21.3761 -1.52399 0.79
    endloop
  endfacet
  facet normal 0.941588 0.336767 0
    outer loop
      vertex 21.3761 -1.52399 0
      vertex 21.5496 -2.00909 0.79
      vertex 21.5496 -2.00909 0
    endloop
  endfacet
  facet normal 0.998794 0.0491061 0
    outer loop
      vertex 21.1753 -0.514589 0.79
      vertex 21.15 0 0
      vertex 21.15 0 0.79
    endloop
  endfacet
  facet normal 0.998794 0.0491061 0
    outer loop
      vertex 21.15 0 0
      vertex 21.1753 -0.514589 0.79
      vertex 21.1753 -0.514589 0
    endloop
  endfacet
  facet normal -0.740949 -0.671561 0
    outer loop
      vertex 30.4583 3.33056 0
      vertex 30.1123 3.71231 0.79
      vertex 30.1123 3.71231 0
    endloop
  endfacet
  facet normal -0.740949 -0.671561 0
    outer loop
      vertex 30.1123 3.71231 0.79
      vertex 30.4583 3.33056 0
      vertex 30.4583 3.33056 0.79
    endloop
  endfacet
  facet normal -0.427587 -0.903974 0
    outer loop
      vertex 28.4091 4.85037 0
      vertex 28.8748 4.63009 0.79
      vertex 28.4091 4.85037 0.79
    endloop
  endfacet
  facet normal -0.427587 -0.903974 -0
    outer loop
      vertex 28.8748 4.63009 0.79
      vertex 28.4091 4.85037 0
      vertex 28.8748 4.63009 0
    endloop
  endfacet
  facet normal 0.740949 -0.671561 0
    outer loop
      vertex 22.3417 3.33056 0.79
      vertex 22.6877 3.71231 0
      vertex 22.6877 3.71231 0.79
    endloop
  endfacet
  facet normal 0.740949 -0.671561 0
    outer loop
      vertex 22.6877 3.71231 0
      vertex 22.3417 3.33056 0.79
      vertex 22.3417 3.33056 0
    endloop
  endfacet
  facet normal 0.941588 -0.336767 0
    outer loop
      vertex 21.3761 1.52399 0.79
      vertex 21.5496 2.00909 0
      vertex 21.5496 2.00909 0.79
    endloop
  endfacet
  facet normal 0.941588 -0.336767 0
    outer loop
      vertex 21.5496 2.00909 0
      vertex 21.3761 1.52399 0.79
      vertex 21.3761 1.52399 0
    endloop
  endfacet
  facet normal 0.595638 -0.803253 0
    outer loop
      vertex 23.0694 4.0583 0
      vertex 23.4833 4.36522 0.79
      vertex 23.0694 4.0583 0.79
    endloop
  endfacet
  facet normal 0.595638 -0.803253 0
    outer loop
      vertex 23.4833 4.36522 0.79
      vertex 23.0694 4.0583 0
      vertex 23.4833 4.36522 0
    endloop
  endfacet
  facet normal 0.427587 -0.903974 0
    outer loop
      vertex 23.9252 4.63009 0
      vertex 24.3909 4.85037 0.79
      vertex 23.9252 4.63009 0.79
    endloop
  endfacet
  facet normal 0.427587 -0.903974 0
    outer loop
      vertex 24.3909 4.85037 0.79
      vertex 23.9252 4.63009 0
      vertex 24.3909 4.85037 0
    endloop
  endfacet
  facet normal 0.242956 -0.970037 0
    outer loop
      vertex 24.876 5.02394 0
      vertex 25.3758 5.14912 0.79
      vertex 24.876 5.02394 0.79
    endloop
  endfacet
  facet normal 0.242956 -0.970037 0
    outer loop
      vertex 25.3758 5.14912 0.79
      vertex 24.876 5.02394 0
      vertex 25.3758 5.14912 0
    endloop
  endfacet
  facet normal -0.0490664 0.998796 0
    outer loop
      vertex 26.9146 -5.22472 0
      vertex 26.4 -5.25 0.79
      vertex 26.9146 -5.22472 0.79
    endloop
  endfacet
  facet normal -0.0490664 0.998796 0
    outer loop
      vertex 26.4 -5.25 0.79
      vertex 26.9146 -5.22472 0
      vertex 26.4 -5.25 0
    endloop
  endfacet
  facet normal -0.242956 0.970037 0
    outer loop
      vertex 27.924 -5.02394 0
      vertex 27.4242 -5.14912 0.79
      vertex 27.924 -5.02394 0.79
    endloop
  endfacet
  facet normal -0.242956 0.970037 0
    outer loop
      vertex 27.4242 -5.14912 0.79
      vertex 27.924 -5.02394 0
      vertex 27.4242 -5.14912 0
    endloop
  endfacet
  facet normal -0.427587 0.903974 0
    outer loop
      vertex 28.8748 -4.63009 0
      vertex 28.4091 -4.85037 0.79
      vertex 28.8748 -4.63009 0.79
    endloop
  endfacet
  facet normal -0.427587 0.903974 0
    outer loop
      vertex 28.4091 -4.85037 0.79
      vertex 28.8748 -4.63009 0
      vertex 28.4091 -4.85037 0
    endloop
  endfacet
  facet normal -0.941588 0.336767 0
    outer loop
      vertex 31.2504 -2.00909 0
      vertex 31.4239 -1.52399 0.79
      vertex 31.4239 -1.52399 0
    endloop
  endfacet
  facet normal -0.941588 0.336767 0
    outer loop
      vertex 31.4239 -1.52399 0.79
      vertex 31.2504 -2.00909 0
      vertex 31.2504 -2.00909 0.79
    endloop
  endfacet
  facet normal -0.989176 0.146737 0
    outer loop
      vertex 31.5491 -1.02422 0
      vertex 31.6247 -0.514589 0.79
      vertex 31.6247 -0.514589 0
    endloop
  endfacet
  facet normal -0.989176 0.146737 0
    outer loop
      vertex 31.6247 -0.514589 0.79
      vertex 31.5491 -1.02422 0
      vertex 31.5491 -1.02422 0.79
    endloop
  endfacet
  facet normal -0.998794 0.0491061 0
    outer loop
      vertex 31.6247 -0.514589 0
      vertex 31.65 0 0.79
      vertex 31.65 0 0
    endloop
  endfacet
  facet normal -0.998794 0.0491061 0
    outer loop
      vertex 31.65 0 0.79
      vertex 31.6247 -0.514589 0
      vertex 31.6247 -0.514589 0.79
    endloop
  endfacet
  facet normal 0.427587 0.903974 -0
    outer loop
      vertex 24.3909 -4.85037 0
      vertex 23.9252 -4.63009 0.79
      vertex 24.3909 -4.85037 0.79
    endloop
  endfacet
  facet normal 0.427587 0.903974 0
    outer loop
      vertex 23.9252 -4.63009 0.79
      vertex 24.3909 -4.85037 0
      vertex 23.9252 -4.63009 0
    endloop
  endfacet
  facet normal 0.242956 0.970037 -0
    outer loop
      vertex 25.3758 -5.14912 0
      vertex 24.876 -5.02394 0.79
      vertex 25.3758 -5.14912 0.79
    endloop
  endfacet
  facet normal 0.242956 0.970037 0
    outer loop
      vertex 24.876 -5.02394 0.79
      vertex 25.3758 -5.14912 0
      vertex 24.876 -5.02394 0
    endloop
  endfacet
  facet normal 0.0490664 0.998796 -0
    outer loop
      vertex 26.4 -5.25 0
      vertex 25.8854 -5.22472 0.79
      vertex 26.4 -5.25 0.79
    endloop
  endfacet
  facet normal 0.0490664 0.998796 0
    outer loop
      vertex 25.8854 -5.22472 0.79
      vertex 26.4 -5.25 0
      vertex 25.8854 -5.22472 0
    endloop
  endfacet
  facet normal 0.857703 0.514145 0
    outer loop
      vertex 22.0348 -2.91674 0.79
      vertex 21.7699 -2.47483 0
      vertex 21.7699 -2.47483 0.79
    endloop
  endfacet
  facet normal 0.857703 0.514145 0
    outer loop
      vertex 21.7699 -2.47483 0
      vertex 22.0348 -2.91674 0.79
      vertex 22.0348 -2.91674 0
    endloop
  endfacet
  facet normal 0.989176 0.146737 0
    outer loop
      vertex 21.2509 -1.02422 0.79
      vertex 21.1753 -0.514589 0
      vertex 21.1753 -0.514589 0.79
    endloop
  endfacet
  facet normal 0.989176 0.146737 0
    outer loop
      vertex 21.1753 -0.514589 0
      vertex 21.2509 -1.02422 0.79
      vertex 21.2509 -1.02422 0
    endloop
  endfacet
  facet normal -0.146746 0.989174 0
    outer loop
      vertex 27.4242 -5.14912 0
      vertex 26.9146 -5.22472 0.79
      vertex 27.4242 -5.14912 0.79
    endloop
  endfacet
  facet normal -0.146746 0.989174 0
    outer loop
      vertex 26.9146 -5.22472 0.79
      vertex 27.4242 -5.14912 0
      vertex 26.9146 -5.22472 0
    endloop
  endfacet
  facet normal 0.0491061 -0.998794 0
    outer loop
      vertex -0.514589 31.6247 0
      vertex 0 31.65 0.79
      vertex -0.514589 31.6247 0.79
    endloop
  endfacet
  facet normal 0.0491061 -0.998794 0
    outer loop
      vertex 0 31.65 0.79
      vertex -0.514589 31.6247 0
      vertex 0 31.65 0
    endloop
  endfacet
  facet normal 0.998796 -0.0490664 0
    outer loop
      vertex -5.25 26.4 0.79
      vertex -5.22472 26.9146 0
      vertex -5.22472 26.9146 0.79
    endloop
  endfacet
  facet normal 0.998796 -0.0490664 0
    outer loop
      vertex -5.22472 26.9146 0
      vertex -5.25 26.4 0.79
      vertex -5.25 26.4 0
    endloop
  endfacet
  facet normal 0.740915 -0.671599 0
    outer loop
      vertex -4.0583 29.7306 0.79
      vertex -3.71231 30.1123 0
      vertex -3.71231 30.1123 0.79
    endloop
  endfacet
  facet normal 0.740915 -0.671599 0
    outer loop
      vertex -3.71231 30.1123 0
      vertex -4.0583 29.7306 0.79
      vertex -4.0583 29.7306 0
    endloop
  endfacet
  facet normal 0.740915 0.671599 0
    outer loop
      vertex -3.71231 22.6877 0.79
      vertex -4.0583 23.0694 0
      vertex -4.0583 23.0694 0.79
    endloop
  endfacet
  facet normal 0.740915 0.671599 0
    outer loop
      vertex -4.0583 23.0694 0
      vertex -3.71231 22.6877 0.79
      vertex -3.71231 22.6877 0
    endloop
  endfacet
  facet normal -0.671561 -0.740949 0
    outer loop
      vertex 3.33056 30.4583 0
      vertex 3.71231 30.1123 0.79
      vertex 3.33056 30.4583 0.79
    endloop
  endfacet
  facet normal -0.671561 -0.740949 -0
    outer loop
      vertex 3.71231 30.1123 0.79
      vertex 3.33056 30.4583 0
      vertex 3.71231 30.1123 0
    endloop
  endfacet
  facet normal 0.427589 -0.903973 0
    outer loop
      vertex -2.47483 31.0301 0
      vertex -2.00909 31.2504 0.79
      vertex -2.47483 31.0301 0.79
    endloop
  endfacet
  facet normal 0.427589 -0.903973 0
    outer loop
      vertex -2.00909 31.2504 0.79
      vertex -2.47483 31.0301 0
      vertex -2.00909 31.2504 0
    endloop
  endfacet
  facet normal 0.941545 -0.336887 0
    outer loop
      vertex -5.02394 27.924 0.79
      vertex -4.85037 28.4091 0
      vertex -4.85037 28.4091 0.79
    endloop
  endfacet
  facet normal 0.941545 -0.336887 0
    outer loop
      vertex -4.85037 28.4091 0
      vertex -5.02394 27.924 0.79
      vertex -5.02394 27.924 0
    endloop
  endfacet
  facet normal 0.970037 -0.242956 0
    outer loop
      vertex -5.14912 27.4242 0.79
      vertex -5.02394 27.924 0
      vertex -5.02394 27.924 0.79
    endloop
  endfacet
  facet normal 0.970037 -0.242956 0
    outer loop
      vertex -5.02394 27.924 0
      vertex -5.14912 27.4242 0.79
      vertex -5.14912 27.4242 0
    endloop
  endfacet
  facet normal 0.857724 -0.51411 0
    outer loop
      vertex -4.63009 28.8748 0.79
      vertex -4.36522 29.3167 0
      vertex -4.36522 29.3167 0.79
    endloop
  endfacet
  facet normal 0.857724 -0.51411 0
    outer loop
      vertex -4.36522 29.3167 0
      vertex -4.63009 28.8748 0.79
      vertex -4.63009 28.8748 0
    endloop
  endfacet
  facet normal -0.336767 -0.941588 0
    outer loop
      vertex 1.52399 31.4239 0
      vertex 2.00909 31.2504 0.79
      vertex 1.52399 31.4239 0.79
    endloop
  endfacet
  facet normal -0.336767 -0.941588 -0
    outer loop
      vertex 2.00909 31.2504 0.79
      vertex 1.52399 31.4239 0
      vertex 2.00909 31.2504 0
    endloop
  endfacet
  facet normal -0.903974 -0.427587 0
    outer loop
      vertex 4.85037 28.4091 0
      vertex 4.63009 28.8748 0.79
      vertex 4.63009 28.8748 0
    endloop
  endfacet
  facet normal -0.903974 -0.427587 0
    outer loop
      vertex 4.63009 28.8748 0.79
      vertex 4.85037 28.4091 0
      vertex 4.85037 28.4091 0.79
    endloop
  endfacet
  facet normal 0.243006 -0.970025 0
    outer loop
      vertex -1.52399 31.4239 0
      vertex -1.02422 31.5491 0.79
      vertex -1.52399 31.4239 0.79
    endloop
  endfacet
  facet normal 0.243006 -0.970025 0
    outer loop
      vertex -1.02422 31.5491 0.79
      vertex -1.52399 31.4239 0
      vertex -1.02422 31.5491 0
    endloop
  endfacet
  facet normal 0.146737 -0.989176 0
    outer loop
      vertex -1.02422 31.5491 0
      vertex -0.514589 31.6247 0.79
      vertex -1.02422 31.5491 0.79
    endloop
  endfacet
  facet normal 0.146737 -0.989176 0
    outer loop
      vertex -0.514589 31.6247 0.79
      vertex -1.02422 31.5491 0
      vertex -0.514589 31.6247 0
    endloop
  endfacet
  facet normal 0.336767 -0.941588 0
    outer loop
      vertex -2.00909 31.2504 0
      vertex -1.52399 31.4239 0.79
      vertex -2.00909 31.2504 0.79
    endloop
  endfacet
  facet normal 0.336767 -0.941588 0
    outer loop
      vertex -1.52399 31.4239 0.79
      vertex -2.00909 31.2504 0
      vertex -1.52399 31.4239 0
    endloop
  endfacet
  facet normal 0.595687 -0.803217 0
    outer loop
      vertex -3.33056 30.4583 0
      vertex -2.91674 30.7652 0.79
      vertex -3.33056 30.4583 0.79
    endloop
  endfacet
  facet normal 0.595687 -0.803217 0
    outer loop
      vertex -2.91674 30.7652 0.79
      vertex -3.33056 30.4583 0
      vertex -2.91674 30.7652 0
    endloop
  endfacet
  facet normal 0.671561 -0.740949 0
    outer loop
      vertex -3.71231 30.1123 0
      vertex -3.33056 30.4583 0.79
      vertex -3.71231 30.1123 0.79
    endloop
  endfacet
  facet normal 0.671561 -0.740949 0
    outer loop
      vertex -3.33056 30.4583 0.79
      vertex -3.71231 30.1123 0
      vertex -3.33056 30.4583 0
    endloop
  endfacet
  facet normal 0.514145 -0.857703 0
    outer loop
      vertex -2.91674 30.7652 0
      vertex -2.47483 31.0301 0.79
      vertex -2.91674 30.7652 0.79
    endloop
  endfacet
  facet normal 0.514145 -0.857703 0
    outer loop
      vertex -2.47483 31.0301 0.79
      vertex -2.91674 30.7652 0
      vertex -2.47483 31.0301 0
    endloop
  endfacet
  facet normal 0.989174 -0.146746 0
    outer loop
      vertex -5.22472 26.9146 0.79
      vertex -5.14912 27.4242 0
      vertex -5.14912 27.4242 0.79
    endloop
  endfacet
  facet normal 0.989174 -0.146746 0
    outer loop
      vertex -5.14912 27.4242 0
      vertex -5.22472 26.9146 0.79
      vertex -5.22472 26.9146 0
    endloop
  endfacet
  facet normal 0 0 -1
    outer loop
      vertex 5.22472 25.8854 0.79
      vertex 5.22472 26.9146 0.79
      vertex 5.25 26.4 0.79
    endloop
  endfacet
  facet normal 0 0 -1
    outer loop
      vertex 5.14912 25.3758 0.79
      vertex 5.22472 26.9146 0.79
      vertex 5.22472 25.8854 0.79
    endloop
  endfacet
  facet normal 0 0 -1
    outer loop
      vertex 5.14912 25.3758 0.79
      vertex 5.14912 27.4242 0.79
      vertex 5.22472 26.9146 0.79
    endloop
  endfacet
  facet normal 0 0 -1
    outer loop
      vertex 5.02394 24.876 0.79
      vertex 5.14912 27.4242 0.79
      vertex 5.14912 25.3758 0.79
    endloop
  endfacet
  facet normal 0 0 -1
    outer loop
      vertex 5.02394 24.876 0.79
      vertex 5.02394 27.924 0.79
      vertex 5.14912 27.4242 0.79
    endloop
  endfacet
  facet normal 0 0 -1
    outer loop
      vertex 4.85037 24.3909 0.79
      vertex 5.02394 27.924 0.79
      vertex 5.02394 24.876 0.79
    endloop
  endfacet
  facet normal 0 0 -1
    outer loop
      vertex 4.85037 24.3909 0.79
      vertex 4.85037 28.4091 0.79
      vertex 5.02394 27.924 0.79
    endloop
  endfacet
  facet normal 0 0 -1
    outer loop
      vertex 4.63009 23.9252 0.79
      vertex 4.85037 28.4091 0.79
      vertex 4.85037 24.3909 0.79
    endloop
  endfacet
  facet normal 0 0 -1
    outer loop
      vertex 4.63009 23.9252 0.79
      vertex 4.63009 28.8748 0.79
      vertex 4.85037 28.4091 0.79
    endloop
  endfacet
  facet normal 0 0 -1
    outer loop
      vertex 4.36522 23.4833 0.79
      vertex 4.63009 28.8748 0.79
      vertex 4.63009 23.9252 0.79
    endloop
  endfacet
  facet normal 0 0 -1
    outer loop
      vertex 4.36522 23.4833 0.79
      vertex 4.36522 29.3167 0.79
      vertex 4.63009 28.8748 0.79
    endloop
  endfacet
  facet normal 0 0 -1
    outer loop
      vertex 4.0583 23.0694 0.79
      vertex 4.36522 29.3167 0.79
      vertex 4.36522 23.4833 0.79
    endloop
  endfacet
  facet normal 0 0 -1
    outer loop
      vertex 4.0583 23.0694 0.79
      vertex 4.0583 29.7306 0.79
      vertex 4.36522 29.3167 0.79
    endloop
  endfacet
  facet normal 0 0 -1
    outer loop
      vertex 3.71231 22.6877 0.79
      vertex 4.0583 29.7306 0.79
      vertex 4.0583 23.0694 0.79
    endloop
  endfacet
  facet normal 0 0 -1
    outer loop
      vertex 3.71231 22.6877 0.79
      vertex 3.71231 30.1123 0.79
      vertex 4.0583 29.7306 0.79
    endloop
  endfacet
  facet normal 0 0 -1
    outer loop
      vertex 3.33056 22.3417 0.79
      vertex 3.71231 30.1123 0.79
      vertex 3.71231 22.6877 0.79
    endloop
  endfacet
  facet normal 0 0 -1
    outer loop
      vertex 3.33056 22.3417 0.79
      vertex 3.33056 30.4583 0.79
      vertex 3.71231 30.1123 0.79
    endloop
  endfacet
  facet normal 0 0 -1
    outer loop
      vertex 2.91674 22.0348 0.79
      vertex 3.33056 30.4583 0.79
      vertex 3.33056 22.3417 0.79
    endloop
  endfacet
  facet normal 0 0 -1
    outer loop
      vertex 2.91674 22.0348 0.79
      vertex 2.91674 30.7652 0.79
      vertex 3.33056 30.4583 0.79
    endloop
  endfacet
  facet normal 0 0 -1
    outer loop
      vertex 2.47483 21.7699 0.79
      vertex 2.91674 30.7652 0.79
      vertex 2.91674 22.0348 0.79
    endloop
  endfacet
  facet normal 0 0 -1
    outer loop
      vertex 2.47483 21.7699 0.79
      vertex 2.47483 31.0301 0.79
      vertex 2.91674 30.7652 0.79
    endloop
  endfacet
  facet normal 0 0 -1
    outer loop
      vertex 2.00909 21.5496 0.79
      vertex 2.47483 31.0301 0.79
      vertex 2.47483 21.7699 0.79
    endloop
  endfacet
  facet normal 0 0 -1
    outer loop
      vertex 2.00909 21.5496 0.79
      vertex 2.00909 31.2504 0.79
      vertex 2.47483 31.0301 0.79
    endloop
  endfacet
  facet normal 0 0 -1
    outer loop
      vertex 1.52399 21.3761 0.79
      vertex 2.00909 31.2504 0.79
      vertex 2.00909 21.5496 0.79
    endloop
  endfacet
  facet normal 0 0 -1
    outer loop
      vertex 1.52399 21.3761 0.79
      vertex 1.52399 31.4239 0.79
      vertex 2.00909 31.2504 0.79
    endloop
  endfacet
  facet normal 0 0 -1
    outer loop
      vertex 1.02422 21.2509 0.79
      vertex 1.52399 31.4239 0.79
      vertex 1.52399 21.3761 0.79
    endloop
  endfacet
  facet normal 0 0 -1
    outer loop
      vertex 1.02422 21.2509 0.79
      vertex 1.02422 31.5491 0.79
      vertex 1.52399 31.4239 0.79
    endloop
  endfacet
  facet normal 0 0 -1
    outer loop
      vertex 0.514589 21.1753 0.79
      vertex 1.02422 31.5491 0.79
      vertex 1.02422 21.2509 0.79
    endloop
  endfacet
  facet normal 0 0 -1
    outer loop
      vertex 0.514589 21.1753 0.79
      vertex 0.514589 31.6247 0.79
      vertex 1.02422 31.5491 0.79
    endloop
  endfacet
  facet normal 0 0 -1
    outer loop
      vertex 0 21.15 0.79
      vertex 0.514589 31.6247 0.79
      vertex 0.514589 21.1753 0.79
    endloop
  endfacet
  facet normal 0 0 -1
    outer loop
      vertex 0 21.15 0.79
      vertex 0 31.65 0.79
      vertex 0.514589 31.6247 0.79
    endloop
  endfacet
  facet normal 0 0 -1
    outer loop
      vertex -0.514589 21.1753 0.79
      vertex 0 31.65 0.79
      vertex 0 21.15 0.79
    endloop
  endfacet
  facet normal 0 0 -1
    outer loop
      vertex -0.514589 21.1753 0.79
      vertex -0.514589 31.6247 0.79
      vertex 0 31.65 0.79
    endloop
  endfacet
  facet normal 0 0 -1
    outer loop
      vertex -1.02422 21.2509 0.79
      vertex -0.514589 31.6247 0.79
      vertex -0.514589 21.1753 0.79
    endloop
  endfacet
  facet normal 0 0 -1
    outer loop
      vertex -1.02422 21.2509 0.79
      vertex -1.02422 31.5491 0.79
      vertex -0.514589 31.6247 0.79
    endloop
  endfacet
  facet normal 0 0 -1
    outer loop
      vertex -1.52399 21.3761 0.79
      vertex -1.02422 31.5491 0.79
      vertex -1.02422 21.2509 0.79
    endloop
  endfacet
  facet normal 0 0 -1
    outer loop
      vertex -1.52399 21.3761 0.79
      vertex -1.52399 31.4239 0.79
      vertex -1.02422 31.5491 0.79
    endloop
  endfacet
  facet normal 0 0 -1
    outer loop
      vertex -2.00909 21.5496 0.79
      vertex -1.52399 31.4239 0.79
      vertex -1.52399 21.3761 0.79
    endloop
  endfacet
  facet normal 0 0 -1
    outer loop
      vertex -2.00909 21.5496 0.79
      vertex -2.00909 31.2504 0.79
      vertex -1.52399 31.4239 0.79
    endloop
  endfacet
  facet normal 0 0 -1
    outer loop
      vertex -2.47483 21.7699 0.79
      vertex -2.00909 31.2504 0.79
      vertex -2.00909 21.5496 0.79
    endloop
  endfacet
  facet normal 0 0 -1
    outer loop
      vertex -2.47483 21.7699 0.79
      vertex -2.47483 31.0301 0.79
      vertex -2.00909 31.2504 0.79
    endloop
  endfacet
  facet normal 0 0 -1
    outer loop
      vertex -2.91674 22.0348 0.79
      vertex -2.47483 31.0301 0.79
      vertex -2.47483 21.7699 0.79
    endloop
  endfacet
  facet normal 0 0 -1
    outer loop
      vertex -2.91674 22.0348 0.79
      vertex -2.91674 30.7652 0.79
      vertex -2.47483 31.0301 0.79
    endloop
  endfacet
  facet normal 0 0 -1
    outer loop
      vertex -3.33056 22.3417 0.79
      vertex -2.91674 30.7652 0.79
      vertex -2.91674 22.0348 0.79
    endloop
  endfacet
  facet normal 0 0 -1
    outer loop
      vertex -3.33056 22.3417 0.79
      vertex -3.33056 30.4583 0.79
      vertex -2.91674 30.7652 0.79
    endloop
  endfacet
  facet normal 0 0 -1
    outer loop
      vertex -3.71231 22.6877 0.79
      vertex -3.33056 30.4583 0.79
      vertex -3.33056 22.3417 0.79
    endloop
  endfacet
  facet normal 0 0 -1
    outer loop
      vertex -3.71231 22.6877 0.79
      vertex -3.71231 30.1123 0.79
      vertex -3.33056 30.4583 0.79
    endloop
  endfacet
  facet normal 0 0 -1
    outer loop
      vertex -4.0583 23.0694 0.79
      vertex -3.71231 30.1123 0.79
      vertex -3.71231 22.6877 0.79
    endloop
  endfacet
  facet normal 0 0 -1
    outer loop
      vertex -4.0583 23.0694 0.79
      vertex -4.0583 29.7306 0.79
      vertex -3.71231 30.1123 0.79
    endloop
  endfacet
  facet normal 0 0 -1
    outer loop
      vertex -4.36522 23.4833 0.79
      vertex -4.0583 29.7306 0.79
      vertex -4.0583 23.0694 0.79
    endloop
  endfacet
  facet normal 0 0 -1
    outer loop
      vertex -4.36522 23.4833 0.79
      vertex -4.36522 29.3167 0.79
      vertex -4.0583 29.7306 0.79
    endloop
  endfacet
  facet normal 0 0 -1
    outer loop
      vertex -4.63009 23.9252 0.79
      vertex -4.36522 29.3167 0.79
      vertex -4.36522 23.4833 0.79
    endloop
  endfacet
  facet normal 0 0 -1
    outer loop
      vertex -4.63009 23.9252 0.79
      vertex -4.63009 28.8748 0.79
      vertex -4.36522 29.3167 0.79
    endloop
  endfacet
  facet normal 0 0 -1
    outer loop
      vertex -4.85037 24.3909 0.79
      vertex -4.63009 28.8748 0.79
      vertex -4.63009 23.9252 0.79
    endloop
  endfacet
  facet normal 0 0 -1
    outer loop
      vertex -4.85037 24.3909 0.79
      vertex -4.85037 28.4091 0.79
      vertex -4.63009 28.8748 0.79
    endloop
  endfacet
  facet normal 0 0 -1
    outer loop
      vertex -5.02394 24.876 0.79
      vertex -4.85037 28.4091 0.79
      vertex -4.85037 24.3909 0.79
    endloop
  endfacet
  facet normal 0 0 -1
    outer loop
      vertex -5.02394 24.876 0.79
      vertex -5.02394 27.924 0.79
      vertex -4.85037 28.4091 0.79
    endloop
  endfacet
  facet normal 0 0 -1
    outer loop
      vertex -5.14912 25.3758 0.79
      vertex -5.02394 27.924 0.79
      vertex -5.02394 24.876 0.79
    endloop
  endfacet
  facet normal 0 0 -1
    outer loop
      vertex -5.14912 25.3758 0.79
      vertex -5.14912 27.4242 0.79
      vertex -5.02394 27.924 0.79
    endloop
  endfacet
  facet normal 0 0 -1
    outer loop
      vertex -5.22472 25.8854 0.79
      vertex -5.14912 27.4242 0.79
      vertex -5.14912 25.3758 0.79
    endloop
  endfacet
  facet normal 0 0 -1
    outer loop
      vertex -5.22472 25.8854 0.79
      vertex -5.22472 26.9146 0.79
      vertex -5.14912 27.4242 0.79
    endloop
  endfacet
  facet normal 0 -0 -1
    outer loop
      vertex -5.22472 26.9146 0.79
      vertex -5.22472 25.8854 0.79
      vertex -5.25 26.4 0.79
    endloop
  endfacet
  facet normal 0.903974 -0.427587 0
    outer loop
      vertex -4.85037 28.4091 0.79
      vertex -4.63009 28.8748 0
      vertex -4.63009 28.8748 0.79
    endloop
  endfacet
  facet normal 0.903974 -0.427587 0
    outer loop
      vertex -4.63009 28.8748 0
      vertex -4.85037 28.4091 0.79
      vertex -4.85037 28.4091 0
    endloop
  endfacet
  facet normal 0.803253 -0.595638 0
    outer loop
      vertex -4.36522 29.3167 0.79
      vertex -4.0583 29.7306 0
      vertex -4.0583 29.7306 0.79
    endloop
  endfacet
  facet normal 0.803253 -0.595638 0
    outer loop
      vertex -4.0583 29.7306 0
      vertex -4.36522 29.3167 0.79
      vertex -4.36522 29.3167 0
    endloop
  endfacet
  facet normal 0.671561 0.740949 -0
    outer loop
      vertex -3.33056 22.3417 0
      vertex -3.71231 22.6877 0.79
      vertex -3.33056 22.3417 0.79
    endloop
  endfacet
  facet normal 0.671561 0.740949 0
    outer loop
      vertex -3.71231 22.6877 0.79
      vertex -3.33056 22.3417 0
      vertex -3.71231 22.6877 0
    endloop
  endfacet
  facet normal 0.514145 0.857703 -0
    outer loop
      vertex -2.47483 21.7699 0
      vertex -2.91674 22.0348 0.79
      vertex -2.47483 21.7699 0.79
    endloop
  endfacet
  facet normal 0.514145 0.857703 0
    outer loop
      vertex -2.91674 22.0348 0.79
      vertex -2.47483 21.7699 0
      vertex -2.91674 22.0348 0
    endloop
  endfacet
  facet normal 0.336767 0.941588 -0
    outer loop
      vertex -1.52399 21.3761 0
      vertex -2.00909 21.5496 0.79
      vertex -1.52399 21.3761 0.79
    endloop
  endfacet
  facet normal 0.336767 0.941588 0
    outer loop
      vertex -2.00909 21.5496 0.79
      vertex -1.52399 21.3761 0
      vertex -2.00909 21.5496 0
    endloop
  endfacet
  facet normal 0.146737 0.989176 -0
    outer loop
      vertex -0.514589 21.1753 0
      vertex -1.02422 21.2509 0.79
      vertex -0.514589 21.1753 0.79
    endloop
  endfacet
  facet normal 0.146737 0.989176 0
    outer loop
      vertex -1.02422 21.2509 0.79
      vertex -0.514589 21.1753 0
      vertex -1.02422 21.2509 0
    endloop
  endfacet
  facet normal 0.903974 0.427587 0
    outer loop
      vertex -4.63009 23.9252 0.79
      vertex -4.85037 24.3909 0
      vertex -4.85037 24.3909 0.79
    endloop
  endfacet
  facet normal 0.903974 0.427587 0
    outer loop
      vertex -4.85037 24.3909 0
      vertex -4.63009 23.9252 0.79
      vertex -4.63009 23.9252 0
    endloop
  endfacet
  facet normal 0.803253 0.595638 0
    outer loop
      vertex -4.0583 23.0694 0.79
      vertex -4.36522 23.4833 0
      vertex -4.36522 23.4833 0.79
    endloop
  endfacet
  facet normal 0.803253 0.595638 0
    outer loop
      vertex -4.36522 23.4833 0
      vertex -4.0583 23.0694 0.79
      vertex -4.0583 23.0694 0
    endloop
  endfacet
  facet normal 0.970037 0.242956 0
    outer loop
      vertex -5.02394 24.876 0.79
      vertex -5.14912 25.3758 0
      vertex -5.14912 25.3758 0.79
    endloop
  endfacet
  facet normal 0.970037 0.242956 0
    outer loop
      vertex -5.14912 25.3758 0
      vertex -5.02394 24.876 0.79
      vertex -5.02394 24.876 0
    endloop
  endfacet
  facet normal 0.998796 0.0490664 0
    outer loop
      vertex -5.22472 25.8854 0.79
      vertex -5.25 26.4 0
      vertex -5.25 26.4 0.79
    endloop
  endfacet
  facet normal 0.998796 0.0490664 0
    outer loop
      vertex -5.25 26.4 0
      vertex -5.22472 25.8854 0.79
      vertex -5.22472 25.8854 0
    endloop
  endfacet
  facet normal -0.0491061 -0.998794 0
    outer loop
      vertex 0 31.65 0
      vertex 0.514589 31.6247 0.79
      vertex 0 31.65 0.79
    endloop
  endfacet
  facet normal -0.0491061 -0.998794 -0
    outer loop
      vertex 0.514589 31.6247 0.79
      vertex 0 31.65 0
      vertex 0.514589 31.6247 0
    endloop
  endfacet
  facet normal -0.970037 -0.242956 0
    outer loop
      vertex 5.14912 27.4242 0
      vertex 5.02394 27.924 0.79
      vertex 5.02394 27.924 0
    endloop
  endfacet
  facet normal -0.970037 -0.242956 0
    outer loop
      vertex 5.02394 27.924 0.79
      vertex 5.14912 27.4242 0
      vertex 5.14912 27.4242 0.79
    endloop
  endfacet
  facet normal -0.941545 -0.336887 0
    outer loop
      vertex 5.02394 27.924 0
      vertex 4.85037 28.4091 0.79
      vertex 4.85037 28.4091 0
    endloop
  endfacet
  facet normal -0.941545 -0.336887 0
    outer loop
      vertex 4.85037 28.4091 0.79
      vertex 5.02394 27.924 0
      vertex 5.02394 27.924 0.79
    endloop
  endfacet
  facet normal -0.803253 -0.595638 0
    outer loop
      vertex 4.36522 29.3167 0
      vertex 4.0583 29.7306 0.79
      vertex 4.0583 29.7306 0
    endloop
  endfacet
  facet normal -0.803253 -0.595638 0
    outer loop
      vertex 4.0583 29.7306 0.79
      vertex 4.36522 29.3167 0
      vertex 4.36522 29.3167 0.79
    endloop
  endfacet
  facet normal -0.740915 -0.671599 0
    outer loop
      vertex 4.0583 29.7306 0
      vertex 3.71231 30.1123 0.79
      vertex 3.71231 30.1123 0
    endloop
  endfacet
  facet normal -0.740915 -0.671599 0
    outer loop
      vertex 3.71231 30.1123 0.79
      vertex 4.0583 29.7306 0
      vertex 4.0583 29.7306 0.79
    endloop
  endfacet
  facet normal -0.857724 -0.51411 0
    outer loop
      vertex 4.63009 28.8748 0
      vertex 4.36522 29.3167 0.79
      vertex 4.36522 29.3167 0
    endloop
  endfacet
  facet normal -0.857724 -0.51411 0
    outer loop
      vertex 4.36522 29.3167 0.79
      vertex 4.63009 28.8748 0
      vertex 4.63009 28.8748 0.79
    endloop
  endfacet
  facet normal -0.514145 -0.857703 0
    outer loop
      vertex 2.47483 31.0301 0
      vertex 2.91674 30.7652 0.79
      vertex 2.47483 31.0301 0.79
    endloop
  endfacet
  facet normal -0.514145 -0.857703 -0
    outer loop
      vertex 2.91674 30.7652 0.79
      vertex 2.47483 31.0301 0
      vertex 2.91674 30.7652 0
    endloop
  endfacet
  facet normal -0.595687 -0.803217 0
    outer loop
      vertex 2.91674 30.7652 0
      vertex 3.33056 30.4583 0.79
      vertex 2.91674 30.7652 0.79
    endloop
  endfacet
  facet normal -0.595687 -0.803217 -0
    outer loop
      vertex 3.33056 30.4583 0.79
      vertex 2.91674 30.7652 0
      vertex 3.33056 30.4583 0
    endloop
  endfacet
  facet normal -0.427589 -0.903973 0
    outer loop
      vertex 2.00909 31.2504 0
      vertex 2.47483 31.0301 0.79
      vertex 2.00909 31.2504 0.79
    endloop
  endfacet
  facet normal -0.427589 -0.903973 -0
    outer loop
      vertex 2.47483 31.0301 0.79
      vertex 2.00909 31.2504 0
      vertex 2.47483 31.0301 0
    endloop
  endfacet
  facet normal -0.740915 0.671599 0
    outer loop
      vertex 3.71231 22.6877 0
      vertex 4.0583 23.0694 0.79
      vertex 4.0583 23.0694 0
    endloop
  endfacet
  facet normal -0.740915 0.671599 0
    outer loop
      vertex 4.0583 23.0694 0.79
      vertex 3.71231 22.6877 0
      vertex 3.71231 22.6877 0.79
    endloop
  endfacet
  facet normal -0.857724 0.51411 0
    outer loop
      vertex 4.36522 23.4833 0
      vertex 4.63009 23.9252 0.79
      vertex 4.63009 23.9252 0
    endloop
  endfacet
  facet normal -0.857724 0.51411 0
    outer loop
      vertex 4.63009 23.9252 0.79
      vertex 4.36522 23.4833 0
      vertex 4.36522 23.4833 0.79
    endloop
  endfacet
  facet normal -0.941545 0.336887 0
    outer loop
      vertex 4.85037 24.3909 0
      vertex 5.02394 24.876 0.79
      vertex 5.02394 24.876 0
    endloop
  endfacet
  facet normal -0.941545 0.336887 0
    outer loop
      vertex 5.02394 24.876 0.79
      vertex 4.85037 24.3909 0
      vertex 4.85037 24.3909 0.79
    endloop
  endfacet
  facet normal -0.989174 0.146746 0
    outer loop
      vertex 5.14912 25.3758 0
      vertex 5.22472 25.8854 0.79
      vertex 5.22472 25.8854 0
    endloop
  endfacet
  facet normal -0.989174 0.146746 0
    outer loop
      vertex 5.22472 25.8854 0.79
      vertex 5.14912 25.3758 0
      vertex 5.14912 25.3758 0.79
    endloop
  endfacet
  facet normal -0.427589 0.903973 0
    outer loop
      vertex 2.47483 21.7699 0
      vertex 2.00909 21.5496 0.79
      vertex 2.47483 21.7699 0.79
    endloop
  endfacet
  facet normal -0.427589 0.903973 0
    outer loop
      vertex 2.00909 21.5496 0.79
      vertex 2.47483 21.7699 0
      vertex 2.00909 21.5496 0
    endloop
  endfacet
  facet normal -0.595687 0.803217 0
    outer loop
      vertex 3.33056 22.3417 0
      vertex 2.91674 22.0348 0.79
      vertex 3.33056 22.3417 0.79
    endloop
  endfacet
  facet normal -0.595687 0.803217 0
    outer loop
      vertex 2.91674 22.0348 0.79
      vertex 3.33056 22.3417 0
      vertex 2.91674 22.0348 0
    endloop
  endfacet
  facet normal -0.243006 0.970025 0
    outer loop
      vertex 1.52399 21.3761 0
      vertex 1.02422 21.2509 0.79
      vertex 1.52399 21.3761 0.79
    endloop
  endfacet
  facet normal -0.243006 0.970025 0
    outer loop
      vertex 1.02422 21.2509 0.79
      vertex 1.52399 21.3761 0
      vertex 1.02422 21.2509 0
    endloop
  endfacet
  facet normal -0.0491061 0.998794 0
    outer loop
      vertex 0.514589 21.1753 0
      vertex 0 21.15 0.79
      vertex 0.514589 21.1753 0.79
    endloop
  endfacet
  facet normal -0.0491061 0.998794 0
    outer loop
      vertex 0 21.15 0.79
      vertex 0.514589 21.1753 0
      vertex 0 21.15 0
    endloop
  endfacet
  facet normal 0.595687 0.803217 -0
    outer loop
      vertex -2.91674 22.0348 0
      vertex -3.33056 22.3417 0.79
      vertex -2.91674 22.0348 0.79
    endloop
  endfacet
  facet normal 0.595687 0.803217 0
    outer loop
      vertex -3.33056 22.3417 0.79
      vertex -2.91674 22.0348 0
      vertex -3.33056 22.3417 0
    endloop
  endfacet
  facet normal 0.427589 0.903973 -0
    outer loop
      vertex -2.00909 21.5496 0
      vertex -2.47483 21.7699 0.79
      vertex -2.00909 21.5496 0.79
    endloop
  endfacet
  facet normal 0.427589 0.903973 0
    outer loop
      vertex -2.47483 21.7699 0.79
      vertex -2.00909 21.5496 0
      vertex -2.47483 21.7699 0
    endloop
  endfacet
  facet normal 0.243006 0.970025 -0
    outer loop
      vertex -1.02422 21.2509 0
      vertex -1.52399 21.3761 0.79
      vertex -1.02422 21.2509 0.79
    endloop
  endfacet
  facet normal 0.243006 0.970025 0
    outer loop
      vertex -1.52399 21.3761 0.79
      vertex -1.02422 21.2509 0
      vertex -1.52399 21.3761 0
    endloop
  endfacet
  facet normal 0.0491061 0.998794 -0
    outer loop
      vertex 0 21.15 0
      vertex -0.514589 21.1753 0.79
      vertex 0 21.15 0.79
    endloop
  endfacet
  facet normal 0.0491061 0.998794 0
    outer loop
      vertex -0.514589 21.1753 0.79
      vertex 0 21.15 0
      vertex -0.514589 21.1753 0
    endloop
  endfacet
  facet normal 0.857724 0.51411 0
    outer loop
      vertex -4.36522 23.4833 0.79
      vertex -4.63009 23.9252 0
      vertex -4.63009 23.9252 0.79
    endloop
  endfacet
  facet normal 0.857724 0.51411 0
    outer loop
      vertex -4.63009 23.9252 0
      vertex -4.36522 23.4833 0.79
      vertex -4.36522 23.4833 0
    endloop
  endfacet
  facet normal 0.941545 0.336887 0
    outer loop
      vertex -4.85037 24.3909 0.79
      vertex -5.02394 24.876 0
      vertex -5.02394 24.876 0.79
    endloop
  endfacet
  facet normal 0.941545 0.336887 0
    outer loop
      vertex -5.02394 24.876 0
      vertex -4.85037 24.3909 0.79
      vertex -4.85037 24.3909 0
    endloop
  endfacet
  facet normal 0.989174 0.146746 0
    outer loop
      vertex -5.14912 25.3758 0.79
      vertex -5.22472 25.8854 0
      vertex -5.22472 25.8854 0.79
    endloop
  endfacet
  facet normal 0.989174 0.146746 0
    outer loop
      vertex -5.22472 25.8854 0
      vertex -5.14912 25.3758 0.79
      vertex -5.14912 25.3758 0
    endloop
  endfacet
  facet normal -0.989174 -0.146746 0
    outer loop
      vertex 5.22472 26.9146 0
      vertex 5.14912 27.4242 0.79
      vertex 5.14912 27.4242 0
    endloop
  endfacet
  facet normal -0.989174 -0.146746 0
    outer loop
      vertex 5.14912 27.4242 0.79
      vertex 5.22472 26.9146 0
      vertex 5.22472 26.9146 0.79
    endloop
  endfacet
  facet normal -0.998796 -0.0490664 0
    outer loop
      vertex 5.25 26.4 0
      vertex 5.22472 26.9146 0.79
      vertex 5.22472 26.9146 0
    endloop
  endfacet
  facet normal -0.998796 -0.0490664 0
    outer loop
      vertex 5.22472 26.9146 0.79
      vertex 5.25 26.4 0
      vertex 5.25 26.4 0.79
    endloop
  endfacet
  facet normal -0.146737 -0.989176 0
    outer loop
      vertex 0.514589 31.6247 0
      vertex 1.02422 31.5491 0.79
      vertex 0.514589 31.6247 0.79
    endloop
  endfacet
  facet normal -0.146737 -0.989176 -0
    outer loop
      vertex 1.02422 31.5491 0.79
      vertex 0.514589 31.6247 0
      vertex 1.02422 31.5491 0
    endloop
  endfacet
  facet normal -0.243006 -0.970025 0
    outer loop
      vertex 1.02422 31.5491 0
      vertex 1.52399 31.4239 0.79
      vertex 1.02422 31.5491 0.79
    endloop
  endfacet
  facet normal -0.243006 -0.970025 -0
    outer loop
      vertex 1.52399 31.4239 0.79
      vertex 1.02422 31.5491 0
      vertex 1.52399 31.4239 0
    endloop
  endfacet
  facet normal -0.803253 0.595638 0
    outer loop
      vertex 4.0583 23.0694 0
      vertex 4.36522 23.4833 0.79
      vertex 4.36522 23.4833 0
    endloop
  endfacet
  facet normal -0.803253 0.595638 0
    outer loop
      vertex 4.36522 23.4833 0.79
      vertex 4.0583 23.0694 0
      vertex 4.0583 23.0694 0.79
    endloop
  endfacet
  facet normal -0.903974 0.427587 0
    outer loop
      vertex 4.63009 23.9252 0
      vertex 4.85037 24.3909 0.79
      vertex 4.85037 24.3909 0
    endloop
  endfacet
  facet normal -0.903974 0.427587 0
    outer loop
      vertex 4.85037 24.3909 0.79
      vertex 4.63009 23.9252 0
      vertex 4.63009 23.9252 0.79
    endloop
  endfacet
  facet normal -0.970037 0.242956 0
    outer loop
      vertex 5.02394 24.876 0
      vertex 5.14912 25.3758 0.79
      vertex 5.14912 25.3758 0
    endloop
  endfacet
  facet normal -0.970037 0.242956 0
    outer loop
      vertex 5.14912 25.3758 0.79
      vertex 5.02394 24.876 0
      vertex 5.02394 24.876 0.79
    endloop
  endfacet
  facet normal -0.998796 0.0490664 0
    outer loop
      vertex 5.22472 25.8854 0
      vertex 5.25 26.4 0.79
      vertex 5.25 26.4 0
    endloop
  endfacet
  facet normal -0.998796 0.0490664 0
    outer loop
      vertex 5.25 26.4 0.79
      vertex 5.22472 25.8854 0
      vertex 5.22472 25.8854 0.79
    endloop
  endfacet
  facet normal -0.514145 0.857703 0
    outer loop
      vertex 2.91674 22.0348 0
      vertex 2.47483 21.7699 0.79
      vertex 2.91674 22.0348 0.79
    endloop
  endfacet
  facet normal -0.514145 0.857703 0
    outer loop
      vertex 2.47483 21.7699 0.79
      vertex 2.91674 22.0348 0
      vertex 2.47483 21.7699 0
    endloop
  endfacet
  facet normal -0.671561 0.740949 0
    outer loop
      vertex 3.71231 22.6877 0
      vertex 3.33056 22.3417 0.79
      vertex 3.71231 22.6877 0.79
    endloop
  endfacet
  facet normal -0.671561 0.740949 0
    outer loop
      vertex 3.33056 22.3417 0.79
      vertex 3.71231 22.6877 0
      vertex 3.33056 22.3417 0
    endloop
  endfacet
  facet normal -0.336767 0.941588 0
    outer loop
      vertex 2.00909 21.5496 0
      vertex 1.52399 21.3761 0.79
      vertex 2.00909 21.5496 0.79
    endloop
  endfacet
  facet normal -0.336767 0.941588 0
    outer loop
      vertex 1.52399 21.3761 0.79
      vertex 2.00909 21.5496 0
      vertex 1.52399 21.3761 0
    endloop
  endfacet
  facet normal -0.146737 0.989176 0
    outer loop
      vertex 1.02422 21.2509 0
      vertex 0.514589 21.1753 0.79
      vertex 1.02422 21.2509 0.79
    endloop
  endfacet
  facet normal -0.146737 0.989176 0
    outer loop
      vertex 0.514589 21.1753 0.79
      vertex 1.02422 21.2509 0
      vertex 0.514589 21.1753 0
    endloop
  endfacet
  facet normal 0.998794 0.0491061 0
    outer loop
      vertex -31.6247 -0.514589 0.79
      vertex -31.65 0 0
      vertex -31.65 0 0.79
    endloop
  endfacet
  facet normal 0.998794 0.0491061 0
    outer loop
      vertex -31.65 0 0
      vertex -31.6247 -0.514589 0.79
      vertex -31.6247 -0.514589 0
    endloop
  endfacet
  facet normal -0.0490664 -0.998796 0
    outer loop
      vertex -26.4 5.25 0
      vertex -25.8854 5.22472 0.79
      vertex -26.4 5.25 0.79
    endloop
  endfacet
  facet normal -0.0490664 -0.998796 -0
    outer loop
      vertex -25.8854 5.22472 0.79
      vertex -26.4 5.25 0
      vertex -25.8854 5.22472 0
    endloop
  endfacet
  facet normal -0.740949 -0.671561 0
    outer loop
      vertex -22.3417 3.33056 0
      vertex -22.6877 3.71231 0.79
      vertex -22.6877 3.71231 0
    endloop
  endfacet
  facet normal -0.740949 -0.671561 0
    outer loop
      vertex -22.6877 3.71231 0.79
      vertex -22.3417 3.33056 0
      vertex -22.3417 3.33056 0.79
    endloop
  endfacet
  facet normal 0.740949 -0.671561 0
    outer loop
      vertex -30.4583 3.33056 0.79
      vertex -30.1123 3.71231 0
      vertex -30.1123 3.71231 0.79
    endloop
  endfacet
  facet normal 0.740949 -0.671561 0
    outer loop
      vertex -30.1123 3.71231 0
      vertex -30.4583 3.33056 0.79
      vertex -30.4583 3.33056 0
    endloop
  endfacet
  facet normal -0.970025 -0.243006 0
    outer loop
      vertex -21.2509 1.02422 0
      vertex -21.3761 1.52399 0.79
      vertex -21.3761 1.52399 0
    endloop
  endfacet
  facet normal -0.970025 -0.243006 0
    outer loop
      vertex -21.3761 1.52399 0.79
      vertex -21.2509 1.02422 0
      vertex -21.2509 1.02422 0.79
    endloop
  endfacet
  facet normal 0.671599 0.740915 -0
    outer loop
      vertex -29.7306 -4.0583 0
      vertex -30.1123 -3.71231 0.79
      vertex -29.7306 -4.0583 0.79
    endloop
  endfacet
  facet normal 0.671599 0.740915 0
    outer loop
      vertex -30.1123 -3.71231 0.79
      vertex -29.7306 -4.0583 0
      vertex -30.1123 -3.71231 0
    endloop
  endfacet
  facet normal 0.242956 0.970037 -0
    outer loop
      vertex -27.4242 -5.14912 0
      vertex -27.924 -5.02394 0.79
      vertex -27.4242 -5.14912 0.79
    endloop
  endfacet
  facet normal 0.242956 0.970037 0
    outer loop
      vertex -27.924 -5.02394 0.79
      vertex -27.4242 -5.14912 0
      vertex -27.924 -5.02394 0
    endloop
  endfacet
  facet normal 0.336887 0.941545 -0
    outer loop
      vertex -27.924 -5.02394 0
      vertex -28.4091 -4.85037 0.79
      vertex -27.924 -5.02394 0.79
    endloop
  endfacet
  facet normal 0.336887 0.941545 0
    outer loop
      vertex -28.4091 -4.85037 0.79
      vertex -27.924 -5.02394 0
      vertex -28.4091 -4.85037 0
    endloop
  endfacet
  facet normal -0.857703 0.514145 0
    outer loop
      vertex -22.0348 -2.91674 0
      vertex -21.7699 -2.47483 0.79
      vertex -21.7699 -2.47483 0
    endloop
  endfacet
  facet normal -0.857703 0.514145 0
    outer loop
      vertex -21.7699 -2.47483 0.79
      vertex -22.0348 -2.91674 0
      vertex -22.0348 -2.91674 0.79
    endloop
  endfacet
  facet normal -0.671599 0.740915 0
    outer loop
      vertex -22.6877 -3.71231 0
      vertex -23.0694 -4.0583 0.79
      vertex -22.6877 -3.71231 0.79
    endloop
  endfacet
  facet normal -0.671599 0.740915 0
    outer loop
      vertex -23.0694 -4.0583 0.79
      vertex -22.6877 -3.71231 0
      vertex -23.0694 -4.0583 0
    endloop
  endfacet
  facet normal 0.903973 -0.427589 0
    outer loop
      vertex -31.2504 2.00909 0.79
      vertex -31.0301 2.47483 0
      vertex -31.0301 2.47483 0.79
    endloop
  endfacet
  facet normal 0.903973 -0.427589 0
    outer loop
      vertex -31.0301 2.47483 0
      vertex -31.2504 2.00909 0.79
      vertex -31.2504 2.00909 0
    endloop
  endfacet
  facet normal 0.336887 -0.941545 0
    outer loop
      vertex -28.4091 4.85037 0
      vertex -27.924 5.02394 0.79
      vertex -28.4091 4.85037 0.79
    endloop
  endfacet
  facet normal 0.336887 -0.941545 0
    outer loop
      vertex -27.924 5.02394 0.79
      vertex -28.4091 4.85037 0
      vertex -27.924 5.02394 0
    endloop
  endfacet
  facet normal 0.857703 -0.514145 0
    outer loop
      vertex -31.0301 2.47483 0.79
      vertex -30.7652 2.91674 0
      vertex -30.7652 2.91674 0.79
    endloop
  endfacet
  facet normal 0.857703 -0.514145 0
    outer loop
      vertex -30.7652 2.91674 0
      vertex -31.0301 2.47483 0.79
      vertex -31.0301 2.47483 0
    endloop
  endfacet
  facet normal -0.427587 -0.903974 0
    outer loop
      vertex -24.3909 4.85037 0
      vertex -23.9252 4.63009 0.79
      vertex -24.3909 4.85037 0.79
    endloop
  endfacet
  facet normal -0.427587 -0.903974 -0
    outer loop
      vertex -23.9252 4.63009 0.79
      vertex -24.3909 4.85037 0
      vertex -23.9252 4.63009 0
    endloop
  endfacet
  facet normal -0.336887 -0.941545 0
    outer loop
      vertex -24.876 5.02394 0
      vertex -24.3909 4.85037 0.79
      vertex -24.876 5.02394 0.79
    endloop
  endfacet
  facet normal -0.336887 -0.941545 -0
    outer loop
      vertex -24.3909 4.85037 0.79
      vertex -24.876 5.02394 0
      vertex -24.3909 4.85037 0
    endloop
  endfacet
  facet normal -0.989176 -0.146737 0
    outer loop
      vertex -21.1753 0.514589 0
      vertex -21.2509 1.02422 0.79
      vertex -21.2509 1.02422 0
    endloop
  endfacet
  facet normal -0.989176 -0.146737 0
    outer loop
      vertex -21.2509 1.02422 0.79
      vertex -21.1753 0.514589 0
      vertex -21.1753 0.514589 0.79
    endloop
  endfacet
  facet normal 0.989176 0.146737 0
    outer loop
      vertex -31.5491 -1.02422 0.79
      vertex -31.6247 -0.514589 0
      vertex -31.6247 -0.514589 0.79
    endloop
  endfacet
  facet normal 0.989176 0.146737 0
    outer loop
      vertex -31.6247 -0.514589 0
      vertex -31.5491 -1.02422 0.79
      vertex -31.5491 -1.02422 0
    endloop
  endfacet
  facet normal 0.941588 0.336767 0
    outer loop
      vertex -31.2504 -2.00909 0.79
      vertex -31.4239 -1.52399 0
      vertex -31.4239 -1.52399 0.79
    endloop
  endfacet
  facet normal 0.941588 0.336767 0
    outer loop
      vertex -31.4239 -1.52399 0
      vertex -31.2504 -2.00909 0.79
      vertex -31.2504 -2.00909 0
    endloop
  endfacet
  facet normal 0.740949 0.671561 0
    outer loop
      vertex -30.1123 -3.71231 0.79
      vertex -30.4583 -3.33056 0
      vertex -30.4583 -3.33056 0.79
    endloop
  endfacet
  facet normal 0.740949 0.671561 0
    outer loop
      vertex -30.4583 -3.33056 0
      vertex -30.1123 -3.71231 0.79
      vertex -30.1123 -3.71231 0
    endloop
  endfacet
  facet normal 0.857703 0.514145 0
    outer loop
      vertex -30.7652 -2.91674 0.79
      vertex -31.0301 -2.47483 0
      vertex -31.0301 -2.47483 0.79
    endloop
  endfacet
  facet normal 0.857703 0.514145 0
    outer loop
      vertex -31.0301 -2.47483 0
      vertex -30.7652 -2.91674 0.79
      vertex -30.7652 -2.91674 0
    endloop
  endfacet
  facet normal 0.146746 0.989174 -0
    outer loop
      vertex -26.9146 -5.22472 0
      vertex -27.4242 -5.14912 0.79
      vertex -26.9146 -5.22472 0.79
    endloop
  endfacet
  facet normal 0.146746 0.989174 0
    outer loop
      vertex -27.4242 -5.14912 0.79
      vertex -26.9146 -5.22472 0
      vertex -27.4242 -5.14912 0
    endloop
  endfacet
  facet normal 0.427587 0.903974 -0
    outer loop
      vertex -28.4091 -4.85037 0
      vertex -28.8748 -4.63009 0.79
      vertex -28.4091 -4.85037 0.79
    endloop
  endfacet
  facet normal 0.427587 0.903974 0
    outer loop
      vertex -28.8748 -4.63009 0.79
      vertex -28.4091 -4.85037 0
      vertex -28.8748 -4.63009 0
    endloop
  endfacet
  facet normal 0.595638 0.803253 -0
    outer loop
      vertex -29.3167 -4.36522 0
      vertex -29.7306 -4.0583 0.79
      vertex -29.3167 -4.36522 0.79
    endloop
  endfacet
  facet normal 0.595638 0.803253 0
    outer loop
      vertex -29.7306 -4.0583 0.79
      vertex -29.3167 -4.36522 0
      vertex -29.7306 -4.0583 0
    endloop
  endfacet
  facet normal -0.740949 0.671561 0
    outer loop
      vertex -22.6877 -3.71231 0
      vertex -22.3417 -3.33056 0.79
      vertex -22.3417 -3.33056 0
    endloop
  endfacet
  facet normal -0.740949 0.671561 0
    outer loop
      vertex -22.3417 -3.33056 0.79
      vertex -22.6877 -3.71231 0
      vertex -22.6877 -3.71231 0.79
    endloop
  endfacet
  facet normal -0.803217 0.595687 0
    outer loop
      vertex -22.3417 -3.33056 0
      vertex -22.0348 -2.91674 0.79
      vertex -22.0348 -2.91674 0
    endloop
  endfacet
  facet normal -0.803217 0.595687 0
    outer loop
      vertex -22.0348 -2.91674 0.79
      vertex -22.3417 -3.33056 0
      vertex -22.3417 -3.33056 0.79
    endloop
  endfacet
  facet normal -0.970025 0.243006 0
    outer loop
      vertex -21.3761 -1.52399 0
      vertex -21.2509 -1.02422 0.79
      vertex -21.2509 -1.02422 0
    endloop
  endfacet
  facet normal -0.970025 0.243006 0
    outer loop
      vertex -21.2509 -1.02422 0.79
      vertex -21.3761 -1.52399 0
      vertex -21.3761 -1.52399 0.79
    endloop
  endfacet
  facet normal -0.941588 0.336767 0
    outer loop
      vertex -21.5496 -2.00909 0
      vertex -21.3761 -1.52399 0.79
      vertex -21.3761 -1.52399 0
    endloop
  endfacet
  facet normal -0.941588 0.336767 0
    outer loop
      vertex -21.3761 -1.52399 0.79
      vertex -21.5496 -2.00909 0
      vertex -21.5496 -2.00909 0.79
    endloop
  endfacet
  facet normal -0.989176 0.146737 0
    outer loop
      vertex -21.2509 -1.02422 0
      vertex -21.1753 -0.514589 0.79
      vertex -21.1753 -0.514589 0
    endloop
  endfacet
  facet normal -0.989176 0.146737 0
    outer loop
      vertex -21.1753 -0.514589 0.79
      vertex -21.2509 -1.02422 0
      vertex -21.2509 -1.02422 0.79
    endloop
  endfacet
  facet normal -0.51411 0.857724 0
    outer loop
      vertex -23.4833 -4.36522 0
      vertex -23.9252 -4.63009 0.79
      vertex -23.4833 -4.36522 0.79
    endloop
  endfacet
  facet normal -0.51411 0.857724 0
    outer loop
      vertex -23.9252 -4.63009 0.79
      vertex -23.4833 -4.36522 0
      vertex -23.9252 -4.63009 0
    endloop
  endfacet
  facet normal -0.427587 0.903974 0
    outer loop
      vertex -23.9252 -4.63009 0
      vertex -24.3909 -4.85037 0.79
      vertex -23.9252 -4.63009 0.79
    endloop
  endfacet
  facet normal -0.427587 0.903974 0
    outer loop
      vertex -24.3909 -4.85037 0.79
      vertex -23.9252 -4.63009 0
      vertex -24.3909 -4.85037 0
    endloop
  endfacet
  facet normal -0.595638 0.803253 0
    outer loop
      vertex -23.0694 -4.0583 0
      vertex -23.4833 -4.36522 0.79
      vertex -23.0694 -4.0583 0.79
    endloop
  endfacet
  facet normal -0.595638 0.803253 0
    outer loop
      vertex -23.4833 -4.36522 0.79
      vertex -23.0694 -4.0583 0
      vertex -23.4833 -4.36522 0
    endloop
  endfacet
  facet normal -0.242956 0.970037 0
    outer loop
      vertex -24.876 -5.02394 0
      vertex -25.3758 -5.14912 0.79
      vertex -24.876 -5.02394 0.79
    endloop
  endfacet
  facet normal -0.242956 0.970037 0
    outer loop
      vertex -25.3758 -5.14912 0.79
      vertex -24.876 -5.02394 0
      vertex -25.3758 -5.14912 0
    endloop
  endfacet
  facet normal -0.336887 0.941545 0
    outer loop
      vertex -24.3909 -4.85037 0
      vertex -24.876 -5.02394 0.79
      vertex -24.3909 -4.85037 0.79
    endloop
  endfacet
  facet normal -0.336887 0.941545 0
    outer loop
      vertex -24.876 -5.02394 0.79
      vertex -24.3909 -4.85037 0
      vertex -24.876 -5.02394 0
    endloop
  endfacet
  facet normal -0.0490664 0.998796 0
    outer loop
      vertex -25.8854 -5.22472 0
      vertex -26.4 -5.25 0.79
      vertex -25.8854 -5.22472 0.79
    endloop
  endfacet
  facet normal -0.0490664 0.998796 0
    outer loop
      vertex -26.4 -5.25 0.79
      vertex -25.8854 -5.22472 0
      vertex -26.4 -5.25 0
    endloop
  endfacet
  facet normal 0.998794 -0.0491061 0
    outer loop
      vertex -31.65 0 0.79
      vertex -31.6247 0.514589 0
      vertex -31.6247 0.514589 0.79
    endloop
  endfacet
  facet normal 0.998794 -0.0491061 0
    outer loop
      vertex -31.6247 0.514589 0
      vertex -31.65 0 0.79
      vertex -31.65 0 0
    endloop
  endfacet
  facet normal 0.242956 -0.970037 0
    outer loop
      vertex -27.924 5.02394 0
      vertex -27.4242 5.14912 0.79
      vertex -27.924 5.02394 0.79
    endloop
  endfacet
  facet normal 0.242956 -0.970037 0
    outer loop
      vertex -27.4242 5.14912 0.79
      vertex -27.924 5.02394 0
      vertex -27.4242 5.14912 0
    endloop
  endfacet
  facet normal 0.427587 -0.903974 0
    outer loop
      vertex -28.8748 4.63009 0
      vertex -28.4091 4.85037 0.79
      vertex -28.8748 4.63009 0.79
    endloop
  endfacet
  facet normal 0.427587 -0.903974 0
    outer loop
      vertex -28.4091 4.85037 0.79
      vertex -28.8748 4.63009 0
      vertex -28.4091 4.85037 0
    endloop
  endfacet
  facet normal 0.51411 -0.857724 0
    outer loop
      vertex -29.3167 4.36522 0
      vertex -28.8748 4.63009 0.79
      vertex -29.3167 4.36522 0.79
    endloop
  endfacet
  facet normal 0.51411 -0.857724 0
    outer loop
      vertex -28.8748 4.63009 0.79
      vertex -29.3167 4.36522 0
      vertex -28.8748 4.63009 0
    endloop
  endfacet
  facet normal 0.595638 -0.803253 0
    outer loop
      vertex -29.7306 4.0583 0
      vertex -29.3167 4.36522 0.79
      vertex -29.7306 4.0583 0.79
    endloop
  endfacet
  facet normal 0.595638 -0.803253 0
    outer loop
      vertex -29.3167 4.36522 0.79
      vertex -29.7306 4.0583 0
      vertex -29.3167 4.36522 0
    endloop
  endfacet
  facet normal 0.803217 -0.595687 0
    outer loop
      vertex -30.7652 2.91674 0.79
      vertex -30.4583 3.33056 0
      vertex -30.4583 3.33056 0.79
    endloop
  endfacet
  facet normal 0.803217 -0.595687 0
    outer loop
      vertex -30.4583 3.33056 0
      vertex -30.7652 2.91674 0.79
      vertex -30.7652 2.91674 0
    endloop
  endfacet
  facet normal 0.941588 -0.336767 0
    outer loop
      vertex -31.4239 1.52399 0.79
      vertex -31.2504 2.00909 0
      vertex -31.2504 2.00909 0.79
    endloop
  endfacet
  facet normal 0.941588 -0.336767 0
    outer loop
      vertex -31.2504 2.00909 0
      vertex -31.4239 1.52399 0.79
      vertex -31.4239 1.52399 0
    endloop
  endfacet
  facet normal 0.970025 -0.243006 0
    outer loop
      vertex -31.5491 1.02422 0.79
      vertex -31.4239 1.52399 0
      vertex -31.4239 1.52399 0.79
    endloop
  endfacet
  facet normal 0.970025 -0.243006 0
    outer loop
      vertex -31.4239 1.52399 0
      vertex -31.5491 1.02422 0.79
      vertex -31.5491 1.02422 0
    endloop
  endfacet
  facet normal 0 0 -1
    outer loop
      vertex -21.1753 -0.514589 0.79
      vertex -21.1753 0.514589 0.79
      vertex -21.15 0 0.79
    endloop
  endfacet
  facet normal 0 0 -1
    outer loop
      vertex -21.2509 -1.02422 0.79
      vertex -21.1753 0.514589 0.79
      vertex -21.1753 -0.514589 0.79
    endloop
  endfacet
  facet normal 0 0 -1
    outer loop
      vertex -21.2509 -1.02422 0.79
      vertex -21.2509 1.02422 0.79
      vertex -21.1753 0.514589 0.79
    endloop
  endfacet
  facet normal 0 0 -1
    outer loop
      vertex -21.3761 -1.52399 0.79
      vertex -21.2509 1.02422 0.79
      vertex -21.2509 -1.02422 0.79
    endloop
  endfacet
  facet normal 0 0 -1
    outer loop
      vertex -21.3761 -1.52399 0.79
      vertex -21.3761 1.52399 0.79
      vertex -21.2509 1.02422 0.79
    endloop
  endfacet
  facet normal 0 0 -1
    outer loop
      vertex -21.5496 -2.00909 0.79
      vertex -21.3761 1.52399 0.79
      vertex -21.3761 -1.52399 0.79
    endloop
  endfacet
  facet normal 0 0 -1
    outer loop
      vertex -21.5496 -2.00909 0.79
      vertex -21.5496 2.00909 0.79
      vertex -21.3761 1.52399 0.79
    endloop
  endfacet
  facet normal 0 0 -1
    outer loop
      vertex -21.7699 -2.47483 0.79
      vertex -21.5496 2.00909 0.79
      vertex -21.5496 -2.00909 0.79
    endloop
  endfacet
  facet normal 0 0 -1
    outer loop
      vertex -21.7699 -2.47483 0.79
      vertex -21.7699 2.47483 0.79
      vertex -21.5496 2.00909 0.79
    endloop
  endfacet
  facet normal 0 0 -1
    outer loop
      vertex -22.0348 -2.91674 0.79
      vertex -21.7699 2.47483 0.79
      vertex -21.7699 -2.47483 0.79
    endloop
  endfacet
  facet normal 0 0 -1
    outer loop
      vertex -22.0348 -2.91674 0.79
      vertex -22.0348 2.91674 0.79
      vertex -21.7699 2.47483 0.79
    endloop
  endfacet
  facet normal 0 0 -1
    outer loop
      vertex -22.3417 -3.33056 0.79
      vertex -22.0348 2.91674 0.79
      vertex -22.0348 -2.91674 0.79
    endloop
  endfacet
  facet normal 0 0 -1
    outer loop
      vertex -22.3417 -3.33056 0.79
      vertex -22.3417 3.33056 0.79
      vertex -22.0348 2.91674 0.79
    endloop
  endfacet
  facet normal 0 0 -1
    outer loop
      vertex -22.6877 -3.71231 0.79
      vertex -22.3417 3.33056 0.79
      vertex -22.3417 -3.33056 0.79
    endloop
  endfacet
  facet normal 0 0 -1
    outer loop
      vertex -22.6877 -3.71231 0.79
      vertex -22.6877 3.71231 0.79
      vertex -22.3417 3.33056 0.79
    endloop
  endfacet
  facet normal 0 0 -1
    outer loop
      vertex -23.0694 -4.0583 0.79
      vertex -22.6877 3.71231 0.79
      vertex -22.6877 -3.71231 0.79
    endloop
  endfacet
  facet normal 0 0 -1
    outer loop
      vertex -23.0694 -4.0583 0.79
      vertex -23.0694 4.0583 0.79
      vertex -22.6877 3.71231 0.79
    endloop
  endfacet
  facet normal 0 0 -1
    outer loop
      vertex -23.4833 -4.36522 0.79
      vertex -23.0694 4.0583 0.79
      vertex -23.0694 -4.0583 0.79
    endloop
  endfacet
  facet normal 0 0 -1
    outer loop
      vertex -23.4833 -4.36522 0.79
      vertex -23.4833 4.36522 0.79
      vertex -23.0694 4.0583 0.79
    endloop
  endfacet
  facet normal 0 0 -1
    outer loop
      vertex -23.9252 -4.63009 0.79
      vertex -23.4833 4.36522 0.79
      vertex -23.4833 -4.36522 0.79
    endloop
  endfacet
  facet normal 0 0 -1
    outer loop
      vertex -23.9252 -4.63009 0.79
      vertex -23.9252 4.63009 0.79
      vertex -23.4833 4.36522 0.79
    endloop
  endfacet
  facet normal 0 0 -1
    outer loop
      vertex -24.3909 -4.85037 0.79
      vertex -23.9252 4.63009 0.79
      vertex -23.9252 -4.63009 0.79
    endloop
  endfacet
  facet normal 0 0 -1
    outer loop
      vertex -24.3909 -4.85037 0.79
      vertex -24.3909 4.85037 0.79
      vertex -23.9252 4.63009 0.79
    endloop
  endfacet
  facet normal 0 0 -1
    outer loop
      vertex -24.876 -5.02394 0.79
      vertex -24.3909 4.85037 0.79
      vertex -24.3909 -4.85037 0.79
    endloop
  endfacet
  facet normal 0 0 -1
    outer loop
      vertex -24.876 -5.02394 0.79
      vertex -24.876 5.02394 0.79
      vertex -24.3909 4.85037 0.79
    endloop
  endfacet
  facet normal 0 0 -1
    outer loop
      vertex -25.3758 -5.14912 0.79
      vertex -24.876 5.02394 0.79
      vertex -24.876 -5.02394 0.79
    endloop
  endfacet
  facet normal 0 0 -1
    outer loop
      vertex -25.3758 -5.14912 0.79
      vertex -25.3758 5.14912 0.79
      vertex -24.876 5.02394 0.79
    endloop
  endfacet
  facet normal 0 0 -1
    outer loop
      vertex -25.8854 -5.22472 0.79
      vertex -25.3758 5.14912 0.79
      vertex -25.3758 -5.14912 0.79
    endloop
  endfacet
  facet normal 0 0 -1
    outer loop
      vertex -25.8854 -5.22472 0.79
      vertex -25.8854 5.22472 0.79
      vertex -25.3758 5.14912 0.79
    endloop
  endfacet
  facet normal 0 0 -1
    outer loop
      vertex -26.4 -5.25 0.79
      vertex -25.8854 5.22472 0.79
      vertex -25.8854 -5.22472 0.79
    endloop
  endfacet
  facet normal 0 0 -1
    outer loop
      vertex -26.4 -5.25 0.79
      vertex -26.4 5.25 0.79
      vertex -25.8854 5.22472 0.79
    endloop
  endfacet
  facet normal 0 0 -1
    outer loop
      vertex -26.9146 -5.22472 0.79
      vertex -26.4 5.25 0.79
      vertex -26.4 -5.25 0.79
    endloop
  endfacet
  facet normal 0 0 -1
    outer loop
      vertex -26.9146 -5.22472 0.79
      vertex -26.9146 5.22472 0.79
      vertex -26.4 5.25 0.79
    endloop
  endfacet
  facet normal 0 0 -1
    outer loop
      vertex -27.4242 -5.14912 0.79
      vertex -26.9146 5.22472 0.79
      vertex -26.9146 -5.22472 0.79
    endloop
  endfacet
  facet normal 0 0 -1
    outer loop
      vertex -27.4242 -5.14912 0.79
      vertex -27.4242 5.14912 0.79
      vertex -26.9146 5.22472 0.79
    endloop
  endfacet
  facet normal 0 0 -1
    outer loop
      vertex -27.924 -5.02394 0.79
      vertex -27.4242 5.14912 0.79
      vertex -27.4242 -5.14912 0.79
    endloop
  endfacet
  facet normal 0 0 -1
    outer loop
      vertex -27.924 -5.02394 0.79
      vertex -27.924 5.02394 0.79
      vertex -27.4242 5.14912 0.79
    endloop
  endfacet
  facet normal 0 0 -1
    outer loop
      vertex -28.4091 -4.85037 0.79
      vertex -27.924 5.02394 0.79
      vertex -27.924 -5.02394 0.79
    endloop
  endfacet
  facet normal 0 0 -1
    outer loop
      vertex -28.4091 -4.85037 0.79
      vertex -28.4091 4.85037 0.79
      vertex -27.924 5.02394 0.79
    endloop
  endfacet
  facet normal 0 0 -1
    outer loop
      vertex -28.8748 -4.63009 0.79
      vertex -28.4091 4.85037 0.79
      vertex -28.4091 -4.85037 0.79
    endloop
  endfacet
  facet normal 0 0 -1
    outer loop
      vertex -28.8748 -4.63009 0.79
      vertex -28.8748 4.63009 0.79
      vertex -28.4091 4.85037 0.79
    endloop
  endfacet
  facet normal 0 0 -1
    outer loop
      vertex -29.3167 -4.36522 0.79
      vertex -28.8748 4.63009 0.79
      vertex -28.8748 -4.63009 0.79
    endloop
  endfacet
  facet normal 0 0 -1
    outer loop
      vertex -29.3167 -4.36522 0.79
      vertex -29.3167 4.36522 0.79
      vertex -28.8748 4.63009 0.79
    endloop
  endfacet
  facet normal 0 0 -1
    outer loop
      vertex -29.7306 -4.0583 0.79
      vertex -29.3167 4.36522 0.79
      vertex -29.3167 -4.36522 0.79
    endloop
  endfacet
  facet normal 0 0 -1
    outer loop
      vertex -29.7306 -4.0583 0.79
      vertex -29.7306 4.0583 0.79
      vertex -29.3167 4.36522 0.79
    endloop
  endfacet
  facet normal 0 0 -1
    outer loop
      vertex -30.1123 -3.71231 0.79
      vertex -29.7306 4.0583 0.79
      vertex -29.7306 -4.0583 0.79
    endloop
  endfacet
  facet normal 0 0 -1
    outer loop
      vertex -30.1123 -3.71231 0.79
      vertex -30.1123 3.71231 0.79
      vertex -29.7306 4.0583 0.79
    endloop
  endfacet
  facet normal 0 0 -1
    outer loop
      vertex -30.4583 -3.33056 0.79
      vertex -30.1123 3.71231 0.79
      vertex -30.1123 -3.71231 0.79
    endloop
  endfacet
  facet normal 0 0 -1
    outer loop
      vertex -30.4583 -3.33056 0.79
      vertex -30.4583 3.33056 0.79
      vertex -30.1123 3.71231 0.79
    endloop
  endfacet
  facet normal 0 0 -1
    outer loop
      vertex -30.7652 -2.91674 0.79
      vertex -30.4583 3.33056 0.79
      vertex -30.4583 -3.33056 0.79
    endloop
  endfacet
  facet normal 0 0 -1
    outer loop
      vertex -30.7652 -2.91674 0.79
      vertex -30.7652 2.91674 0.79
      vertex -30.4583 3.33056 0.79
    endloop
  endfacet
  facet normal 0 0 -1
    outer loop
      vertex -31.0301 -2.47483 0.79
      vertex -30.7652 2.91674 0.79
      vertex -30.7652 -2.91674 0.79
    endloop
  endfacet
  facet normal 0 0 -1
    outer loop
      vertex -31.0301 -2.47483 0.79
      vertex -31.0301 2.47483 0.79
      vertex -30.7652 2.91674 0.79
    endloop
  endfacet
  facet normal 0 0 -1
    outer loop
      vertex -31.2504 -2.00909 0.79
      vertex -31.0301 2.47483 0.79
      vertex -31.0301 -2.47483 0.79
    endloop
  endfacet
  facet normal 0 0 -1
    outer loop
      vertex -31.2504 -2.00909 0.79
      vertex -31.2504 2.00909 0.79
      vertex -31.0301 2.47483 0.79
    endloop
  endfacet
  facet normal 0 0 -1
    outer loop
      vertex -31.4239 -1.52399 0.79
      vertex -31.2504 2.00909 0.79
      vertex -31.2504 -2.00909 0.79
    endloop
  endfacet
  facet normal 0 0 -1
    outer loop
      vertex -31.4239 -1.52399 0.79
      vertex -31.4239 1.52399 0.79
      vertex -31.2504 2.00909 0.79
    endloop
  endfacet
  facet normal 0 0 -1
    outer loop
      vertex -31.5491 -1.02422 0.79
      vertex -31.4239 1.52399 0.79
      vertex -31.4239 -1.52399 0.79
    endloop
  endfacet
  facet normal 0 0 -1
    outer loop
      vertex -31.5491 -1.02422 0.79
      vertex -31.5491 1.02422 0.79
      vertex -31.4239 1.52399 0.79
    endloop
  endfacet
  facet normal 0 0 -1
    outer loop
      vertex -31.6247 -0.514589 0.79
      vertex -31.5491 1.02422 0.79
      vertex -31.5491 -1.02422 0.79
    endloop
  endfacet
  facet normal 0 0 -1
    outer loop
      vertex -31.6247 -0.514589 0.79
      vertex -31.6247 0.514589 0.79
      vertex -31.5491 1.02422 0.79
    endloop
  endfacet
  facet normal 0 -0 -1
    outer loop
      vertex -31.6247 0.514589 0.79
      vertex -31.6247 -0.514589 0.79
      vertex -31.65 0 0.79
    endloop
  endfacet
  facet normal -0.242956 -0.970037 0
    outer loop
      vertex -25.3758 5.14912 0
      vertex -24.876 5.02394 0.79
      vertex -25.3758 5.14912 0.79
    endloop
  endfacet
  facet normal -0.242956 -0.970037 -0
    outer loop
      vertex -24.876 5.02394 0.79
      vertex -25.3758 5.14912 0
      vertex -24.876 5.02394 0
    endloop
  endfacet
  facet normal -0.595638 -0.803253 0
    outer loop
      vertex -23.4833 4.36522 0
      vertex -23.0694 4.0583 0.79
      vertex -23.4833 4.36522 0.79
    endloop
  endfacet
  facet normal -0.595638 -0.803253 -0
    outer loop
      vertex -23.0694 4.0583 0.79
      vertex -23.4833 4.36522 0
      vertex -23.0694 4.0583 0
    endloop
  endfacet
  facet normal -0.51411 -0.857724 0
    outer loop
      vertex -23.9252 4.63009 0
      vertex -23.4833 4.36522 0.79
      vertex -23.9252 4.63009 0.79
    endloop
  endfacet
  facet normal -0.51411 -0.857724 -0
    outer loop
      vertex -23.4833 4.36522 0.79
      vertex -23.9252 4.63009 0
      vertex -23.4833 4.36522 0
    endloop
  endfacet
  facet normal -0.146746 -0.989174 0
    outer loop
      vertex -25.8854 5.22472 0
      vertex -25.3758 5.14912 0.79
      vertex -25.8854 5.22472 0.79
    endloop
  endfacet
  facet normal -0.146746 -0.989174 -0
    outer loop
      vertex -25.3758 5.14912 0.79
      vertex -25.8854 5.22472 0
      vertex -25.3758 5.14912 0
    endloop
  endfacet
  facet normal -0.903973 -0.427589 0
    outer loop
      vertex -21.5496 2.00909 0
      vertex -21.7699 2.47483 0.79
      vertex -21.7699 2.47483 0
    endloop
  endfacet
  facet normal -0.903973 -0.427589 0
    outer loop
      vertex -21.7699 2.47483 0.79
      vertex -21.5496 2.00909 0
      vertex -21.5496 2.00909 0.79
    endloop
  endfacet
  facet normal -0.857703 -0.514145 0
    outer loop
      vertex -21.7699 2.47483 0
      vertex -22.0348 2.91674 0.79
      vertex -22.0348 2.91674 0
    endloop
  endfacet
  facet normal -0.857703 -0.514145 0
    outer loop
      vertex -22.0348 2.91674 0.79
      vertex -21.7699 2.47483 0
      vertex -21.7699 2.47483 0.79
    endloop
  endfacet
  facet normal -0.941588 -0.336767 0
    outer loop
      vertex -21.3761 1.52399 0
      vertex -21.5496 2.00909 0.79
      vertex -21.5496 2.00909 0
    endloop
  endfacet
  facet normal -0.941588 -0.336767 0
    outer loop
      vertex -21.5496 2.00909 0.79
      vertex -21.3761 1.52399 0
      vertex -21.3761 1.52399 0.79
    endloop
  endfacet
  facet normal -0.998794 -0.0491061 0
    outer loop
      vertex -21.15 0 0
      vertex -21.1753 0.514589 0.79
      vertex -21.1753 0.514589 0
    endloop
  endfacet
  facet normal -0.998794 -0.0491061 0
    outer loop
      vertex -21.1753 0.514589 0.79
      vertex -21.15 0 0
      vertex -21.15 0 0.79
    endloop
  endfacet
  facet normal 0.970025 0.243006 0
    outer loop
      vertex -31.4239 -1.52399 0.79
      vertex -31.5491 -1.02422 0
      vertex -31.5491 -1.02422 0.79
    endloop
  endfacet
  facet normal 0.970025 0.243006 0
    outer loop
      vertex -31.5491 -1.02422 0
      vertex -31.4239 -1.52399 0.79
      vertex -31.4239 -1.52399 0
    endloop
  endfacet
  facet normal 0.903973 0.427589 0
    outer loop
      vertex -31.0301 -2.47483 0.79
      vertex -31.2504 -2.00909 0
      vertex -31.2504 -2.00909 0.79
    endloop
  endfacet
  facet normal 0.903973 0.427589 0
    outer loop
      vertex -31.2504 -2.00909 0
      vertex -31.0301 -2.47483 0.79
      vertex -31.0301 -2.47483 0
    endloop
  endfacet
  facet normal 0.803217 0.595687 0
    outer loop
      vertex -30.4583 -3.33056 0.79
      vertex -30.7652 -2.91674 0
      vertex -30.7652 -2.91674 0.79
    endloop
  endfacet
  facet normal 0.803217 0.595687 0
    outer loop
      vertex -30.7652 -2.91674 0
      vertex -30.4583 -3.33056 0.79
      vertex -30.4583 -3.33056 0
    endloop
  endfacet
  facet normal 0.0490664 0.998796 -0
    outer loop
      vertex -26.4 -5.25 0
      vertex -26.9146 -5.22472 0.79
      vertex -26.4 -5.25 0.79
    endloop
  endfacet
  facet normal 0.0490664 0.998796 0
    outer loop
      vertex -26.9146 -5.22472 0.79
      vertex -26.4 -5.25 0
      vertex -26.9146 -5.22472 0
    endloop
  endfacet
  facet normal 0.51411 0.857724 -0
    outer loop
      vertex -28.8748 -4.63009 0
      vertex -29.3167 -4.36522 0.79
      vertex -28.8748 -4.63009 0.79
    endloop
  endfacet
  facet normal 0.51411 0.857724 0
    outer loop
      vertex -29.3167 -4.36522 0.79
      vertex -28.8748 -4.63009 0
      vertex -29.3167 -4.36522 0
    endloop
  endfacet
  facet normal -0.903973 0.427589 0
    outer loop
      vertex -21.7699 -2.47483 0
      vertex -21.5496 -2.00909 0.79
      vertex -21.5496 -2.00909 0
    endloop
  endfacet
  facet normal -0.903973 0.427589 0
    outer loop
      vertex -21.5496 -2.00909 0.79
      vertex -21.7699 -2.47483 0
      vertex -21.7699 -2.47483 0.79
    endloop
  endfacet
  facet normal -0.998794 0.0491061 0
    outer loop
      vertex -21.1753 -0.514589 0
      vertex -21.15 0 0.79
      vertex -21.15 0 0
    endloop
  endfacet
  facet normal -0.998794 0.0491061 0
    outer loop
      vertex -21.15 0 0.79
      vertex -21.1753 -0.514589 0
      vertex -21.1753 -0.514589 0.79
    endloop
  endfacet
  facet normal -0.146746 0.989174 0
    outer loop
      vertex -25.3758 -5.14912 0
      vertex -25.8854 -5.22472 0.79
      vertex -25.3758 -5.14912 0.79
    endloop
  endfacet
  facet normal -0.146746 0.989174 0
    outer loop
      vertex -25.8854 -5.22472 0.79
      vertex -25.3758 -5.14912 0
      vertex -25.8854 -5.22472 0
    endloop
  endfacet
  facet normal 0.146746 -0.989174 0
    outer loop
      vertex -27.4242 5.14912 0
      vertex -26.9146 5.22472 0.79
      vertex -27.4242 5.14912 0.79
    endloop
  endfacet
  facet normal 0.146746 -0.989174 0
    outer loop
      vertex -26.9146 5.22472 0.79
      vertex -27.4242 5.14912 0
      vertex -26.9146 5.22472 0
    endloop
  endfacet
  facet normal 0.0490664 -0.998796 0
    outer loop
      vertex -26.9146 5.22472 0
      vertex -26.4 5.25 0.79
      vertex -26.9146 5.22472 0.79
    endloop
  endfacet
  facet normal 0.0490664 -0.998796 0
    outer loop
      vertex -26.4 5.25 0.79
      vertex -26.9146 5.22472 0
      vertex -26.4 5.25 0
    endloop
  endfacet
  facet normal 0.671599 -0.740915 0
    outer loop
      vertex -30.1123 3.71231 0
      vertex -29.7306 4.0583 0.79
      vertex -30.1123 3.71231 0.79
    endloop
  endfacet
  facet normal 0.671599 -0.740915 0
    outer loop
      vertex -29.7306 4.0583 0.79
      vertex -30.1123 3.71231 0
      vertex -29.7306 4.0583 0
    endloop
  endfacet
  facet normal 0.989176 -0.146737 0
    outer loop
      vertex -31.6247 0.514589 0.79
      vertex -31.5491 1.02422 0
      vertex -31.5491 1.02422 0.79
    endloop
  endfacet
  facet normal 0.989176 -0.146737 0
    outer loop
      vertex -31.5491 1.02422 0
      vertex -31.6247 0.514589 0.79
      vertex -31.6247 0.514589 0
    endloop
  endfacet
  facet normal -0.671599 -0.740915 0
    outer loop
      vertex -23.0694 4.0583 0
      vertex -22.6877 3.71231 0.79
      vertex -23.0694 4.0583 0.79
    endloop
  endfacet
  facet normal -0.671599 -0.740915 -0
    outer loop
      vertex -22.6877 3.71231 0.79
      vertex -23.0694 4.0583 0
      vertex -22.6877 3.71231 0
    endloop
  endfacet
  facet normal -0.803217 -0.595687 0
    outer loop
      vertex -22.0348 2.91674 0
      vertex -22.3417 3.33056 0.79
      vertex -22.3417 3.33056 0
    endloop
  endfacet
  facet normal -0.803217 -0.595687 0
    outer loop
      vertex -22.3417 3.33056 0.79
      vertex -22.0348 2.91674 0
      vertex -22.0348 2.91674 0.79
    endloop
  endfacet
  facet normal -0.0491061 0.998794 0
    outer loop
      vertex 0.514589 -31.6247 0
      vertex 0 -31.65 0.79
      vertex 0.514589 -31.6247 0.79
    endloop
  endfacet
  facet normal -0.0491061 0.998794 0
    outer loop
      vertex 0 -31.65 0.79
      vertex 0.514589 -31.6247 0
      vertex 0 -31.65 0
    endloop
  endfacet
  facet normal -0.0491061 -0.998794 0
    outer loop
      vertex 0 -21.15 0
      vertex 0.514589 -21.1753 0.79
      vertex 0 -21.15 0.79
    endloop
  endfacet
  facet normal -0.0491061 -0.998794 -0
    outer loop
      vertex 0.514589 -21.1753 0.79
      vertex 0 -21.15 0
      vertex 0.514589 -21.1753 0
    endloop
  endfacet
  facet normal 0.998796 -0.0490664 0
    outer loop
      vertex -5.25 -26.4 0.79
      vertex -5.22472 -25.8854 0
      vertex -5.22472 -25.8854 0.79
    endloop
  endfacet
  facet normal 0.998796 -0.0490664 0
    outer loop
      vertex -5.22472 -25.8854 0
      vertex -5.25 -26.4 0.79
      vertex -5.25 -26.4 0
    endloop
  endfacet
  facet normal 0.671561 -0.740949 0
    outer loop
      vertex -3.71231 -22.6877 0
      vertex -3.33056 -22.3417 0.79
      vertex -3.71231 -22.6877 0.79
    endloop
  endfacet
  facet normal 0.671561 -0.740949 0
    outer loop
      vertex -3.33056 -22.3417 0.79
      vertex -3.71231 -22.6877 0
      vertex -3.33056 -22.3417 0
    endloop
  endfacet
  facet normal -0.740915 -0.671599 0
    outer loop
      vertex 4.0583 -23.0694 0
      vertex 3.71231 -22.6877 0.79
      vertex 3.71231 -22.6877 0
    endloop
  endfacet
  facet normal -0.740915 -0.671599 0
    outer loop
      vertex 3.71231 -22.6877 0.79
      vertex 4.0583 -23.0694 0
      vertex 4.0583 -23.0694 0.79
    endloop
  endfacet
  facet normal -0.941545 -0.336887 0
    outer loop
      vertex 5.02394 -24.876 0
      vertex 4.85037 -24.3909 0.79
      vertex 4.85037 -24.3909 0
    endloop
  endfacet
  facet normal -0.941545 -0.336887 0
    outer loop
      vertex 4.85037 -24.3909 0.79
      vertex 5.02394 -24.876 0
      vertex 5.02394 -24.876 0.79
    endloop
  endfacet
  facet normal 0.336767 -0.941588 0
    outer loop
      vertex -2.00909 -21.5496 0
      vertex -1.52399 -21.3761 0.79
      vertex -2.00909 -21.5496 0.79
    endloop
  endfacet
  facet normal 0.336767 -0.941588 0
    outer loop
      vertex -1.52399 -21.3761 0.79
      vertex -2.00909 -21.5496 0
      vertex -1.52399 -21.3761 0
    endloop
  endfacet
  facet normal -0.970037 0.242956 0
    outer loop
      vertex 5.02394 -27.924 0
      vertex 5.14912 -27.4242 0.79
      vertex 5.14912 -27.4242 0
    endloop
  endfacet
  facet normal -0.970037 0.242956 0
    outer loop
      vertex 5.14912 -27.4242 0.79
      vertex 5.02394 -27.924 0
      vertex 5.02394 -27.924 0.79
    endloop
  endfacet
  facet normal -0.427589 -0.903973 0
    outer loop
      vertex 2.00909 -21.5496 0
      vertex 2.47483 -21.7699 0.79
      vertex 2.00909 -21.5496 0.79
    endloop
  endfacet
  facet normal -0.427589 -0.903973 -0
    outer loop
      vertex 2.47483 -21.7699 0.79
      vertex 2.00909 -21.5496 0
      vertex 2.47483 -21.7699 0
    endloop
  endfacet
  facet normal -0.989174 -0.146746 0
    outer loop
      vertex 5.22472 -25.8854 0
      vertex 5.14912 -25.3758 0.79
      vertex 5.14912 -25.3758 0
    endloop
  endfacet
  facet normal -0.989174 -0.146746 0
    outer loop
      vertex 5.14912 -25.3758 0.79
      vertex 5.22472 -25.8854 0
      vertex 5.22472 -25.8854 0.79
    endloop
  endfacet
  facet normal 0.336767 0.941588 -0
    outer loop
      vertex -1.52399 -31.4239 0
      vertex -2.00909 -31.2504 0.79
      vertex -1.52399 -31.4239 0.79
    endloop
  endfacet
  facet normal 0.336767 0.941588 0
    outer loop
      vertex -2.00909 -31.2504 0.79
      vertex -1.52399 -31.4239 0
      vertex -2.00909 -31.2504 0
    endloop
  endfacet
  facet normal 0.243006 0.970025 -0
    outer loop
      vertex -1.02422 -31.5491 0
      vertex -1.52399 -31.4239 0.79
      vertex -1.02422 -31.5491 0.79
    endloop
  endfacet
  facet normal 0.243006 0.970025 0
    outer loop
      vertex -1.52399 -31.4239 0.79
      vertex -1.02422 -31.5491 0
      vertex -1.52399 -31.4239 0
    endloop
  endfacet
  facet normal 0.903974 -0.427587 0
    outer loop
      vertex -4.85037 -24.3909 0.79
      vertex -4.63009 -23.9252 0
      vertex -4.63009 -23.9252 0.79
    endloop
  endfacet
  facet normal 0.903974 -0.427587 0
    outer loop
      vertex -4.63009 -23.9252 0
      vertex -4.85037 -24.3909 0.79
      vertex -4.85037 -24.3909 0
    endloop
  endfacet
  facet normal 0.146737 -0.989176 0
    outer loop
      vertex -1.02422 -21.2509 0
      vertex -0.514589 -21.1753 0.79
      vertex -1.02422 -21.2509 0.79
    endloop
  endfacet
  facet normal 0.146737 -0.989176 0
    outer loop
      vertex -0.514589 -21.1753 0.79
      vertex -1.02422 -21.2509 0
      vertex -0.514589 -21.1753 0
    endloop
  endfacet
  facet normal -0.146737 0.989176 0
    outer loop
      vertex 1.02422 -31.5491 0
      vertex 0.514589 -31.6247 0.79
      vertex 1.02422 -31.5491 0.79
    endloop
  endfacet
  facet normal -0.146737 0.989176 0
    outer loop
      vertex 0.514589 -31.6247 0.79
      vertex 1.02422 -31.5491 0
      vertex 0.514589 -31.6247 0
    endloop
  endfacet
  facet normal -0.336767 0.941588 0
    outer loop
      vertex 2.00909 -31.2504 0
      vertex 1.52399 -31.4239 0.79
      vertex 2.00909 -31.2504 0.79
    endloop
  endfacet
  facet normal -0.336767 0.941588 0
    outer loop
      vertex 1.52399 -31.4239 0.79
      vertex 2.00909 -31.2504 0
      vertex 1.52399 -31.4239 0
    endloop
  endfacet
  facet normal -0.671561 0.740949 0
    outer loop
      vertex 3.71231 -30.1123 0
      vertex 3.33056 -30.4583 0.79
      vertex 3.71231 -30.1123 0.79
    endloop
  endfacet
  facet normal -0.671561 0.740949 0
    outer loop
      vertex 3.33056 -30.4583 0.79
      vertex 3.71231 -30.1123 0
      vertex 3.33056 -30.4583 0
    endloop
  endfacet
  facet normal -0.514145 0.857703 0
    outer loop
      vertex 2.91674 -30.7652 0
      vertex 2.47483 -31.0301 0.79
      vertex 2.91674 -30.7652 0.79
    endloop
  endfacet
  facet normal -0.514145 0.857703 0
    outer loop
      vertex 2.47483 -31.0301 0.79
      vertex 2.91674 -30.7652 0
      vertex 2.47483 -31.0301 0
    endloop
  endfacet
  facet normal -0.989174 0.146746 0
    outer loop
      vertex 5.14912 -27.4242 0
      vertex 5.22472 -26.9146 0.79
      vertex 5.22472 -26.9146 0
    endloop
  endfacet
  facet normal -0.989174 0.146746 0
    outer loop
      vertex 5.22472 -26.9146 0.79
      vertex 5.14912 -27.4242 0
      vertex 5.14912 -27.4242 0.79
    endloop
  endfacet
  facet normal -0.903974 0.427587 0
    outer loop
      vertex 4.63009 -28.8748 0
      vertex 4.85037 -28.4091 0.79
      vertex 4.85037 -28.4091 0
    endloop
  endfacet
  facet normal -0.903974 0.427587 0
    outer loop
      vertex 4.85037 -28.4091 0.79
      vertex 4.63009 -28.8748 0
      vertex 4.63009 -28.8748 0.79
    endloop
  endfacet
  facet normal -0.803253 0.595638 0
    outer loop
      vertex 4.0583 -29.7306 0
      vertex 4.36522 -29.3167 0.79
      vertex 4.36522 -29.3167 0
    endloop
  endfacet
  facet normal -0.803253 0.595638 0
    outer loop
      vertex 4.36522 -29.3167 0.79
      vertex 4.0583 -29.7306 0
      vertex 4.0583 -29.7306 0.79
    endloop
  endfacet
  facet normal -0.243006 -0.970025 0
    outer loop
      vertex 1.02422 -21.2509 0
      vertex 1.52399 -21.3761 0.79
      vertex 1.02422 -21.2509 0.79
    endloop
  endfacet
  facet normal -0.243006 -0.970025 -0
    outer loop
      vertex 1.52399 -21.3761 0.79
      vertex 1.02422 -21.2509 0
      vertex 1.52399 -21.3761 0
    endloop
  endfacet
  facet normal -0.595687 -0.803217 0
    outer loop
      vertex 2.91674 -22.0348 0
      vertex 3.33056 -22.3417 0.79
      vertex 2.91674 -22.0348 0.79
    endloop
  endfacet
  facet normal -0.595687 -0.803217 -0
    outer loop
      vertex 3.33056 -22.3417 0.79
      vertex 2.91674 -22.0348 0
      vertex 3.33056 -22.3417 0
    endloop
  endfacet
  facet normal -0.671561 -0.740949 0
    outer loop
      vertex 3.33056 -22.3417 0
      vertex 3.71231 -22.6877 0.79
      vertex 3.33056 -22.3417 0.79
    endloop
  endfacet
  facet normal -0.671561 -0.740949 -0
    outer loop
      vertex 3.71231 -22.6877 0.79
      vertex 3.33056 -22.3417 0
      vertex 3.71231 -22.6877 0
    endloop
  endfacet
  facet normal -0.514145 -0.857703 0
    outer loop
      vertex 2.47483 -21.7699 0
      vertex 2.91674 -22.0348 0.79
      vertex 2.47483 -21.7699 0.79
    endloop
  endfacet
  facet normal -0.514145 -0.857703 -0
    outer loop
      vertex 2.91674 -22.0348 0.79
      vertex 2.47483 -21.7699 0
      vertex 2.91674 -22.0348 0
    endloop
  endfacet
  facet normal -0.336767 -0.941588 0
    outer loop
      vertex 1.52399 -21.3761 0
      vertex 2.00909 -21.5496 0.79
      vertex 1.52399 -21.3761 0.79
    endloop
  endfacet
  facet normal -0.336767 -0.941588 -0
    outer loop
      vertex 2.00909 -21.5496 0.79
      vertex 1.52399 -21.3761 0
      vertex 2.00909 -21.5496 0
    endloop
  endfacet
  facet normal -0.146737 -0.989176 0
    outer loop
      vertex 0.514589 -21.1753 0
      vertex 1.02422 -21.2509 0.79
      vertex 0.514589 -21.1753 0.79
    endloop
  endfacet
  facet normal -0.146737 -0.989176 -0
    outer loop
      vertex 1.02422 -21.2509 0.79
      vertex 0.514589 -21.1753 0
      vertex 1.02422 -21.2509 0
    endloop
  endfacet
  facet normal -0.857724 -0.51411 0
    outer loop
      vertex 4.63009 -23.9252 0
      vertex 4.36522 -23.4833 0.79
      vertex 4.36522 -23.4833 0
    endloop
  endfacet
  facet normal -0.857724 -0.51411 0
    outer loop
      vertex 4.36522 -23.4833 0.79
      vertex 4.63009 -23.9252 0
      vertex 4.63009 -23.9252 0.79
    endloop
  endfacet
  facet normal -0.903974 -0.427587 0
    outer loop
      vertex 4.85037 -24.3909 0
      vertex 4.63009 -23.9252 0.79
      vertex 4.63009 -23.9252 0
    endloop
  endfacet
  facet normal -0.903974 -0.427587 0
    outer loop
      vertex 4.63009 -23.9252 0.79
      vertex 4.85037 -24.3909 0
      vertex 4.85037 -24.3909 0.79
    endloop
  endfacet
  facet normal -0.803253 -0.595638 0
    outer loop
      vertex 4.36522 -23.4833 0
      vertex 4.0583 -23.0694 0.79
      vertex 4.0583 -23.0694 0
    endloop
  endfacet
  facet normal -0.803253 -0.595638 0
    outer loop
      vertex 4.0583 -23.0694 0.79
      vertex 4.36522 -23.4833 0
      vertex 4.36522 -23.4833 0.79
    endloop
  endfacet
  facet normal -0.970037 -0.242956 0
    outer loop
      vertex 5.14912 -25.3758 0
      vertex 5.02394 -24.876 0.79
      vertex 5.02394 -24.876 0
    endloop
  endfacet
  facet normal -0.970037 -0.242956 0
    outer loop
      vertex 5.02394 -24.876 0.79
      vertex 5.14912 -25.3758 0
      vertex 5.14912 -25.3758 0.79
    endloop
  endfacet
  facet normal -0.998796 -0.0490664 0
    outer loop
      vertex 5.25 -26.4 0
      vertex 5.22472 -25.8854 0.79
      vertex 5.22472 -25.8854 0
    endloop
  endfacet
  facet normal -0.998796 -0.0490664 0
    outer loop
      vertex 5.22472 -25.8854 0.79
      vertex 5.25 -26.4 0
      vertex 5.25 -26.4 0.79
    endloop
  endfacet
  facet normal 0.941545 0.336887 0
    outer loop
      vertex -4.85037 -28.4091 0.79
      vertex -5.02394 -27.924 0
      vertex -5.02394 -27.924 0.79
    endloop
  endfacet
  facet normal 0.941545 0.336887 0
    outer loop
      vertex -5.02394 -27.924 0
      vertex -4.85037 -28.4091 0.79
      vertex -4.85037 -28.4091 0
    endloop
  endfacet
  facet normal 0.740915 0.671599 0
    outer loop
      vertex -3.71231 -30.1123 0.79
      vertex -4.0583 -29.7306 0
      vertex -4.0583 -29.7306 0.79
    endloop
  endfacet
  facet normal 0.740915 0.671599 0
    outer loop
      vertex -4.0583 -29.7306 0
      vertex -3.71231 -30.1123 0.79
      vertex -3.71231 -30.1123 0
    endloop
  endfacet
  facet normal 0.857724 0.51411 0
    outer loop
      vertex -4.36522 -29.3167 0.79
      vertex -4.63009 -28.8748 0
      vertex -4.63009 -28.8748 0.79
    endloop
  endfacet
  facet normal 0.857724 0.51411 0
    outer loop
      vertex -4.63009 -28.8748 0
      vertex -4.36522 -29.3167 0.79
      vertex -4.36522 -29.3167 0
    endloop
  endfacet
  facet normal 0.595687 0.803217 -0
    outer loop
      vertex -2.91674 -30.7652 0
      vertex -3.33056 -30.4583 0.79
      vertex -2.91674 -30.7652 0.79
    endloop
  endfacet
  facet normal 0.595687 0.803217 0
    outer loop
      vertex -3.33056 -30.4583 0.79
      vertex -2.91674 -30.7652 0
      vertex -3.33056 -30.4583 0
    endloop
  endfacet
  facet normal 0.427589 0.903973 -0
    outer loop
      vertex -2.00909 -31.2504 0
      vertex -2.47483 -31.0301 0.79
      vertex -2.00909 -31.2504 0.79
    endloop
  endfacet
  facet normal 0.427589 0.903973 0
    outer loop
      vertex -2.47483 -31.0301 0.79
      vertex -2.00909 -31.2504 0
      vertex -2.47483 -31.0301 0
    endloop
  endfacet
  facet normal 0.970037 -0.242956 0
    outer loop
      vertex -5.14912 -25.3758 0.79
      vertex -5.02394 -24.876 0
      vertex -5.02394 -24.876 0.79
    endloop
  endfacet
  facet normal 0.970037 -0.242956 0
    outer loop
      vertex -5.02394 -24.876 0
      vertex -5.14912 -25.3758 0.79
      vertex -5.14912 -25.3758 0
    endloop
  endfacet
  facet normal 0.803253 -0.595638 0
    outer loop
      vertex -4.36522 -23.4833 0.79
      vertex -4.0583 -23.0694 0
      vertex -4.0583 -23.0694 0.79
    endloop
  endfacet
  facet normal 0.803253 -0.595638 0
    outer loop
      vertex -4.0583 -23.0694 0
      vertex -4.36522 -23.4833 0.79
      vertex -4.36522 -23.4833 0
    endloop
  endfacet
  facet normal 0.740915 -0.671599 0
    outer loop
      vertex -4.0583 -23.0694 0.79
      vertex -3.71231 -22.6877 0
      vertex -3.71231 -22.6877 0.79
    endloop
  endfacet
  facet normal 0.740915 -0.671599 0
    outer loop
      vertex -3.71231 -22.6877 0
      vertex -4.0583 -23.0694 0.79
      vertex -4.0583 -23.0694 0
    endloop
  endfacet
  facet normal 0.857724 -0.51411 0
    outer loop
      vertex -4.63009 -23.9252 0.79
      vertex -4.36522 -23.4833 0
      vertex -4.36522 -23.4833 0.79
    endloop
  endfacet
  facet normal 0.857724 -0.51411 0
    outer loop
      vertex -4.36522 -23.4833 0
      vertex -4.63009 -23.9252 0.79
      vertex -4.63009 -23.9252 0
    endloop
  endfacet
  facet normal 0.941545 -0.336887 0
    outer loop
      vertex -5.02394 -24.876 0.79
      vertex -4.85037 -24.3909 0
      vertex -4.85037 -24.3909 0.79
    endloop
  endfacet
  facet normal 0.941545 -0.336887 0
    outer loop
      vertex -4.85037 -24.3909 0
      vertex -5.02394 -24.876 0.79
      vertex -5.02394 -24.876 0
    endloop
  endfacet
  facet normal 0.989174 -0.146746 0
    outer loop
      vertex -5.22472 -25.8854 0.79
      vertex -5.14912 -25.3758 0
      vertex -5.14912 -25.3758 0.79
    endloop
  endfacet
  facet normal 0.989174 -0.146746 0
    outer loop
      vertex -5.14912 -25.3758 0
      vertex -5.22472 -25.8854 0.79
      vertex -5.22472 -25.8854 0
    endloop
  endfacet
  facet normal 0 0 -1
    outer loop
      vertex 5.22472 -26.9146 0.79
      vertex 5.22472 -25.8854 0.79
      vertex 5.25 -26.4 0.79
    endloop
  endfacet
  facet normal 0 0 -1
    outer loop
      vertex 5.14912 -27.4242 0.79
      vertex 5.22472 -25.8854 0.79
      vertex 5.22472 -26.9146 0.79
    endloop
  endfacet
  facet normal 0 0 -1
    outer loop
      vertex 5.14912 -27.4242 0.79
      vertex 5.14912 -25.3758 0.79
      vertex 5.22472 -25.8854 0.79
    endloop
  endfacet
  facet normal 0 0 -1
    outer loop
      vertex 5.02394 -27.924 0.79
      vertex 5.14912 -25.3758 0.79
      vertex 5.14912 -27.4242 0.79
    endloop
  endfacet
  facet normal 0 0 -1
    outer loop
      vertex 5.02394 -27.924 0.79
      vertex 5.02394 -24.876 0.79
      vertex 5.14912 -25.3758 0.79
    endloop
  endfacet
  facet normal 0 0 -1
    outer loop
      vertex 4.85037 -28.4091 0.79
      vertex 5.02394 -24.876 0.79
      vertex 5.02394 -27.924 0.79
    endloop
  endfacet
  facet normal 0 0 -1
    outer loop
      vertex 4.85037 -28.4091 0.79
      vertex 4.85037 -24.3909 0.79
      vertex 5.02394 -24.876 0.79
    endloop
  endfacet
  facet normal 0 0 -1
    outer loop
      vertex 4.63009 -28.8748 0.79
      vertex 4.85037 -24.3909 0.79
      vertex 4.85037 -28.4091 0.79
    endloop
  endfacet
  facet normal 0 0 -1
    outer loop
      vertex 4.63009 -28.8748 0.79
      vertex 4.63009 -23.9252 0.79
      vertex 4.85037 -24.3909 0.79
    endloop
  endfacet
  facet normal 0 0 -1
    outer loop
      vertex 4.36522 -29.3167 0.79
      vertex 4.63009 -23.9252 0.79
      vertex 4.63009 -28.8748 0.79
    endloop
  endfacet
  facet normal 0 0 -1
    outer loop
      vertex 4.36522 -29.3167 0.79
      vertex 4.36522 -23.4833 0.79
      vertex 4.63009 -23.9252 0.79
    endloop
  endfacet
  facet normal 0 0 -1
    outer loop
      vertex 4.0583 -29.7306 0.79
      vertex 4.36522 -23.4833 0.79
      vertex 4.36522 -29.3167 0.79
    endloop
  endfacet
  facet normal 0 0 -1
    outer loop
      vertex 4.0583 -29.7306 0.79
      vertex 4.0583 -23.0694 0.79
      vertex 4.36522 -23.4833 0.79
    endloop
  endfacet
  facet normal 0 0 -1
    outer loop
      vertex 3.71231 -30.1123 0.79
      vertex 4.0583 -23.0694 0.79
      vertex 4.0583 -29.7306 0.79
    endloop
  endfacet
  facet normal 0 0 -1
    outer loop
      vertex 3.71231 -30.1123 0.79
      vertex 3.71231 -22.6877 0.79
      vertex 4.0583 -23.0694 0.79
    endloop
  endfacet
  facet normal 0 0 -1
    outer loop
      vertex 3.33056 -30.4583 0.79
      vertex 3.71231 -22.6877 0.79
      vertex 3.71231 -30.1123 0.79
    endloop
  endfacet
  facet normal 0 0 -1
    outer loop
      vertex 3.33056 -30.4583 0.79
      vertex 3.33056 -22.3417 0.79
      vertex 3.71231 -22.6877 0.79
    endloop
  endfacet
  facet normal 0 0 -1
    outer loop
      vertex 2.91674 -30.7652 0.79
      vertex 3.33056 -22.3417 0.79
      vertex 3.33056 -30.4583 0.79
    endloop
  endfacet
  facet normal 0 0 -1
    outer loop
      vertex 2.91674 -30.7652 0.79
      vertex 2.91674 -22.0348 0.79
      vertex 3.33056 -22.3417 0.79
    endloop
  endfacet
  facet normal 0 0 -1
    outer loop
      vertex 2.47483 -31.0301 0.79
      vertex 2.91674 -22.0348 0.79
      vertex 2.91674 -30.7652 0.79
    endloop
  endfacet
  facet normal 0 0 -1
    outer loop
      vertex 2.47483 -31.0301 0.79
      vertex 2.47483 -21.7699 0.79
      vertex 2.91674 -22.0348 0.79
    endloop
  endfacet
  facet normal 0 0 -1
    outer loop
      vertex 2.00909 -31.2504 0.79
      vertex 2.47483 -21.7699 0.79
      vertex 2.47483 -31.0301 0.79
    endloop
  endfacet
  facet normal 0 0 -1
    outer loop
      vertex 2.00909 -31.2504 0.79
      vertex 2.00909 -21.5496 0.79
      vertex 2.47483 -21.7699 0.79
    endloop
  endfacet
  facet normal 0 0 -1
    outer loop
      vertex 1.52399 -31.4239 0.79
      vertex 2.00909 -21.5496 0.79
      vertex 2.00909 -31.2504 0.79
    endloop
  endfacet
  facet normal 0 0 -1
    outer loop
      vertex 1.52399 -31.4239 0.79
      vertex 1.52399 -21.3761 0.79
      vertex 2.00909 -21.5496 0.79
    endloop
  endfacet
  facet normal 0 0 -1
    outer loop
      vertex 1.02422 -31.5491 0.79
      vertex 1.52399 -21.3761 0.79
      vertex 1.52399 -31.4239 0.79
    endloop
  endfacet
  facet normal 0 0 -1
    outer loop
      vertex 1.02422 -31.5491 0.79
      vertex 1.02422 -21.2509 0.79
      vertex 1.52399 -21.3761 0.79
    endloop
  endfacet
  facet normal 0 0 -1
    outer loop
      vertex 0.514589 -31.6247 0.79
      vertex 1.02422 -21.2509 0.79
      vertex 1.02422 -31.5491 0.79
    endloop
  endfacet
  facet normal 0 0 -1
    outer loop
      vertex 0.514589 -31.6247 0.79
      vertex 0.514589 -21.1753 0.79
      vertex 1.02422 -21.2509 0.79
    endloop
  endfacet
  facet normal 0 0 -1
    outer loop
      vertex 0 -31.65 0.79
      vertex 0.514589 -21.1753 0.79
      vertex 0.514589 -31.6247 0.79
    endloop
  endfacet
  facet normal 0 0 -1
    outer loop
      vertex 0 -31.65 0.79
      vertex 0 -21.15 0.79
      vertex 0.514589 -21.1753 0.79
    endloop
  endfacet
  facet normal 0 0 -1
    outer loop
      vertex -0.514589 -31.6247 0.79
      vertex 0 -21.15 0.79
      vertex 0 -31.65 0.79
    endloop
  endfacet
  facet normal 0 0 -1
    outer loop
      vertex -0.514589 -31.6247 0.79
      vertex -0.514589 -21.1753 0.79
      vertex 0 -21.15 0.79
    endloop
  endfacet
  facet normal 0 0 -1
    outer loop
      vertex -1.02422 -31.5491 0.79
      vertex -0.514589 -21.1753 0.79
      vertex -0.514589 -31.6247 0.79
    endloop
  endfacet
  facet normal 0 0 -1
    outer loop
      vertex -1.02422 -31.5491 0.79
      vertex -1.02422 -21.2509 0.79
      vertex -0.514589 -21.1753 0.79
    endloop
  endfacet
  facet normal 0 0 -1
    outer loop
      vertex -1.52399 -31.4239 0.79
      vertex -1.02422 -21.2509 0.79
      vertex -1.02422 -31.5491 0.79
    endloop
  endfacet
  facet normal 0 0 -1
    outer loop
      vertex -1.52399 -31.4239 0.79
      vertex -1.52399 -21.3761 0.79
      vertex -1.02422 -21.2509 0.79
    endloop
  endfacet
  facet normal 0 0 -1
    outer loop
      vertex -2.00909 -31.2504 0.79
      vertex -1.52399 -21.3761 0.79
      vertex -1.52399 -31.4239 0.79
    endloop
  endfacet
  facet normal 0 0 -1
    outer loop
      vertex -2.00909 -31.2504 0.79
      vertex -2.00909 -21.5496 0.79
      vertex -1.52399 -21.3761 0.79
    endloop
  endfacet
  facet normal 0 0 -1
    outer loop
      vertex -2.47483 -31.0301 0.79
      vertex -2.00909 -21.5496 0.79
      vertex -2.00909 -31.2504 0.79
    endloop
  endfacet
  facet normal 0 0 -1
    outer loop
      vertex -2.47483 -31.0301 0.79
      vertex -2.47483 -21.7699 0.79
      vertex -2.00909 -21.5496 0.79
    endloop
  endfacet
  facet normal 0 0 -1
    outer loop
      vertex -2.91674 -30.7652 0.79
      vertex -2.47483 -21.7699 0.79
      vertex -2.47483 -31.0301 0.79
    endloop
  endfacet
  facet normal 0 0 -1
    outer loop
      vertex -2.91674 -30.7652 0.79
      vertex -2.91674 -22.0348 0.79
      vertex -2.47483 -21.7699 0.79
    endloop
  endfacet
  facet normal 0 0 -1
    outer loop
      vertex -3.33056 -30.4583 0.79
      vertex -2.91674 -22.0348 0.79
      vertex -2.91674 -30.7652 0.79
    endloop
  endfacet
  facet normal 0 0 -1
    outer loop
      vertex -3.33056 -30.4583 0.79
      vertex -3.33056 -22.3417 0.79
      vertex -2.91674 -22.0348 0.79
    endloop
  endfacet
  facet normal 0 0 -1
    outer loop
      vertex -3.71231 -30.1123 0.79
      vertex -3.33056 -22.3417 0.79
      vertex -3.33056 -30.4583 0.79
    endloop
  endfacet
  facet normal 0 0 -1
    outer loop
      vertex -3.71231 -30.1123 0.79
      vertex -3.71231 -22.6877 0.79
      vertex -3.33056 -22.3417 0.79
    endloop
  endfacet
  facet normal 0 0 -1
    outer loop
      vertex -4.0583 -29.7306 0.79
      vertex -3.71231 -22.6877 0.79
      vertex -3.71231 -30.1123 0.79
    endloop
  endfacet
  facet normal 0 0 -1
    outer loop
      vertex -4.0583 -29.7306 0.79
      vertex -4.0583 -23.0694 0.79
      vertex -3.71231 -22.6877 0.79
    endloop
  endfacet
  facet normal 0 0 -1
    outer loop
      vertex -4.36522 -29.3167 0.79
      vertex -4.0583 -23.0694 0.79
      vertex -4.0583 -29.7306 0.79
    endloop
  endfacet
  facet normal 0 0 -1
    outer loop
      vertex -4.36522 -29.3167 0.79
      vertex -4.36522 -23.4833 0.79
      vertex -4.0583 -23.0694 0.79
    endloop
  endfacet
  facet normal 0 0 -1
    outer loop
      vertex -4.63009 -28.8748 0.79
      vertex -4.36522 -23.4833 0.79
      vertex -4.36522 -29.3167 0.79
    endloop
  endfacet
  facet normal 0 0 -1
    outer loop
      vertex -4.63009 -28.8748 0.79
      vertex -4.63009 -23.9252 0.79
      vertex -4.36522 -23.4833 0.79
    endloop
  endfacet
  facet normal 0 0 -1
    outer loop
      vertex -4.85037 -28.4091 0.79
      vertex -4.63009 -23.9252 0.79
      vertex -4.63009 -28.8748 0.79
    endloop
  endfacet
  facet normal 0 0 -1
    outer loop
      vertex -4.85037 -28.4091 0.79
      vertex -4.85037 -24.3909 0.79
      vertex -4.63009 -23.9252 0.79
    endloop
  endfacet
  facet normal 0 0 -1
    outer loop
      vertex -5.02394 -27.924 0.79
      vertex -4.85037 -24.3909 0.79
      vertex -4.85037 -28.4091 0.79
    endloop
  endfacet
  facet normal 0 0 -1
    outer loop
      vertex -5.02394 -27.924 0.79
      vertex -5.02394 -24.876 0.79
      vertex -4.85037 -24.3909 0.79
    endloop
  endfacet
  facet normal 0 0 -1
    outer loop
      vertex -5.14912 -27.4242 0.79
      vertex -5.02394 -24.876 0.79
      vertex -5.02394 -27.924 0.79
    endloop
  endfacet
  facet normal 0 0 -1
    outer loop
      vertex -5.14912 -27.4242 0.79
      vertex -5.14912 -25.3758 0.79
      vertex -5.02394 -24.876 0.79
    endloop
  endfacet
  facet normal 0 0 -1
    outer loop
      vertex -5.22472 -26.9146 0.79
      vertex -5.14912 -25.3758 0.79
      vertex -5.14912 -27.4242 0.79
    endloop
  endfacet
  facet normal 0 0 -1
    outer loop
      vertex -5.22472 -26.9146 0.79
      vertex -5.22472 -25.8854 0.79
      vertex -5.14912 -25.3758 0.79
    endloop
  endfacet
  facet normal 0 -0 -1
    outer loop
      vertex -5.22472 -25.8854 0.79
      vertex -5.22472 -26.9146 0.79
      vertex -5.25 -26.4 0.79
    endloop
  endfacet
  facet normal 0.514145 -0.857703 0
    outer loop
      vertex -2.91674 -22.0348 0
      vertex -2.47483 -21.7699 0.79
      vertex -2.91674 -22.0348 0.79
    endloop
  endfacet
  facet normal 0.514145 -0.857703 0
    outer loop
      vertex -2.47483 -21.7699 0.79
      vertex -2.91674 -22.0348 0
      vertex -2.47483 -21.7699 0
    endloop
  endfacet
  facet normal 0.427589 -0.903973 0
    outer loop
      vertex -2.47483 -21.7699 0
      vertex -2.00909 -21.5496 0.79
      vertex -2.47483 -21.7699 0.79
    endloop
  endfacet
  facet normal 0.427589 -0.903973 0
    outer loop
      vertex -2.00909 -21.5496 0.79
      vertex -2.47483 -21.7699 0
      vertex -2.00909 -21.5496 0
    endloop
  endfacet
  facet normal 0.595687 -0.803217 0
    outer loop
      vertex -3.33056 -22.3417 0
      vertex -2.91674 -22.0348 0.79
      vertex -3.33056 -22.3417 0.79
    endloop
  endfacet
  facet normal 0.595687 -0.803217 0
    outer loop
      vertex -2.91674 -22.0348 0.79
      vertex -3.33056 -22.3417 0
      vertex -2.91674 -22.0348 0
    endloop
  endfacet
  facet normal 0.243006 -0.970025 0
    outer loop
      vertex -1.52399 -21.3761 0
      vertex -1.02422 -21.2509 0.79
      vertex -1.52399 -21.3761 0.79
    endloop
  endfacet
  facet normal 0.243006 -0.970025 0
    outer loop
      vertex -1.02422 -21.2509 0.79
      vertex -1.52399 -21.3761 0
      vertex -1.02422 -21.2509 0
    endloop
  endfacet
  facet normal 0.0491061 -0.998794 0
    outer loop
      vertex -0.514589 -21.1753 0
      vertex 0 -21.15 0.79
      vertex -0.514589 -21.1753 0.79
    endloop
  endfacet
  facet normal 0.0491061 -0.998794 0
    outer loop
      vertex 0 -21.15 0.79
      vertex -0.514589 -21.1753 0
      vertex 0 -21.15 0
    endloop
  endfacet
  facet normal -0.243006 0.970025 0
    outer loop
      vertex 1.52399 -31.4239 0
      vertex 1.02422 -31.5491 0.79
      vertex 1.52399 -31.4239 0.79
    endloop
  endfacet
  facet normal -0.243006 0.970025 0
    outer loop
      vertex 1.02422 -31.5491 0.79
      vertex 1.52399 -31.4239 0
      vertex 1.02422 -31.5491 0
    endloop
  endfacet
  facet normal -0.427589 0.903973 0
    outer loop
      vertex 2.47483 -31.0301 0
      vertex 2.00909 -31.2504 0.79
      vertex 2.47483 -31.0301 0.79
    endloop
  endfacet
  facet normal -0.427589 0.903973 0
    outer loop
      vertex 2.00909 -31.2504 0.79
      vertex 2.47483 -31.0301 0
      vertex 2.00909 -31.2504 0
    endloop
  endfacet
  facet normal -0.740915 0.671599 0
    outer loop
      vertex 3.71231 -30.1123 0
      vertex 4.0583 -29.7306 0.79
      vertex 4.0583 -29.7306 0
    endloop
  endfacet
  facet normal -0.740915 0.671599 0
    outer loop
      vertex 4.0583 -29.7306 0.79
      vertex 3.71231 -30.1123 0
      vertex 3.71231 -30.1123 0.79
    endloop
  endfacet
  facet normal -0.595687 0.803217 0
    outer loop
      vertex 3.33056 -30.4583 0
      vertex 2.91674 -30.7652 0.79
      vertex 3.33056 -30.4583 0.79
    endloop
  endfacet
  facet normal -0.595687 0.803217 0
    outer loop
      vertex 2.91674 -30.7652 0.79
      vertex 3.33056 -30.4583 0
      vertex 2.91674 -30.7652 0
    endloop
  endfacet
  facet normal -0.998796 0.0490664 0
    outer loop
      vertex 5.22472 -26.9146 0
      vertex 5.25 -26.4 0.79
      vertex 5.25 -26.4 0
    endloop
  endfacet
  facet normal -0.998796 0.0490664 0
    outer loop
      vertex 5.25 -26.4 0.79
      vertex 5.22472 -26.9146 0
      vertex 5.22472 -26.9146 0.79
    endloop
  endfacet
  facet normal -0.941545 0.336887 0
    outer loop
      vertex 4.85037 -28.4091 0
      vertex 5.02394 -27.924 0.79
      vertex 5.02394 -27.924 0
    endloop
  endfacet
  facet normal -0.941545 0.336887 0
    outer loop
      vertex 5.02394 -27.924 0.79
      vertex 4.85037 -28.4091 0
      vertex 4.85037 -28.4091 0.79
    endloop
  endfacet
  facet normal -0.857724 0.51411 0
    outer loop
      vertex 4.36522 -29.3167 0
      vertex 4.63009 -28.8748 0.79
      vertex 4.63009 -28.8748 0
    endloop
  endfacet
  facet normal -0.857724 0.51411 0
    outer loop
      vertex 4.63009 -28.8748 0.79
      vertex 4.36522 -29.3167 0
      vertex 4.36522 -29.3167 0.79
    endloop
  endfacet
  facet normal 0.998796 0.0490664 0
    outer loop
      vertex -5.22472 -26.9146 0.79
      vertex -5.25 -26.4 0
      vertex -5.25 -26.4 0.79
    endloop
  endfacet
  facet normal 0.998796 0.0490664 0
    outer loop
      vertex -5.25 -26.4 0
      vertex -5.22472 -26.9146 0.79
      vertex -5.22472 -26.9146 0
    endloop
  endfacet
  facet normal 0.970037 0.242956 0
    outer loop
      vertex -5.02394 -27.924 0.79
      vertex -5.14912 -27.4242 0
      vertex -5.14912 -27.4242 0.79
    endloop
  endfacet
  facet normal 0.970037 0.242956 0
    outer loop
      vertex -5.14912 -27.4242 0
      vertex -5.02394 -27.924 0.79
      vertex -5.02394 -27.924 0
    endloop
  endfacet
  facet normal 0.903974 0.427587 0
    outer loop
      vertex -4.63009 -28.8748 0.79
      vertex -4.85037 -28.4091 0
      vertex -4.85037 -28.4091 0.79
    endloop
  endfacet
  facet normal 0.903974 0.427587 0
    outer loop
      vertex -4.85037 -28.4091 0
      vertex -4.63009 -28.8748 0.79
      vertex -4.63009 -28.8748 0
    endloop
  endfacet
  facet normal 0.671561 0.740949 -0
    outer loop
      vertex -3.33056 -30.4583 0
      vertex -3.71231 -30.1123 0.79
      vertex -3.33056 -30.4583 0.79
    endloop
  endfacet
  facet normal 0.671561 0.740949 0
    outer loop
      vertex -3.71231 -30.1123 0.79
      vertex -3.33056 -30.4583 0
      vertex -3.71231 -30.1123 0
    endloop
  endfacet
  facet normal 0.803253 0.595638 0
    outer loop
      vertex -4.0583 -29.7306 0.79
      vertex -4.36522 -29.3167 0
      vertex -4.36522 -29.3167 0.79
    endloop
  endfacet
  facet normal 0.803253 0.595638 0
    outer loop
      vertex -4.36522 -29.3167 0
      vertex -4.0583 -29.7306 0.79
      vertex -4.0583 -29.7306 0
    endloop
  endfacet
  facet normal 0.514145 0.857703 -0
    outer loop
      vertex -2.47483 -31.0301 0
      vertex -2.91674 -30.7652 0.79
      vertex -2.47483 -31.0301 0.79
    endloop
  endfacet
  facet normal 0.514145 0.857703 0
    outer loop
      vertex -2.91674 -30.7652 0.79
      vertex -2.47483 -31.0301 0
      vertex -2.91674 -30.7652 0
    endloop
  endfacet
  facet normal 0.146737 0.989176 -0
    outer loop
      vertex -0.514589 -31.6247 0
      vertex -1.02422 -31.5491 0.79
      vertex -0.514589 -31.6247 0.79
    endloop
  endfacet
  facet normal 0.146737 0.989176 0
    outer loop
      vertex -1.02422 -31.5491 0.79
      vertex -0.514589 -31.6247 0
      vertex -1.02422 -31.5491 0
    endloop
  endfacet
  facet normal 0.0491061 0.998794 -0
    outer loop
      vertex 0 -31.65 0
      vertex -0.514589 -31.6247 0.79
      vertex 0 -31.65 0.79
    endloop
  endfacet
  facet normal 0.0491061 0.998794 0
    outer loop
      vertex -0.514589 -31.6247 0.79
      vertex 0 -31.65 0
      vertex -0.514589 -31.6247 0
    endloop
  endfacet
  facet normal 0.989174 0.146746 0
    outer loop
      vertex -5.14912 -27.4242 0.79
      vertex -5.22472 -26.9146 0
      vertex -5.22472 -26.9146 0.79
    endloop
  endfacet
  facet normal 0.989174 0.146746 0
    outer loop
      vertex -5.22472 -26.9146 0
      vertex -5.14912 -27.4242 0.79
      vertex -5.14912 -27.4242 0
    endloop
  endfacet
  facet normal 1 -0 0
    outer loop
      vertex -16.1 -15 2.5
      vertex -16.1 15 0
      vertex -16.1 15 2.5
    endloop
  endfacet
  facet normal 1 0 0
    outer loop
      vertex -16.1 15 0
      vertex -16.1 -15 2.5
      vertex -16.1 -15 0
    endloop
  endfacet
  facet normal -1 0 0
    outer loop
      vertex -13.9 -15 0
      vertex -13.9 15 2.5
      vertex -13.9 15 0
    endloop
  endfacet
  facet normal -1 -0 0
    outer loop
      vertex -13.9 15 2.5
      vertex -13.9 -15 0
      vertex -13.9 -15 2.5
    endloop
  endfacet
  facet normal 0 -1 0
    outer loop
      vertex -16.1 15 0
      vertex -13.9 15 2.5
      vertex -16.1 15 2.5
    endloop
  endfacet
  facet normal 0 -1 -0
    outer loop
      vertex -13.9 15 2.5
      vertex -16.1 15 0
      vertex -13.9 15 0
    endloop
  endfacet
  facet normal 0 1 -0
    outer loop
      vertex -13.9 -15 0
      vertex -16.1 -15 2.5
      vertex -13.9 -15 2.5
    endloop
  endfacet
  facet normal 0 1 0
    outer loop
      vertex -16.1 -15 2.5
      vertex -13.9 -15 0
      vertex -16.1 -15 0
    endloop
  endfacet
  facet normal 1 -0 0
    outer loop
      vertex -6.1 -15 2.5
      vertex -6.1 15 0
      vertex -6.1 15 2.5
    endloop
  endfacet
  facet normal 1 0 0
    outer loop
      vertex -6.1 15 0
      vertex -6.1 -15 2.5
      vertex -6.1 -15 0
    endloop
  endfacet
  facet normal -1 0 0
    outer loop
      vertex -3.9 -15 0
      vertex -3.9 15 2.5
      vertex -3.9 15 0
    endloop
  endfacet
  facet normal -1 -0 0
    outer loop
      vertex -3.9 15 2.5
      vertex -3.9 -15 0
      vertex -3.9 -15 2.5
    endloop
  endfacet
  facet normal 0 1 -0
    outer loop
      vertex -3.9 -15 0
      vertex -6.1 -15 2.5
      vertex -3.9 -15 2.5
    endloop
  endfacet
  facet normal 0 1 0
    outer loop
      vertex -6.1 -15 2.5
      vertex -3.9 -15 0
      vertex -6.1 -15 0
    endloop
  endfacet
  facet normal 0 -1 0
    outer loop
      vertex -6.1 15 0
      vertex -3.9 15 2.5
      vertex -6.1 15 2.5
    endloop
  endfacet
  facet normal 0 -1 -0
    outer loop
      vertex -3.9 15 2.5
      vertex -6.1 15 0
      vertex -3.9 15 0
    endloop
  endfacet
  facet normal 1 -0 0
    outer loop
      vertex 3.9 -15 2.5
      vertex 3.9 15 0
      vertex 3.9 15 2.5
    endloop
  endfacet
  facet normal 1 0 0
    outer loop
      vertex 3.9 15 0
      vertex 3.9 -15 2.5
      vertex 3.9 -15 0
    endloop
  endfacet
  facet normal -1 0 0
    outer loop
      vertex 6.1 -15 0
      vertex 6.1 15 2.5
      vertex 6.1 15 0
    endloop
  endfacet
  facet normal -1 -0 0
    outer loop
      vertex 6.1 15 2.5
      vertex 6.1 -15 0
      vertex 6.1 -15 2.5
    endloop
  endfacet
  facet normal 0 -1 0
    outer loop
      vertex 3.9 15 0
      vertex 6.1 15 2.5
      vertex 3.9 15 2.5
    endloop
  endfacet
  facet normal 0 -1 -0
    outer loop
      vertex 6.1 15 2.5
      vertex 3.9 15 0
      vertex 6.1 15 0
    endloop
  endfacet
  facet normal 0 1 -0
    outer loop
      vertex 6.1 -15 0
      vertex 3.9 -15 2.5
      vertex 6.1 -15 2.5
    endloop
  endfacet
  facet normal 0 1 0
    outer loop
      vertex 3.9 -15 2.5
      vertex 6.1 -15 0
      vertex 3.9 -15 0
    endloop
  endfacet
  facet normal 1 -0 0
    outer loop
      vertex 13.9 -15 2.5
      vertex 13.9 15 0
      vertex 13.9 15 2.5
    endloop
  endfacet
  facet normal 1 0 0
    outer loop
      vertex 13.9 15 0
      vertex 13.9 -15 2.5
      vertex 13.9 -15 0
    endloop
  endfacet
  facet normal -1 0 0
    outer loop
      vertex 16.1 -15 0
      vertex 16.1 15 2.5
      vertex 16.1 15 0
    endloop
  endfacet
  facet normal -1 -0 0
    outer loop
      vertex 16.1 15 2.5
      vertex 16.1 -15 0
      vertex 16.1 -15 2.5
    endloop
  endfacet
  facet normal 0 1 -0
    outer loop
      vertex 16.1 -15 0
      vertex 13.9 -15 2.5
      vertex 16.1 -15 2.5
    endloop
  endfacet
  facet normal 0 1 0
    outer loop
      vertex 13.9 -15 2.5
      vertex 16.1 -15 0
      vertex 13.9 -15 0
    endloop
  endfacet
  facet normal 0 -1 0
    outer loop
      vertex 13.9 15 0
      vertex 16.1 15 2.5
      vertex 13.9 15 2.5
    endloop
  endfacet
  facet normal 0 -1 -0
    outer loop
      vertex 16.1 15 2.5
      vertex 13.9 15 0
      vertex 16.1 15 0
    endloop
  endfacet
  facet normal 0.998795 0.0490744 0
    outer loop
      vertex 36.4 0 2.5
      vertex 36.2247 3.56782 0
      vertex 36.2247 3.56782 2.5
    endloop
  endfacet
  facet normal 0.998795 0.0490744 0
    outer loop
      vertex 36.2247 3.56782 0
      vertex 36.4 0 2.5
      vertex 36.4 0 0
    endloop
  endfacet
  facet normal -0.998795 0.0490744 0
    outer loop
      vertex -36.4 0 0
      vertex -36.2247 3.56782 2.5
      vertex -36.2247 3.56782 0
    endloop
  endfacet
  facet normal -0.998795 0.0490744 0
    outer loop
      vertex -36.2247 3.56782 2.5
      vertex -36.4 0 0
      vertex -36.4 0 2.5
    endloop
  endfacet
  facet normal -0.0490744 0.998795 0
    outer loop
      vertex 0 36.4 0
      vertex -3.56782 36.2247 2.5
      vertex 0 36.4 2.5
    endloop
  endfacet
  facet normal -0.0490744 0.998795 0
    outer loop
      vertex -3.56782 36.2247 2.5
      vertex 0 36.4 0
      vertex -3.56782 36.2247 0
    endloop
  endfacet
  facet normal 0.671556 0.740954 -0
    outer loop
      vertex 25.7387 25.7387 0
      vertex 23.0919 28.1376 2.5
      vertex 25.7387 25.7387 2.5
    endloop
  endfacet
  facet normal 0.671556 0.740954 0
    outer loop
      vertex 23.0919 28.1376 2.5
      vertex 25.7387 25.7387 0
      vertex 23.0919 28.1376 0
    endloop
  endfacet
  facet normal -0.671556 0.740954 0
    outer loop
      vertex -23.0919 28.1376 0
      vertex -25.7387 25.7387 2.5
      vertex -23.0919 28.1376 2.5
    endloop
  endfacet
  facet normal -0.671556 0.740954 0
    outer loop
      vertex -25.7387 25.7387 2.5
      vertex -23.0919 28.1376 0
      vertex -25.7387 25.7387 0
    endloop
  endfacet
  facet normal -0.427566 0.903984 0
    outer loop
      vertex -13.9297 33.6292 0
      vertex -17.1588 32.1019 2.5
      vertex -13.9297 33.6292 2.5
    endloop
  endfacet
  facet normal -0.427566 0.903984 0
    outer loop
      vertex -17.1588 32.1019 2.5
      vertex -13.9297 33.6292 0
      vertex -17.1588 32.1019 0
    endloop
  endfacet
  facet normal 0.903984 0.427566 0
    outer loop
      vertex 33.6292 13.9297 2.5
      vertex 32.1019 17.1588 0
      vertex 32.1019 17.1588 2.5
    endloop
  endfacet
  facet normal 0.903984 0.427566 0
    outer loop
      vertex 32.1019 17.1588 0
      vertex 33.6292 13.9297 2.5
      vertex 33.6292 13.9297 0
    endloop
  endfacet
  facet normal 0.336888 0.941545 -0
    outer loop
      vertex 13.9297 33.6292 0
      vertex 10.5664 34.8326 2.5
      vertex 13.9297 33.6292 2.5
    endloop
  endfacet
  facet normal 0.336888 0.941545 0
    outer loop
      vertex 10.5664 34.8326 2.5
      vertex 13.9297 33.6292 0
      vertex 10.5664 34.8326 0
    endloop
  endfacet
  facet normal -0.85774 0.514084 0
    outer loop
      vertex -32.1019 17.1588 0
      vertex -30.2655 20.2228 2.5
      vertex -30.2655 20.2228 0
    endloop
  endfacet
  facet normal -0.85774 0.514084 0
    outer loop
      vertex -30.2655 20.2228 2.5
      vertex -32.1019 17.1588 0
      vertex -32.1019 17.1588 2.5
    endloop
  endfacet
  facet normal -0.803203 0.595705 0
    outer loop
      vertex -30.2655 20.2228 0
      vertex -28.1376 23.0919 2.5
      vertex -28.1376 23.0919 0
    endloop
  endfacet
  facet normal -0.803203 0.595705 0
    outer loop
      vertex -28.1376 23.0919 2.5
      vertex -30.2655 20.2228 0
      vertex -30.2655 20.2228 2.5
    endloop
  endfacet
  facet normal -0.514084 0.85774 0
    outer loop
      vertex -17.1588 32.1019 0
      vertex -20.2228 30.2655 2.5
      vertex -17.1588 32.1019 2.5
    endloop
  endfacet
  facet normal -0.514084 0.85774 0
    outer loop
      vertex -20.2228 30.2655 2.5
      vertex -17.1588 32.1019 0
      vertex -20.2228 30.2655 0
    endloop
  endfacet
  facet normal 0.970029 0.242989 0
    outer loop
      vertex 35.7006 7.10129 2.5
      vertex 34.8326 10.5664 0
      vertex 34.8326 10.5664 2.5
    endloop
  endfacet
  facet normal 0.970029 0.242989 0
    outer loop
      vertex 34.8326 10.5664 0
      vertex 35.7006 7.10129 2.5
      vertex 35.7006 7.10129 0
    endloop
  endfacet
  facet normal 0.989178 0.146719 0
    outer loop
      vertex 36.2247 3.56782 2.5
      vertex 35.7006 7.10129 0
      vertex 35.7006 7.10129 2.5
    endloop
  endfacet
  facet normal 0.989178 0.146719 0
    outer loop
      vertex 35.7006 7.10129 0
      vertex 36.2247 3.56782 2.5
      vertex 36.2247 3.56782 0
    endloop
  endfacet
  facet normal 0.941545 0.336888 0
    outer loop
      vertex 34.8326 10.5664 2.5
      vertex 33.6292 13.9297 0
      vertex 33.6292 13.9297 2.5
    endloop
  endfacet
  facet normal 0.941545 0.336888 0
    outer loop
      vertex 33.6292 13.9297 0
      vertex 34.8326 10.5664 2.5
      vertex 34.8326 10.5664 0
    endloop
  endfacet
  facet normal 0.803203 0.595705 0
    outer loop
      vertex 30.2655 20.2228 2.5
      vertex 28.1376 23.0919 0
      vertex 28.1376 23.0919 2.5
    endloop
  endfacet
  facet normal 0.803203 0.595705 0
    outer loop
      vertex 28.1376 23.0919 0
      vertex 30.2655 20.2228 2.5
      vertex 30.2655 20.2228 0
    endloop
  endfacet
  facet normal 0.740954 0.671556 0
    outer loop
      vertex 28.1376 23.0919 2.5
      vertex 25.7387 25.7387 0
      vertex 25.7387 25.7387 2.5
    endloop
  endfacet
  facet normal 0.740954 0.671556 0
    outer loop
      vertex 25.7387 25.7387 0
      vertex 28.1376 23.0919 2.5
      vertex 28.1376 23.0919 0
    endloop
  endfacet
  facet normal 0.146719 0.989178 -0
    outer loop
      vertex 7.10129 35.7006 0
      vertex 3.56782 36.2247 2.5
      vertex 7.10129 35.7006 2.5
    endloop
  endfacet
  facet normal 0.146719 0.989178 0
    outer loop
      vertex 3.56782 36.2247 2.5
      vertex 7.10129 35.7006 0
      vertex 3.56782 36.2247 0
    endloop
  endfacet
  facet normal 0.595705 0.803203 -0
    outer loop
      vertex 23.0919 28.1376 0
      vertex 20.2228 30.2655 2.5
      vertex 23.0919 28.1376 2.5
    endloop
  endfacet
  facet normal 0.595705 0.803203 0
    outer loop
      vertex 20.2228 30.2655 2.5
      vertex 23.0919 28.1376 0
      vertex 20.2228 30.2655 0
    endloop
  endfacet
  facet normal 0.427566 0.903984 -0
    outer loop
      vertex 17.1588 32.1019 0
      vertex 13.9297 33.6292 2.5
      vertex 17.1588 32.1019 2.5
    endloop
  endfacet
  facet normal 0.427566 0.903984 0
    outer loop
      vertex 13.9297 33.6292 2.5
      vertex 17.1588 32.1019 0
      vertex 13.9297 33.6292 0
    endloop
  endfacet
  facet normal 0.514084 0.85774 -0
    outer loop
      vertex 20.2228 30.2655 0
      vertex 17.1588 32.1019 2.5
      vertex 20.2228 30.2655 2.5
    endloop
  endfacet
  facet normal 0.514084 0.85774 0
    outer loop
      vertex 17.1588 32.1019 2.5
      vertex 20.2228 30.2655 0
      vertex 17.1588 32.1019 0
    endloop
  endfacet
  facet normal -0.903984 0.427566 0
    outer loop
      vertex -33.6292 13.9297 0
      vertex -32.1019 17.1588 2.5
      vertex -32.1019 17.1588 0
    endloop
  endfacet
  facet normal -0.903984 0.427566 0
    outer loop
      vertex -32.1019 17.1588 2.5
      vertex -33.6292 13.9297 0
      vertex -33.6292 13.9297 2.5
    endloop
  endfacet
  facet normal -0.970029 0.242989 0
    outer loop
      vertex -35.7006 7.10129 0
      vertex -34.8326 10.5664 2.5
      vertex -34.8326 10.5664 0
    endloop
  endfacet
  facet normal -0.970029 0.242989 0
    outer loop
      vertex -34.8326 10.5664 2.5
      vertex -35.7006 7.10129 0
      vertex -35.7006 7.10129 2.5
    endloop
  endfacet
  facet normal -0.146719 0.989178 0
    outer loop
      vertex -3.56782 36.2247 0
      vertex -7.10129 35.7006 2.5
      vertex -3.56782 36.2247 2.5
    endloop
  endfacet
  facet normal -0.146719 0.989178 0
    outer loop
      vertex -7.10129 35.7006 2.5
      vertex -3.56782 36.2247 0
      vertex -7.10129 35.7006 0
    endloop
  endfacet
  facet normal -0.336888 0.941545 0
    outer loop
      vertex -10.5664 34.8326 0
      vertex -13.9297 33.6292 2.5
      vertex -10.5664 34.8326 2.5
    endloop
  endfacet
  facet normal -0.336888 0.941545 0
    outer loop
      vertex -13.9297 33.6292 2.5
      vertex -10.5664 34.8326 0
      vertex -13.9297 33.6292 0
    endloop
  endfacet
  facet normal -0.242989 0.970029 0
    outer loop
      vertex -7.10129 35.7006 0
      vertex -10.5664 34.8326 2.5
      vertex -7.10129 35.7006 2.5
    endloop
  endfacet
  facet normal -0.242989 0.970029 0
    outer loop
      vertex -10.5664 34.8326 2.5
      vertex -7.10129 35.7006 0
      vertex -10.5664 34.8326 0
    endloop
  endfacet
  facet normal 0.998795 -0.0490744 0
    outer loop
      vertex 36.2247 -3.56782 2.5
      vertex 36.4 0 0
      vertex 36.4 0 2.5
    endloop
  endfacet
  facet normal 0.998795 -0.0490744 0
    outer loop
      vertex 36.4 0 0
      vertex 36.2247 -3.56782 2.5
      vertex 36.2247 -3.56782 0
    endloop
  endfacet
  facet normal 0.85774 -0.514084 0
    outer loop
      vertex 30.2655 -20.2228 2.5
      vertex 32.1019 -17.1588 0
      vertex 32.1019 -17.1588 2.5
    endloop
  endfacet
  facet normal 0.85774 -0.514084 0
    outer loop
      vertex 32.1019 -17.1588 0
      vertex 30.2655 -20.2228 2.5
      vertex 30.2655 -20.2228 0
    endloop
  endfacet
  facet normal -0.803203 -0.595705 0
    outer loop
      vertex -28.1376 -23.0919 0
      vertex -30.2655 -20.2228 2.5
      vertex -30.2655 -20.2228 0
    endloop
  endfacet
  facet normal -0.803203 -0.595705 0
    outer loop
      vertex -30.2655 -20.2228 2.5
      vertex -28.1376 -23.0919 0
      vertex -28.1376 -23.0919 2.5
    endloop
  endfacet
  facet normal -0.941545 -0.336888 0
    outer loop
      vertex -33.6292 -13.9297 0
      vertex -34.8326 -10.5664 2.5
      vertex -34.8326 -10.5664 0
    endloop
  endfacet
  facet normal -0.941545 -0.336888 0
    outer loop
      vertex -34.8326 -10.5664 2.5
      vertex -33.6292 -13.9297 0
      vertex -33.6292 -13.9297 2.5
    endloop
  endfacet
  facet normal 0.427566 -0.903984 0
    outer loop
      vertex 13.9297 -33.6292 0
      vertex 17.1588 -32.1019 2.5
      vertex 13.9297 -33.6292 2.5
    endloop
  endfacet
  facet normal 0.427566 -0.903984 0
    outer loop
      vertex 17.1588 -32.1019 2.5
      vertex 13.9297 -33.6292 0
      vertex 17.1588 -32.1019 0
    endloop
  endfacet
  facet normal 0.336888 -0.941545 0
    outer loop
      vertex 10.5664 -34.8326 0
      vertex 13.9297 -33.6292 2.5
      vertex 10.5664 -34.8326 2.5
    endloop
  endfacet
  facet normal 0.336888 -0.941545 0
    outer loop
      vertex 13.9297 -33.6292 2.5
      vertex 10.5664 -34.8326 0
      vertex 13.9297 -33.6292 0
    endloop
  endfacet
  facet normal 0.85774 0.514084 0
    outer loop
      vertex 32.1019 17.1588 2.5
      vertex 30.2655 20.2228 0
      vertex 30.2655 20.2228 2.5
    endloop
  endfacet
  facet normal 0.85774 0.514084 0
    outer loop
      vertex 30.2655 20.2228 0
      vertex 32.1019 17.1588 2.5
      vertex 32.1019 17.1588 0
    endloop
  endfacet
  facet normal 0.0490744 0.998795 -0
    outer loop
      vertex 3.56782 36.2247 0
      vertex 0 36.4 2.5
      vertex 3.56782 36.2247 2.5
    endloop
  endfacet
  facet normal 0.0490744 0.998795 0
    outer loop
      vertex 0 36.4 2.5
      vertex 3.56782 36.2247 0
      vertex 0 36.4 0
    endloop
  endfacet
  facet normal 0.242989 0.970029 -0
    outer loop
      vertex 10.5664 34.8326 0
      vertex 7.10129 35.7006 2.5
      vertex 10.5664 34.8326 2.5
    endloop
  endfacet
  facet normal 0.242989 0.970029 0
    outer loop
      vertex 7.10129 35.7006 2.5
      vertex 10.5664 34.8326 0
      vertex 7.10129 35.7006 0
    endloop
  endfacet
  facet normal -0.740954 0.671556 0
    outer loop
      vertex -28.1376 23.0919 0
      vertex -25.7387 25.7387 2.5
      vertex -25.7387 25.7387 0
    endloop
  endfacet
  facet normal -0.740954 0.671556 0
    outer loop
      vertex -25.7387 25.7387 2.5
      vertex -28.1376 23.0919 0
      vertex -28.1376 23.0919 2.5
    endloop
  endfacet
  facet normal -0 0 1
    outer loop
      vertex -22.8351 23.6017 2.5
      vertex -16.1 15 2.5
      vertex -22.8077 23.7112 2.5
    endloop
  endfacet
  facet normal 0 0 1
    outer loop
      vertex -16.1 -15 2.5
      vertex -22.7911 -23.8228 2.5
      vertex -22.7856 -23.9356 2.5
    endloop
  endfacet
  facet normal -0 0 1
    outer loop
      vertex -22.8731 23.4955 2.5
      vertex -16.1 15 2.5
      vertex -22.8351 23.6017 2.5
    endloop
  endfacet
  facet normal 0 0 1
    outer loop
      vertex -16.1 -15 2.5
      vertex -22.8077 -23.7112 2.5
      vertex -22.7911 -23.8228 2.5
    endloop
  endfacet
  facet normal -0 0 1
    outer loop
      vertex -22.9214 23.3935 2.5
      vertex -16.1 15 2.5
      vertex -22.8731 23.4955 2.5
    endloop
  endfacet
  facet normal 0 0 1
    outer loop
      vertex -16.1 -15 2.5
      vertex -22.8351 -23.6017 2.5
      vertex -22.8077 -23.7112 2.5
    endloop
  endfacet
  facet normal -0 0 1
    outer loop
      vertex -22.9794 23.2967 2.5
      vertex -16.1 15 2.5
      vertex -22.9214 23.3935 2.5
    endloop
  endfacet
  facet normal 0 0 1
    outer loop
      vertex -16.1 -15 2.5
      vertex -22.8731 -23.4955 2.5
      vertex -22.8351 -23.6017 2.5
    endloop
  endfacet
  facet normal -0 0 1
    outer loop
      vertex -23.0466 23.206 2.5
      vertex -16.1 15 2.5
      vertex -22.9794 23.2967 2.5
    endloop
  endfacet
  facet normal 0 0 1
    outer loop
      vertex -16.1 -15 2.5
      vertex -22.9214 -23.3935 2.5
      vertex -22.8731 -23.4955 2.5
    endloop
  endfacet
  facet normal -0 0 1
    outer loop
      vertex -23.1224 23.1224 2.5
      vertex -16.1 15 2.5
      vertex -23.0466 23.206 2.5
    endloop
  endfacet
  facet normal 0 0 1
    outer loop
      vertex -16.1 -15 2.5
      vertex -22.9794 -23.2967 2.5
      vertex -22.9214 -23.3935 2.5
    endloop
  endfacet
  facet normal -0 0 1
    outer loop
      vertex -23.206 23.0466 2.5
      vertex -16.1 15 2.5
      vertex -23.1224 23.1224 2.5
    endloop
  endfacet
  facet normal 0 0 1
    outer loop
      vertex -16.1 -15 2.5
      vertex -23.0466 -23.206 2.5
      vertex -22.9794 -23.2967 2.5
    endloop
  endfacet
  facet normal -0 0 1
    outer loop
      vertex -23.2967 22.9794 2.5
      vertex -16.1 15 2.5
      vertex -23.206 23.0466 2.5
    endloop
  endfacet
  facet normal 0 0 1
    outer loop
      vertex -16.1 -15 2.5
      vertex -23.1224 -23.1224 2.5
      vertex -23.0466 -23.206 2.5
    endloop
  endfacet
  facet normal -0 0 1
    outer loop
      vertex -23.3935 22.9214 2.5
      vertex -16.1 15 2.5
      vertex -23.2967 22.9794 2.5
    endloop
  endfacet
  facet normal 0 0 1
    outer loop
      vertex -16.1 -15 2.5
      vertex -23.206 -23.0466 2.5
      vertex -23.1224 -23.1224 2.5
    endloop
  endfacet
  facet normal -0 0 1
    outer loop
      vertex -23.4955 22.8731 2.5
      vertex -16.1 15 2.5
      vertex -23.3935 22.9214 2.5
    endloop
  endfacet
  facet normal 0 0 1
    outer loop
      vertex -16.1 -15 2.5
      vertex -23.2967 -22.9794 2.5
      vertex -23.206 -23.0466 2.5
    endloop
  endfacet
  facet normal -0 0 1
    outer loop
      vertex -23.6017 22.8351 2.5
      vertex -16.1 15 2.5
      vertex -23.4955 22.8731 2.5
    endloop
  endfacet
  facet normal 0 0 1
    outer loop
      vertex -16.1 -15 2.5
      vertex -23.3935 -22.9214 2.5
      vertex -23.2967 -22.9794 2.5
    endloop
  endfacet
  facet normal 0 0 1
    outer loop
      vertex -35.7006 7.10129 2.5
      vertex -16.1 15 2.5
      vertex -34.8326 10.5664 2.5
    endloop
  endfacet
  facet normal -0 -0 1
    outer loop
      vertex -36.2247 -3.56782 2.5
      vertex -16.1 -15 2.5
      vertex -36.4 0 2.5
    endloop
  endfacet
  facet normal -0 0 1
    outer loop
      vertex -23.7112 22.8077 2.5
      vertex -16.1 15 2.5
      vertex -23.6017 22.8351 2.5
    endloop
  endfacet
  facet normal -0 -0 1
    outer loop
      vertex -35.7006 -7.10129 2.5
      vertex -16.1 -15 2.5
      vertex -36.2247 -3.56782 2.5
    endloop
  endfacet
  facet normal -0 0 1
    outer loop
      vertex -23.8228 22.7911 2.5
      vertex -16.1 15 2.5
      vertex -23.7112 22.8077 2.5
    endloop
  endfacet
  facet normal -0 -0 1
    outer loop
      vertex -34.8326 -10.5664 2.5
      vertex -16.1 -15 2.5
      vertex -35.7006 -7.10129 2.5
    endloop
  endfacet
  facet normal -0 0 1
    outer loop
      vertex -23.9356 22.7856 2.5
      vertex -16.1 15 2.5
      vertex -23.8228 22.7911 2.5
    endloop
  endfacet
  facet normal 0 0 1
    outer loop
      vertex -16.1 -15 2.5
      vertex -23.4955 -22.8731 2.5
      vertex -23.3935 -22.9214 2.5
    endloop
  endfacet
  facet normal 0 0 1
    outer loop
      vertex -16.1 15 2.5
      vertex -23.9356 22.7856 2.5
      vertex -32.1019 17.1588 2.5
    endloop
  endfacet
  facet normal -0 -0 1
    outer loop
      vertex -33.6292 -13.9297 2.5
      vertex -16.1 -15 2.5
      vertex -34.8326 -10.5664 2.5
    endloop
  endfacet
  facet normal 0 0 1
    outer loop
      vertex -30.2655 20.2228 2.5
      vertex -23.9356 22.7856 2.5
      vertex -24.0483 22.7911 2.5
    endloop
  endfacet
  facet normal 0 0 1
    outer loop
      vertex -16.1 -15 2.5
      vertex -23.6017 -22.8351 2.5
      vertex -23.4955 -22.8731 2.5
    endloop
  endfacet
  facet normal 0 0 1
    outer loop
      vertex -30.2655 20.2228 2.5
      vertex -24.0483 22.7911 2.5
      vertex -24.1599 22.8077 2.5
    endloop
  endfacet
  facet normal 0 -0 1
    outer loop
      vertex -32.1019 -17.1588 2.5
      vertex -16.1 -15 2.5
      vertex -33.6292 -13.9297 2.5
    endloop
  endfacet
  facet normal 0 0 1
    outer loop
      vertex -30.2655 20.2228 2.5
      vertex -24.1599 22.8077 2.5
      vertex -24.2694 22.8351 2.5
    endloop
  endfacet
  facet normal 0 0 1
    outer loop
      vertex -16.1 -15 2.5
      vertex -23.7112 -22.8077 2.5
      vertex -23.6017 -22.8351 2.5
    endloop
  endfacet
  facet normal 0 0 1
    outer loop
      vertex -30.2655 20.2228 2.5
      vertex -24.2694 22.8351 2.5
      vertex -24.3757 22.8731 2.5
    endloop
  endfacet
  facet normal 0 -0 1
    outer loop
      vertex -23.9356 -22.7856 2.5
      vertex -16.1 -15 2.5
      vertex -32.1019 -17.1588 2.5
    endloop
  endfacet
  facet normal 0 0 1
    outer loop
      vertex -30.2655 20.2228 2.5
      vertex -24.3757 22.8731 2.5
      vertex -24.4777 22.9214 2.5
    endloop
  endfacet
  facet normal 0 0 1
    outer loop
      vertex -16.1 -15 2.5
      vertex -23.8228 -22.7911 2.5
      vertex -23.7112 -22.8077 2.5
    endloop
  endfacet
  facet normal 0 0 1
    outer loop
      vertex -28.1376 23.0919 2.5
      vertex -24.4777 22.9214 2.5
      vertex -24.5745 22.9794 2.5
    endloop
  endfacet
  facet normal 0 0 1
    outer loop
      vertex -16.1 -15 2.5
      vertex -23.9356 -22.7856 2.5
      vertex -23.8228 -22.7911 2.5
    endloop
  endfacet
  facet normal 0 0 1
    outer loop
      vertex -28.1376 23.0919 2.5
      vertex -24.5745 22.9794 2.5
      vertex -24.6651 23.0466 2.5
    endloop
  endfacet
  facet normal -0 -0 1
    outer loop
      vertex -30.2655 -20.2228 2.5
      vertex -23.9356 -22.7856 2.5
      vertex -32.1019 -17.1588 2.5
    endloop
  endfacet
  facet normal -0 0 1
    outer loop
      vertex -28.1376 23.0919 2.5
      vertex -24.6651 23.0466 2.5
      vertex -24.7487 23.1224 2.5
    endloop
  endfacet
  facet normal 0 0 1
    outer loop
      vertex -23.9356 -22.7856 2.5
      vertex -30.2655 -20.2228 2.5
      vertex -24.0483 -22.7911 2.5
    endloop
  endfacet
  facet normal 0 0 1
    outer loop
      vertex -28.1376 23.0919 2.5
      vertex -24.7487 23.1224 2.5
      vertex -24.8245 23.206 2.5
    endloop
  endfacet
  facet normal 0 0 1
    outer loop
      vertex -24.0483 -22.7911 2.5
      vertex -30.2655 -20.2228 2.5
      vertex -24.1599 -22.8077 2.5
    endloop
  endfacet
  facet normal 0 0 1
    outer loop
      vertex -28.1376 23.0919 2.5
      vertex -24.8245 23.206 2.5
      vertex -24.8918 23.2967 2.5
    endloop
  endfacet
  facet normal 0 0 1
    outer loop
      vertex -24.1599 -22.8077 2.5
      vertex -30.2655 -20.2228 2.5
      vertex -24.2694 -22.8351 2.5
    endloop
  endfacet
  facet normal 0 0 1
    outer loop
      vertex -28.1376 23.0919 2.5
      vertex -24.8918 23.2967 2.5
      vertex -24.9498 23.3935 2.5
    endloop
  endfacet
  facet normal 0 0 1
    outer loop
      vertex -24.2694 -22.8351 2.5
      vertex -30.2655 -20.2228 2.5
      vertex -24.3757 -22.8731 2.5
    endloop
  endfacet
  facet normal 0 0 1
    outer loop
      vertex -28.1376 23.0919 2.5
      vertex -24.9498 23.3935 2.5
      vertex -24.998 23.4955 2.5
    endloop
  endfacet
  facet normal 0 0 1
    outer loop
      vertex -24.3757 -22.8731 2.5
      vertex -30.2655 -20.2228 2.5
      vertex -24.4777 -22.9214 2.5
    endloop
  endfacet
  facet normal 0 0 1
    outer loop
      vertex -28.1376 23.0919 2.5
      vertex -24.998 23.4955 2.5
      vertex -25.036 23.6017 2.5
    endloop
  endfacet
  facet normal 0 -0 1
    outer loop
      vertex -28.1376 -23.0919 2.5
      vertex -24.4777 -22.9214 2.5
      vertex -30.2655 -20.2228 2.5
    endloop
  endfacet
  facet normal 0 0 1
    outer loop
      vertex -28.1376 23.0919 2.5
      vertex -25.036 23.6017 2.5
      vertex -25.0635 23.7112 2.5
    endloop
  endfacet
  facet normal 0 0 1
    outer loop
      vertex -24.4777 -22.9214 2.5
      vertex -28.1376 -23.0919 2.5
      vertex -24.5745 -22.9794 2.5
    endloop
  endfacet
  facet normal 0 0 1
    outer loop
      vertex -28.1376 23.0919 2.5
      vertex -25.0635 23.7112 2.5
      vertex -25.08 23.8228 2.5
    endloop
  endfacet
  facet normal 0 0 1
    outer loop
      vertex -24.5745 -22.9794 2.5
      vertex -28.1376 -23.0919 2.5
      vertex -24.6651 -23.0466 2.5
    endloop
  endfacet
  facet normal 0 0 1
    outer loop
      vertex -28.1376 23.0919 2.5
      vertex -25.08 23.8228 2.5
      vertex -25.0856 23.9356 2.5
    endloop
  endfacet
  facet normal 0 0 1
    outer loop
      vertex -16.1 15 2.5
      vertex -36.4 0 2.5
      vertex -16.1 -15 2.5
    endloop
  endfacet
  facet normal 0 0 1
    outer loop
      vertex -17.1588 -32.1019 2.5
      vertex -22.7856 -23.9356 2.5
      vertex -20.2228 -30.2655 2.5
    endloop
  endfacet
  facet normal -0 0 1
    outer loop
      vertex -22.7911 -24.0483 2.5
      vertex -20.2228 -30.2655 2.5
      vertex -22.7856 -23.9356 2.5
    endloop
  endfacet
  facet normal -0 0 1
    outer loop
      vertex -22.8077 -24.1599 2.5
      vertex -20.2228 -30.2655 2.5
      vertex -22.7911 -24.0483 2.5
    endloop
  endfacet
  facet normal -0 0 1
    outer loop
      vertex -22.8351 -24.2694 2.5
      vertex -20.2228 -30.2655 2.5
      vertex -22.8077 -24.1599 2.5
    endloop
  endfacet
  facet normal -0 0 1
    outer loop
      vertex -22.8731 -24.3757 2.5
      vertex -20.2228 -30.2655 2.5
      vertex -22.8351 -24.2694 2.5
    endloop
  endfacet
  facet normal -0 0 1
    outer loop
      vertex -22.9214 -24.4777 2.5
      vertex -20.2228 -30.2655 2.5
      vertex -22.8731 -24.3757 2.5
    endloop
  endfacet
  facet normal 0 0 1
    outer loop
      vertex -23.0919 -28.1376 2.5
      vertex -22.9214 -24.4777 2.5
      vertex -22.9794 -24.5745 2.5
    endloop
  endfacet
  facet normal 0 0 1
    outer loop
      vertex -23.0919 -28.1376 2.5
      vertex -22.9794 -24.5745 2.5
      vertex -23.0466 -24.6651 2.5
    endloop
  endfacet
  facet normal 0 0 1
    outer loop
      vertex -22.9214 -24.4777 2.5
      vertex -23.0919 -28.1376 2.5
      vertex -20.2228 -30.2655 2.5
    endloop
  endfacet
  facet normal -0 0 1
    outer loop
      vertex -23.1224 -24.7487 2.5
      vertex -23.0919 -28.1376 2.5
      vertex -23.0466 -24.6651 2.5
    endloop
  endfacet
  facet normal -0 0 1
    outer loop
      vertex -23.206 -24.8245 2.5
      vertex -23.0919 -28.1376 2.5
      vertex -23.1224 -24.7487 2.5
    endloop
  endfacet
  facet normal -0 0 1
    outer loop
      vertex -23.2967 -24.8918 2.5
      vertex -23.0919 -28.1376 2.5
      vertex -23.206 -24.8245 2.5
    endloop
  endfacet
  facet normal -0 0 1
    outer loop
      vertex -23.3935 -24.9498 2.5
      vertex -23.0919 -28.1376 2.5
      vertex -23.2967 -24.8918 2.5
    endloop
  endfacet
  facet normal -0 0 1
    outer loop
      vertex -23.4955 -24.998 2.5
      vertex -23.0919 -28.1376 2.5
      vertex -23.3935 -24.9498 2.5
    endloop
  endfacet
  facet normal -0 0 1
    outer loop
      vertex -23.6017 -25.036 2.5
      vertex -23.0919 -28.1376 2.5
      vertex -23.4955 -24.998 2.5
    endloop
  endfacet
  facet normal -0 0 1
    outer loop
      vertex -23.7112 -25.0635 2.5
      vertex -23.0919 -28.1376 2.5
      vertex -23.6017 -25.036 2.5
    endloop
  endfacet
  facet normal -0 0 1
    outer loop
      vertex -23.8228 -25.08 2.5
      vertex -23.0919 -28.1376 2.5
      vertex -23.7112 -25.0635 2.5
    endloop
  endfacet
  facet normal -0 0 1
    outer loop
      vertex -23.9356 -25.0856 2.5
      vertex -23.0919 -28.1376 2.5
      vertex -23.8228 -25.08 2.5
    endloop
  endfacet
  facet normal 0 0 1
    outer loop
      vertex -24.0483 -25.08 2.5
      vertex -23.0919 -28.1376 2.5
      vertex -23.9356 -25.0856 2.5
    endloop
  endfacet
  facet normal 0 0 1
    outer loop
      vertex -25.7387 -25.7387 2.5
      vertex -24.0483 -25.08 2.5
      vertex -24.1599 -25.0635 2.5
    endloop
  endfacet
  facet normal 0 0 1
    outer loop
      vertex -25.7387 -25.7387 2.5
      vertex -24.1599 -25.0635 2.5
      vertex -24.2694 -25.036 2.5
    endloop
  endfacet
  facet normal 0 0 1
    outer loop
      vertex -25.7387 -25.7387 2.5
      vertex -24.2694 -25.036 2.5
      vertex -24.3757 -24.998 2.5
    endloop
  endfacet
  facet normal 0 0 1
    outer loop
      vertex -25.7387 -25.7387 2.5
      vertex -24.3757 -24.998 2.5
      vertex -24.4777 -24.9498 2.5
    endloop
  endfacet
  facet normal 0 0 1
    outer loop
      vertex -25.7387 -25.7387 2.5
      vertex -24.4777 -24.9498 2.5
      vertex -24.5745 -24.8918 2.5
    endloop
  endfacet
  facet normal 0 0 1
    outer loop
      vertex -25.7387 -25.7387 2.5
      vertex -24.5745 -24.8918 2.5
      vertex -24.6651 -24.8245 2.5
    endloop
  endfacet
  facet normal 0 0 1
    outer loop
      vertex -25.7387 -25.7387 2.5
      vertex -24.6651 -24.8245 2.5
      vertex -24.7487 -24.7487 2.5
    endloop
  endfacet
  facet normal 0 0 1
    outer loop
      vertex -25.7387 -25.7387 2.5
      vertex -24.7487 -24.7487 2.5
      vertex -24.8245 -24.6651 2.5
    endloop
  endfacet
  facet normal 0 0 1
    outer loop
      vertex -25.7387 -25.7387 2.5
      vertex -24.8245 -24.6651 2.5
      vertex -24.8918 -24.5745 2.5
    endloop
  endfacet
  facet normal 0 0 1
    outer loop
      vertex -25.7387 -25.7387 2.5
      vertex -24.8918 -24.5745 2.5
      vertex -24.9498 -24.4777 2.5
    endloop
  endfacet
  facet normal 0 0 1
    outer loop
      vertex -24.0483 -25.08 2.5
      vertex -25.7387 -25.7387 2.5
      vertex -23.0919 -28.1376 2.5
    endloop
  endfacet
  facet normal 0 0 1
    outer loop
      vertex -24.998 -24.3757 2.5
      vertex -25.7387 -25.7387 2.5
      vertex -24.9498 -24.4777 2.5
    endloop
  endfacet
  facet normal 0 0 1
    outer loop
      vertex -25.036 -24.2694 2.5
      vertex -25.7387 -25.7387 2.5
      vertex -24.998 -24.3757 2.5
    endloop
  endfacet
  facet normal 0 0 1
    outer loop
      vertex -25.0635 -24.1599 2.5
      vertex -25.7387 -25.7387 2.5
      vertex -25.036 -24.2694 2.5
    endloop
  endfacet
  facet normal 0 0 1
    outer loop
      vertex -25.08 -24.0483 2.5
      vertex -25.7387 -25.7387 2.5
      vertex -25.0635 -24.1599 2.5
    endloop
  endfacet
  facet normal 0 0 1
    outer loop
      vertex -28.1376 -23.0919 2.5
      vertex -25.08 -24.0483 2.5
      vertex -25.0856 -23.9356 2.5
    endloop
  endfacet
  facet normal 0 0 1
    outer loop
      vertex -24.4777 22.9214 2.5
      vertex -28.1376 23.0919 2.5
      vertex -30.2655 20.2228 2.5
    endloop
  endfacet
  facet normal 0 0 1
    outer loop
      vertex -23.9356 22.7856 2.5
      vertex -30.2655 20.2228 2.5
      vertex -32.1019 17.1588 2.5
    endloop
  endfacet
  facet normal 0 0 1
    outer loop
      vertex -25.08 -24.0483 2.5
      vertex -28.1376 -23.0919 2.5
      vertex -25.7387 -25.7387 2.5
    endloop
  endfacet
  facet normal 0 0 1
    outer loop
      vertex -16.1 15 2.5
      vertex -32.1019 17.1588 2.5
      vertex -33.6292 13.9297 2.5
    endloop
  endfacet
  facet normal 0 0 1
    outer loop
      vertex -25.08 -23.8228 2.5
      vertex -28.1376 -23.0919 2.5
      vertex -25.0856 -23.9356 2.5
    endloop
  endfacet
  facet normal 0 0 1
    outer loop
      vertex -16.1 15 2.5
      vertex -33.6292 13.9297 2.5
      vertex -34.8326 10.5664 2.5
    endloop
  endfacet
  facet normal 0 0 1
    outer loop
      vertex -25.0635 -23.7112 2.5
      vertex -28.1376 -23.0919 2.5
      vertex -25.08 -23.8228 2.5
    endloop
  endfacet
  facet normal 0 0 1
    outer loop
      vertex -36.2247 3.56782 2.5
      vertex -16.1 15 2.5
      vertex -35.7006 7.10129 2.5
    endloop
  endfacet
  facet normal 0 0 1
    outer loop
      vertex -25.036 -23.6017 2.5
      vertex -28.1376 -23.0919 2.5
      vertex -25.0635 -23.7112 2.5
    endloop
  endfacet
  facet normal 0 0 1
    outer loop
      vertex -36.4 0 2.5
      vertex -16.1 15 2.5
      vertex -36.2247 3.56782 2.5
    endloop
  endfacet
  facet normal 0 0 1
    outer loop
      vertex -24.998 -23.4955 2.5
      vertex -28.1376 -23.0919 2.5
      vertex -25.036 -23.6017 2.5
    endloop
  endfacet
  facet normal 0 0 1
    outer loop
      vertex -24.6651 -23.0466 2.5
      vertex -28.1376 -23.0919 2.5
      vertex -24.7487 -23.1224 2.5
    endloop
  endfacet
  facet normal 0 0 1
    outer loop
      vertex -24.9498 -23.3935 2.5
      vertex -28.1376 -23.0919 2.5
      vertex -24.998 -23.4955 2.5
    endloop
  endfacet
  facet normal 0 0 1
    outer loop
      vertex -24.7487 -23.1224 2.5
      vertex -28.1376 -23.0919 2.5
      vertex -24.8245 -23.206 2.5
    endloop
  endfacet
  facet normal 0 0 1
    outer loop
      vertex -24.8918 -23.2967 2.5
      vertex -28.1376 -23.0919 2.5
      vertex -24.9498 -23.3935 2.5
    endloop
  endfacet
  facet normal 0 0 1
    outer loop
      vertex -24.8245 -23.206 2.5
      vertex -28.1376 -23.0919 2.5
      vertex -24.8918 -23.2967 2.5
    endloop
  endfacet
  facet normal 0 0 1
    outer loop
      vertex -13.9297 -33.6292 2.5
      vertex -6.1 -15 2.5
      vertex -13.9 -15 2.5
    endloop
  endfacet
  facet normal 0 0 1
    outer loop
      vertex -6.1 -15 2.5
      vertex -13.9297 -33.6292 2.5
      vertex -10.5664 -34.8326 2.5
    endloop
  endfacet
  facet normal 0 0 1
    outer loop
      vertex -22.7856 -23.9356 2.5
      vertex -13.9 -15 2.5
      vertex -16.1 -15 2.5
    endloop
  endfacet
  facet normal 0 0 1
    outer loop
      vertex -13.9 -15 2.5
      vertex -17.1588 -32.1019 2.5
      vertex -13.9297 -33.6292 2.5
    endloop
  endfacet
  facet normal 0 0 1
    outer loop
      vertex -13.9 15 2.5
      vertex -22.7911 23.8228 2.5
      vertex -16.1 15 2.5
    endloop
  endfacet
  facet normal 0 0 1
    outer loop
      vertex -22.7856 23.9356 2.5
      vertex -17.1588 32.1019 2.5
      vertex -20.2228 30.2655 2.5
    endloop
  endfacet
  facet normal -0 0 1
    outer loop
      vertex -22.8077 23.7112 2.5
      vertex -16.1 15 2.5
      vertex -22.7911 23.8228 2.5
    endloop
  endfacet
  facet normal -0 0 1
    outer loop
      vertex -22.7856 -23.9356 2.5
      vertex -17.1588 -32.1019 2.5
      vertex -13.9 -15 2.5
    endloop
  endfacet
  facet normal 0 0 1
    outer loop
      vertex -20.2228 30.2655 2.5
      vertex -22.7911 24.0483 2.5
      vertex -22.7856 23.9356 2.5
    endloop
  endfacet
  facet normal 0 0 1
    outer loop
      vertex -20.2228 30.2655 2.5
      vertex -22.8077 24.1599 2.5
      vertex -22.7911 24.0483 2.5
    endloop
  endfacet
  facet normal 0 0 1
    outer loop
      vertex -20.2228 30.2655 2.5
      vertex -22.8351 24.2694 2.5
      vertex -22.8077 24.1599 2.5
    endloop
  endfacet
  facet normal 0 0 1
    outer loop
      vertex -20.2228 30.2655 2.5
      vertex -22.8731 24.3757 2.5
      vertex -22.8351 24.2694 2.5
    endloop
  endfacet
  facet normal 0 0 1
    outer loop
      vertex -20.2228 30.2655 2.5
      vertex -22.9214 24.4777 2.5
      vertex -22.8731 24.3757 2.5
    endloop
  endfacet
  facet normal -0 0 1
    outer loop
      vertex -23.0919 28.1376 2.5
      vertex -22.9214 24.4777 2.5
      vertex -20.2228 30.2655 2.5
    endloop
  endfacet
  facet normal 0 0 1
    outer loop
      vertex -22.9214 24.4777 2.5
      vertex -23.0919 28.1376 2.5
      vertex -22.9794 24.5745 2.5
    endloop
  endfacet
  facet normal 0 0 1
    outer loop
      vertex -22.9794 24.5745 2.5
      vertex -23.0919 28.1376 2.5
      vertex -23.0466 24.6651 2.5
    endloop
  endfacet
  facet normal 0 0 1
    outer loop
      vertex -23.0919 28.1376 2.5
      vertex -23.1224 24.7487 2.5
      vertex -23.0466 24.6651 2.5
    endloop
  endfacet
  facet normal 0 0 1
    outer loop
      vertex -23.0919 28.1376 2.5
      vertex -23.206 24.8245 2.5
      vertex -23.1224 24.7487 2.5
    endloop
  endfacet
  facet normal 0 0 1
    outer loop
      vertex -23.0919 28.1376 2.5
      vertex -23.2967 24.8918 2.5
      vertex -23.206 24.8245 2.5
    endloop
  endfacet
  facet normal 0 0 1
    outer loop
      vertex -23.0919 28.1376 2.5
      vertex -23.3935 24.9498 2.5
      vertex -23.2967 24.8918 2.5
    endloop
  endfacet
  facet normal 0 0 1
    outer loop
      vertex -23.0919 28.1376 2.5
      vertex -23.4955 24.998 2.5
      vertex -23.3935 24.9498 2.5
    endloop
  endfacet
  facet normal 0 0 1
    outer loop
      vertex -23.0919 28.1376 2.5
      vertex -23.6017 25.036 2.5
      vertex -23.4955 24.998 2.5
    endloop
  endfacet
  facet normal 0 0 1
    outer loop
      vertex -23.0919 28.1376 2.5
      vertex -23.7112 25.0635 2.5
      vertex -23.6017 25.036 2.5
    endloop
  endfacet
  facet normal 0 0 1
    outer loop
      vertex -23.0919 28.1376 2.5
      vertex -23.8228 25.08 2.5
      vertex -23.7112 25.0635 2.5
    endloop
  endfacet
  facet normal 0 0 1
    outer loop
      vertex -23.0919 28.1376 2.5
      vertex -23.9356 25.0856 2.5
      vertex -23.8228 25.08 2.5
    endloop
  endfacet
  facet normal 0 0 1
    outer loop
      vertex -23.0919 28.1376 2.5
      vertex -24.0483 25.08 2.5
      vertex -23.9356 25.0856 2.5
    endloop
  endfacet
  facet normal -0 0 1
    outer loop
      vertex -25.7387 25.7387 2.5
      vertex -24.0483 25.08 2.5
      vertex -23.0919 28.1376 2.5
    endloop
  endfacet
  facet normal 0 0 1
    outer loop
      vertex -24.0483 25.08 2.5
      vertex -25.7387 25.7387 2.5
      vertex -24.1599 25.0635 2.5
    endloop
  endfacet
  facet normal 0 0 1
    outer loop
      vertex -24.1599 25.0635 2.5
      vertex -25.7387 25.7387 2.5
      vertex -24.2694 25.036 2.5
    endloop
  endfacet
  facet normal 0 0 1
    outer loop
      vertex -24.2694 25.036 2.5
      vertex -25.7387 25.7387 2.5
      vertex -24.3757 24.998 2.5
    endloop
  endfacet
  facet normal 0 0 1
    outer loop
      vertex -24.3757 24.998 2.5
      vertex -25.7387 25.7387 2.5
      vertex -24.4777 24.9498 2.5
    endloop
  endfacet
  facet normal 0 0 1
    outer loop
      vertex -24.4777 24.9498 2.5
      vertex -25.7387 25.7387 2.5
      vertex -24.5745 24.8918 2.5
    endloop
  endfacet
  facet normal 0 0 1
    outer loop
      vertex -24.5745 24.8918 2.5
      vertex -25.7387 25.7387 2.5
      vertex -24.6651 24.8245 2.5
    endloop
  endfacet
  facet normal 0 0 1
    outer loop
      vertex -24.6651 24.8245 2.5
      vertex -25.7387 25.7387 2.5
      vertex -24.7487 24.7487 2.5
    endloop
  endfacet
  facet normal 0 0 1
    outer loop
      vertex -24.7487 24.7487 2.5
      vertex -25.7387 25.7387 2.5
      vertex -24.8245 24.6651 2.5
    endloop
  endfacet
  facet normal 0 0 1
    outer loop
      vertex -24.8245 24.6651 2.5
      vertex -25.7387 25.7387 2.5
      vertex -24.8918 24.5745 2.5
    endloop
  endfacet
  facet normal 0 0 1
    outer loop
      vertex -25.08 24.0483 2.5
      vertex -28.1376 23.0919 2.5
      vertex -25.0856 23.9356 2.5
    endloop
  endfacet
  facet normal 0 0 1
    outer loop
      vertex -28.1376 23.0919 2.5
      vertex -25.08 24.0483 2.5
      vertex -25.7387 25.7387 2.5
    endloop
  endfacet
  facet normal 0 0 1
    outer loop
      vertex -25.0635 24.1599 2.5
      vertex -25.7387 25.7387 2.5
      vertex -25.08 24.0483 2.5
    endloop
  endfacet
  facet normal 0 0 1
    outer loop
      vertex -25.036 24.2694 2.5
      vertex -25.7387 25.7387 2.5
      vertex -25.0635 24.1599 2.5
    endloop
  endfacet
  facet normal 0 0 1
    outer loop
      vertex -24.998 24.3757 2.5
      vertex -25.7387 25.7387 2.5
      vertex -25.036 24.2694 2.5
    endloop
  endfacet
  facet normal 0 0 1
    outer loop
      vertex -24.9498 24.4777 2.5
      vertex -25.7387 25.7387 2.5
      vertex -24.998 24.3757 2.5
    endloop
  endfacet
  facet normal 0 0 1
    outer loop
      vertex -24.8918 24.5745 2.5
      vertex -25.7387 25.7387 2.5
      vertex -24.9498 24.4777 2.5
    endloop
  endfacet
  facet normal 0 0 1
    outer loop
      vertex 0 -36.4 2.5
      vertex -3.9 -15 2.5
      vertex -3.56782 -36.2247 2.5
    endloop
  endfacet
  facet normal 0 0 1
    outer loop
      vertex -7.10129 -35.7006 2.5
      vertex -3.9 -15 2.5
      vertex -6.1 -15 2.5
    endloop
  endfacet
  facet normal 0 0 1
    outer loop
      vertex -3.9 -15 2.5
      vertex -7.10129 -35.7006 2.5
      vertex -3.56782 -36.2247 2.5
    endloop
  endfacet
  facet normal 0 0 1
    outer loop
      vertex -6.1 15 2.5
      vertex -13.9 15 2.5
      vertex -6.1 -15 2.5
    endloop
  endfacet
  facet normal 0 0 1
    outer loop
      vertex -13.9 15 2.5
      vertex -7.10129 35.7006 2.5
      vertex -10.5664 34.8326 2.5
    endloop
  endfacet
  facet normal 0 0 1
    outer loop
      vertex -13.9 -15 2.5
      vertex -6.1 -15 2.5
      vertex -13.9 15 2.5
    endloop
  endfacet
  facet normal 0 0 1
    outer loop
      vertex -6.1 -15 2.5
      vertex -10.5664 -34.8326 2.5
      vertex -7.10129 -35.7006 2.5
    endloop
  endfacet
  facet normal -0 0 1
    outer loop
      vertex -13.9297 33.6292 2.5
      vertex -13.9 15 2.5
      vertex -10.5664 34.8326 2.5
    endloop
  endfacet
  facet normal -0 0 1
    outer loop
      vertex -17.1588 32.1019 2.5
      vertex -13.9 15 2.5
      vertex -13.9297 33.6292 2.5
    endloop
  endfacet
  facet normal -0 0 1
    outer loop
      vertex -22.7911 23.8228 2.5
      vertex -13.9 15 2.5
      vertex -22.7856 23.9356 2.5
    endloop
  endfacet
  facet normal -0 0 1
    outer loop
      vertex -22.7856 23.9356 2.5
      vertex -13.9 15 2.5
      vertex -17.1588 32.1019 2.5
    endloop
  endfacet
  facet normal 0 0 1
    outer loop
      vertex 10.5664 -34.8326 2.5
      vertex 6.1 -15 2.5
      vertex 7.10129 -35.7006 2.5
    endloop
  endfacet
  facet normal -0 0 1
    outer loop
      vertex 3.9 -15 2.5
      vertex 7.10129 -35.7006 2.5
      vertex 6.1 -15 2.5
    endloop
  endfacet
  facet normal 0 0 1
    outer loop
      vertex 3.9 -15 2.5
      vertex 3.56782 -36.2247 2.5
      vertex 7.10129 -35.7006 2.5
    endloop
  endfacet
  facet normal 0 0 1
    outer loop
      vertex 3.9 15 2.5
      vertex -3.9 15 2.5
      vertex 3.9 -15 2.5
    endloop
  endfacet
  facet normal 0 0 1
    outer loop
      vertex -3.9 15 2.5
      vertex 3.56782 36.2247 2.5
      vertex 0 36.4 2.5
    endloop
  endfacet
  facet normal 0 0 1
    outer loop
      vertex -3.9 -15 2.5
      vertex 3.9 -15 2.5
      vertex -3.9 15 2.5
    endloop
  endfacet
  facet normal 0 0 1
    outer loop
      vertex -3.9 15 2.5
      vertex 0 36.4 2.5
      vertex -3.56782 36.2247 2.5
    endloop
  endfacet
  facet normal 0 0 1
    outer loop
      vertex 3.9 -15 2.5
      vertex 0 -36.4 2.5
      vertex 3.56782 -36.2247 2.5
    endloop
  endfacet
  facet normal -0 0 1
    outer loop
      vertex -3.9 -15 2.5
      vertex 0 -36.4 2.5
      vertex 3.9 -15 2.5
    endloop
  endfacet
  facet normal -0 0 1
    outer loop
      vertex -7.10129 35.7006 2.5
      vertex -3.9 15 2.5
      vertex -3.56782 36.2247 2.5
    endloop
  endfacet
  facet normal 0 0 1
    outer loop
      vertex -13.9 15 2.5
      vertex -6.1 15 2.5
      vertex -7.10129 35.7006 2.5
    endloop
  endfacet
  facet normal 0 0 1
    outer loop
      vertex -3.9 15 2.5
      vertex -7.10129 35.7006 2.5
      vertex -6.1 15 2.5
    endloop
  endfacet
  facet normal 0 0 1
    outer loop
      vertex 22.7911 -23.8228 2.5
      vertex 13.9 -15 2.5
      vertex 22.7856 -23.9356 2.5
    endloop
  endfacet
  facet normal 0 0 1
    outer loop
      vertex 22.7856 -23.9356 2.5
      vertex 13.9 -15 2.5
      vertex 17.1588 -32.1019 2.5
    endloop
  endfacet
  facet normal 0 0 1
    outer loop
      vertex 17.1588 -32.1019 2.5
      vertex 13.9 -15 2.5
      vertex 13.9297 -33.6292 2.5
    endloop
  endfacet
  facet normal 0 0 1
    outer loop
      vertex 13.9 15 2.5
      vertex 6.1 15 2.5
      vertex 13.9 -15 2.5
    endloop
  endfacet
  facet normal 0 0 1
    outer loop
      vertex 6.1 -15 2.5
      vertex 13.9 -15 2.5
      vertex 6.1 15 2.5
    endloop
  endfacet
  facet normal 0 0 1
    outer loop
      vertex 6.1 15 2.5
      vertex 10.5664 34.8326 2.5
      vertex 7.10129 35.7006 2.5
    endloop
  endfacet
  facet normal -0 0 1
    outer loop
      vertex 6.1 -15 2.5
      vertex 13.9297 -33.6292 2.5
      vertex 13.9 -15 2.5
    endloop
  endfacet
  facet normal 0 0 1
    outer loop
      vertex 13.9297 -33.6292 2.5
      vertex 6.1 -15 2.5
      vertex 10.5664 -34.8326 2.5
    endloop
  endfacet
  facet normal 0 0 1
    outer loop
      vertex 7.10129 35.7006 2.5
      vertex 3.9 15 2.5
      vertex 6.1 15 2.5
    endloop
  endfacet
  facet normal 0 0 1
    outer loop
      vertex -3.9 15 2.5
      vertex 3.9 15 2.5
      vertex 3.56782 36.2247 2.5
    endloop
  endfacet
  facet normal 0 0 1
    outer loop
      vertex 3.56782 36.2247 2.5
      vertex 3.9 15 2.5
      vertex 7.10129 35.7006 2.5
    endloop
  endfacet
  facet normal 0 0 1
    outer loop
      vertex 24.5745 22.9794 2.5
      vertex 28.1376 23.0919 2.5
      vertex 24.6651 23.0466 2.5
    endloop
  endfacet
  facet normal 0 0 1
    outer loop
      vertex 36.2247 -3.56782 2.5
      vertex 25.08 -23.8228 2.5
      vertex 25.0856 -23.9356 2.5
    endloop
  endfacet
  facet normal 0 0 1
    outer loop
      vertex 24.4777 22.9214 2.5
      vertex 28.1376 23.0919 2.5
      vertex 24.5745 22.9794 2.5
    endloop
  endfacet
  facet normal 0 0 1
    outer loop
      vertex 36.2247 -3.56782 2.5
      vertex 25.0635 -23.7112 2.5
      vertex 25.08 -23.8228 2.5
    endloop
  endfacet
  facet normal 0 0 1
    outer loop
      vertex 28.1376 23.0919 2.5
      vertex 24.4777 22.9214 2.5
      vertex 30.2655 20.2228 2.5
    endloop
  endfacet
  facet normal 0 0 1
    outer loop
      vertex 36.2247 -3.56782 2.5
      vertex 25.036 -23.6017 2.5
      vertex 25.0635 -23.7112 2.5
    endloop
  endfacet
  facet normal -0 0 1
    outer loop
      vertex 24.3757 22.8731 2.5
      vertex 30.2655 20.2228 2.5
      vertex 24.4777 22.9214 2.5
    endloop
  endfacet
  facet normal 0 0 1
    outer loop
      vertex 36.2247 -3.56782 2.5
      vertex 24.998 -23.4955 2.5
      vertex 25.036 -23.6017 2.5
    endloop
  endfacet
  facet normal -0 0 1
    outer loop
      vertex 24.2694 22.8351 2.5
      vertex 30.2655 20.2228 2.5
      vertex 24.3757 22.8731 2.5
    endloop
  endfacet
  facet normal 0 0 1
    outer loop
      vertex 36.2247 -3.56782 2.5
      vertex 24.9498 -23.3935 2.5
      vertex 24.998 -23.4955 2.5
    endloop
  endfacet
  facet normal -0 0 1
    outer loop
      vertex 24.1599 22.8077 2.5
      vertex 30.2655 20.2228 2.5
      vertex 24.2694 22.8351 2.5
    endloop
  endfacet
  facet normal 0 0 1
    outer loop
      vertex 36.2247 -3.56782 2.5
      vertex 24.8918 -23.2967 2.5
      vertex 24.9498 -23.3935 2.5
    endloop
  endfacet
  facet normal -0 0 1
    outer loop
      vertex 24.0483 22.7911 2.5
      vertex 30.2655 20.2228 2.5
      vertex 24.1599 22.8077 2.5
    endloop
  endfacet
  facet normal 0 0 1
    outer loop
      vertex 36.2247 -3.56782 2.5
      vertex 24.8245 -23.206 2.5
      vertex 24.8918 -23.2967 2.5
    endloop
  endfacet
  facet normal -0 0 1
    outer loop
      vertex 23.9356 22.7856 2.5
      vertex 30.2655 20.2228 2.5
      vertex 24.0483 22.7911 2.5
    endloop
  endfacet
  facet normal 0 0 1
    outer loop
      vertex 36.2247 -3.56782 2.5
      vertex 24.7487 -23.1224 2.5
      vertex 24.8245 -23.206 2.5
    endloop
  endfacet
  facet normal 0 0 1
    outer loop
      vertex 30.2655 20.2228 2.5
      vertex 23.9356 22.7856 2.5
      vertex 32.1019 17.1588 2.5
    endloop
  endfacet
  facet normal 0 0 1
    outer loop
      vertex 36.2247 -3.56782 2.5
      vertex 24.6651 -23.0466 2.5
      vertex 24.7487 -23.1224 2.5
    endloop
  endfacet
  facet normal 0 0 1
    outer loop
      vertex 33.6292 13.9297 2.5
      vertex 16.1 15 2.5
      vertex 34.8326 10.5664 2.5
    endloop
  endfacet
  facet normal 0 0 1
    outer loop
      vertex 36.2247 -3.56782 2.5
      vertex 24.5745 -22.9794 2.5
      vertex 24.6651 -23.0466 2.5
    endloop
  endfacet
  facet normal 0 0 1
    outer loop
      vertex 35.7006 7.10129 2.5
      vertex 16.1 15 2.5
      vertex 36.2247 3.56782 2.5
    endloop
  endfacet
  facet normal 0 0 1
    outer loop
      vertex 36.2247 -3.56782 2.5
      vertex 24.4777 -22.9214 2.5
      vertex 24.5745 -22.9794 2.5
    endloop
  endfacet
  facet normal 0 0 1
    outer loop
      vertex 16.1 -15 2.5
      vertex 36.4 0 2.5
      vertex 16.1 15 2.5
    endloop
  endfacet
  facet normal 0 0 1
    outer loop
      vertex 36.4 0 2.5
      vertex 16.1 -15 2.5
      vertex 36.2247 -3.56782 2.5
    endloop
  endfacet
  facet normal 0 0 1
    outer loop
      vertex 36.2247 3.56782 2.5
      vertex 16.1 15 2.5
      vertex 36.4 0 2.5
    endloop
  endfacet
  facet normal 0 0 1
    outer loop
      vertex 36.2247 -3.56782 2.5
      vertex 24.3757 -22.8731 2.5
      vertex 24.4777 -22.9214 2.5
    endloop
  endfacet
  facet normal 0 0 1
    outer loop
      vertex 34.8326 10.5664 2.5
      vertex 16.1 15 2.5
      vertex 35.7006 7.10129 2.5
    endloop
  endfacet
  facet normal 0 0 1
    outer loop
      vertex 36.2247 -3.56782 2.5
      vertex 24.2694 -22.8351 2.5
      vertex 24.3757 -22.8731 2.5
    endloop
  endfacet
  facet normal 0 0 1
    outer loop
      vertex 32.1019 17.1588 2.5
      vertex 16.1 15 2.5
      vertex 33.6292 13.9297 2.5
    endloop
  endfacet
  facet normal -0 0 1
    outer loop
      vertex 16.1 -15 2.5
      vertex 24.2694 -22.8351 2.5
      vertex 36.2247 -3.56782 2.5
    endloop
  endfacet
  facet normal 0 0 1
    outer loop
      vertex 32.1019 17.1588 2.5
      vertex 23.9356 22.7856 2.5
      vertex 16.1 15 2.5
    endloop
  endfacet
  facet normal 0 0 1
    outer loop
      vertex 24.2694 -22.8351 2.5
      vertex 16.1 -15 2.5
      vertex 24.1599 -22.8077 2.5
    endloop
  endfacet
  facet normal 0 0 1
    outer loop
      vertex 16.1 15 2.5
      vertex 23.9356 22.7856 2.5
      vertex 23.8228 22.7911 2.5
    endloop
  endfacet
  facet normal 0 0 1
    outer loop
      vertex 24.1599 -22.8077 2.5
      vertex 16.1 -15 2.5
      vertex 24.0483 -22.7911 2.5
    endloop
  endfacet
  facet normal 0 0 1
    outer loop
      vertex 16.1 15 2.5
      vertex 23.8228 22.7911 2.5
      vertex 23.7112 22.8077 2.5
    endloop
  endfacet
  facet normal 0 0 1
    outer loop
      vertex 24.0483 -22.7911 2.5
      vertex 16.1 -15 2.5
      vertex 23.9356 -22.7856 2.5
    endloop
  endfacet
  facet normal 0 0 1
    outer loop
      vertex 16.1 15 2.5
      vertex 23.7112 22.8077 2.5
      vertex 23.6017 22.8351 2.5
    endloop
  endfacet
  facet normal 0 0 1
    outer loop
      vertex 23.9356 -22.7856 2.5
      vertex 16.1 -15 2.5
      vertex 23.8228 -22.7911 2.5
    endloop
  endfacet
  facet normal 0 0 1
    outer loop
      vertex 16.1 15 2.5
      vertex 23.6017 22.8351 2.5
      vertex 23.4955 22.8731 2.5
    endloop
  endfacet
  facet normal 0 0 1
    outer loop
      vertex 23.8228 -22.7911 2.5
      vertex 16.1 -15 2.5
      vertex 23.7112 -22.8077 2.5
    endloop
  endfacet
  facet normal 0 0 1
    outer loop
      vertex 16.1 15 2.5
      vertex 23.4955 22.8731 2.5
      vertex 23.3935 22.9214 2.5
    endloop
  endfacet
  facet normal 0 0 1
    outer loop
      vertex 23.7112 -22.8077 2.5
      vertex 16.1 -15 2.5
      vertex 23.6017 -22.8351 2.5
    endloop
  endfacet
  facet normal 0 0 1
    outer loop
      vertex 16.1 15 2.5
      vertex 23.3935 22.9214 2.5
      vertex 23.2967 22.9794 2.5
    endloop
  endfacet
  facet normal 0 0 1
    outer loop
      vertex 23.6017 -22.8351 2.5
      vertex 16.1 -15 2.5
      vertex 23.4955 -22.8731 2.5
    endloop
  endfacet
  facet normal 0 0 1
    outer loop
      vertex 16.1 15 2.5
      vertex 23.2967 22.9794 2.5
      vertex 23.206 23.0466 2.5
    endloop
  endfacet
  facet normal 0 0 1
    outer loop
      vertex 23.4955 -22.8731 2.5
      vertex 16.1 -15 2.5
      vertex 23.3935 -22.9214 2.5
    endloop
  endfacet
  facet normal 0 0 1
    outer loop
      vertex 16.1 15 2.5
      vertex 23.206 23.0466 2.5
      vertex 23.1224 23.1224 2.5
    endloop
  endfacet
  facet normal 0 0 1
    outer loop
      vertex 23.3935 -22.9214 2.5
      vertex 16.1 -15 2.5
      vertex 23.2967 -22.9794 2.5
    endloop
  endfacet
  facet normal 0 0 1
    outer loop
      vertex 16.1 15 2.5
      vertex 23.1224 23.1224 2.5
      vertex 23.0466 23.206 2.5
    endloop
  endfacet
  facet normal 0 0 1
    outer loop
      vertex 23.2967 -22.9794 2.5
      vertex 16.1 -15 2.5
      vertex 23.206 -23.0466 2.5
    endloop
  endfacet
  facet normal 0 0 1
    outer loop
      vertex 16.1 15 2.5
      vertex 23.0466 23.206 2.5
      vertex 22.9794 23.2967 2.5
    endloop
  endfacet
  facet normal 0 0 1
    outer loop
      vertex 23.206 -23.0466 2.5
      vertex 16.1 -15 2.5
      vertex 23.1224 -23.1224 2.5
    endloop
  endfacet
  facet normal 0 0 1
    outer loop
      vertex 16.1 15 2.5
      vertex 22.9794 23.2967 2.5
      vertex 22.9214 23.3935 2.5
    endloop
  endfacet
  facet normal 0 0 1
    outer loop
      vertex 23.1224 -23.1224 2.5
      vertex 16.1 -15 2.5
      vertex 23.0466 -23.206 2.5
    endloop
  endfacet
  facet normal 0 0 1
    outer loop
      vertex 16.1 15 2.5
      vertex 22.9214 23.3935 2.5
      vertex 22.8731 23.4955 2.5
    endloop
  endfacet
  facet normal 0 0 1
    outer loop
      vertex 23.0466 -23.206 2.5
      vertex 16.1 -15 2.5
      vertex 22.9794 -23.2967 2.5
    endloop
  endfacet
  facet normal 0 0 1
    outer loop
      vertex 16.1 15 2.5
      vertex 22.8731 23.4955 2.5
      vertex 22.8351 23.6017 2.5
    endloop
  endfacet
  facet normal 0 0 1
    outer loop
      vertex 22.9794 -23.2967 2.5
      vertex 16.1 -15 2.5
      vertex 22.9214 -23.3935 2.5
    endloop
  endfacet
  facet normal 0 0 1
    outer loop
      vertex 16.1 15 2.5
      vertex 22.8351 23.6017 2.5
      vertex 22.8077 23.7112 2.5
    endloop
  endfacet
  facet normal 0 0 1
    outer loop
      vertex 22.9214 -23.3935 2.5
      vertex 16.1 -15 2.5
      vertex 22.8731 -23.4955 2.5
    endloop
  endfacet
  facet normal 0 0 1
    outer loop
      vertex 16.1 15 2.5
      vertex 22.8077 23.7112 2.5
      vertex 22.7911 23.8228 2.5
    endloop
  endfacet
  facet normal 0 0 1
    outer loop
      vertex 16.1 -15 2.5
      vertex 22.8351 -23.6017 2.5
      vertex 22.8731 -23.4955 2.5
    endloop
  endfacet
  facet normal 0 0 1
    outer loop
      vertex 13.9 15 2.5
      vertex 22.7911 23.8228 2.5
      vertex 22.7856 23.9356 2.5
    endloop
  endfacet
  facet normal 0 0 1
    outer loop
      vertex 16.1 -15 2.5
      vertex 22.8077 -23.7112 2.5
      vertex 22.8351 -23.6017 2.5
    endloop
  endfacet
  facet normal -0 0 1
    outer loop
      vertex 24.8245 23.206 2.5
      vertex 28.1376 23.0919 2.5
      vertex 24.8918 23.2967 2.5
    endloop
  endfacet
  facet normal -0 0 1
    outer loop
      vertex 24.8918 23.2967 2.5
      vertex 28.1376 23.0919 2.5
      vertex 24.9498 23.3935 2.5
    endloop
  endfacet
  facet normal -0 0 1
    outer loop
      vertex 24.7487 23.1224 2.5
      vertex 28.1376 23.0919 2.5
      vertex 24.8245 23.206 2.5
    endloop
  endfacet
  facet normal -0 0 1
    outer loop
      vertex 24.9498 23.3935 2.5
      vertex 28.1376 23.0919 2.5
      vertex 24.998 23.4955 2.5
    endloop
  endfacet
  facet normal 0 0 1
    outer loop
      vertex 24.6651 23.0466 2.5
      vertex 28.1376 23.0919 2.5
      vertex 24.7487 23.1224 2.5
    endloop
  endfacet
  facet normal -0 0 1
    outer loop
      vertex 24.998 23.4955 2.5
      vertex 28.1376 23.0919 2.5
      vertex 25.036 23.6017 2.5
    endloop
  endfacet
  facet normal 0 0 1
    outer loop
      vertex 36.2247 -3.56782 2.5
      vertex 25.0856 -23.9356 2.5
      vertex 35.7006 -7.10129 2.5
    endloop
  endfacet
  facet normal -0 0 1
    outer loop
      vertex 25.036 23.6017 2.5
      vertex 28.1376 23.0919 2.5
      vertex 25.0635 23.7112 2.5
    endloop
  endfacet
  facet normal 0 0 1
    outer loop
      vertex 35.7006 -7.10129 2.5
      vertex 25.0856 -23.9356 2.5
      vertex 34.8326 -10.5664 2.5
    endloop
  endfacet
  facet normal -0 0 1
    outer loop
      vertex 25.0635 23.7112 2.5
      vertex 28.1376 23.0919 2.5
      vertex 25.08 23.8228 2.5
    endloop
  endfacet
  facet normal 0 0 1
    outer loop
      vertex 34.8326 -10.5664 2.5
      vertex 25.0856 -23.9356 2.5
      vertex 33.6292 -13.9297 2.5
    endloop
  endfacet
  facet normal -0 0 1
    outer loop
      vertex 25.08 23.8228 2.5
      vertex 28.1376 23.0919 2.5
      vertex 25.0856 23.9356 2.5
    endloop
  endfacet
  facet normal 0 0 1
    outer loop
      vertex 33.6292 -13.9297 2.5
      vertex 25.0856 -23.9356 2.5
      vertex 32.1019 -17.1588 2.5
    endloop
  endfacet
  facet normal -0 0 1
    outer loop
      vertex 25.08 24.0483 2.5
      vertex 28.1376 23.0919 2.5
      vertex 25.7387 25.7387 2.5
    endloop
  endfacet
  facet normal 0 0 1
    outer loop
      vertex 32.1019 -17.1588 2.5
      vertex 25.0856 -23.9356 2.5
      vertex 30.2655 -20.2228 2.5
    endloop
  endfacet
  facet normal 0 0 1
    outer loop
      vertex 30.2655 -20.2228 2.5
      vertex 25.0856 -23.9356 2.5
      vertex 28.1376 -23.0919 2.5
    endloop
  endfacet
  facet normal 0 0 1
    outer loop
      vertex 28.1376 23.0919 2.5
      vertex 25.08 24.0483 2.5
      vertex 25.0856 23.9356 2.5
    endloop
  endfacet
  facet normal 0 0 1
    outer loop
      vertex 25.7387 25.7387 2.5
      vertex 25.0635 24.1599 2.5
      vertex 25.08 24.0483 2.5
    endloop
  endfacet
  facet normal 0 0 1
    outer loop
      vertex 25.7387 25.7387 2.5
      vertex 25.036 24.2694 2.5
      vertex 25.0635 24.1599 2.5
    endloop
  endfacet
  facet normal 0 0 1
    outer loop
      vertex 25.7387 25.7387 2.5
      vertex 24.998 24.3757 2.5
      vertex 25.036 24.2694 2.5
    endloop
  endfacet
  facet normal 0 0 1
    outer loop
      vertex 25.7387 25.7387 2.5
      vertex 24.9498 24.4777 2.5
      vertex 24.998 24.3757 2.5
    endloop
  endfacet
  facet normal 0 0 1
    outer loop
      vertex 25.7387 25.7387 2.5
      vertex 24.8918 24.5745 2.5
      vertex 24.9498 24.4777 2.5
    endloop
  endfacet
  facet normal 0 0 1
    outer loop
      vertex 25.7387 25.7387 2.5
      vertex 24.8245 24.6651 2.5
      vertex 24.8918 24.5745 2.5
    endloop
  endfacet
  facet normal 0 0 1
    outer loop
      vertex 25.7387 25.7387 2.5
      vertex 24.7487 24.7487 2.5
      vertex 24.8245 24.6651 2.5
    endloop
  endfacet
  facet normal 0 0 1
    outer loop
      vertex 25.7387 25.7387 2.5
      vertex 24.6651 24.8245 2.5
      vertex 24.7487 24.7487 2.5
    endloop
  endfacet
  facet normal 0 0 1
    outer loop
      vertex 25.7387 25.7387 2.5
      vertex 24.5745 24.8918 2.5
      vertex 24.6651 24.8245 2.5
    endloop
  endfacet
  facet normal 0 0 1
    outer loop
      vertex 25.7387 25.7387 2.5
      vertex 24.4777 24.9498 2.5
      vertex 24.5745 24.8918 2.5
    endloop
  endfacet
  facet normal 0 0 1
    outer loop
      vertex 25.7387 25.7387 2.5
      vertex 24.3757 24.998 2.5
      vertex 24.4777 24.9498 2.5
    endloop
  endfacet
  facet normal 0 0 1
    outer loop
      vertex 25.7387 25.7387 2.5
      vertex 24.2694 25.036 2.5
      vertex 24.3757 24.998 2.5
    endloop
  endfacet
  facet normal 0 0 1
    outer loop
      vertex 25.7387 25.7387 2.5
      vertex 24.1599 25.0635 2.5
      vertex 24.2694 25.036 2.5
    endloop
  endfacet
  facet normal 0 0 1
    outer loop
      vertex 25.7387 25.7387 2.5
      vertex 24.0483 25.08 2.5
      vertex 24.1599 25.0635 2.5
    endloop
  endfacet
  facet normal 0 0 1
    outer loop
      vertex 23.0919 28.1376 2.5
      vertex 24.0483 25.08 2.5
      vertex 25.7387 25.7387 2.5
    endloop
  endfacet
  facet normal 0 0 1
    outer loop
      vertex 24.0483 25.08 2.5
      vertex 23.0919 28.1376 2.5
      vertex 23.9356 25.0856 2.5
    endloop
  endfacet
  facet normal 0 0 1
    outer loop
      vertex 23.9356 25.0856 2.5
      vertex 23.0919 28.1376 2.5
      vertex 23.8228 25.08 2.5
    endloop
  endfacet
  facet normal 0 0 1
    outer loop
      vertex 23.8228 25.08 2.5
      vertex 23.0919 28.1376 2.5
      vertex 23.7112 25.0635 2.5
    endloop
  endfacet
  facet normal 0 0 1
    outer loop
      vertex 23.7112 25.0635 2.5
      vertex 23.0919 28.1376 2.5
      vertex 23.6017 25.036 2.5
    endloop
  endfacet
  facet normal 0 0 1
    outer loop
      vertex 23.0919 28.1376 2.5
      vertex 23.4955 24.998 2.5
      vertex 23.6017 25.036 2.5
    endloop
  endfacet
  facet normal 0 0 1
    outer loop
      vertex 23.0919 28.1376 2.5
      vertex 23.3935 24.9498 2.5
      vertex 23.4955 24.998 2.5
    endloop
  endfacet
  facet normal 0 0 1
    outer loop
      vertex 23.0919 28.1376 2.5
      vertex 23.2967 24.8918 2.5
      vertex 23.3935 24.9498 2.5
    endloop
  endfacet
  facet normal 0 0 1
    outer loop
      vertex 23.0919 28.1376 2.5
      vertex 23.206 24.8245 2.5
      vertex 23.2967 24.8918 2.5
    endloop
  endfacet
  facet normal 0 0 1
    outer loop
      vertex 23.0919 28.1376 2.5
      vertex 23.1224 24.7487 2.5
      vertex 23.206 24.8245 2.5
    endloop
  endfacet
  facet normal 0 0 1
    outer loop
      vertex 23.0919 28.1376 2.5
      vertex 23.0466 24.6651 2.5
      vertex 23.1224 24.7487 2.5
    endloop
  endfacet
  facet normal 0 0 1
    outer loop
      vertex 23.0919 28.1376 2.5
      vertex 22.9794 24.5745 2.5
      vertex 23.0466 24.6651 2.5
    endloop
  endfacet
  facet normal 0 0 1
    outer loop
      vertex 23.0919 28.1376 2.5
      vertex 22.9214 24.4777 2.5
      vertex 22.9794 24.5745 2.5
    endloop
  endfacet
  facet normal 0 0 1
    outer loop
      vertex 20.2228 30.2655 2.5
      vertex 22.9214 24.4777 2.5
      vertex 23.0919 28.1376 2.5
    endloop
  endfacet
  facet normal 0 0 1
    outer loop
      vertex 22.9214 24.4777 2.5
      vertex 20.2228 30.2655 2.5
      vertex 22.8731 24.3757 2.5
    endloop
  endfacet
  facet normal 0 0 1
    outer loop
      vertex 22.8731 24.3757 2.5
      vertex 20.2228 30.2655 2.5
      vertex 22.8351 24.2694 2.5
    endloop
  endfacet
  facet normal 0 0 1
    outer loop
      vertex 22.8351 24.2694 2.5
      vertex 20.2228 30.2655 2.5
      vertex 22.8077 24.1599 2.5
    endloop
  endfacet
  facet normal 0 0 1
    outer loop
      vertex 17.1588 32.1019 2.5
      vertex 22.7856 23.9356 2.5
      vertex 20.2228 30.2655 2.5
    endloop
  endfacet
  facet normal 0 0 1
    outer loop
      vertex 22.7911 24.0483 2.5
      vertex 20.2228 30.2655 2.5
      vertex 22.7856 23.9356 2.5
    endloop
  endfacet
  facet normal 0 0 1
    outer loop
      vertex 22.8077 24.1599 2.5
      vertex 20.2228 30.2655 2.5
      vertex 22.7911 24.0483 2.5
    endloop
  endfacet
  facet normal 0 0 1
    outer loop
      vertex 25.08 -24.0483 2.5
      vertex 28.1376 -23.0919 2.5
      vertex 25.0856 -23.9356 2.5
    endloop
  endfacet
  facet normal 0 0 1
    outer loop
      vertex 28.1376 -23.0919 2.5
      vertex 25.08 -24.0483 2.5
      vertex 25.7387 -25.7387 2.5
    endloop
  endfacet
  facet normal -0 0 1
    outer loop
      vertex 25.0635 -24.1599 2.5
      vertex 25.7387 -25.7387 2.5
      vertex 25.08 -24.0483 2.5
    endloop
  endfacet
  facet normal -0 0 1
    outer loop
      vertex 25.036 -24.2694 2.5
      vertex 25.7387 -25.7387 2.5
      vertex 25.0635 -24.1599 2.5
    endloop
  endfacet
  facet normal -0 0 1
    outer loop
      vertex 24.998 -24.3757 2.5
      vertex 25.7387 -25.7387 2.5
      vertex 25.036 -24.2694 2.5
    endloop
  endfacet
  facet normal -0 0 1
    outer loop
      vertex 24.9498 -24.4777 2.5
      vertex 25.7387 -25.7387 2.5
      vertex 24.998 -24.3757 2.5
    endloop
  endfacet
  facet normal -0 0 1
    outer loop
      vertex 24.8918 -24.5745 2.5
      vertex 25.7387 -25.7387 2.5
      vertex 24.9498 -24.4777 2.5
    endloop
  endfacet
  facet normal -0 0 1
    outer loop
      vertex 24.8245 -24.6651 2.5
      vertex 25.7387 -25.7387 2.5
      vertex 24.8918 -24.5745 2.5
    endloop
  endfacet
  facet normal -0 0 1
    outer loop
      vertex 24.7487 -24.7487 2.5
      vertex 25.7387 -25.7387 2.5
      vertex 24.8245 -24.6651 2.5
    endloop
  endfacet
  facet normal -0 0 1
    outer loop
      vertex 24.6651 -24.8245 2.5
      vertex 25.7387 -25.7387 2.5
      vertex 24.7487 -24.7487 2.5
    endloop
  endfacet
  facet normal -0 0 1
    outer loop
      vertex 24.5745 -24.8918 2.5
      vertex 25.7387 -25.7387 2.5
      vertex 24.6651 -24.8245 2.5
    endloop
  endfacet
  facet normal -0 0 1
    outer loop
      vertex 24.4777 -24.9498 2.5
      vertex 25.7387 -25.7387 2.5
      vertex 24.5745 -24.8918 2.5
    endloop
  endfacet
  facet normal -0 0 1
    outer loop
      vertex 24.3757 -24.998 2.5
      vertex 25.7387 -25.7387 2.5
      vertex 24.4777 -24.9498 2.5
    endloop
  endfacet
  facet normal -0 0 1
    outer loop
      vertex 24.2694 -25.036 2.5
      vertex 25.7387 -25.7387 2.5
      vertex 24.3757 -24.998 2.5
    endloop
  endfacet
  facet normal -0 0 1
    outer loop
      vertex 24.1599 -25.0635 2.5
      vertex 25.7387 -25.7387 2.5
      vertex 24.2694 -25.036 2.5
    endloop
  endfacet
  facet normal -0 0 1
    outer loop
      vertex 24.0483 -25.08 2.5
      vertex 25.7387 -25.7387 2.5
      vertex 24.1599 -25.0635 2.5
    endloop
  endfacet
  facet normal 0 0 1
    outer loop
      vertex 23.0919 -28.1376 2.5
      vertex 24.0483 -25.08 2.5
      vertex 23.9356 -25.0856 2.5
    endloop
  endfacet
  facet normal 0 0 1
    outer loop
      vertex 23.0919 -28.1376 2.5
      vertex 23.9356 -25.0856 2.5
      vertex 23.8228 -25.08 2.5
    endloop
  endfacet
  facet normal 0 0 1
    outer loop
      vertex 23.0919 -28.1376 2.5
      vertex 23.8228 -25.08 2.5
      vertex 23.7112 -25.0635 2.5
    endloop
  endfacet
  facet normal 0 0 1
    outer loop
      vertex 23.0919 -28.1376 2.5
      vertex 23.7112 -25.0635 2.5
      vertex 23.6017 -25.036 2.5
    endloop
  endfacet
  facet normal 0 0 1
    outer loop
      vertex 24.0483 -25.08 2.5
      vertex 23.0919 -28.1376 2.5
      vertex 25.7387 -25.7387 2.5
    endloop
  endfacet
  facet normal 0 0 1
    outer loop
      vertex 23.4955 -24.998 2.5
      vertex 23.0919 -28.1376 2.5
      vertex 23.6017 -25.036 2.5
    endloop
  endfacet
  facet normal 0 0 1
    outer loop
      vertex 23.3935 -24.9498 2.5
      vertex 23.0919 -28.1376 2.5
      vertex 23.4955 -24.998 2.5
    endloop
  endfacet
  facet normal 0 0 1
    outer loop
      vertex 23.2967 -24.8918 2.5
      vertex 23.0919 -28.1376 2.5
      vertex 23.3935 -24.9498 2.5
    endloop
  endfacet
  facet normal 0 0 1
    outer loop
      vertex 23.206 -24.8245 2.5
      vertex 23.0919 -28.1376 2.5
      vertex 23.2967 -24.8918 2.5
    endloop
  endfacet
  facet normal 0 0 1
    outer loop
      vertex 23.1224 -24.7487 2.5
      vertex 23.0919 -28.1376 2.5
      vertex 23.206 -24.8245 2.5
    endloop
  endfacet
  facet normal 0 0 1
    outer loop
      vertex 23.0466 -24.6651 2.5
      vertex 23.0919 -28.1376 2.5
      vertex 23.1224 -24.7487 2.5
    endloop
  endfacet
  facet normal 0 0 1
    outer loop
      vertex 22.9794 -24.5745 2.5
      vertex 23.0919 -28.1376 2.5
      vertex 23.0466 -24.6651 2.5
    endloop
  endfacet
  facet normal 0 0 1
    outer loop
      vertex 22.9214 -24.4777 2.5
      vertex 23.0919 -28.1376 2.5
      vertex 22.9794 -24.5745 2.5
    endloop
  endfacet
  facet normal 0 0 1
    outer loop
      vertex 20.2228 -30.2655 2.5
      vertex 22.9214 -24.4777 2.5
      vertex 22.8731 -24.3757 2.5
    endloop
  endfacet
  facet normal 0 0 1
    outer loop
      vertex 20.2228 -30.2655 2.5
      vertex 22.8731 -24.3757 2.5
      vertex 22.8351 -24.2694 2.5
    endloop
  endfacet
  facet normal 0 0 1
    outer loop
      vertex 20.2228 -30.2655 2.5
      vertex 22.8351 -24.2694 2.5
      vertex 22.8077 -24.1599 2.5
    endloop
  endfacet
  facet normal 0 0 1
    outer loop
      vertex 20.2228 -30.2655 2.5
      vertex 22.8077 -24.1599 2.5
      vertex 22.7911 -24.0483 2.5
    endloop
  endfacet
  facet normal 0 0 1
    outer loop
      vertex 22.9214 -24.4777 2.5
      vertex 20.2228 -30.2655 2.5
      vertex 23.0919 -28.1376 2.5
    endloop
  endfacet
  facet normal 0 0 1
    outer loop
      vertex 22.7856 -23.9356 2.5
      vertex 20.2228 -30.2655 2.5
      vertex 22.7911 -24.0483 2.5
    endloop
  endfacet
  facet normal 0 0 1
    outer loop
      vertex 16.1 -15 2.5
      vertex 22.7911 -23.8228 2.5
      vertex 22.8077 -23.7112 2.5
    endloop
  endfacet
  facet normal 0 0 1
    outer loop
      vertex 22.7856 23.9356 2.5
      vertex 17.1588 32.1019 2.5
      vertex 13.9 15 2.5
    endloop
  endfacet
  facet normal -0 0 1
    outer loop
      vertex 13.9 -15 2.5
      vertex 22.7911 -23.8228 2.5
      vertex 16.1 -15 2.5
    endloop
  endfacet
  facet normal 0 0 1
    outer loop
      vertex 22.7856 -23.9356 2.5
      vertex 17.1588 -32.1019 2.5
      vertex 20.2228 -30.2655 2.5
    endloop
  endfacet
  facet normal 0 0 1
    outer loop
      vertex 13.9 15 2.5
      vertex 17.1588 32.1019 2.5
      vertex 13.9297 33.6292 2.5
    endloop
  endfacet
  facet normal 0 0 1
    outer loop
      vertex 22.7911 23.8228 2.5
      vertex 13.9 15 2.5
      vertex 16.1 15 2.5
    endloop
  endfacet
  facet normal 0 0 1
    outer loop
      vertex 13.9297 33.6292 2.5
      vertex 6.1 15 2.5
      vertex 13.9 15 2.5
    endloop
  endfacet
  facet normal 0 0 1
    outer loop
      vertex 6.1 15 2.5
      vertex 13.9297 33.6292 2.5
      vertex 10.5664 34.8326 2.5
    endloop
  endfacet
  facet normal -0.989178 0.146719 0
    outer loop
      vertex -36.2247 3.56782 0
      vertex -35.7006 7.10129 2.5
      vertex -35.7006 7.10129 0
    endloop
  endfacet
  facet normal -0.989178 0.146719 0
    outer loop
      vertex -35.7006 7.10129 2.5
      vertex -36.2247 3.56782 0
      vertex -36.2247 3.56782 2.5
    endloop
  endfacet
  facet normal -0.941545 0.336888 0
    outer loop
      vertex -34.8326 10.5664 0
      vertex -33.6292 13.9297 2.5
      vertex -33.6292 13.9297 0
    endloop
  endfacet
  facet normal -0.941545 0.336888 0
    outer loop
      vertex -33.6292 13.9297 2.5
      vertex -34.8326 10.5664 0
      vertex -34.8326 10.5664 2.5
    endloop
  endfacet
  facet normal -0.595705 0.803203 0
    outer loop
      vertex -20.2228 30.2655 0
      vertex -23.0919 28.1376 2.5
      vertex -20.2228 30.2655 2.5
    endloop
  endfacet
  facet normal -0.595705 0.803203 0
    outer loop
      vertex -23.0919 28.1376 2.5
      vertex -20.2228 30.2655 0
      vertex -23.0919 28.1376 0
    endloop
  endfacet
  facet normal 0.941545 -0.336888 0
    outer loop
      vertex 33.6292 -13.9297 2.5
      vertex 34.8326 -10.5664 0
      vertex 34.8326 -10.5664 2.5
    endloop
  endfacet
  facet normal 0.941545 -0.336888 0
    outer loop
      vertex 34.8326 -10.5664 0
      vertex 33.6292 -13.9297 2.5
      vertex 33.6292 -13.9297 0
    endloop
  endfacet
  facet normal 0.970029 -0.242989 0
    outer loop
      vertex 34.8326 -10.5664 2.5
      vertex 35.7006 -7.10129 0
      vertex 35.7006 -7.10129 2.5
    endloop
  endfacet
  facet normal 0.970029 -0.242989 0
    outer loop
      vertex 35.7006 -7.10129 0
      vertex 34.8326 -10.5664 2.5
      vertex 34.8326 -10.5664 0
    endloop
  endfacet
  facet normal 0.989178 -0.146719 0
    outer loop
      vertex 35.7006 -7.10129 2.5
      vertex 36.2247 -3.56782 0
      vertex 36.2247 -3.56782 2.5
    endloop
  endfacet
  facet normal 0.989178 -0.146719 0
    outer loop
      vertex 36.2247 -3.56782 0
      vertex 35.7006 -7.10129 2.5
      vertex 35.7006 -7.10129 0
    endloop
  endfacet
  facet normal 0.514084 -0.85774 0
    outer loop
      vertex 17.1588 -32.1019 0
      vertex 20.2228 -30.2655 2.5
      vertex 17.1588 -32.1019 2.5
    endloop
  endfacet
  facet normal 0.514084 -0.85774 0
    outer loop
      vertex 20.2228 -30.2655 2.5
      vertex 17.1588 -32.1019 0
      vertex 20.2228 -30.2655 0
    endloop
  endfacet
  facet normal 0.740954 -0.671556 0
    outer loop
      vertex 25.7387 -25.7387 2.5
      vertex 28.1376 -23.0919 0
      vertex 28.1376 -23.0919 2.5
    endloop
  endfacet
  facet normal 0.740954 -0.671556 0
    outer loop
      vertex 28.1376 -23.0919 0
      vertex 25.7387 -25.7387 2.5
      vertex 25.7387 -25.7387 0
    endloop
  endfacet
  facet normal 0.903984 -0.427566 0
    outer loop
      vertex 32.1019 -17.1588 2.5
      vertex 33.6292 -13.9297 0
      vertex 33.6292 -13.9297 2.5
    endloop
  endfacet
  facet normal 0.903984 -0.427566 0
    outer loop
      vertex 33.6292 -13.9297 0
      vertex 32.1019 -17.1588 2.5
      vertex 32.1019 -17.1588 0
    endloop
  endfacet
  facet normal 0.0490744 -0.998795 0
    outer loop
      vertex 0 -36.4 0
      vertex 3.56782 -36.2247 2.5
      vertex 0 -36.4 2.5
    endloop
  endfacet
  facet normal 0.0490744 -0.998795 0
    outer loop
      vertex 3.56782 -36.2247 2.5
      vertex 0 -36.4 0
      vertex 3.56782 -36.2247 0
    endloop
  endfacet
  facet normal -0.903984 -0.427566 0
    outer loop
      vertex -32.1019 -17.1588 0
      vertex -33.6292 -13.9297 2.5
      vertex -33.6292 -13.9297 0
    endloop
  endfacet
  facet normal -0.903984 -0.427566 0
    outer loop
      vertex -33.6292 -13.9297 2.5
      vertex -32.1019 -17.1588 0
      vertex -32.1019 -17.1588 2.5
    endloop
  endfacet
  facet normal -0.970029 -0.242989 0
    outer loop
      vertex -34.8326 -10.5664 0
      vertex -35.7006 -7.10129 2.5
      vertex -35.7006 -7.10129 0
    endloop
  endfacet
  facet normal -0.970029 -0.242989 0
    outer loop
      vertex -35.7006 -7.10129 2.5
      vertex -34.8326 -10.5664 0
      vertex -34.8326 -10.5664 2.5
    endloop
  endfacet
  facet normal 0 0 -1
    outer loop
      vertex -16.1 15 0
      vertex -22.7911 23.8228 0
      vertex -22.7856 23.9356 0
    endloop
  endfacet
  facet normal 0 0 -1
    outer loop
      vertex -16.1 15 0
      vertex -22.8077 23.7112 0
      vertex -22.7911 23.8228 0
    endloop
  endfacet
  facet normal 0 0 -1
    outer loop
      vertex -16.1 15 0
      vertex -22.8351 23.6017 0
      vertex -22.8077 23.7112 0
    endloop
  endfacet
  facet normal 0 0 -1
    outer loop
      vertex -16.1 15 0
      vertex -22.8731 23.4955 0
      vertex -22.8351 23.6017 0
    endloop
  endfacet
  facet normal 0 0 -1
    outer loop
      vertex -16.1 15 0
      vertex -22.9214 23.3935 0
      vertex -22.8731 23.4955 0
    endloop
  endfacet
  facet normal 0 0 -1
    outer loop
      vertex -16.1 15 0
      vertex -22.9794 23.2967 0
      vertex -22.9214 23.3935 0
    endloop
  endfacet
  facet normal 0 0 -1
    outer loop
      vertex -16.1 15 0
      vertex -23.0466 23.206 0
      vertex -22.9794 23.2967 0
    endloop
  endfacet
  facet normal 0 0 -1
    outer loop
      vertex -23.4833 4.36522 0
      vertex -16.1 15 0
      vertex -23.0694 4.0583 0
    endloop
  endfacet
  facet normal 0 0 -1
    outer loop
      vertex -16.1 15 0
      vertex -23.1224 23.1224 0
      vertex -23.0466 23.206 0
    endloop
  endfacet
  facet normal 0 0 -1
    outer loop
      vertex -16.1 15 0
      vertex -23.206 23.0466 0
      vertex -23.1224 23.1224 0
    endloop
  endfacet
  facet normal 0 0 -1
    outer loop
      vertex -16.1 15 0
      vertex -23.2967 22.9794 0
      vertex -23.206 23.0466 0
    endloop
  endfacet
  facet normal 0 0 -1
    outer loop
      vertex -23.9252 4.63009 0
      vertex -16.1 15 0
      vertex -23.4833 4.36522 0
    endloop
  endfacet
  facet normal 0 0 -1
    outer loop
      vertex -16.1 15 0
      vertex -23.3935 22.9214 0
      vertex -23.2967 22.9794 0
    endloop
  endfacet
  facet normal 0 0 -1
    outer loop
      vertex -24.3909 4.85037 0
      vertex -16.1 15 0
      vertex -23.9252 4.63009 0
    endloop
  endfacet
  facet normal 0 0 -1
    outer loop
      vertex -16.1 15 0
      vertex -23.4955 22.8731 0
      vertex -23.3935 22.9214 0
    endloop
  endfacet
  facet normal 0 0 -1
    outer loop
      vertex -24.876 5.02394 0
      vertex -16.1 15 0
      vertex -24.3909 4.85037 0
    endloop
  endfacet
  facet normal 0 0 -1
    outer loop
      vertex -16.1 15 0
      vertex -23.6017 22.8351 0
      vertex -23.4955 22.8731 0
    endloop
  endfacet
  facet normal 0 0 -1
    outer loop
      vertex -16.1 15 0
      vertex -23.7112 22.8077 0
      vertex -23.6017 22.8351 0
    endloop
  endfacet
  facet normal 0 0 -1
    outer loop
      vertex -25.3758 5.14912 0
      vertex -16.1 15 0
      vertex -24.876 5.02394 0
    endloop
  endfacet
  facet normal 0 0 -1
    outer loop
      vertex -16.1 15 0
      vertex -23.8228 22.7911 0
      vertex -23.7112 22.8077 0
    endloop
  endfacet
  facet normal 0 0 -1
    outer loop
      vertex -32.1019 17.1588 0
      vertex -16.1 15 0
      vertex -25.3758 5.14912 0
    endloop
  endfacet
  facet normal 0 0 -1
    outer loop
      vertex -16.1 15 0
      vertex -23.9356 22.7856 0
      vertex -23.8228 22.7911 0
    endloop
  endfacet
  facet normal 0 0 -1
    outer loop
      vertex -16.1 15 0
      vertex -32.1019 17.1588 0
      vertex -23.9356 22.7856 0
    endloop
  endfacet
  facet normal 0 -0 -1
    outer loop
      vertex -30.2655 20.2228 0
      vertex -23.9356 22.7856 0
      vertex -32.1019 17.1588 0
    endloop
  endfacet
  facet normal -0 0 -1
    outer loop
      vertex -23.9356 22.7856 0
      vertex -30.2655 20.2228 0
      vertex -24.0483 22.7911 0
    endloop
  endfacet
  facet normal -0 0 -1
    outer loop
      vertex -24.0483 22.7911 0
      vertex -30.2655 20.2228 0
      vertex -24.1599 22.8077 0
    endloop
  endfacet
  facet normal -0 0 -1
    outer loop
      vertex -24.1599 22.8077 0
      vertex -30.2655 20.2228 0
      vertex -24.2694 22.8351 0
    endloop
  endfacet
  facet normal -0 0 -1
    outer loop
      vertex -24.2694 22.8351 0
      vertex -30.2655 20.2228 0
      vertex -24.3757 22.8731 0
    endloop
  endfacet
  facet normal -0 0 -1
    outer loop
      vertex -24.3757 22.8731 0
      vertex -30.2655 20.2228 0
      vertex -24.4777 22.9214 0
    endloop
  endfacet
  facet normal 0 -0 -1
    outer loop
      vertex -28.1376 23.0919 0
      vertex -24.4777 22.9214 0
      vertex -30.2655 20.2228 0
    endloop
  endfacet
  facet normal 0 0 -1
    outer loop
      vertex -24.5745 22.9794 0
      vertex -28.1376 23.0919 0
      vertex -24.6651 23.0466 0
    endloop
  endfacet
  facet normal 0 0 -1
    outer loop
      vertex -24.6651 23.0466 0
      vertex -28.1376 23.0919 0
      vertex -24.7487 23.1224 0
    endloop
  endfacet
  facet normal -0 0 -1
    outer loop
      vertex -24.7487 23.1224 0
      vertex -28.1376 23.0919 0
      vertex -24.8245 23.206 0
    endloop
  endfacet
  facet normal -0 0 -1
    outer loop
      vertex -24.8918 23.2967 0
      vertex -28.1376 23.0919 0
      vertex -24.9498 23.3935 0
    endloop
  endfacet
  facet normal -0 0 -1
    outer loop
      vertex -24.9498 23.3935 0
      vertex -28.1376 23.0919 0
      vertex -24.998 23.4955 0
    endloop
  endfacet
  facet normal -0 0 -1
    outer loop
      vertex -24.998 23.4955 0
      vertex -28.1376 23.0919 0
      vertex -25.036 23.6017 0
    endloop
  endfacet
  facet normal -0 0 -1
    outer loop
      vertex -25.036 23.6017 0
      vertex -28.1376 23.0919 0
      vertex -25.0635 23.7112 0
    endloop
  endfacet
  facet normal -0 0 -1
    outer loop
      vertex -24.8245 23.206 0
      vertex -28.1376 23.0919 0
      vertex -24.8918 23.2967 0
    endloop
  endfacet
  facet normal 0 0 -1
    outer loop
      vertex -21.2509 1.02422 0
      vertex -16.1 15 0
      vertex -21.1753 0.514589 0
    endloop
  endfacet
  facet normal 0 0 -1
    outer loop
      vertex -21.3761 1.52399 0
      vertex -16.1 15 0
      vertex -21.2509 1.02422 0
    endloop
  endfacet
  facet normal 0 0 -1
    outer loop
      vertex -21.5496 2.00909 0
      vertex -16.1 15 0
      vertex -21.3761 1.52399 0
    endloop
  endfacet
  facet normal 0 0 -1
    outer loop
      vertex -21.7699 2.47483 0
      vertex -16.1 15 0
      vertex -21.5496 2.00909 0
    endloop
  endfacet
  facet normal 0 0 -1
    outer loop
      vertex -22.0348 2.91674 0
      vertex -16.1 15 0
      vertex -21.7699 2.47483 0
    endloop
  endfacet
  facet normal 0 0 -1
    outer loop
      vertex -22.3417 3.33056 0
      vertex -16.1 15 0
      vertex -22.0348 2.91674 0
    endloop
  endfacet
  facet normal 0 0 -1
    outer loop
      vertex -22.6877 3.71231 0
      vertex -16.1 15 0
      vertex -22.3417 3.33056 0
    endloop
  endfacet
  facet normal 0 0 -1
    outer loop
      vertex -23.0694 4.0583 0
      vertex -16.1 15 0
      vertex -22.6877 3.71231 0
    endloop
  endfacet
  facet normal 0 0 -1
    outer loop
      vertex -16.1 15 0
      vertex -22.7856 23.9356 0
      vertex -20.2228 30.2655 0
    endloop
  endfacet
  facet normal 0 0 -1
    outer loop
      vertex -22.7911 24.0483 0
      vertex -20.2228 30.2655 0
      vertex -22.7856 23.9356 0
    endloop
  endfacet
  facet normal 0 0 -1
    outer loop
      vertex -22.8077 24.1599 0
      vertex -20.2228 30.2655 0
      vertex -22.7911 24.0483 0
    endloop
  endfacet
  facet normal 0 0 -1
    outer loop
      vertex -22.8351 24.2694 0
      vertex -20.2228 30.2655 0
      vertex -22.8077 24.1599 0
    endloop
  endfacet
  facet normal 0 0 -1
    outer loop
      vertex -22.8731 24.3757 0
      vertex -20.2228 30.2655 0
      vertex -22.8351 24.2694 0
    endloop
  endfacet
  facet normal 0 0 -1
    outer loop
      vertex -22.9214 24.4777 0
      vertex -20.2228 30.2655 0
      vertex -22.8731 24.3757 0
    endloop
  endfacet
  facet normal 0 0 -1
    outer loop
      vertex -23.0919 28.1376 0
      vertex -22.9214 24.4777 0
      vertex -22.9794 24.5745 0
    endloop
  endfacet
  facet normal 0 0 -1
    outer loop
      vertex -23.0919 28.1376 0
      vertex -22.9794 24.5745 0
      vertex -23.0466 24.6651 0
    endloop
  endfacet
  facet normal 0 0 -1
    outer loop
      vertex -22.9214 24.4777 0
      vertex -23.0919 28.1376 0
      vertex -20.2228 30.2655 0
    endloop
  endfacet
  facet normal 0 0 -1
    outer loop
      vertex -23.1224 24.7487 0
      vertex -23.0919 28.1376 0
      vertex -23.0466 24.6651 0
    endloop
  endfacet
  facet normal 0 0 -1
    outer loop
      vertex -23.206 24.8245 0
      vertex -23.0919 28.1376 0
      vertex -23.1224 24.7487 0
    endloop
  endfacet
  facet normal 0 0 -1
    outer loop
      vertex -23.2967 24.8918 0
      vertex -23.0919 28.1376 0
      vertex -23.206 24.8245 0
    endloop
  endfacet
  facet normal 0 0 -1
    outer loop
      vertex -23.3935 24.9498 0
      vertex -23.0919 28.1376 0
      vertex -23.2967 24.8918 0
    endloop
  endfacet
  facet normal 0 0 -1
    outer loop
      vertex -23.4955 24.998 0
      vertex -23.0919 28.1376 0
      vertex -23.3935 24.9498 0
    endloop
  endfacet
  facet normal 0 0 -1
    outer loop
      vertex -23.6017 25.036 0
      vertex -23.0919 28.1376 0
      vertex -23.4955 24.998 0
    endloop
  endfacet
  facet normal 0 0 -1
    outer loop
      vertex -23.7112 25.0635 0
      vertex -23.0919 28.1376 0
      vertex -23.6017 25.036 0
    endloop
  endfacet
  facet normal 0 0 -1
    outer loop
      vertex -23.8228 25.08 0
      vertex -23.0919 28.1376 0
      vertex -23.7112 25.0635 0
    endloop
  endfacet
  facet normal 0 0 -1
    outer loop
      vertex -23.9356 25.0856 0
      vertex -23.0919 28.1376 0
      vertex -23.8228 25.08 0
    endloop
  endfacet
  facet normal 0 0 -1
    outer loop
      vertex -24.0483 25.08 0
      vertex -23.0919 28.1376 0
      vertex -23.9356 25.0856 0
    endloop
  endfacet
  facet normal 0 0 -1
    outer loop
      vertex -25.7387 25.7387 0
      vertex -24.0483 25.08 0
      vertex -24.1599 25.0635 0
    endloop
  endfacet
  facet normal 0 0 -1
    outer loop
      vertex -25.7387 25.7387 0
      vertex -24.1599 25.0635 0
      vertex -24.2694 25.036 0
    endloop
  endfacet
  facet normal 0 0 -1
    outer loop
      vertex -25.7387 25.7387 0
      vertex -24.2694 25.036 0
      vertex -24.3757 24.998 0
    endloop
  endfacet
  facet normal 0 0 -1
    outer loop
      vertex -25.7387 25.7387 0
      vertex -24.3757 24.998 0
      vertex -24.4777 24.9498 0
    endloop
  endfacet
  facet normal 0 0 -1
    outer loop
      vertex -25.7387 25.7387 0
      vertex -24.4777 24.9498 0
      vertex -24.5745 24.8918 0
    endloop
  endfacet
  facet normal 0 0 -1
    outer loop
      vertex -25.7387 25.7387 0
      vertex -24.5745 24.8918 0
      vertex -24.6651 24.8245 0
    endloop
  endfacet
  facet normal 0 0 -1
    outer loop
      vertex -25.7387 25.7387 0
      vertex -24.6651 24.8245 0
      vertex -24.7487 24.7487 0
    endloop
  endfacet
  facet normal 0 0 -1
    outer loop
      vertex -25.7387 25.7387 0
      vertex -24.7487 24.7487 0
      vertex -24.8245 24.6651 0
    endloop
  endfacet
  facet normal 0 0 -1
    outer loop
      vertex -25.7387 25.7387 0
      vertex -24.8245 24.6651 0
      vertex -24.8918 24.5745 0
    endloop
  endfacet
  facet normal 0 0 -1
    outer loop
      vertex -25.7387 25.7387 0
      vertex -24.8918 24.5745 0
      vertex -24.9498 24.4777 0
    endloop
  endfacet
  facet normal 0 0 -1
    outer loop
      vertex -24.0483 25.08 0
      vertex -25.7387 25.7387 0
      vertex -23.0919 28.1376 0
    endloop
  endfacet
  facet normal 0 0 -1
    outer loop
      vertex -24.998 24.3757 0
      vertex -25.7387 25.7387 0
      vertex -24.9498 24.4777 0
    endloop
  endfacet
  facet normal 0 0 -1
    outer loop
      vertex -25.036 24.2694 0
      vertex -25.7387 25.7387 0
      vertex -24.998 24.3757 0
    endloop
  endfacet
  facet normal 0 0 -1
    outer loop
      vertex -25.0635 24.1599 0
      vertex -25.7387 25.7387 0
      vertex -25.036 24.2694 0
    endloop
  endfacet
  facet normal 0 0 -1
    outer loop
      vertex -25.08 24.0483 0
      vertex -25.7387 25.7387 0
      vertex -25.0635 24.1599 0
    endloop
  endfacet
  facet normal 0 0 -1
    outer loop
      vertex -28.1376 23.0919 0
      vertex -25.08 24.0483 0
      vertex -25.0856 23.9356 0
    endloop
  endfacet
  facet normal -0 0 -1
    outer loop
      vertex -25.0635 23.7112 0
      vertex -28.1376 23.0919 0
      vertex -25.08 23.8228 0
    endloop
  endfacet
  facet normal 0 0 -1
    outer loop
      vertex -32.1019 17.1588 0
      vertex -25.3758 5.14912 0
      vertex -25.8854 5.22472 0
    endloop
  endfacet
  facet normal 0 0 -1
    outer loop
      vertex -32.1019 17.1588 0
      vertex -25.8854 5.22472 0
      vertex -26.4 5.25 0
    endloop
  endfacet
  facet normal 0 0 -1
    outer loop
      vertex -33.6292 13.9297 0
      vertex -26.4 5.25 0
      vertex -26.9146 5.22472 0
    endloop
  endfacet
  facet normal 0 0 -1
    outer loop
      vertex -33.6292 13.9297 0
      vertex -26.9146 5.22472 0
      vertex -27.4242 5.14912 0
    endloop
  endfacet
  facet normal 0 0 -1
    outer loop
      vertex -33.6292 13.9297 0
      vertex -27.4242 5.14912 0
      vertex -27.924 5.02394 0
    endloop
  endfacet
  facet normal -0 0 -1
    outer loop
      vertex -25.08 24.0483 0
      vertex -28.1376 23.0919 0
      vertex -25.7387 25.7387 0
    endloop
  endfacet
  facet normal 0 0 -1
    outer loop
      vertex -34.8326 10.5664 0
      vertex -27.924 5.02394 0
      vertex -28.4091 4.85037 0
    endloop
  endfacet
  facet normal 0 0 -1
    outer loop
      vertex -34.8326 10.5664 0
      vertex -28.4091 4.85037 0
      vertex -28.8748 4.63009 0
    endloop
  endfacet
  facet normal 0 0 -1
    outer loop
      vertex -34.8326 10.5664 0
      vertex -28.8748 4.63009 0
      vertex -29.3167 4.36522 0
    endloop
  endfacet
  facet normal 0 0 -1
    outer loop
      vertex -35.7006 7.10129 0
      vertex -29.3167 4.36522 0
      vertex -29.7306 4.0583 0
    endloop
  endfacet
  facet normal 0 0 -1
    outer loop
      vertex -35.7006 7.10129 0
      vertex -29.7306 4.0583 0
      vertex -30.1123 3.71231 0
    endloop
  endfacet
  facet normal -0 0 -1
    outer loop
      vertex -25.08 23.8228 0
      vertex -28.1376 23.0919 0
      vertex -25.0856 23.9356 0
    endloop
  endfacet
  facet normal 0 0 -1
    outer loop
      vertex -35.7006 7.10129 0
      vertex -30.1123 3.71231 0
      vertex -30.4583 3.33056 0
    endloop
  endfacet
  facet normal 0 0 -1
    outer loop
      vertex -35.7006 7.10129 0
      vertex -30.4583 3.33056 0
      vertex -30.7652 2.91674 0
    endloop
  endfacet
  facet normal 0 0 -1
    outer loop
      vertex -36.2247 3.56782 0
      vertex -30.7652 2.91674 0
      vertex -31.0301 2.47483 0
    endloop
  endfacet
  facet normal 0 0 -1
    outer loop
      vertex -36.2247 3.56782 0
      vertex -31.0301 2.47483 0
      vertex -31.2504 2.00909 0
    endloop
  endfacet
  facet normal 0 0 -1
    outer loop
      vertex -36.2247 3.56782 0
      vertex -31.2504 2.00909 0
      vertex -31.4239 1.52399 0
    endloop
  endfacet
  facet normal 0 0 -1
    outer loop
      vertex -36.2247 3.56782 0
      vertex -31.4239 1.52399 0
      vertex -31.5491 1.02422 0
    endloop
  endfacet
  facet normal 0 0 -1
    outer loop
      vertex -36.4 0 0
      vertex -31.5491 1.02422 0
      vertex -31.6247 0.514589 0
    endloop
  endfacet
  facet normal 0 0 -1
    outer loop
      vertex -24.4777 22.9214 0
      vertex -28.1376 23.0919 0
      vertex -24.5745 22.9794 0
    endloop
  endfacet
  facet normal 0 0 -1
    outer loop
      vertex -36.4 0 0
      vertex -31.6247 0.514589 0
      vertex -31.65 0 0
    endloop
  endfacet
  facet normal -0 0 -1
    outer loop
      vertex -31.2504 -2.00909 0
      vertex -36.2247 -3.56782 0
      vertex -31.4239 -1.52399 0
    endloop
  endfacet
  facet normal -0 0 -1
    outer loop
      vertex -31.4239 -1.52399 0
      vertex -36.2247 -3.56782 0
      vertex -31.5491 -1.02422 0
    endloop
  endfacet
  facet normal 0 0 -1
    outer loop
      vertex -26.4 5.25 0
      vertex -33.6292 13.9297 0
      vertex -32.1019 17.1588 0
    endloop
  endfacet
  facet normal 0 0 -1
    outer loop
      vertex -36.4 0 0
      vertex -31.5491 -1.02422 0
      vertex -36.2247 -3.56782 0
    endloop
  endfacet
  facet normal 0 0 -1
    outer loop
      vertex -27.924 5.02394 0
      vertex -34.8326 10.5664 0
      vertex -33.6292 13.9297 0
    endloop
  endfacet
  facet normal 0 0 -1
    outer loop
      vertex -31.5491 -1.02422 0
      vertex -36.4 0 0
      vertex -31.6247 -0.514589 0
    endloop
  endfacet
  facet normal 0 0 -1
    outer loop
      vertex -29.3167 4.36522 0
      vertex -35.7006 7.10129 0
      vertex -34.8326 10.5664 0
    endloop
  endfacet
  facet normal 0 0 -1
    outer loop
      vertex -31.6247 -0.514589 0
      vertex -36.4 0 0
      vertex -31.65 0 0
    endloop
  endfacet
  facet normal 0 0 -1
    outer loop
      vertex -30.7652 2.91674 0
      vertex -36.2247 3.56782 0
      vertex -35.7006 7.10129 0
    endloop
  endfacet
  facet normal -0 0 -1
    outer loop
      vertex -31.5491 1.02422 0
      vertex -36.4 0 0
      vertex -36.2247 3.56782 0
    endloop
  endfacet
  facet normal 0 0 -1
    outer loop
      vertex -17.1588 -32.1019 0
      vertex -22.8731 -23.4955 0
      vertex -21.7699 -2.47483 0
    endloop
  endfacet
  facet normal 0 0 -1
    outer loop
      vertex -21.7699 -2.47483 0
      vertex -22.8731 -23.4955 0
      vertex -22.0348 -2.91674 0
    endloop
  endfacet
  facet normal 0 0 -1
    outer loop
      vertex -22.9214 -23.3935 0
      vertex -22.0348 -2.91674 0
      vertex -22.8731 -23.4955 0
    endloop
  endfacet
  facet normal 0 0 -1
    outer loop
      vertex -22.9794 -23.2967 0
      vertex -22.0348 -2.91674 0
      vertex -22.9214 -23.3935 0
    endloop
  endfacet
  facet normal 0 0 -1
    outer loop
      vertex -22.0348 -2.91674 0
      vertex -22.9794 -23.2967 0
      vertex -22.3417 -3.33056 0
    endloop
  endfacet
  facet normal 0 0 -1
    outer loop
      vertex -23.0466 -23.206 0
      vertex -22.3417 -3.33056 0
      vertex -22.9794 -23.2967 0
    endloop
  endfacet
  facet normal 0 0 -1
    outer loop
      vertex -22.3417 -3.33056 0
      vertex -23.0466 -23.206 0
      vertex -22.6877 -3.71231 0
    endloop
  endfacet
  facet normal 0 0 -1
    outer loop
      vertex -23.1224 -23.1224 0
      vertex -22.6877 -3.71231 0
      vertex -23.0466 -23.206 0
    endloop
  endfacet
  facet normal 0 0 -1
    outer loop
      vertex -22.6877 -3.71231 0
      vertex -23.1224 -23.1224 0
      vertex -23.0694 -4.0583 0
    endloop
  endfacet
  facet normal 0 0 -1
    outer loop
      vertex -23.206 -23.0466 0
      vertex -23.0694 -4.0583 0
      vertex -23.1224 -23.1224 0
    endloop
  endfacet
  facet normal 0 0 -1
    outer loop
      vertex -23.2967 -22.9794 0
      vertex -23.0694 -4.0583 0
      vertex -23.206 -23.0466 0
    endloop
  endfacet
  facet normal 0 0 -1
    outer loop
      vertex -23.4833 -4.36522 0
      vertex -23.2967 -22.9794 0
      vertex -23.3935 -22.9214 0
    endloop
  endfacet
  facet normal 0 0 -1
    outer loop
      vertex -23.2967 -22.9794 0
      vertex -23.4833 -4.36522 0
      vertex -23.0694 -4.0583 0
    endloop
  endfacet
  facet normal 0 0 -1
    outer loop
      vertex -23.9252 -4.63009 0
      vertex -23.3935 -22.9214 0
      vertex -23.4955 -22.8731 0
    endloop
  endfacet
  facet normal 0 0 -1
    outer loop
      vertex -24.3909 -4.85037 0
      vertex -23.4955 -22.8731 0
      vertex -23.6017 -22.8351 0
    endloop
  endfacet
  facet normal 0 0 -1
    outer loop
      vertex -24.3909 -4.85037 0
      vertex -23.6017 -22.8351 0
      vertex -23.7112 -22.8077 0
    endloop
  endfacet
  facet normal 0 0 -1
    outer loop
      vertex -24.876 -5.02394 0
      vertex -23.7112 -22.8077 0
      vertex -23.8228 -22.7911 0
    endloop
  endfacet
  facet normal 0 0 -1
    outer loop
      vertex -23.3935 -22.9214 0
      vertex -23.9252 -4.63009 0
      vertex -23.4833 -4.36522 0
    endloop
  endfacet
  facet normal 0 0 -1
    outer loop
      vertex -25.3758 -5.14912 0
      vertex -23.8228 -22.7911 0
      vertex -23.9356 -22.7856 0
    endloop
  endfacet
  facet normal 0 0 -1
    outer loop
      vertex -30.2655 -20.2228 0
      vertex -23.9356 -22.7856 0
      vertex -24.0483 -22.7911 0
    endloop
  endfacet
  facet normal 0 0 -1
    outer loop
      vertex -30.2655 -20.2228 0
      vertex -24.0483 -22.7911 0
      vertex -24.1599 -22.8077 0
    endloop
  endfacet
  facet normal 0 0 -1
    outer loop
      vertex -30.2655 -20.2228 0
      vertex -24.1599 -22.8077 0
      vertex -24.2694 -22.8351 0
    endloop
  endfacet
  facet normal 0 0 -1
    outer loop
      vertex -30.2655 -20.2228 0
      vertex -24.2694 -22.8351 0
      vertex -24.3757 -22.8731 0
    endloop
  endfacet
  facet normal 0 0 -1
    outer loop
      vertex -23.4955 -22.8731 0
      vertex -24.3909 -4.85037 0
      vertex -23.9252 -4.63009 0
    endloop
  endfacet
  facet normal 0 0 -1
    outer loop
      vertex -30.2655 -20.2228 0
      vertex -24.3757 -22.8731 0
      vertex -24.4777 -22.9214 0
    endloop
  endfacet
  facet normal 0 0 -1
    outer loop
      vertex -28.1376 -23.0919 0
      vertex -24.4777 -22.9214 0
      vertex -24.5745 -22.9794 0
    endloop
  endfacet
  facet normal 0 0 -1
    outer loop
      vertex -28.1376 -23.0919 0
      vertex -24.5745 -22.9794 0
      vertex -24.6651 -23.0466 0
    endloop
  endfacet
  facet normal 0 0 -1
    outer loop
      vertex -28.1376 -23.0919 0
      vertex -24.6651 -23.0466 0
      vertex -24.7487 -23.1224 0
    endloop
  endfacet
  facet normal 0 0 -1
    outer loop
      vertex -28.1376 -23.0919 0
      vertex -24.7487 -23.1224 0
      vertex -24.8245 -23.206 0
    endloop
  endfacet
  facet normal 0 0 -1
    outer loop
      vertex -23.7112 -22.8077 0
      vertex -24.876 -5.02394 0
      vertex -24.3909 -4.85037 0
    endloop
  endfacet
  facet normal 0 0 -1
    outer loop
      vertex -28.1376 -23.0919 0
      vertex -24.8245 -23.206 0
      vertex -24.8918 -23.2967 0
    endloop
  endfacet
  facet normal 0 0 -1
    outer loop
      vertex -28.1376 -23.0919 0
      vertex -24.8918 -23.2967 0
      vertex -24.9498 -23.3935 0
    endloop
  endfacet
  facet normal 0 0 -1
    outer loop
      vertex -28.1376 -23.0919 0
      vertex -24.9498 -23.3935 0
      vertex -24.998 -23.4955 0
    endloop
  endfacet
  facet normal 0 0 -1
    outer loop
      vertex -28.1376 -23.0919 0
      vertex -24.998 -23.4955 0
      vertex -25.036 -23.6017 0
    endloop
  endfacet
  facet normal 0 0 -1
    outer loop
      vertex -28.1376 -23.0919 0
      vertex -25.036 -23.6017 0
      vertex -25.0635 -23.7112 0
    endloop
  endfacet
  facet normal 0 0 -1
    outer loop
      vertex -28.1376 -23.0919 0
      vertex -25.0635 -23.7112 0
      vertex -25.08 -23.8228 0
    endloop
  endfacet
  facet normal 0 0 -1
    outer loop
      vertex -28.1376 -23.0919 0
      vertex -25.08 -23.8228 0
      vertex -25.0856 -23.9356 0
    endloop
  endfacet
  facet normal 0 0 -1
    outer loop
      vertex -23.9356 -22.7856 0
      vertex -30.2655 -20.2228 0
      vertex -32.1019 -17.1588 0
    endloop
  endfacet
  facet normal 0 0 -1
    outer loop
      vertex -5.14912 25.3758 0
      vertex -17.1588 32.1019 0
      vertex -5.22472 25.8854 0
    endloop
  endfacet
  facet normal 0 0 -1
    outer loop
      vertex -5.22472 25.8854 0
      vertex -13.9297 33.6292 0
      vertex -10.5664 34.8326 0
    endloop
  endfacet
  facet normal 0 0 -1
    outer loop
      vertex -20.2228 30.2655 0
      vertex -13.9 15 0
      vertex -16.1 15 0
    endloop
  endfacet
  facet normal 0 0 -1
    outer loop
      vertex -5.22472 25.8854 0
      vertex -17.1588 32.1019 0
      vertex -13.9297 33.6292 0
    endloop
  endfacet
  facet normal 0 -0 -1
    outer loop
      vertex -21.1753 -0.514589 0
      vertex -16.1 -15 0
      vertex -21.2509 -1.02422 0
    endloop
  endfacet
  facet normal 0 0 -1
    outer loop
      vertex -22.7856 -23.9356 0
      vertex -17.1588 -32.1019 0
      vertex -20.2228 -30.2655 0
    endloop
  endfacet
  facet normal 0 0 -1
    outer loop
      vertex -21.1753 0.514589 0
      vertex -16.1 15 0
      vertex -21.15 0 0
    endloop
  endfacet
  facet normal 0 0 -1
    outer loop
      vertex -13.9 15 0
      vertex -20.2228 30.2655 0
      vertex -17.1588 32.1019 0
    endloop
  endfacet
  facet normal 0 0 -1
    outer loop
      vertex -16.1 -15 0
      vertex -21.15 0 0
      vertex -16.1 15 0
    endloop
  endfacet
  facet normal 0 -0 -1
    outer loop
      vertex -21.15 0 0
      vertex -16.1 -15 0
      vertex -21.1753 -0.514589 0
    endloop
  endfacet
  facet normal 0 0 -1
    outer loop
      vertex -17.1588 -32.1019 0
      vertex -21.3761 -1.52399 0
      vertex -21.2509 -1.02422 0
    endloop
  endfacet
  facet normal 0 0 -1
    outer loop
      vertex -17.1588 -32.1019 0
      vertex -21.5496 -2.00909 0
      vertex -21.3761 -1.52399 0
    endloop
  endfacet
  facet normal 0 0 -1
    outer loop
      vertex -22.7911 -23.8228 0
      vertex -17.1588 -32.1019 0
      vertex -22.7856 -23.9356 0
    endloop
  endfacet
  facet normal 0 0 -1
    outer loop
      vertex -17.1588 -32.1019 0
      vertex -21.7699 -2.47483 0
      vertex -21.5496 -2.00909 0
    endloop
  endfacet
  facet normal 0 0 -1
    outer loop
      vertex -22.8077 -23.7112 0
      vertex -17.1588 -32.1019 0
      vertex -22.7911 -23.8228 0
    endloop
  endfacet
  facet normal 0 0 -1
    outer loop
      vertex -22.8351 -23.6017 0
      vertex -17.1588 -32.1019 0
      vertex -22.8077 -23.7112 0
    endloop
  endfacet
  facet normal 0 0 -1
    outer loop
      vertex -22.8731 -23.4955 0
      vertex -17.1588 -32.1019 0
      vertex -22.8351 -23.6017 0
    endloop
  endfacet
  facet normal 0 0 -1
    outer loop
      vertex -20.2228 -30.2655 0
      vertex -22.7911 -24.0483 0
      vertex -22.7856 -23.9356 0
    endloop
  endfacet
  facet normal 0 0 -1
    outer loop
      vertex -20.2228 -30.2655 0
      vertex -22.8077 -24.1599 0
      vertex -22.7911 -24.0483 0
    endloop
  endfacet
  facet normal 0 0 -1
    outer loop
      vertex -20.2228 -30.2655 0
      vertex -22.8351 -24.2694 0
      vertex -22.8077 -24.1599 0
    endloop
  endfacet
  facet normal 0 0 -1
    outer loop
      vertex -20.2228 -30.2655 0
      vertex -22.8731 -24.3757 0
      vertex -22.8351 -24.2694 0
    endloop
  endfacet
  facet normal 0 0 -1
    outer loop
      vertex -20.2228 -30.2655 0
      vertex -22.9214 -24.4777 0
      vertex -22.8731 -24.3757 0
    endloop
  endfacet
  facet normal 0 0 -1
    outer loop
      vertex -23.0919 -28.1376 0
      vertex -22.9214 -24.4777 0
      vertex -20.2228 -30.2655 0
    endloop
  endfacet
  facet normal 0 0 -1
    outer loop
      vertex -22.9214 -24.4777 0
      vertex -23.0919 -28.1376 0
      vertex -22.9794 -24.5745 0
    endloop
  endfacet
  facet normal 0 0 -1
    outer loop
      vertex -22.9794 -24.5745 0
      vertex -23.0919 -28.1376 0
      vertex -23.0466 -24.6651 0
    endloop
  endfacet
  facet normal 0 0 -1
    outer loop
      vertex -23.0919 -28.1376 0
      vertex -23.1224 -24.7487 0
      vertex -23.0466 -24.6651 0
    endloop
  endfacet
  facet normal 0 0 -1
    outer loop
      vertex -23.0919 -28.1376 0
      vertex -23.206 -24.8245 0
      vertex -23.1224 -24.7487 0
    endloop
  endfacet
  facet normal 0 0 -1
    outer loop
      vertex -23.0919 -28.1376 0
      vertex -23.2967 -24.8918 0
      vertex -23.206 -24.8245 0
    endloop
  endfacet
  facet normal 0 0 -1
    outer loop
      vertex -23.0919 -28.1376 0
      vertex -23.3935 -24.9498 0
      vertex -23.2967 -24.8918 0
    endloop
  endfacet
  facet normal 0 0 -1
    outer loop
      vertex -23.0919 -28.1376 0
      vertex -23.4955 -24.998 0
      vertex -23.3935 -24.9498 0
    endloop
  endfacet
  facet normal 0 0 -1
    outer loop
      vertex -23.0919 -28.1376 0
      vertex -23.6017 -25.036 0
      vertex -23.4955 -24.998 0
    endloop
  endfacet
  facet normal 0 0 -1
    outer loop
      vertex -23.0919 -28.1376 0
      vertex -23.7112 -25.0635 0
      vertex -23.6017 -25.036 0
    endloop
  endfacet
  facet normal 0 0 -1
    outer loop
      vertex -23.0919 -28.1376 0
      vertex -23.8228 -25.08 0
      vertex -23.7112 -25.0635 0
    endloop
  endfacet
  facet normal 0 0 -1
    outer loop
      vertex -23.0919 -28.1376 0
      vertex -23.9356 -25.0856 0
      vertex -23.8228 -25.08 0
    endloop
  endfacet
  facet normal 0 0 -1
    outer loop
      vertex -23.0919 -28.1376 0
      vertex -24.0483 -25.08 0
      vertex -23.9356 -25.0856 0
    endloop
  endfacet
  facet normal 0 0 -1
    outer loop
      vertex -25.7387 -25.7387 0
      vertex -24.0483 -25.08 0
      vertex -23.0919 -28.1376 0
    endloop
  endfacet
  facet normal -0 0 -1
    outer loop
      vertex -24.0483 -25.08 0
      vertex -25.7387 -25.7387 0
      vertex -24.1599 -25.0635 0
    endloop
  endfacet
  facet normal -0 0 -1
    outer loop
      vertex -24.1599 -25.0635 0
      vertex -25.7387 -25.7387 0
      vertex -24.2694 -25.036 0
    endloop
  endfacet
  facet normal -0 0 -1
    outer loop
      vertex -24.2694 -25.036 0
      vertex -25.7387 -25.7387 0
      vertex -24.3757 -24.998 0
    endloop
  endfacet
  facet normal -0 0 -1
    outer loop
      vertex -24.3757 -24.998 0
      vertex -25.7387 -25.7387 0
      vertex -24.4777 -24.9498 0
    endloop
  endfacet
  facet normal -0 0 -1
    outer loop
      vertex -24.4777 -24.9498 0
      vertex -25.7387 -25.7387 0
      vertex -24.5745 -24.8918 0
    endloop
  endfacet
  facet normal -0 0 -1
    outer loop
      vertex -24.5745 -24.8918 0
      vertex -25.7387 -25.7387 0
      vertex -24.6651 -24.8245 0
    endloop
  endfacet
  facet normal -0 0 -1
    outer loop
      vertex -24.6651 -24.8245 0
      vertex -25.7387 -25.7387 0
      vertex -24.7487 -24.7487 0
    endloop
  endfacet
  facet normal -0 0 -1
    outer loop
      vertex -24.7487 -24.7487 0
      vertex -25.7387 -25.7387 0
      vertex -24.8245 -24.6651 0
    endloop
  endfacet
  facet normal -0 0 -1
    outer loop
      vertex -24.8245 -24.6651 0
      vertex -25.7387 -25.7387 0
      vertex -24.8918 -24.5745 0
    endloop
  endfacet
  facet normal -0 0 -1
    outer loop
      vertex -24.8918 -24.5745 0
      vertex -25.7387 -25.7387 0
      vertex -24.9498 -24.4777 0
    endloop
  endfacet
  facet normal 0 0 -1
    outer loop
      vertex -25.7387 -25.7387 0
      vertex -24.998 -24.3757 0
      vertex -24.9498 -24.4777 0
    endloop
  endfacet
  facet normal 0 0 -1
    outer loop
      vertex -25.7387 -25.7387 0
      vertex -25.036 -24.2694 0
      vertex -24.998 -24.3757 0
    endloop
  endfacet
  facet normal 0 0 -1
    outer loop
      vertex -25.7387 -25.7387 0
      vertex -25.0635 -24.1599 0
      vertex -25.036 -24.2694 0
    endloop
  endfacet
  facet normal 0 0 -1
    outer loop
      vertex -25.7387 -25.7387 0
      vertex -25.08 -24.0483 0
      vertex -25.0635 -24.1599 0
    endloop
  endfacet
  facet normal 0 0 -1
    outer loop
      vertex -28.1376 -23.0919 0
      vertex -25.08 -24.0483 0
      vertex -25.7387 -25.7387 0
    endloop
  endfacet
  facet normal 0 0 -1
    outer loop
      vertex -25.08 -24.0483 0
      vertex -28.1376 -23.0919 0
      vertex -25.0856 -23.9356 0
    endloop
  endfacet
  facet normal -0 0 -1
    outer loop
      vertex -24.4777 -22.9214 0
      vertex -28.1376 -23.0919 0
      vertex -30.2655 -20.2228 0
    endloop
  endfacet
  facet normal 0 0 -1
    outer loop
      vertex -23.8228 -22.7911 0
      vertex -25.3758 -5.14912 0
      vertex -24.876 -5.02394 0
    endloop
  endfacet
  facet normal 0 0 -1
    outer loop
      vertex -23.9356 -22.7856 0
      vertex -32.1019 -17.1588 0
      vertex -25.3758 -5.14912 0
    endloop
  endfacet
  facet normal 0 0 -1
    outer loop
      vertex -25.3758 -5.14912 0
      vertex -32.1019 -17.1588 0
      vertex -25.8854 -5.22472 0
    endloop
  endfacet
  facet normal 0 0 -1
    outer loop
      vertex -25.8854 -5.22472 0
      vertex -32.1019 -17.1588 0
      vertex -26.4 -5.25 0
    endloop
  endfacet
  facet normal 0 0 -1
    outer loop
      vertex -33.6292 -13.9297 0
      vertex -26.4 -5.25 0
      vertex -32.1019 -17.1588 0
    endloop
  endfacet
  facet normal -0 0 -1
    outer loop
      vertex -26.4 -5.25 0
      vertex -33.6292 -13.9297 0
      vertex -26.9146 -5.22472 0
    endloop
  endfacet
  facet normal -0 0 -1
    outer loop
      vertex -26.9146 -5.22472 0
      vertex -33.6292 -13.9297 0
      vertex -27.4242 -5.14912 0
    endloop
  endfacet
  facet normal -0 0 -1
    outer loop
      vertex -27.4242 -5.14912 0
      vertex -33.6292 -13.9297 0
      vertex -27.924 -5.02394 0
    endloop
  endfacet
  facet normal 0 0 -1
    outer loop
      vertex -34.8326 -10.5664 0
      vertex -27.924 -5.02394 0
      vertex -33.6292 -13.9297 0
    endloop
  endfacet
  facet normal -0 0 -1
    outer loop
      vertex -27.924 -5.02394 0
      vertex -34.8326 -10.5664 0
      vertex -28.4091 -4.85037 0
    endloop
  endfacet
  facet normal -0 0 -1
    outer loop
      vertex -28.4091 -4.85037 0
      vertex -34.8326 -10.5664 0
      vertex -28.8748 -4.63009 0
    endloop
  endfacet
  facet normal -0 0 -1
    outer loop
      vertex -28.8748 -4.63009 0
      vertex -34.8326 -10.5664 0
      vertex -29.3167 -4.36522 0
    endloop
  endfacet
  facet normal 0 0 -1
    outer loop
      vertex -35.7006 -7.10129 0
      vertex -29.3167 -4.36522 0
      vertex -34.8326 -10.5664 0
    endloop
  endfacet
  facet normal -0 0 -1
    outer loop
      vertex -29.3167 -4.36522 0
      vertex -35.7006 -7.10129 0
      vertex -29.7306 -4.0583 0
    endloop
  endfacet
  facet normal -0 0 -1
    outer loop
      vertex -29.7306 -4.0583 0
      vertex -35.7006 -7.10129 0
      vertex -30.1123 -3.71231 0
    endloop
  endfacet
  facet normal -0 0 -1
    outer loop
      vertex -30.1123 -3.71231 0
      vertex -35.7006 -7.10129 0
      vertex -30.4583 -3.33056 0
    endloop
  endfacet
  facet normal -0 0 -1
    outer loop
      vertex -30.4583 -3.33056 0
      vertex -35.7006 -7.10129 0
      vertex -30.7652 -2.91674 0
    endloop
  endfacet
  facet normal 0 0 -1
    outer loop
      vertex -36.2247 -3.56782 0
      vertex -30.7652 -2.91674 0
      vertex -35.7006 -7.10129 0
    endloop
  endfacet
  facet normal -0 0 -1
    outer loop
      vertex -31.0301 -2.47483 0
      vertex -36.2247 -3.56782 0
      vertex -31.2504 -2.00909 0
    endloop
  endfacet
  facet normal -0 0 -1
    outer loop
      vertex -30.7652 -2.91674 0
      vertex -36.2247 -3.56782 0
      vertex -31.0301 -2.47483 0
    endloop
  endfacet
  facet normal -0 0 -1
    outer loop
      vertex -2.91674 22.0348 0
      vertex -6.1 15 0
      vertex -3.33056 22.3417 0
    endloop
  endfacet
  facet normal -0 0 -1
    outer loop
      vertex -3.33056 22.3417 0
      vertex -6.1 15 0
      vertex -3.71231 22.6877 0
    endloop
  endfacet
  facet normal -0 0 -1
    outer loop
      vertex -3.71231 22.6877 0
      vertex -6.1 15 0
      vertex -4.0583 23.0694 0
    endloop
  endfacet
  facet normal -0 0 -1
    outer loop
      vertex -4.0583 23.0694 0
      vertex -6.1 15 0
      vertex -4.36522 23.4833 0
    endloop
  endfacet
  facet normal 0 0 -1
    outer loop
      vertex -13.9 15 0
      vertex -4.36522 23.4833 0
      vertex -6.1 15 0
    endloop
  endfacet
  facet normal -0 0 -1
    outer loop
      vertex -4.36522 23.4833 0
      vertex -13.9 15 0
      vertex -4.63009 23.9252 0
    endloop
  endfacet
  facet normal -0 0 -1
    outer loop
      vertex -4.63009 23.9252 0
      vertex -13.9 15 0
      vertex -4.85037 24.3909 0
    endloop
  endfacet
  facet normal -0 0 -1
    outer loop
      vertex -4.85037 24.3909 0
      vertex -13.9 15 0
      vertex -5.02394 24.876 0
    endloop
  endfacet
  facet normal 0 0 -1
    outer loop
      vertex -17.1588 32.1019 0
      vertex -5.14912 25.3758 0
      vertex -13.9 15 0
    endloop
  endfacet
  facet normal -0 0 -1
    outer loop
      vertex -5.02394 24.876 0
      vertex -13.9 15 0
      vertex -5.14912 25.3758 0
    endloop
  endfacet
  facet normal 0 0 -1
    outer loop
      vertex 17.1588 32.1019 0
      vertex 5.22472 25.8854 0
      vertex 5.25 26.4 0
    endloop
  endfacet
  facet normal 0 0 -1
    outer loop
      vertex 13.9 15 0
      vertex 5.14912 25.3758 0
      vertex 5.22472 25.8854 0
    endloop
  endfacet
  facet normal 0 0 -1
    outer loop
      vertex 13.9 15 0
      vertex 5.02394 24.876 0
      vertex 5.14912 25.3758 0
    endloop
  endfacet
  facet normal 0 0 -1
    outer loop
      vertex 13.9 15 0
      vertex 4.85037 24.3909 0
      vertex 5.02394 24.876 0
    endloop
  endfacet
  facet normal 0 0 -1
    outer loop
      vertex 13.9 15 0
      vertex 4.63009 23.9252 0
      vertex 4.85037 24.3909 0
    endloop
  endfacet
  facet normal 0 0 -1
    outer loop
      vertex 13.9 15 0
      vertex 4.36522 23.4833 0
      vertex 4.63009 23.9252 0
    endloop
  endfacet
  facet normal 0 0 -1
    outer loop
      vertex 6.1 15 0
      vertex 4.0583 23.0694 0
      vertex 4.36522 23.4833 0
    endloop
  endfacet
  facet normal 0 0 -1
    outer loop
      vertex 2.91674 22.0348 0
      vertex 6.1 15 0
      vertex 3.9 15 0
    endloop
  endfacet
  facet normal 0 0 -1
    outer loop
      vertex 6.1 15 0
      vertex 3.71231 22.6877 0
      vertex 4.0583 23.0694 0
    endloop
  endfacet
  facet normal -0 0 -1
    outer loop
      vertex 6.1 -15 0
      vertex 2.91674 -22.0348 0
      vertex 3.9 -15 0
    endloop
  endfacet
  facet normal 0 0 -1
    outer loop
      vertex 2.47483 -21.7699 0
      vertex 3.9 -15 0
      vertex 2.91674 -22.0348 0
    endloop
  endfacet
  facet normal 0 0 -1
    outer loop
      vertex 6.1 15 0
      vertex 3.33056 22.3417 0
      vertex 3.71231 22.6877 0
    endloop
  endfacet
  facet normal 0 0 -1
    outer loop
      vertex 3.9 -15 0
      vertex -3.9 -15 0
      vertex 3.9 15 0
    endloop
  endfacet
  facet normal 0 0 -1
    outer loop
      vertex 6.1 15 0
      vertex 2.91674 22.0348 0
      vertex 3.33056 22.3417 0
    endloop
  endfacet
  facet normal 0 0 -1
    outer loop
      vertex 2.00909 -21.5496 0
      vertex 3.9 -15 0
      vertex 2.47483 -21.7699 0
    endloop
  endfacet
  facet normal 0 0 -1
    outer loop
      vertex -3.9 15 0
      vertex 3.9 15 0
      vertex -3.9 -15 0
    endloop
  endfacet
  facet normal 0 0 -1
    outer loop
      vertex 1.52399 -21.3761 0
      vertex 3.9 -15 0
      vertex 2.00909 -21.5496 0
    endloop
  endfacet
  facet normal 0 0 -1
    outer loop
      vertex 3.9 15 0
      vertex 2.47483 21.7699 0
      vertex 2.91674 22.0348 0
    endloop
  endfacet
  facet normal 0 0 -1
    outer loop
      vertex 1.02422 -21.2509 0
      vertex 3.9 -15 0
      vertex 1.52399 -21.3761 0
    endloop
  endfacet
  facet normal 0 0 -1
    outer loop
      vertex 3.9 15 0
      vertex 2.00909 21.5496 0
      vertex 2.47483 21.7699 0
    endloop
  endfacet
  facet normal 0 0 -1
    outer loop
      vertex 0.514589 -21.1753 0
      vertex 3.9 -15 0
      vertex 1.02422 -21.2509 0
    endloop
  endfacet
  facet normal 0 0 -1
    outer loop
      vertex 3.9 15 0
      vertex 1.52399 21.3761 0
      vertex 2.00909 21.5496 0
    endloop
  endfacet
  facet normal 0 0 -1
    outer loop
      vertex 0 -21.15 0
      vertex 3.9 -15 0
      vertex 0.514589 -21.1753 0
    endloop
  endfacet
  facet normal 0 0 -1
    outer loop
      vertex 3.9 15 0
      vertex 1.02422 21.2509 0
      vertex 1.52399 21.3761 0
    endloop
  endfacet
  facet normal -0 0 -1
    outer loop
      vertex 3.9 -15 0
      vertex 0 -21.15 0
      vertex -3.9 -15 0
    endloop
  endfacet
  facet normal 0 0 -1
    outer loop
      vertex 3.9 15 0
      vertex 0.514589 21.1753 0
      vertex 1.02422 21.2509 0
    endloop
  endfacet
  facet normal 0 0 -1
    outer loop
      vertex -3.9 -15 0
      vertex 0 -21.15 0
      vertex -0.514589 -21.1753 0
    endloop
  endfacet
  facet normal 0 0 -1
    outer loop
      vertex 3.9 15 0
      vertex 0 21.15 0
      vertex 0.514589 21.1753 0
    endloop
  endfacet
  facet normal 0 0 -1
    outer loop
      vertex -3.9 -15 0
      vertex -0.514589 -21.1753 0
      vertex -1.02422 -21.2509 0
    endloop
  endfacet
  facet normal 0 0 -1
    outer loop
      vertex -3.9 15 0
      vertex 0 21.15 0
      vertex 3.9 15 0
    endloop
  endfacet
  facet normal 0 0 -1
    outer loop
      vertex -3.9 -15 0
      vertex -1.02422 -21.2509 0
      vertex -1.52399 -21.3761 0
    endloop
  endfacet
  facet normal -0 0 -1
    outer loop
      vertex 0 21.15 0
      vertex -3.9 15 0
      vertex -0.514589 21.1753 0
    endloop
  endfacet
  facet normal 0 0 -1
    outer loop
      vertex -3.9 -15 0
      vertex -1.52399 -21.3761 0
      vertex -2.00909 -21.5496 0
    endloop
  endfacet
  facet normal -0 0 -1
    outer loop
      vertex -0.514589 21.1753 0
      vertex -3.9 15 0
      vertex -1.02422 21.2509 0
    endloop
  endfacet
  facet normal 0 0 -1
    outer loop
      vertex -3.9 -15 0
      vertex -2.00909 -21.5496 0
      vertex -2.47483 -21.7699 0
    endloop
  endfacet
  facet normal -0 0 -1
    outer loop
      vertex -1.02422 21.2509 0
      vertex -3.9 15 0
      vertex -1.52399 21.3761 0
    endloop
  endfacet
  facet normal 0 0 -1
    outer loop
      vertex -3.9 -15 0
      vertex -2.47483 -21.7699 0
      vertex -2.91674 -22.0348 0
    endloop
  endfacet
  facet normal -0 0 -1
    outer loop
      vertex -1.52399 21.3761 0
      vertex -3.9 15 0
      vertex -2.00909 21.5496 0
    endloop
  endfacet
  facet normal 0 0 -1
    outer loop
      vertex -6.1 -15 0
      vertex -2.91674 -22.0348 0
      vertex -3.33056 -22.3417 0
    endloop
  endfacet
  facet normal -0 0 -1
    outer loop
      vertex -2.00909 21.5496 0
      vertex -3.9 15 0
      vertex -2.47483 21.7699 0
    endloop
  endfacet
  facet normal 0 0 -1
    outer loop
      vertex -6.1 -15 0
      vertex -3.33056 -22.3417 0
      vertex -3.71231 -22.6877 0
    endloop
  endfacet
  facet normal -0 0 -1
    outer loop
      vertex -2.47483 21.7699 0
      vertex -3.9 15 0
      vertex -2.91674 22.0348 0
    endloop
  endfacet
  facet normal 0 0 -1
    outer loop
      vertex -6.1 15 0
      vertex -2.91674 22.0348 0
      vertex -3.9 15 0
    endloop
  endfacet
  facet normal 0 0 -1
    outer loop
      vertex -6.1 -15 0
      vertex -3.71231 -22.6877 0
      vertex -4.0583 -23.0694 0
    endloop
  endfacet
  facet normal 0 0 -1
    outer loop
      vertex -6.1 -15 0
      vertex -4.0583 -23.0694 0
      vertex -4.36522 -23.4833 0
    endloop
  endfacet
  facet normal 0 0 -1
    outer loop
      vertex -13.9 -15 0
      vertex -4.36522 -23.4833 0
      vertex -4.63009 -23.9252 0
    endloop
  endfacet
  facet normal 0 0 -1
    outer loop
      vertex -13.9 -15 0
      vertex -4.63009 -23.9252 0
      vertex -4.85037 -24.3909 0
    endloop
  endfacet
  facet normal 0 0 -1
    outer loop
      vertex -13.9 -15 0
      vertex -4.85037 -24.3909 0
      vertex -5.02394 -24.876 0
    endloop
  endfacet
  facet normal 0 0 -1
    outer loop
      vertex -13.9 -15 0
      vertex -5.02394 -24.876 0
      vertex -5.14912 -25.3758 0
    endloop
  endfacet
  facet normal 0 0 -1
    outer loop
      vertex -13.9 -15 0
      vertex -5.14912 -25.3758 0
      vertex -5.22472 -25.8854 0
    endloop
  endfacet
  facet normal 0 0 -1
    outer loop
      vertex -2.91674 -22.0348 0
      vertex -6.1 -15 0
      vertex -3.9 -15 0
    endloop
  endfacet
  facet normal 0 0 -1
    outer loop
      vertex -13.9 -15 0
      vertex -5.22472 -25.8854 0
      vertex -5.25 -26.4 0
    endloop
  endfacet
  facet normal 0 0 -1
    outer loop
      vertex 5.22472 26.9146 0
      vertex 13.9297 33.6292 0
      vertex 5.25 26.4 0
    endloop
  endfacet
  facet normal 0 0 -1
    outer loop
      vertex 5.14912 27.4242 0
      vertex 13.9297 33.6292 0
      vertex 5.22472 26.9146 0
    endloop
  endfacet
  facet normal 0 0 -1
    outer loop
      vertex 5.02394 27.924 0
      vertex 13.9297 33.6292 0
      vertex 5.14912 27.4242 0
    endloop
  endfacet
  facet normal -0 0 -1
    outer loop
      vertex 13.9297 33.6292 0
      vertex 5.02394 27.924 0
      vertex 10.5664 34.8326 0
    endloop
  endfacet
  facet normal 0 0 -1
    outer loop
      vertex 4.85037 28.4091 0
      vertex 10.5664 34.8326 0
      vertex 5.02394 27.924 0
    endloop
  endfacet
  facet normal 0 0 -1
    outer loop
      vertex 4.63009 28.8748 0
      vertex 10.5664 34.8326 0
      vertex 4.85037 28.4091 0
    endloop
  endfacet
  facet normal 0 0 -1
    outer loop
      vertex 4.36522 29.3167 0
      vertex 10.5664 34.8326 0
      vertex 4.63009 28.8748 0
    endloop
  endfacet
  facet normal -0 0 -1
    outer loop
      vertex 10.5664 34.8326 0
      vertex 4.36522 29.3167 0
      vertex 7.10129 35.7006 0
    endloop
  endfacet
  facet normal 0 0 -1
    outer loop
      vertex 4.0583 29.7306 0
      vertex 7.10129 35.7006 0
      vertex 4.36522 29.3167 0
    endloop
  endfacet
  facet normal 0 0 -1
    outer loop
      vertex 3.71231 30.1123 0
      vertex 7.10129 35.7006 0
      vertex 4.0583 29.7306 0
    endloop
  endfacet
  facet normal 0 0 -1
    outer loop
      vertex 3.33056 30.4583 0
      vertex 7.10129 35.7006 0
      vertex 3.71231 30.1123 0
    endloop
  endfacet
  facet normal 0 0 -1
    outer loop
      vertex 2.91674 30.7652 0
      vertex 7.10129 35.7006 0
      vertex 3.33056 30.4583 0
    endloop
  endfacet
  facet normal -0 0 -1
    outer loop
      vertex 7.10129 35.7006 0
      vertex 2.91674 30.7652 0
      vertex 3.56782 36.2247 0
    endloop
  endfacet
  facet normal 0 0 -1
    outer loop
      vertex 2.47483 31.0301 0
      vertex 3.56782 36.2247 0
      vertex 2.91674 30.7652 0
    endloop
  endfacet
  facet normal 0 0 -1
    outer loop
      vertex 2.00909 31.2504 0
      vertex 3.56782 36.2247 0
      vertex 2.47483 31.0301 0
    endloop
  endfacet
  facet normal 0 0 -1
    outer loop
      vertex 1.52399 31.4239 0
      vertex 3.56782 36.2247 0
      vertex 2.00909 31.2504 0
    endloop
  endfacet
  facet normal 0 0 -1
    outer loop
      vertex 1.02422 31.5491 0
      vertex 3.56782 36.2247 0
      vertex 1.52399 31.4239 0
    endloop
  endfacet
  facet normal 0 0 -1
    outer loop
      vertex 0 36.4 0
      vertex 1.02422 31.5491 0
      vertex 0.514589 31.6247 0
    endloop
  endfacet
  facet normal 0 0 -1
    outer loop
      vertex 0 36.4 0
      vertex 0.514589 31.6247 0
      vertex 0 31.65 0
    endloop
  endfacet
  facet normal 0 0 -1
    outer loop
      vertex 1.02422 31.5491 0
      vertex 0 36.4 0
      vertex 3.56782 36.2247 0
    endloop
  endfacet
  facet normal 0 0 -1
    outer loop
      vertex -0.514589 31.6247 0
      vertex 0 36.4 0
      vertex 0 31.65 0
    endloop
  endfacet
  facet normal 0 0 -1
    outer loop
      vertex -1.02422 31.5491 0
      vertex 0 36.4 0
      vertex -0.514589 31.6247 0
    endloop
  endfacet
  facet normal 0 0 -1
    outer loop
      vertex -3.56782 36.2247 0
      vertex -1.02422 31.5491 0
      vertex -1.52399 31.4239 0
    endloop
  endfacet
  facet normal 0 0 -1
    outer loop
      vertex -3.56782 36.2247 0
      vertex -1.52399 31.4239 0
      vertex -2.00909 31.2504 0
    endloop
  endfacet
  facet normal 0 0 -1
    outer loop
      vertex -3.56782 36.2247 0
      vertex -2.00909 31.2504 0
      vertex -2.47483 31.0301 0
    endloop
  endfacet
  facet normal 0 0 -1
    outer loop
      vertex -3.56782 36.2247 0
      vertex -2.47483 31.0301 0
      vertex -2.91674 30.7652 0
    endloop
  endfacet
  facet normal 0 0 -1
    outer loop
      vertex -7.10129 35.7006 0
      vertex -2.91674 30.7652 0
      vertex -3.33056 30.4583 0
    endloop
  endfacet
  facet normal 0 0 -1
    outer loop
      vertex -1.02422 31.5491 0
      vertex -3.56782 36.2247 0
      vertex 0 36.4 0
    endloop
  endfacet
  facet normal 0 0 -1
    outer loop
      vertex -7.10129 35.7006 0
      vertex -3.33056 30.4583 0
      vertex -3.71231 30.1123 0
    endloop
  endfacet
  facet normal 0 0 -1
    outer loop
      vertex -7.10129 35.7006 0
      vertex -3.71231 30.1123 0
      vertex -4.0583 29.7306 0
    endloop
  endfacet
  facet normal 0 0 -1
    outer loop
      vertex -7.10129 35.7006 0
      vertex -4.0583 29.7306 0
      vertex -4.36522 29.3167 0
    endloop
  endfacet
  facet normal 0 0 -1
    outer loop
      vertex -10.5664 34.8326 0
      vertex -4.36522 29.3167 0
      vertex -4.63009 28.8748 0
    endloop
  endfacet
  facet normal 0 0 -1
    outer loop
      vertex -10.5664 34.8326 0
      vertex -4.63009 28.8748 0
      vertex -4.85037 28.4091 0
    endloop
  endfacet
  facet normal 0 0 -1
    outer loop
      vertex -10.5664 34.8326 0
      vertex -4.85037 28.4091 0
      vertex -5.02394 27.924 0
    endloop
  endfacet
  facet normal 0 0 -1
    outer loop
      vertex -10.5664 34.8326 0
      vertex -5.02394 27.924 0
      vertex -5.14912 27.4242 0
    endloop
  endfacet
  facet normal 0 0 -1
    outer loop
      vertex -5.22472 25.8854 0
      vertex -10.5664 34.8326 0
      vertex -5.25 26.4 0
    endloop
  endfacet
  facet normal 0 0 -1
    outer loop
      vertex -2.91674 30.7652 0
      vertex -7.10129 35.7006 0
      vertex -3.56782 36.2247 0
    endloop
  endfacet
  facet normal 0 0 -1
    outer loop
      vertex -10.5664 34.8326 0
      vertex -5.14912 27.4242 0
      vertex -5.22472 26.9146 0
    endloop
  endfacet
  facet normal 0 0 -1
    outer loop
      vertex -5.25 26.4 0
      vertex -10.5664 34.8326 0
      vertex -5.22472 26.9146 0
    endloop
  endfacet
  facet normal 0 0 -1
    outer loop
      vertex -6.1 -15 0
      vertex -13.9 -15 0
      vertex -6.1 15 0
    endloop
  endfacet
  facet normal 0 0 -1
    outer loop
      vertex -13.9 -15 0
      vertex -7.10129 -35.7006 0
      vertex -10.5664 -34.8326 0
    endloop
  endfacet
  facet normal 0 0 -1
    outer loop
      vertex -13.9 15 0
      vertex -6.1 15 0
      vertex -13.9 -15 0
    endloop
  endfacet
  facet normal 0 0 -1
    outer loop
      vertex -4.36522 29.3167 0
      vertex -10.5664 34.8326 0
      vertex -7.10129 35.7006 0
    endloop
  endfacet
  facet normal 0 0 -1
    outer loop
      vertex -13.9297 -33.6292 0
      vertex -13.9 -15 0
      vertex -10.5664 -34.8326 0
    endloop
  endfacet
  facet normal 0 0 -1
    outer loop
      vertex -17.1588 -32.1019 0
      vertex -13.9 -15 0
      vertex -13.9297 -33.6292 0
    endloop
  endfacet
  facet normal 0 0 -1
    outer loop
      vertex -21.2509 -1.02422 0
      vertex -16.1 -15 0
      vertex -17.1588 -32.1019 0
    endloop
  endfacet
  facet normal -0 0 -1
    outer loop
      vertex -13.9 -15 0
      vertex -17.1588 -32.1019 0
      vertex -16.1 -15 0
    endloop
  endfacet
  facet normal 0 0 -1
    outer loop
      vertex 17.1588 -32.1019 0
      vertex 5.14912 -25.3758 0
      vertex 13.9 -15 0
    endloop
  endfacet
  facet normal 0 0 -1
    outer loop
      vertex 5.02394 -24.876 0
      vertex 13.9 -15 0
      vertex 5.14912 -25.3758 0
    endloop
  endfacet
  facet normal 0 0 -1
    outer loop
      vertex 4.85037 -24.3909 0
      vertex 13.9 -15 0
      vertex 5.02394 -24.876 0
    endloop
  endfacet
  facet normal 0 0 -1
    outer loop
      vertex 4.63009 -23.9252 0
      vertex 13.9 -15 0
      vertex 4.85037 -24.3909 0
    endloop
  endfacet
  facet normal 0 0 -1
    outer loop
      vertex 4.36522 -23.4833 0
      vertex 13.9 -15 0
      vertex 4.63009 -23.9252 0
    endloop
  endfacet
  facet normal -0 0 -1
    outer loop
      vertex 13.9 -15 0
      vertex 4.36522 -23.4833 0
      vertex 6.1 -15 0
    endloop
  endfacet
  facet normal 0 0 -1
    outer loop
      vertex 4.0583 -23.0694 0
      vertex 6.1 -15 0
      vertex 4.36522 -23.4833 0
    endloop
  endfacet
  facet normal 0 0 -1
    outer loop
      vertex 3.71231 -22.6877 0
      vertex 6.1 -15 0
      vertex 4.0583 -23.0694 0
    endloop
  endfacet
  facet normal 0 0 -1
    outer loop
      vertex 2.91674 -22.0348 0
      vertex 6.1 -15 0
      vertex 3.33056 -22.3417 0
    endloop
  endfacet
  facet normal 0 0 -1
    outer loop
      vertex 3.33056 -22.3417 0
      vertex 6.1 -15 0
      vertex 3.71231 -22.6877 0
    endloop
  endfacet
  facet normal -0 0 -1
    outer loop
      vertex 22.7911 23.8228 0
      vertex 13.9 15 0
      vertex 22.7856 23.9356 0
    endloop
  endfacet
  facet normal -0 0 -1
    outer loop
      vertex 22.7856 23.9356 0
      vertex 13.9 15 0
      vertex 17.1588 32.1019 0
    endloop
  endfacet
  facet normal 0 0 -1
    outer loop
      vertex 5.22472 25.8854 0
      vertex 17.1588 32.1019 0
      vertex 13.9 15 0
    endloop
  endfacet
  facet normal 0 0 -1
    outer loop
      vertex 13.9 -15 0
      vertex 6.1 -15 0
      vertex 13.9 15 0
    endloop
  endfacet
  facet normal 0 0 -1
    outer loop
      vertex 6.1 15 0
      vertex 13.9 15 0
      vertex 6.1 -15 0
    endloop
  endfacet
  facet normal 0 0 -1
    outer loop
      vertex 4.36522 -29.3167 0
      vertex 10.5664 -34.8326 0
      vertex 7.10129 -35.7006 0
    endloop
  endfacet
  facet normal 0 0 -1
    outer loop
      vertex 4.36522 23.4833 0
      vertex 13.9 15 0
      vertex 6.1 15 0
    endloop
  endfacet
  facet normal -0 0 -1
    outer loop
      vertex 17.1588 32.1019 0
      vertex 5.25 26.4 0
      vertex 13.9297 33.6292 0
    endloop
  endfacet
  facet normal 0 0 -1
    outer loop
      vertex 5.22472 -25.8854 0
      vertex 10.5664 -34.8326 0
      vertex 5.25 -26.4 0
    endloop
  endfacet
  facet normal 0 0 -1
    outer loop
      vertex 10.5664 -34.8326 0
      vertex 5.22472 -26.9146 0
      vertex 5.25 -26.4 0
    endloop
  endfacet
  facet normal 0 0 -1
    outer loop
      vertex 10.5664 -34.8326 0
      vertex 5.14912 -27.4242 0
      vertex 5.22472 -26.9146 0
    endloop
  endfacet
  facet normal 0 0 -1
    outer loop
      vertex 10.5664 -34.8326 0
      vertex 5.02394 -27.924 0
      vertex 5.14912 -27.4242 0
    endloop
  endfacet
  facet normal 0 0 -1
    outer loop
      vertex 10.5664 -34.8326 0
      vertex 4.85037 -28.4091 0
      vertex 5.02394 -27.924 0
    endloop
  endfacet
  facet normal 0 0 -1
    outer loop
      vertex 10.5664 -34.8326 0
      vertex 4.63009 -28.8748 0
      vertex 4.85037 -28.4091 0
    endloop
  endfacet
  facet normal 0 0 -1
    outer loop
      vertex 10.5664 -34.8326 0
      vertex 4.36522 -29.3167 0
      vertex 4.63009 -28.8748 0
    endloop
  endfacet
  facet normal 0 0 -1
    outer loop
      vertex 7.10129 -35.7006 0
      vertex 4.0583 -29.7306 0
      vertex 4.36522 -29.3167 0
    endloop
  endfacet
  facet normal 0 0 -1
    outer loop
      vertex 7.10129 -35.7006 0
      vertex 3.71231 -30.1123 0
      vertex 4.0583 -29.7306 0
    endloop
  endfacet
  facet normal 0 0 -1
    outer loop
      vertex 2.91674 -30.7652 0
      vertex 7.10129 -35.7006 0
      vertex 3.56782 -36.2247 0
    endloop
  endfacet
  facet normal 0 0 -1
    outer loop
      vertex 7.10129 -35.7006 0
      vertex 3.33056 -30.4583 0
      vertex 3.71231 -30.1123 0
    endloop
  endfacet
  facet normal 0 0 -1
    outer loop
      vertex 7.10129 -35.7006 0
      vertex 2.91674 -30.7652 0
      vertex 3.33056 -30.4583 0
    endloop
  endfacet
  facet normal 0 0 -1
    outer loop
      vertex 3.56782 -36.2247 0
      vertex 2.47483 -31.0301 0
      vertex 2.91674 -30.7652 0
    endloop
  endfacet
  facet normal 0 0 -1
    outer loop
      vertex 3.56782 -36.2247 0
      vertex 2.00909 -31.2504 0
      vertex 2.47483 -31.0301 0
    endloop
  endfacet
  facet normal 0 0 -1
    outer loop
      vertex 3.56782 -36.2247 0
      vertex 1.52399 -31.4239 0
      vertex 2.00909 -31.2504 0
    endloop
  endfacet
  facet normal 0 0 -1
    outer loop
      vertex 3.56782 -36.2247 0
      vertex 1.02422 -31.5491 0
      vertex 1.52399 -31.4239 0
    endloop
  endfacet
  facet normal 0 0 -1
    outer loop
      vertex 0 -36.4 0
      vertex 1.02422 -31.5491 0
      vertex 3.56782 -36.2247 0
    endloop
  endfacet
  facet normal 0 0 -1
    outer loop
      vertex 1.02422 -31.5491 0
      vertex 0 -36.4 0
      vertex 0.514589 -31.6247 0
    endloop
  endfacet
  facet normal 0 0 -1
    outer loop
      vertex 0 -36.4 0
      vertex 0 -31.65 0
      vertex 0.514589 -31.6247 0
    endloop
  endfacet
  facet normal 0 0 -1
    outer loop
      vertex 0 -36.4 0
      vertex -0.514589 -31.6247 0
      vertex 0 -31.65 0
    endloop
  endfacet
  facet normal 0 0 -1
    outer loop
      vertex 0 -36.4 0
      vertex -1.02422 -31.5491 0
      vertex -0.514589 -31.6247 0
    endloop
  endfacet
  facet normal 0 0 -1
    outer loop
      vertex -3.56782 -36.2247 0
      vertex -1.02422 -31.5491 0
      vertex 0 -36.4 0
    endloop
  endfacet
  facet normal -0 0 -1
    outer loop
      vertex -1.02422 -31.5491 0
      vertex -3.56782 -36.2247 0
      vertex -1.52399 -31.4239 0
    endloop
  endfacet
  facet normal -0 0 -1
    outer loop
      vertex -1.52399 -31.4239 0
      vertex -3.56782 -36.2247 0
      vertex -2.00909 -31.2504 0
    endloop
  endfacet
  facet normal -0 0 -1
    outer loop
      vertex -2.00909 -31.2504 0
      vertex -3.56782 -36.2247 0
      vertex -2.47483 -31.0301 0
    endloop
  endfacet
  facet normal -0 0 -1
    outer loop
      vertex -2.47483 -31.0301 0
      vertex -3.56782 -36.2247 0
      vertex -2.91674 -30.7652 0
    endloop
  endfacet
  facet normal 0 0 -1
    outer loop
      vertex -7.10129 -35.7006 0
      vertex -2.91674 -30.7652 0
      vertex -3.56782 -36.2247 0
    endloop
  endfacet
  facet normal -0 0 -1
    outer loop
      vertex -2.91674 -30.7652 0
      vertex -7.10129 -35.7006 0
      vertex -3.33056 -30.4583 0
    endloop
  endfacet
  facet normal -0 0 -1
    outer loop
      vertex -3.33056 -30.4583 0
      vertex -7.10129 -35.7006 0
      vertex -3.71231 -30.1123 0
    endloop
  endfacet
  facet normal -0 0 -1
    outer loop
      vertex -3.71231 -30.1123 0
      vertex -7.10129 -35.7006 0
      vertex -4.0583 -29.7306 0
    endloop
  endfacet
  facet normal -0 0 -1
    outer loop
      vertex -4.0583 -29.7306 0
      vertex -7.10129 -35.7006 0
      vertex -4.36522 -29.3167 0
    endloop
  endfacet
  facet normal -0 0 -1
    outer loop
      vertex -4.36522 -29.3167 0
      vertex -7.10129 -35.7006 0
      vertex -4.63009 -28.8748 0
    endloop
  endfacet
  facet normal -0 0 -1
    outer loop
      vertex -4.63009 -28.8748 0
      vertex -7.10129 -35.7006 0
      vertex -4.85037 -28.4091 0
    endloop
  endfacet
  facet normal -0 0 -1
    outer loop
      vertex -4.85037 -28.4091 0
      vertex -7.10129 -35.7006 0
      vertex -5.02394 -27.924 0
    endloop
  endfacet
  facet normal 0 0 -1
    outer loop
      vertex -13.9 -15 0
      vertex -5.22472 -26.9146 0
      vertex -7.10129 -35.7006 0
    endloop
  endfacet
  facet normal 0 0 -1
    outer loop
      vertex -4.36522 -23.4833 0
      vertex -13.9 -15 0
      vertex -6.1 -15 0
    endloop
  endfacet
  facet normal 0 0 -1
    outer loop
      vertex -5.22472 -26.9146 0
      vertex -13.9 -15 0
      vertex -5.25 -26.4 0
    endloop
  endfacet
  facet normal -0 0 -1
    outer loop
      vertex -5.14912 -27.4242 0
      vertex -7.10129 -35.7006 0
      vertex -5.22472 -26.9146 0
    endloop
  endfacet
  facet normal -0 0 -1
    outer loop
      vertex -5.02394 -27.924 0
      vertex -7.10129 -35.7006 0
      vertex -5.14912 -27.4242 0
    endloop
  endfacet
  facet normal 0 0 -1
    outer loop
      vertex 28.1376 23.0919 0
      vertex 25.08 23.8228 0
      vertex 25.0856 23.9356 0
    endloop
  endfacet
  facet normal 0 0 -1
    outer loop
      vertex 30.2655 20.2228 0
      vertex 25.0635 23.7112 0
      vertex 25.08 23.8228 0
    endloop
  endfacet
  facet normal 0 0 -1
    outer loop
      vertex 30.2655 20.2228 0
      vertex 25.036 23.6017 0
      vertex 25.0635 23.7112 0
    endloop
  endfacet
  facet normal 0 0 -1
    outer loop
      vertex 30.2655 20.2228 0
      vertex 24.998 23.4955 0
      vertex 25.036 23.6017 0
    endloop
  endfacet
  facet normal 0 0 -1
    outer loop
      vertex 30.2655 20.2228 0
      vertex 24.9498 23.3935 0
      vertex 24.998 23.4955 0
    endloop
  endfacet
  facet normal 0 0 -1
    outer loop
      vertex 30.2655 20.2228 0
      vertex 24.8918 23.2967 0
      vertex 24.9498 23.3935 0
    endloop
  endfacet
  facet normal 0 0 -1
    outer loop
      vertex 16.1 15 0
      vertex 25.3758 5.14912 0
      vertex 24.876 5.02394 0
    endloop
  endfacet
  facet normal 0 0 -1
    outer loop
      vertex 30.2655 20.2228 0
      vertex 24.8245 23.206 0
      vertex 24.8918 23.2967 0
    endloop
  endfacet
  facet normal 0 0 -1
    outer loop
      vertex 30.2655 20.2228 0
      vertex 24.7487 23.1224 0
      vertex 24.8245 23.206 0
    endloop
  endfacet
  facet normal 0 0 -1
    outer loop
      vertex 30.2655 20.2228 0
      vertex 24.6651 23.0466 0
      vertex 24.7487 23.1224 0
    endloop
  endfacet
  facet normal 0 0 -1
    outer loop
      vertex 30.2655 20.2228 0
      vertex 24.5745 22.9794 0
      vertex 24.6651 23.0466 0
    endloop
  endfacet
  facet normal 0 0 -1
    outer loop
      vertex 30.2655 20.2228 0
      vertex 24.4777 22.9214 0
      vertex 24.5745 22.9794 0
    endloop
  endfacet
  facet normal 0 0 -1
    outer loop
      vertex 16.1 15 0
      vertex 24.876 5.02394 0
      vertex 24.3909 4.85037 0
    endloop
  endfacet
  facet normal 0 0 -1
    outer loop
      vertex 30.2655 20.2228 0
      vertex 24.3757 22.8731 0
      vertex 24.4777 22.9214 0
    endloop
  endfacet
  facet normal 0 0 -1
    outer loop
      vertex 30.2655 20.2228 0
      vertex 24.2694 22.8351 0
      vertex 24.3757 22.8731 0
    endloop
  endfacet
  facet normal 0 0 -1
    outer loop
      vertex 30.2655 20.2228 0
      vertex 24.1599 22.8077 0
      vertex 24.2694 22.8351 0
    endloop
  endfacet
  facet normal 0 0 -1
    outer loop
      vertex 30.2655 20.2228 0
      vertex 24.0483 22.7911 0
      vertex 24.1599 22.8077 0
    endloop
  endfacet
  facet normal 0 0 -1
    outer loop
      vertex 30.2655 20.2228 0
      vertex 23.9356 22.7856 0
      vertex 24.0483 22.7911 0
    endloop
  endfacet
  facet normal 0 0 -1
    outer loop
      vertex 16.1 15 0
      vertex 24.3909 4.85037 0
      vertex 23.9252 4.63009 0
    endloop
  endfacet
  facet normal -0 0 -1
    outer loop
      vertex 32.1019 17.1588 0
      vertex 16.1 15 0
      vertex 23.9356 22.7856 0
    endloop
  endfacet
  facet normal -0 0 -1
    outer loop
      vertex 23.9356 22.7856 0
      vertex 16.1 15 0
      vertex 23.8228 22.7911 0
    endloop
  endfacet
  facet normal -0 0 -1
    outer loop
      vertex 23.8228 22.7911 0
      vertex 16.1 15 0
      vertex 23.7112 22.8077 0
    endloop
  endfacet
  facet normal -0 0 -1
    outer loop
      vertex 23.7112 22.8077 0
      vertex 16.1 15 0
      vertex 23.6017 22.8351 0
    endloop
  endfacet
  facet normal 0 0 -1
    outer loop
      vertex 16.1 15 0
      vertex 23.9252 4.63009 0
      vertex 23.4833 4.36522 0
    endloop
  endfacet
  facet normal -0 0 -1
    outer loop
      vertex 23.6017 22.8351 0
      vertex 16.1 15 0
      vertex 23.4955 22.8731 0
    endloop
  endfacet
  facet normal -0 0 -1
    outer loop
      vertex 23.4955 22.8731 0
      vertex 16.1 15 0
      vertex 23.3935 22.9214 0
    endloop
  endfacet
  facet normal -0 0 -1
    outer loop
      vertex 23.3935 22.9214 0
      vertex 16.1 15 0
      vertex 23.2967 22.9794 0
    endloop
  endfacet
  facet normal 0 0 -1
    outer loop
      vertex 16.1 15 0
      vertex 23.4833 4.36522 0
      vertex 23.0694 4.0583 0
    endloop
  endfacet
  facet normal -0 0 -1
    outer loop
      vertex 23.2967 22.9794 0
      vertex 16.1 15 0
      vertex 23.206 23.0466 0
    endloop
  endfacet
  facet normal 0 0 -1
    outer loop
      vertex 16.1 15 0
      vertex 23.0694 4.0583 0
      vertex 22.6877 3.71231 0
    endloop
  endfacet
  facet normal -0 0 -1
    outer loop
      vertex 23.206 23.0466 0
      vertex 16.1 15 0
      vertex 23.1224 23.1224 0
    endloop
  endfacet
  facet normal 0 0 -1
    outer loop
      vertex 16.1 15 0
      vertex 22.6877 3.71231 0
      vertex 22.3417 3.33056 0
    endloop
  endfacet
  facet normal -0 0 -1
    outer loop
      vertex 23.1224 23.1224 0
      vertex 16.1 15 0
      vertex 23.0466 23.206 0
    endloop
  endfacet
  facet normal 0 0 -1
    outer loop
      vertex 16.1 15 0
      vertex 22.3417 3.33056 0
      vertex 22.0348 2.91674 0
    endloop
  endfacet
  facet normal -0 0 -1
    outer loop
      vertex 23.0466 23.206 0
      vertex 16.1 15 0
      vertex 22.9794 23.2967 0
    endloop
  endfacet
  facet normal -0 0 -1
    outer loop
      vertex 22.9794 23.2967 0
      vertex 16.1 15 0
      vertex 22.9214 23.3935 0
    endloop
  endfacet
  facet normal 0 0 -1
    outer loop
      vertex 16.1 15 0
      vertex 22.0348 2.91674 0
      vertex 21.7699 2.47483 0
    endloop
  endfacet
  facet normal -0 0 -1
    outer loop
      vertex 22.9214 23.3935 0
      vertex 16.1 15 0
      vertex 22.8731 23.4955 0
    endloop
  endfacet
  facet normal 0 0 -1
    outer loop
      vertex 31.5491 -1.02422 0
      vertex 36.4 0 0
      vertex 36.2247 -3.56782 0
    endloop
  endfacet
  facet normal 0 0 -1
    outer loop
      vertex 30.7652 -2.91674 0
      vertex 36.2247 -3.56782 0
      vertex 35.7006 -7.10129 0
    endloop
  endfacet
  facet normal 0 0 -1
    outer loop
      vertex 36.4 0 0
      vertex 31.5491 -1.02422 0
      vertex 31.6247 -0.514589 0
    endloop
  endfacet
  facet normal 0 0 -1
    outer loop
      vertex 29.3167 -4.36522 0
      vertex 35.7006 -7.10129 0
      vertex 34.8326 -10.5664 0
    endloop
  endfacet
  facet normal 0 0 -1
    outer loop
      vertex 31.6247 0.514589 0
      vertex 36.4 0 0
      vertex 31.65 0 0
    endloop
  endfacet
  facet normal 0 0 -1
    outer loop
      vertex 27.924 -5.02394 0
      vertex 34.8326 -10.5664 0
      vertex 33.6292 -13.9297 0
    endloop
  endfacet
  facet normal 0 0 -1
    outer loop
      vertex 31.5491 1.02422 0
      vertex 36.4 0 0
      vertex 31.6247 0.514589 0
    endloop
  endfacet
  facet normal 0 0 -1
    outer loop
      vertex 26.4 -5.25 0
      vertex 33.6292 -13.9297 0
      vertex 32.1019 -17.1588 0
    endloop
  endfacet
  facet normal 0 0 -1
    outer loop
      vertex 36.4 0 0
      vertex 31.5491 1.02422 0
      vertex 36.2247 3.56782 0
    endloop
  endfacet
  facet normal 0 0 -1
    outer loop
      vertex 31.2504 2.00909 0
      vertex 36.2247 3.56782 0
      vertex 31.4239 1.52399 0
    endloop
  endfacet
  facet normal 0 0 -1
    outer loop
      vertex 31.4239 1.52399 0
      vertex 36.2247 3.56782 0
      vertex 31.5491 1.02422 0
    endloop
  endfacet
  facet normal -0 0 -1
    outer loop
      vertex 36.4 0 0
      vertex 31.6247 -0.514589 0
      vertex 31.65 0 0
    endloop
  endfacet
  facet normal 0 0 -1
    outer loop
      vertex 36.2247 -3.56782 0
      vertex 31.4239 -1.52399 0
      vertex 31.5491 -1.02422 0
    endloop
  endfacet
  facet normal 0 0 -1
    outer loop
      vertex 36.2247 -3.56782 0
      vertex 31.2504 -2.00909 0
      vertex 31.4239 -1.52399 0
    endloop
  endfacet
  facet normal 0 0 -1
    outer loop
      vertex 36.2247 -3.56782 0
      vertex 31.0301 -2.47483 0
      vertex 31.2504 -2.00909 0
    endloop
  endfacet
  facet normal 0 0 -1
    outer loop
      vertex 36.2247 -3.56782 0
      vertex 30.7652 -2.91674 0
      vertex 31.0301 -2.47483 0
    endloop
  endfacet
  facet normal 0 0 -1
    outer loop
      vertex 35.7006 -7.10129 0
      vertex 30.4583 -3.33056 0
      vertex 30.7652 -2.91674 0
    endloop
  endfacet
  facet normal 0 0 -1
    outer loop
      vertex 23.9356 -22.7856 0
      vertex 32.1019 -17.1588 0
      vertex 30.2655 -20.2228 0
    endloop
  endfacet
  facet normal 0 0 -1
    outer loop
      vertex 35.7006 -7.10129 0
      vertex 30.1123 -3.71231 0
      vertex 30.4583 -3.33056 0
    endloop
  endfacet
  facet normal 0 0 -1
    outer loop
      vertex 35.7006 -7.10129 0
      vertex 29.7306 -4.0583 0
      vertex 30.1123 -3.71231 0
    endloop
  endfacet
  facet normal 0 0 -1
    outer loop
      vertex 35.7006 -7.10129 0
      vertex 29.3167 -4.36522 0
      vertex 29.7306 -4.0583 0
    endloop
  endfacet
  facet normal 0 0 -1
    outer loop
      vertex 34.8326 -10.5664 0
      vertex 28.8748 -4.63009 0
      vertex 29.3167 -4.36522 0
    endloop
  endfacet
  facet normal 0 0 -1
    outer loop
      vertex 34.8326 -10.5664 0
      vertex 28.4091 -4.85037 0
      vertex 28.8748 -4.63009 0
    endloop
  endfacet
  facet normal 0 0 -1
    outer loop
      vertex 24.4777 -22.9214 0
      vertex 30.2655 -20.2228 0
      vertex 28.1376 -23.0919 0
    endloop
  endfacet
  facet normal 0 0 -1
    outer loop
      vertex 34.8326 -10.5664 0
      vertex 27.924 -5.02394 0
      vertex 28.4091 -4.85037 0
    endloop
  endfacet
  facet normal 0 0 -1
    outer loop
      vertex 33.6292 -13.9297 0
      vertex 27.4242 -5.14912 0
      vertex 27.924 -5.02394 0
    endloop
  endfacet
  facet normal 0 0 -1
    outer loop
      vertex 33.6292 -13.9297 0
      vertex 26.9146 -5.22472 0
      vertex 27.4242 -5.14912 0
    endloop
  endfacet
  facet normal 0 0 -1
    outer loop
      vertex 33.6292 -13.9297 0
      vertex 26.4 -5.25 0
      vertex 26.9146 -5.22472 0
    endloop
  endfacet
  facet normal 0 0 -1
    outer loop
      vertex 24.1599 -22.8077 0
      vertex 30.2655 -20.2228 0
      vertex 24.2694 -22.8351 0
    endloop
  endfacet
  facet normal 0 0 -1
    outer loop
      vertex 25.08 -24.0483 0
      vertex 28.1376 -23.0919 0
      vertex 25.7387 -25.7387 0
    endloop
  endfacet
  facet normal 0 0 -1
    outer loop
      vertex 24.998 -23.4955 0
      vertex 28.1376 -23.0919 0
      vertex 25.036 -23.6017 0
    endloop
  endfacet
  facet normal 0 0 -1
    outer loop
      vertex 28.1376 -23.0919 0
      vertex 25.0856 -23.9356 0
      vertex 25.08 -23.8228 0
    endloop
  endfacet
  facet normal 0 0 -1
    outer loop
      vertex 28.1376 -23.0919 0
      vertex 25.08 -24.0483 0
      vertex 25.0856 -23.9356 0
    endloop
  endfacet
  facet normal 0 0 -1
    outer loop
      vertex 25.7387 -25.7387 0
      vertex 25.0635 -24.1599 0
      vertex 25.08 -24.0483 0
    endloop
  endfacet
  facet normal 0 0 -1
    outer loop
      vertex 25.7387 -25.7387 0
      vertex 25.036 -24.2694 0
      vertex 25.0635 -24.1599 0
    endloop
  endfacet
  facet normal 0 0 -1
    outer loop
      vertex 25.7387 -25.7387 0
      vertex 24.998 -24.3757 0
      vertex 25.036 -24.2694 0
    endloop
  endfacet
  facet normal 0 0 -1
    outer loop
      vertex 25.7387 -25.7387 0
      vertex 24.9498 -24.4777 0
      vertex 24.998 -24.3757 0
    endloop
  endfacet
  facet normal 0 0 -1
    outer loop
      vertex 25.7387 -25.7387 0
      vertex 24.8918 -24.5745 0
      vertex 24.9498 -24.4777 0
    endloop
  endfacet
  facet normal 0 0 -1
    outer loop
      vertex 25.7387 -25.7387 0
      vertex 24.8245 -24.6651 0
      vertex 24.8918 -24.5745 0
    endloop
  endfacet
  facet normal 0 0 -1
    outer loop
      vertex 25.7387 -25.7387 0
      vertex 24.7487 -24.7487 0
      vertex 24.8245 -24.6651 0
    endloop
  endfacet
  facet normal 0 0 -1
    outer loop
      vertex 25.7387 -25.7387 0
      vertex 24.6651 -24.8245 0
      vertex 24.7487 -24.7487 0
    endloop
  endfacet
  facet normal 0 0 -1
    outer loop
      vertex 25.7387 -25.7387 0
      vertex 24.5745 -24.8918 0
      vertex 24.6651 -24.8245 0
    endloop
  endfacet
  facet normal 0 0 -1
    outer loop
      vertex 25.7387 -25.7387 0
      vertex 24.4777 -24.9498 0
      vertex 24.5745 -24.8918 0
    endloop
  endfacet
  facet normal 0 0 -1
    outer loop
      vertex 25.7387 -25.7387 0
      vertex 24.3757 -24.998 0
      vertex 24.4777 -24.9498 0
    endloop
  endfacet
  facet normal 0 0 -1
    outer loop
      vertex 25.7387 -25.7387 0
      vertex 24.2694 -25.036 0
      vertex 24.3757 -24.998 0
    endloop
  endfacet
  facet normal 0 0 -1
    outer loop
      vertex 25.7387 -25.7387 0
      vertex 24.1599 -25.0635 0
      vertex 24.2694 -25.036 0
    endloop
  endfacet
  facet normal 0 0 -1
    outer loop
      vertex 25.7387 -25.7387 0
      vertex 24.0483 -25.08 0
      vertex 24.1599 -25.0635 0
    endloop
  endfacet
  facet normal 0 0 -1
    outer loop
      vertex 23.0919 -28.1376 0
      vertex 24.0483 -25.08 0
      vertex 25.7387 -25.7387 0
    endloop
  endfacet
  facet normal 0 0 -1
    outer loop
      vertex 24.0483 -25.08 0
      vertex 23.0919 -28.1376 0
      vertex 23.9356 -25.0856 0
    endloop
  endfacet
  facet normal -0 0 -1
    outer loop
      vertex 23.9356 -25.0856 0
      vertex 23.0919 -28.1376 0
      vertex 23.8228 -25.08 0
    endloop
  endfacet
  facet normal -0 0 -1
    outer loop
      vertex 23.8228 -25.08 0
      vertex 23.0919 -28.1376 0
      vertex 23.7112 -25.0635 0
    endloop
  endfacet
  facet normal -0 0 -1
    outer loop
      vertex 23.7112 -25.0635 0
      vertex 23.0919 -28.1376 0
      vertex 23.6017 -25.036 0
    endloop
  endfacet
  facet normal 0 0 -1
    outer loop
      vertex 23.0919 -28.1376 0
      vertex 23.4955 -24.998 0
      vertex 23.6017 -25.036 0
    endloop
  endfacet
  facet normal 0 0 -1
    outer loop
      vertex 23.0919 -28.1376 0
      vertex 23.3935 -24.9498 0
      vertex 23.4955 -24.998 0
    endloop
  endfacet
  facet normal 0 0 -1
    outer loop
      vertex 23.0919 -28.1376 0
      vertex 23.2967 -24.8918 0
      vertex 23.3935 -24.9498 0
    endloop
  endfacet
  facet normal 0 0 -1
    outer loop
      vertex 23.0919 -28.1376 0
      vertex 23.206 -24.8245 0
      vertex 23.2967 -24.8918 0
    endloop
  endfacet
  facet normal 0 0 -1
    outer loop
      vertex 23.0919 -28.1376 0
      vertex 23.1224 -24.7487 0
      vertex 23.206 -24.8245 0
    endloop
  endfacet
  facet normal 0 0 -1
    outer loop
      vertex 23.0919 -28.1376 0
      vertex 23.0466 -24.6651 0
      vertex 23.1224 -24.7487 0
    endloop
  endfacet
  facet normal 0 0 -1
    outer loop
      vertex 23.0919 -28.1376 0
      vertex 22.9794 -24.5745 0
      vertex 23.0466 -24.6651 0
    endloop
  endfacet
  facet normal 0 0 -1
    outer loop
      vertex 23.0919 -28.1376 0
      vertex 22.9214 -24.4777 0
      vertex 22.9794 -24.5745 0
    endloop
  endfacet
  facet normal 0 0 -1
    outer loop
      vertex 20.2228 -30.2655 0
      vertex 22.9214 -24.4777 0
      vertex 23.0919 -28.1376 0
    endloop
  endfacet
  facet normal -0 0 -1
    outer loop
      vertex 22.9214 -24.4777 0
      vertex 20.2228 -30.2655 0
      vertex 22.8731 -24.3757 0
    endloop
  endfacet
  facet normal -0 0 -1
    outer loop
      vertex 22.8731 -24.3757 0
      vertex 20.2228 -30.2655 0
      vertex 22.8351 -24.2694 0
    endloop
  endfacet
  facet normal -0 0 -1
    outer loop
      vertex 22.8351 -24.2694 0
      vertex 20.2228 -30.2655 0
      vertex 22.8077 -24.1599 0
    endloop
  endfacet
  facet normal 0 0 -1
    outer loop
      vertex 23.0466 -23.206 0
      vertex 22.3417 -3.33056 0
      vertex 22.6877 -3.71231 0
    endloop
  endfacet
  facet normal 0 0 -1
    outer loop
      vertex 22.7911 -23.8228 0
      vertex 16.1 -15 0
      vertex 22.3417 -3.33056 0
    endloop
  endfacet
  facet normal -0 0 -1
    outer loop
      vertex 22.3417 -3.33056 0
      vertex 16.1 -15 0
      vertex 22.0348 -2.91674 0
    endloop
  endfacet
  facet normal -0 0 -1
    outer loop
      vertex 22.0348 -2.91674 0
      vertex 16.1 -15 0
      vertex 21.7699 -2.47483 0
    endloop
  endfacet
  facet normal 0 0 -1
    outer loop
      vertex 20.2228 -30.2655 0
      vertex 22.7856 -23.9356 0
      vertex 22.7911 -24.0483 0
    endloop
  endfacet
  facet normal -0 0 -1
    outer loop
      vertex 21.7699 -2.47483 0
      vertex 16.1 -15 0
      vertex 21.5496 -2.00909 0
    endloop
  endfacet
  facet normal -0 0 -1
    outer loop
      vertex 21.5496 -2.00909 0
      vertex 16.1 -15 0
      vertex 21.3761 -1.52399 0
    endloop
  endfacet
  facet normal -0 0 -1
    outer loop
      vertex 21.3761 -1.52399 0
      vertex 16.1 -15 0
      vertex 21.2509 -1.02422 0
    endloop
  endfacet
  facet normal -0 0 -1
    outer loop
      vertex 21.2509 -1.02422 0
      vertex 16.1 -15 0
      vertex 21.1753 -0.514589 0
    endloop
  endfacet
  facet normal 0 0 -1
    outer loop
      vertex 17.1588 -32.1019 0
      vertex 22.7856 -23.9356 0
      vertex 20.2228 -30.2655 0
    endloop
  endfacet
  facet normal -0 0 -1
    outer loop
      vertex 22.8077 -24.1599 0
      vertex 20.2228 -30.2655 0
      vertex 22.7911 -24.0483 0
    endloop
  endfacet
  facet normal 0 0 -1
    outer loop
      vertex 31.0301 2.47483 0
      vertex 36.2247 3.56782 0
      vertex 31.2504 2.00909 0
    endloop
  endfacet
  facet normal 0 0 -1
    outer loop
      vertex 30.7652 2.91674 0
      vertex 36.2247 3.56782 0
      vertex 31.0301 2.47483 0
    endloop
  endfacet
  facet normal -0 0 -1
    outer loop
      vertex 36.2247 3.56782 0
      vertex 30.7652 2.91674 0
      vertex 35.7006 7.10129 0
    endloop
  endfacet
  facet normal 0 0 -1
    outer loop
      vertex 30.4583 3.33056 0
      vertex 35.7006 7.10129 0
      vertex 30.7652 2.91674 0
    endloop
  endfacet
  facet normal 0 0 -1
    outer loop
      vertex 30.1123 3.71231 0
      vertex 35.7006 7.10129 0
      vertex 30.4583 3.33056 0
    endloop
  endfacet
  facet normal 0 0 -1
    outer loop
      vertex 29.7306 4.0583 0
      vertex 35.7006 7.10129 0
      vertex 30.1123 3.71231 0
    endloop
  endfacet
  facet normal 0 0 -1
    outer loop
      vertex 29.3167 4.36522 0
      vertex 35.7006 7.10129 0
      vertex 29.7306 4.0583 0
    endloop
  endfacet
  facet normal -0 0 -1
    outer loop
      vertex 35.7006 7.10129 0
      vertex 29.3167 4.36522 0
      vertex 34.8326 10.5664 0
    endloop
  endfacet
  facet normal 0 0 -1
    outer loop
      vertex 28.8748 4.63009 0
      vertex 34.8326 10.5664 0
      vertex 29.3167 4.36522 0
    endloop
  endfacet
  facet normal 0 0 -1
    outer loop
      vertex 28.4091 4.85037 0
      vertex 34.8326 10.5664 0
      vertex 28.8748 4.63009 0
    endloop
  endfacet
  facet normal 0 0 -1
    outer loop
      vertex 27.924 5.02394 0
      vertex 34.8326 10.5664 0
      vertex 28.4091 4.85037 0
    endloop
  endfacet
  facet normal -0 0 -1
    outer loop
      vertex 34.8326 10.5664 0
      vertex 27.924 5.02394 0
      vertex 33.6292 13.9297 0
    endloop
  endfacet
  facet normal 0 0 -1
    outer loop
      vertex 27.4242 5.14912 0
      vertex 33.6292 13.9297 0
      vertex 27.924 5.02394 0
    endloop
  endfacet
  facet normal 0 0 -1
    outer loop
      vertex 26.9146 5.22472 0
      vertex 33.6292 13.9297 0
      vertex 27.4242 5.14912 0
    endloop
  endfacet
  facet normal 0 0 -1
    outer loop
      vertex 26.4 5.25 0
      vertex 33.6292 13.9297 0
      vertex 26.9146 5.22472 0
    endloop
  endfacet
  facet normal -0 0 -1
    outer loop
      vertex 33.6292 13.9297 0
      vertex 26.4 5.25 0
      vertex 32.1019 17.1588 0
    endloop
  endfacet
  facet normal 0 0 -1
    outer loop
      vertex 25.8854 5.22472 0
      vertex 32.1019 17.1588 0
      vertex 26.4 5.25 0
    endloop
  endfacet
  facet normal 0 0 -1
    outer loop
      vertex 25.3758 5.14912 0
      vertex 32.1019 17.1588 0
      vertex 25.8854 5.22472 0
    endloop
  endfacet
  facet normal 0 0 -1
    outer loop
      vertex 16.1 15 0
      vertex 32.1019 17.1588 0
      vertex 25.3758 5.14912 0
    endloop
  endfacet
  facet normal 0 0 -1
    outer loop
      vertex 32.1019 17.1588 0
      vertex 23.9356 22.7856 0
      vertex 30.2655 20.2228 0
    endloop
  endfacet
  facet normal 0 0 -1
    outer loop
      vertex 25.08 23.8228 0
      vertex 28.1376 23.0919 0
      vertex 30.2655 20.2228 0
    endloop
  endfacet
  facet normal 0 0 -1
    outer loop
      vertex 25.08 24.0483 0
      vertex 28.1376 23.0919 0
      vertex 25.0856 23.9356 0
    endloop
  endfacet
  facet normal 0 0 -1
    outer loop
      vertex 28.1376 23.0919 0
      vertex 25.08 24.0483 0
      vertex 25.7387 25.7387 0
    endloop
  endfacet
  facet normal 0 0 -1
    outer loop
      vertex 25.0635 24.1599 0
      vertex 25.7387 25.7387 0
      vertex 25.08 24.0483 0
    endloop
  endfacet
  facet normal 0 0 -1
    outer loop
      vertex 25.036 24.2694 0
      vertex 25.7387 25.7387 0
      vertex 25.0635 24.1599 0
    endloop
  endfacet
  facet normal 0 0 -1
    outer loop
      vertex 24.998 24.3757 0
      vertex 25.7387 25.7387 0
      vertex 25.036 24.2694 0
    endloop
  endfacet
  facet normal 0 0 -1
    outer loop
      vertex 24.9498 24.4777 0
      vertex 25.7387 25.7387 0
      vertex 24.998 24.3757 0
    endloop
  endfacet
  facet normal 0 0 -1
    outer loop
      vertex 24.8918 24.5745 0
      vertex 25.7387 25.7387 0
      vertex 24.9498 24.4777 0
    endloop
  endfacet
  facet normal 0 0 -1
    outer loop
      vertex 24.8245 24.6651 0
      vertex 25.7387 25.7387 0
      vertex 24.8918 24.5745 0
    endloop
  endfacet
  facet normal 0 0 -1
    outer loop
      vertex 24.7487 24.7487 0
      vertex 25.7387 25.7387 0
      vertex 24.8245 24.6651 0
    endloop
  endfacet
  facet normal 0 0 -1
    outer loop
      vertex 24.6651 24.8245 0
      vertex 25.7387 25.7387 0
      vertex 24.7487 24.7487 0
    endloop
  endfacet
  facet normal 0 0 -1
    outer loop
      vertex 24.5745 24.8918 0
      vertex 25.7387 25.7387 0
      vertex 24.6651 24.8245 0
    endloop
  endfacet
  facet normal 0 0 -1
    outer loop
      vertex 24.4777 24.9498 0
      vertex 25.7387 25.7387 0
      vertex 24.5745 24.8918 0
    endloop
  endfacet
  facet normal 0 0 -1
    outer loop
      vertex 24.3757 24.998 0
      vertex 25.7387 25.7387 0
      vertex 24.4777 24.9498 0
    endloop
  endfacet
  facet normal 0 0 -1
    outer loop
      vertex 24.2694 25.036 0
      vertex 25.7387 25.7387 0
      vertex 24.3757 24.998 0
    endloop
  endfacet
  facet normal 0 0 -1
    outer loop
      vertex 24.1599 25.0635 0
      vertex 25.7387 25.7387 0
      vertex 24.2694 25.036 0
    endloop
  endfacet
  facet normal 0 0 -1
    outer loop
      vertex 24.0483 25.08 0
      vertex 25.7387 25.7387 0
      vertex 24.1599 25.0635 0
    endloop
  endfacet
  facet normal 0 0 -1
    outer loop
      vertex 23.0919 28.1376 0
      vertex 24.0483 25.08 0
      vertex 23.9356 25.0856 0
    endloop
  endfacet
  facet normal 0 0 -1
    outer loop
      vertex 23.0919 28.1376 0
      vertex 23.9356 25.0856 0
      vertex 23.8228 25.08 0
    endloop
  endfacet
  facet normal 0 0 -1
    outer loop
      vertex 23.0919 28.1376 0
      vertex 23.8228 25.08 0
      vertex 23.7112 25.0635 0
    endloop
  endfacet
  facet normal 0 0 -1
    outer loop
      vertex 23.0919 28.1376 0
      vertex 23.7112 25.0635 0
      vertex 23.6017 25.036 0
    endloop
  endfacet
  facet normal 0 0 -1
    outer loop
      vertex 24.0483 25.08 0
      vertex 23.0919 28.1376 0
      vertex 25.7387 25.7387 0
    endloop
  endfacet
  facet normal 0 0 -1
    outer loop
      vertex 23.4955 24.998 0
      vertex 23.0919 28.1376 0
      vertex 23.6017 25.036 0
    endloop
  endfacet
  facet normal 0 0 -1
    outer loop
      vertex 23.3935 24.9498 0
      vertex 23.0919 28.1376 0
      vertex 23.4955 24.998 0
    endloop
  endfacet
  facet normal 0 0 -1
    outer loop
      vertex 23.2967 24.8918 0
      vertex 23.0919 28.1376 0
      vertex 23.3935 24.9498 0
    endloop
  endfacet
  facet normal 0 0 -1
    outer loop
      vertex 23.206 24.8245 0
      vertex 23.0919 28.1376 0
      vertex 23.2967 24.8918 0
    endloop
  endfacet
  facet normal 0 0 -1
    outer loop
      vertex 23.1224 24.7487 0
      vertex 23.0919 28.1376 0
      vertex 23.206 24.8245 0
    endloop
  endfacet
  facet normal 0 0 -1
    outer loop
      vertex 23.0466 24.6651 0
      vertex 23.0919 28.1376 0
      vertex 23.1224 24.7487 0
    endloop
  endfacet
  facet normal 0 0 -1
    outer loop
      vertex 22.9794 24.5745 0
      vertex 23.0919 28.1376 0
      vertex 23.0466 24.6651 0
    endloop
  endfacet
  facet normal 0 0 -1
    outer loop
      vertex 22.9214 24.4777 0
      vertex 23.0919 28.1376 0
      vertex 22.9794 24.5745 0
    endloop
  endfacet
  facet normal 0 0 -1
    outer loop
      vertex 20.2228 30.2655 0
      vertex 22.9214 24.4777 0
      vertex 22.8731 24.3757 0
    endloop
  endfacet
  facet normal 0 0 -1
    outer loop
      vertex 20.2228 30.2655 0
      vertex 22.8731 24.3757 0
      vertex 22.8351 24.2694 0
    endloop
  endfacet
  facet normal 0 0 -1
    outer loop
      vertex 20.2228 30.2655 0
      vertex 22.8351 24.2694 0
      vertex 22.8077 24.1599 0
    endloop
  endfacet
  facet normal 0 0 -1
    outer loop
      vertex 20.2228 30.2655 0
      vertex 22.8077 24.1599 0
      vertex 22.7911 24.0483 0
    endloop
  endfacet
  facet normal 0 0 -1
    outer loop
      vertex 16.1 15 0
      vertex 22.8351 23.6017 0
      vertex 22.8731 23.4955 0
    endloop
  endfacet
  facet normal 0 0 -1
    outer loop
      vertex 16.1 15 0
      vertex 22.8077 23.7112 0
      vertex 22.8351 23.6017 0
    endloop
  endfacet
  facet normal 0 0 -1
    outer loop
      vertex 16.1 15 0
      vertex 22.7911 23.8228 0
      vertex 22.8077 23.7112 0
    endloop
  endfacet
  facet normal 0 0 -1
    outer loop
      vertex 16.1 15 0
      vertex 21.7699 2.47483 0
      vertex 21.5496 2.00909 0
    endloop
  endfacet
  facet normal 0 0 -1
    outer loop
      vertex 13.9 15 0
      vertex 22.7911 23.8228 0
      vertex 16.1 15 0
    endloop
  endfacet
  facet normal 0 0 -1
    outer loop
      vertex 16.1 15 0
      vertex 21.5496 2.00909 0
      vertex 21.3761 1.52399 0
    endloop
  endfacet
  facet normal 0 0 -1
    outer loop
      vertex 16.1 15 0
      vertex 21.3761 1.52399 0
      vertex 21.2509 1.02422 0
    endloop
  endfacet
  facet normal 0 0 -1
    outer loop
      vertex 21.15 0 0
      vertex 16.1 15 0
      vertex 21.1753 0.514589 0
    endloop
  endfacet
  facet normal 0 0 -1
    outer loop
      vertex 22.9214 24.4777 0
      vertex 20.2228 30.2655 0
      vertex 23.0919 28.1376 0
    endloop
  endfacet
  facet normal -0 -0 -1
    outer loop
      vertex 20.2228 30.2655 0
      vertex 22.7856 23.9356 0
      vertex 17.1588 32.1019 0
    endloop
  endfacet
  facet normal 0 0 -1
    outer loop
      vertex 16.1 15 0
      vertex 21.15 0 0
      vertex 16.1 -15 0
    endloop
  endfacet
  facet normal -0 0 -1
    outer loop
      vertex 21.1753 -0.514589 0
      vertex 16.1 -15 0
      vertex 21.15 0 0
    endloop
  endfacet
  facet normal -0 0 -1
    outer loop
      vertex 22.7856 -23.9356 0
      vertex 17.1588 -32.1019 0
      vertex 13.9 -15 0
    endloop
  endfacet
  facet normal 0 0 -1
    outer loop
      vertex 21.1753 0.514589 0
      vertex 16.1 15 0
      vertex 21.2509 1.02422 0
    endloop
  endfacet
  facet normal 0 0 -1
    outer loop
      vertex 22.7856 23.9356 0
      vertex 20.2228 30.2655 0
      vertex 22.7911 24.0483 0
    endloop
  endfacet
  facet normal 0 0 -1
    outer loop
      vertex 5.22472 -25.8854 0
      vertex 17.1588 -32.1019 0
      vertex 13.9297 -33.6292 0
    endloop
  endfacet
  facet normal 0 0 -1
    outer loop
      vertex 22.7911 -23.8228 0
      vertex 13.9 -15 0
      vertex 16.1 -15 0
    endloop
  endfacet
  facet normal 0 0 -1
    outer loop
      vertex 5.14912 -25.3758 0
      vertex 17.1588 -32.1019 0
      vertex 5.22472 -25.8854 0
    endloop
  endfacet
  facet normal 0 0 -1
    outer loop
      vertex 5.22472 -25.8854 0
      vertex 13.9297 -33.6292 0
      vertex 10.5664 -34.8326 0
    endloop
  endfacet
  facet normal 0 0 -1
    outer loop
      vertex 28.1376 -23.0919 0
      vertex 25.08 -23.8228 0
      vertex 25.0635 -23.7112 0
    endloop
  endfacet
  facet normal 0 0 -1
    outer loop
      vertex 28.1376 -23.0919 0
      vertex 25.0635 -23.7112 0
      vertex 25.036 -23.6017 0
    endloop
  endfacet
  facet normal 0 0 -1
    outer loop
      vertex 24.9498 -23.3935 0
      vertex 28.1376 -23.0919 0
      vertex 24.998 -23.4955 0
    endloop
  endfacet
  facet normal 0 0 -1
    outer loop
      vertex 24.8918 -23.2967 0
      vertex 28.1376 -23.0919 0
      vertex 24.9498 -23.3935 0
    endloop
  endfacet
  facet normal 0 0 -1
    outer loop
      vertex 24.8245 -23.206 0
      vertex 28.1376 -23.0919 0
      vertex 24.8918 -23.2967 0
    endloop
  endfacet
  facet normal 0 0 -1
    outer loop
      vertex 24.7487 -23.1224 0
      vertex 28.1376 -23.0919 0
      vertex 24.8245 -23.206 0
    endloop
  endfacet
  facet normal 0 0 -1
    outer loop
      vertex 24.6651 -23.0466 0
      vertex 28.1376 -23.0919 0
      vertex 24.7487 -23.1224 0
    endloop
  endfacet
  facet normal 0 0 -1
    outer loop
      vertex 24.5745 -22.9794 0
      vertex 28.1376 -23.0919 0
      vertex 24.6651 -23.0466 0
    endloop
  endfacet
  facet normal 0 0 -1
    outer loop
      vertex 24.4777 -22.9214 0
      vertex 28.1376 -23.0919 0
      vertex 24.5745 -22.9794 0
    endloop
  endfacet
  facet normal 0 0 -1
    outer loop
      vertex 30.2655 -20.2228 0
      vertex 24.4777 -22.9214 0
      vertex 24.3757 -22.8731 0
    endloop
  endfacet
  facet normal 0 0 -1
    outer loop
      vertex 30.2655 -20.2228 0
      vertex 24.3757 -22.8731 0
      vertex 24.2694 -22.8351 0
    endloop
  endfacet
  facet normal 0 0 -1
    outer loop
      vertex 24.0483 -22.7911 0
      vertex 30.2655 -20.2228 0
      vertex 24.1599 -22.8077 0
    endloop
  endfacet
  facet normal 0 0 -1
    outer loop
      vertex 32.1019 -17.1588 0
      vertex 25.8854 -5.22472 0
      vertex 26.4 -5.25 0
    endloop
  endfacet
  facet normal 0 0 -1
    outer loop
      vertex 23.9356 -22.7856 0
      vertex 30.2655 -20.2228 0
      vertex 24.0483 -22.7911 0
    endloop
  endfacet
  facet normal -0 0 -1
    outer loop
      vertex 32.1019 -17.1588 0
      vertex 23.9356 -22.7856 0
      vertex 25.3758 -5.14912 0
    endloop
  endfacet
  facet normal 0 0 -1
    outer loop
      vertex 32.1019 -17.1588 0
      vertex 25.3758 -5.14912 0
      vertex 25.8854 -5.22472 0
    endloop
  endfacet
  facet normal 0 0 -1
    outer loop
      vertex 23.8228 -22.7911 0
      vertex 25.3758 -5.14912 0
      vertex 23.9356 -22.7856 0
    endloop
  endfacet
  facet normal -0 0 -1
    outer loop
      vertex 25.3758 -5.14912 0
      vertex 23.8228 -22.7911 0
      vertex 24.876 -5.02394 0
    endloop
  endfacet
  facet normal 0 0 -1
    outer loop
      vertex 23.7112 -22.8077 0
      vertex 24.876 -5.02394 0
      vertex 23.8228 -22.7911 0
    endloop
  endfacet
  facet normal -0 0 -1
    outer loop
      vertex 24.876 -5.02394 0
      vertex 23.7112 -22.8077 0
      vertex 24.3909 -4.85037 0
    endloop
  endfacet
  facet normal 0 0 -1
    outer loop
      vertex 23.6017 -22.8351 0
      vertex 24.3909 -4.85037 0
      vertex 23.7112 -22.8077 0
    endloop
  endfacet
  facet normal 0 0 -1
    outer loop
      vertex 23.4955 -22.8731 0
      vertex 24.3909 -4.85037 0
      vertex 23.6017 -22.8351 0
    endloop
  endfacet
  facet normal -0 0 -1
    outer loop
      vertex 24.3909 -4.85037 0
      vertex 23.4955 -22.8731 0
      vertex 23.9252 -4.63009 0
    endloop
  endfacet
  facet normal 0 0 -1
    outer loop
      vertex 23.3935 -22.9214 0
      vertex 23.9252 -4.63009 0
      vertex 23.4955 -22.8731 0
    endloop
  endfacet
  facet normal -0 0 -1
    outer loop
      vertex 23.9252 -4.63009 0
      vertex 23.3935 -22.9214 0
      vertex 23.4833 -4.36522 0
    endloop
  endfacet
  facet normal 0 0 -1
    outer loop
      vertex 23.2967 -22.9794 0
      vertex 23.4833 -4.36522 0
      vertex 23.3935 -22.9214 0
    endloop
  endfacet
  facet normal 0 0 -1
    outer loop
      vertex 23.206 -23.0466 0
      vertex 23.4833 -4.36522 0
      vertex 23.2967 -22.9794 0
    endloop
  endfacet
  facet normal 0 0 -1
    outer loop
      vertex 23.0694 -4.0583 0
      vertex 23.206 -23.0466 0
      vertex 23.1224 -23.1224 0
    endloop
  endfacet
  facet normal 0 0 -1
    outer loop
      vertex 23.206 -23.0466 0
      vertex 23.0694 -4.0583 0
      vertex 23.4833 -4.36522 0
    endloop
  endfacet
  facet normal 0 0 -1
    outer loop
      vertex 22.6877 -3.71231 0
      vertex 23.1224 -23.1224 0
      vertex 23.0466 -23.206 0
    endloop
  endfacet
  facet normal 0 0 -1
    outer loop
      vertex 22.3417 -3.33056 0
      vertex 23.0466 -23.206 0
      vertex 22.9794 -23.2967 0
    endloop
  endfacet
  facet normal 0 0 -1
    outer loop
      vertex 22.3417 -3.33056 0
      vertex 22.9794 -23.2967 0
      vertex 22.9214 -23.3935 0
    endloop
  endfacet
  facet normal 0 0 -1
    outer loop
      vertex 22.3417 -3.33056 0
      vertex 22.9214 -23.3935 0
      vertex 22.8731 -23.4955 0
    endloop
  endfacet
  facet normal 0 0 -1
    outer loop
      vertex 22.3417 -3.33056 0
      vertex 22.8731 -23.4955 0
      vertex 22.8351 -23.6017 0
    endloop
  endfacet
  facet normal 0 0 -1
    outer loop
      vertex 22.3417 -3.33056 0
      vertex 22.8351 -23.6017 0
      vertex 22.8077 -23.7112 0
    endloop
  endfacet
  facet normal 0 0 -1
    outer loop
      vertex 22.3417 -3.33056 0
      vertex 22.8077 -23.7112 0
      vertex 22.7911 -23.8228 0
    endloop
  endfacet
  facet normal 0 0 -1
    outer loop
      vertex 13.9 -15 0
      vertex 22.7911 -23.8228 0
      vertex 22.7856 -23.9356 0
    endloop
  endfacet
  facet normal 0 0 -1
    outer loop
      vertex 23.1224 -23.1224 0
      vertex 22.6877 -3.71231 0
      vertex 23.0694 -4.0583 0
    endloop
  endfacet
  facet normal 0.803203 -0.595705 0
    outer loop
      vertex 28.1376 -23.0919 2.5
      vertex 30.2655 -20.2228 0
      vertex 30.2655 -20.2228 2.5
    endloop
  endfacet
  facet normal 0.803203 -0.595705 0
    outer loop
      vertex 30.2655 -20.2228 0
      vertex 28.1376 -23.0919 2.5
      vertex 28.1376 -23.0919 0
    endloop
  endfacet
  facet normal 0.671556 -0.740954 0
    outer loop
      vertex 23.0919 -28.1376 0
      vertex 25.7387 -25.7387 2.5
      vertex 23.0919 -28.1376 2.5
    endloop
  endfacet
  facet normal 0.671556 -0.740954 0
    outer loop
      vertex 25.7387 -25.7387 2.5
      vertex 23.0919 -28.1376 0
      vertex 25.7387 -25.7387 0
    endloop
  endfacet
  facet normal 0.595705 -0.803203 0
    outer loop
      vertex 20.2228 -30.2655 0
      vertex 23.0919 -28.1376 2.5
      vertex 20.2228 -30.2655 2.5
    endloop
  endfacet
  facet normal 0.595705 -0.803203 0
    outer loop
      vertex 23.0919 -28.1376 2.5
      vertex 20.2228 -30.2655 0
      vertex 23.0919 -28.1376 0
    endloop
  endfacet
  facet normal -0.514084 -0.85774 0
    outer loop
      vertex -20.2228 -30.2655 0
      vertex -17.1588 -32.1019 2.5
      vertex -20.2228 -30.2655 2.5
    endloop
  endfacet
  facet normal -0.514084 -0.85774 -0
    outer loop
      vertex -17.1588 -32.1019 2.5
      vertex -20.2228 -30.2655 0
      vertex -17.1588 -32.1019 0
    endloop
  endfacet
  facet normal -0.671556 -0.740954 0
    outer loop
      vertex -25.7387 -25.7387 0
      vertex -23.0919 -28.1376 2.5
      vertex -25.7387 -25.7387 2.5
    endloop
  endfacet
  facet normal -0.671556 -0.740954 -0
    outer loop
      vertex -23.0919 -28.1376 2.5
      vertex -25.7387 -25.7387 0
      vertex -23.0919 -28.1376 0
    endloop
  endfacet
  facet normal -0.740954 -0.671556 0
    outer loop
      vertex -25.7387 -25.7387 0
      vertex -28.1376 -23.0919 2.5
      vertex -28.1376 -23.0919 0
    endloop
  endfacet
  facet normal -0.740954 -0.671556 0
    outer loop
      vertex -28.1376 -23.0919 2.5
      vertex -25.7387 -25.7387 0
      vertex -25.7387 -25.7387 2.5
    endloop
  endfacet
  facet normal -0.85774 -0.514084 0
    outer loop
      vertex -30.2655 -20.2228 0
      vertex -32.1019 -17.1588 2.5
      vertex -32.1019 -17.1588 0
    endloop
  endfacet
  facet normal -0.85774 -0.514084 0
    outer loop
      vertex -32.1019 -17.1588 2.5
      vertex -30.2655 -20.2228 0
      vertex -30.2655 -20.2228 2.5
    endloop
  endfacet
  facet normal -0.989178 -0.146719 0
    outer loop
      vertex -35.7006 -7.10129 0
      vertex -36.2247 -3.56782 2.5
      vertex -36.2247 -3.56782 0
    endloop
  endfacet
  facet normal -0.989178 -0.146719 0
    outer loop
      vertex -36.2247 -3.56782 2.5
      vertex -35.7006 -7.10129 0
      vertex -35.7006 -7.10129 2.5
    endloop
  endfacet
  facet normal -0.998795 -0.0490744 0
    outer loop
      vertex -36.2247 -3.56782 0
      vertex -36.4 0 2.5
      vertex -36.4 0 0
    endloop
  endfacet
  facet normal -0.998795 -0.0490744 0
    outer loop
      vertex -36.4 0 2.5
      vertex -36.2247 -3.56782 0
      vertex -36.2247 -3.56782 2.5
    endloop
  endfacet
  facet normal 0.242989 -0.970029 0
    outer loop
      vertex 7.10129 -35.7006 0
      vertex 10.5664 -34.8326 2.5
      vertex 7.10129 -35.7006 2.5
    endloop
  endfacet
  facet normal 0.242989 -0.970029 0
    outer loop
      vertex 10.5664 -34.8326 2.5
      vertex 7.10129 -35.7006 0
      vertex 10.5664 -34.8326 0
    endloop
  endfacet
  facet normal 0.146719 -0.989178 0
    outer loop
      vertex 3.56782 -36.2247 0
      vertex 7.10129 -35.7006 2.5
      vertex 3.56782 -36.2247 2.5
    endloop
  endfacet
  facet normal 0.146719 -0.989178 0
    outer loop
      vertex 7.10129 -35.7006 2.5
      vertex 3.56782 -36.2247 0
      vertex 7.10129 -35.7006 0
    endloop
  endfacet
  facet normal -0.336888 -0.941545 0
    outer loop
      vertex -13.9297 -33.6292 0
      vertex -10.5664 -34.8326 2.5
      vertex -13.9297 -33.6292 2.5
    endloop
  endfacet
  facet normal -0.336888 -0.941545 -0
    outer loop
      vertex -10.5664 -34.8326 2.5
      vertex -13.9297 -33.6292 0
      vertex -10.5664 -34.8326 0
    endloop
  endfacet
  facet normal -0.0490744 -0.998795 0
    outer loop
      vertex -3.56782 -36.2247 0
      vertex 0 -36.4 2.5
      vertex -3.56782 -36.2247 2.5
    endloop
  endfacet
  facet normal -0.0490744 -0.998795 -0
    outer loop
      vertex 0 -36.4 2.5
      vertex -3.56782 -36.2247 0
      vertex 0 -36.4 0
    endloop
  endfacet
  facet normal -0.427566 -0.903984 0
    outer loop
      vertex -17.1588 -32.1019 0
      vertex -13.9297 -33.6292 2.5
      vertex -17.1588 -32.1019 2.5
    endloop
  endfacet
  facet normal -0.427566 -0.903984 -0
    outer loop
      vertex -13.9297 -33.6292 2.5
      vertex -17.1588 -32.1019 0
      vertex -13.9297 -33.6292 0
    endloop
  endfacet
  facet normal -0.595705 -0.803203 0
    outer loop
      vertex -23.0919 -28.1376 0
      vertex -20.2228 -30.2655 2.5
      vertex -23.0919 -28.1376 2.5
    endloop
  endfacet
  facet normal -0.595705 -0.803203 -0
    outer loop
      vertex -20.2228 -30.2655 2.5
      vertex -23.0919 -28.1376 0
      vertex -20.2228 -30.2655 0
    endloop
  endfacet
  facet normal -0.242989 -0.970029 0
    outer loop
      vertex -10.5664 -34.8326 0
      vertex -7.10129 -35.7006 2.5
      vertex -10.5664 -34.8326 2.5
    endloop
  endfacet
  facet normal -0.242989 -0.970029 -0
    outer loop
      vertex -7.10129 -35.7006 2.5
      vertex -10.5664 -34.8326 0
      vertex -7.10129 -35.7006 0
    endloop
  endfacet
  facet normal -0.146719 -0.989178 0
    outer loop
      vertex -7.10129 -35.7006 0
      vertex -3.56782 -36.2247 2.5
      vertex -7.10129 -35.7006 2.5
    endloop
  endfacet
  facet normal -0.146719 -0.989178 -0
    outer loop
      vertex -3.56782 -36.2247 2.5
      vertex -7.10129 -35.7006 0
      vertex -3.56782 -36.2247 0
    endloop
  endfacet
endsolid OpenSCAD_Model
