solid OpenSCAD_Model
  facet normal 0 0 1
    outer loop
      vertex -10.5 -7.5 5
      vertex -10.85 -7.5 5
      vertex -10.5 -8.75 5
    endloop
  endfacet
  facet normal 0 0 1
    outer loop
      vertex 7.5 -7.5 5
      vertex -7.5 -7.5 5
      vertex 7.5 -8.75 5
    endloop
  endfacet
  facet normal -0 0 1
    outer loop
      vertex 7.5 -8.75 5
      vertex 8.25 -8.89999 5
      vertex 10.5 -8.75 5
    endloop
  endfacet
  facet normal 0 0 1
    outer loop
      vertex -7.5 -8.75 5
      vertex 7.5 -8.75 5
      vertex -7.5 -7.5 5
    endloop
  endfacet
  facet normal 0 0 1
    outer loop
      vertex 7.5 -8.75 5
      vertex -7.5 -8.75 5
      vertex 8.25 -8.89999 5
    endloop
  endfacet
  facet normal 0 0 1
    outer loop
      vertex -12.25 -8.89999 5
      vertex -7.5 -8.75 5
      vertex -10.5 -8.75 5
    endloop
  endfacet
  facet normal -0 0 1
    outer loop
      vertex -11.1 -6.75 5
      vertex -10.85 -7.5 5
      vertex -11.1 6.75 5
    endloop
  endfacet
  facet normal -0 0 1
    outer loop
      vertex -12.25 -6.75 5
      vertex -10.85 -7.5 5
      vertex -11.1 -6.75 5
    endloop
  endfacet
  facet normal 0 0 1
    outer loop
      vertex -10.85 -7.5 5
      vertex -12.25 -6.75 5
      vertex -12.25 -8.89999 5
    endloop
  endfacet
  facet normal 0 0 1
    outer loop
      vertex -7.5 -8.75 5
      vertex -12.25 -8.89999 5
      vertex 8.25 -8.89999 5
    endloop
  endfacet
  facet normal 0 0 1
    outer loop
      vertex -10.85 -7.5 5
      vertex -12.25 -8.89999 5
      vertex -10.5 -8.75 5
    endloop
  endfacet
  facet normal -0 0 1
    outer loop
      vertex 8.25 -4 5
      vertex 10.5 -5.75 5
      vertex 10.85 -4 5
    endloop
  endfacet
  facet normal 0 0 1
    outer loop
      vertex 10.5 -5.75 5
      vertex 8.25 -4 5
      vertex 8.25 -5.75 5
    endloop
  endfacet
  facet normal 0 0 1
    outer loop
      vertex 12.25 10 5
      vertex 10.85 4 5
      vertex 12.25 -10 5
    endloop
  endfacet
  facet normal 0 0 1
    outer loop
      vertex 10.5 5.75 5
      vertex 12.25 10 5
      vertex 10.5 8.75 5
    endloop
  endfacet
  facet normal -0 0 1
    outer loop
      vertex 8.25 10 5
      vertex 10.5 8.75 5
      vertex 12.25 10 5
    endloop
  endfacet
  facet normal -0 0 1
    outer loop
      vertex 8.25 8.89999 5
      vertex 10.5 8.75 5
      vertex 8.25 10 5
    endloop
  endfacet
  facet normal 0 0 1
    outer loop
      vertex 8.25 8.89999 5
      vertex 7.5 8.75 5
      vertex 10.5 8.75 5
    endloop
  endfacet
  facet normal 0 0 1
    outer loop
      vertex 7.5 8.75 5
      vertex -7.5 8.75 5
      vertex 7.5 7.5 5
    endloop
  endfacet
  facet normal 0 0 1
    outer loop
      vertex 8.25 8.89999 5
      vertex -7.5 8.75 5
      vertex 7.5 8.75 5
    endloop
  endfacet
  facet normal -0 0 1
    outer loop
      vertex -12.25 8.89999 5
      vertex -7.5 8.75 5
      vertex 8.25 8.89999 5
    endloop
  endfacet
  facet normal 0 0 1
    outer loop
      vertex -10.5 8.75 5
      vertex -10.85 7.5 5
      vertex -10.5 7.5 5
    endloop
  endfacet
  facet normal 0 0 1
    outer loop
      vertex -10.85 7.5 5
      vertex -11.1 6.75 5
      vertex -10.85 -7.5 5
    endloop
  endfacet
  facet normal 0 0 1
    outer loop
      vertex -12.25 8.89999 5
      vertex -10.85 7.5 5
      vertex -10.5 8.75 5
    endloop
  endfacet
  facet normal 0 0 1
    outer loop
      vertex -7.5 8.75 5
      vertex -12.25 8.89999 5
      vertex -10.5 8.75 5
    endloop
  endfacet
  facet normal 0 0 1
    outer loop
      vertex -12.25 6.75 5
      vertex -10.85 7.5 5
      vertex -12.25 8.89999 5
    endloop
  endfacet
  facet normal 0 0 1
    outer loop
      vertex -10.85 7.5 5
      vertex -12.25 6.75 5
      vertex -11.1 6.75 5
    endloop
  endfacet
  facet normal -0 0 1
    outer loop
      vertex 10.85 -4 5
      vertex 12.25 -10 5
      vertex 10.85 4 5
    endloop
  endfacet
  facet normal -0 0 1
    outer loop
      vertex 10.5 -5.75 5
      vertex 12.25 -10 5
      vertex 10.85 -4 5
    endloop
  endfacet
  facet normal -0 0 1
    outer loop
      vertex 10.5 -8.75 5
      vertex 12.25 -10 5
      vertex 10.5 -5.75 5
    endloop
  endfacet
  facet normal 0 0 1
    outer loop
      vertex 8.25 -10 5
      vertex 10.5 -8.75 5
      vertex 8.25 -8.89999 5
    endloop
  endfacet
  facet normal 0 0 1
    outer loop
      vertex 10.5 -8.75 5
      vertex 8.25 -10 5
      vertex 12.25 -10 5
    endloop
  endfacet
  facet normal 0 0 1
    outer loop
      vertex 12.25 10 5
      vertex 10.5 5.75 5
      vertex 10.85 4 5
    endloop
  endfacet
  facet normal 0 0 1
    outer loop
      vertex 8.25 4 5
      vertex 10.5 5.75 5
      vertex 8.25 5.75 5
    endloop
  endfacet
  facet normal 0 0 1
    outer loop
      vertex 10.5 5.75 5
      vertex 8.25 4 5
      vertex 10.85 4 5
    endloop
  endfacet
  facet normal 0 0 1
    outer loop
      vertex 7.5 7.5 5
      vertex -7.5 8.75 5
      vertex -7.5 7.5 5
    endloop
  endfacet
  facet normal 1 0 0
    outer loop
      vertex 12.25 10 5
      vertex 12.25 7.875 3.5
      vertex 12.25 10 2
    endloop
  endfacet
  facet normal 1 0 0
    outer loop
      vertex 12.25 10 5
      vertex 12.25 7.87079 3.58577
      vertex 12.25 7.875 3.5
    endloop
  endfacet
  facet normal 1 0 0
    outer loop
      vertex 12.25 10 5
      vertex 12.25 7.85819 3.6707
      vertex 12.25 7.87079 3.58577
    endloop
  endfacet
  facet normal 1 0 0
    outer loop
      vertex 12.25 10 5
      vertex 12.25 7.83732 3.754
      vertex 12.25 7.85819 3.6707
    endloop
  endfacet
  facet normal 1 0 0
    outer loop
      vertex 12.25 10 5
      vertex 12.25 7.80839 3.83485
      vertex 12.25 7.83732 3.754
    endloop
  endfacet
  facet normal 1 0 0
    outer loop
      vertex 12.25 10 5
      vertex 12.25 7.77168 3.91247
      vertex 12.25 7.80839 3.83485
    endloop
  endfacet
  facet normal 1 0 0
    outer loop
      vertex 12.25 10 5
      vertex 12.25 7.72754 3.98612
      vertex 12.25 7.77168 3.91247
    endloop
  endfacet
  facet normal 1 0 0
    outer loop
      vertex 12.25 10 5
      vertex 12.25 7.67638 4.05509
      vertex 12.25 7.72754 3.98612
    endloop
  endfacet
  facet normal 1 0 0
    outer loop
      vertex 12.25 10 5
      vertex 12.25 7.61872 4.11872
      vertex 12.25 7.67638 4.05509
    endloop
  endfacet
  facet normal 1 0 0
    outer loop
      vertex 12.25 10 5
      vertex 12.25 7.55509 4.17638
      vertex 12.25 7.61872 4.11872
    endloop
  endfacet
  facet normal 1 0 0
    outer loop
      vertex 12.25 10 5
      vertex 12.25 7.48612 4.22754
      vertex 12.25 7.55509 4.17638
    endloop
  endfacet
  facet normal 1 0 0
    outer loop
      vertex 12.25 10 5
      vertex 12.25 7.41247 4.27168
      vertex 12.25 7.48612 4.22754
    endloop
  endfacet
  facet normal 1 0 0
    outer loop
      vertex 12.25 10 5
      vertex 12.25 7.33485 4.3084
      vertex 12.25 7.41247 4.27168
    endloop
  endfacet
  facet normal 1 0 0
    outer loop
      vertex 12.25 10 5
      vertex 12.25 7.254 4.33732
      vertex 12.25 7.33485 4.3084
    endloop
  endfacet
  facet normal 1 0 0
    outer loop
      vertex 12.25 10 5
      vertex 12.25 7.1707 4.35819
      vertex 12.25 7.254 4.33732
    endloop
  endfacet
  facet normal 1 0 0
    outer loop
      vertex 12.25 10 5
      vertex 12.25 7.08576 4.37079
      vertex 12.25 7.1707 4.35819
    endloop
  endfacet
  facet normal 1 0 0
    outer loop
      vertex 12.25 10 5
      vertex 12.25 7 4.375
      vertex 12.25 7.08576 4.37079
    endloop
  endfacet
  facet normal 1 0 0
    outer loop
      vertex 12.25 10 5
      vertex 12.25 6.91423 4.37079
      vertex 12.25 7 4.375
    endloop
  endfacet
  facet normal 1 0 0
    outer loop
      vertex 12.25 10 5
      vertex 12.25 6.8293 4.35819
      vertex 12.25 6.91423 4.37079
    endloop
  endfacet
  facet normal 1 0 0
    outer loop
      vertex 12.25 6.12921 3.58577
      vertex 12.25 -6.125 3.5
      vertex 12.25 6.125 3.5
    endloop
  endfacet
  facet normal 1 0 0
    outer loop
      vertex 12.25 -6.12921 3.58577
      vertex 12.25 6.12921 3.58577
      vertex 12.25 6.14181 3.6707
    endloop
  endfacet
  facet normal 1 0 0
    outer loop
      vertex 12.25 -6.14181 3.6707
      vertex 12.25 6.14181 3.6707
      vertex 12.25 6.16268 3.754
    endloop
  endfacet
  facet normal 1 0 0
    outer loop
      vertex 12.25 -6.16268 3.754
      vertex 12.25 6.16268 3.754
      vertex 12.25 6.1916 3.83485
    endloop
  endfacet
  facet normal 1 0 0
    outer loop
      vertex 12.25 -6.1916 3.83485
      vertex 12.25 6.1916 3.83485
      vertex 12.25 6.22832 3.91247
    endloop
  endfacet
  facet normal 1 0 0
    outer loop
      vertex 12.25 -6.22832 3.91247
      vertex 12.25 6.22832 3.91247
      vertex 12.25 6.27246 3.98612
    endloop
  endfacet
  facet normal 1 0 0
    outer loop
      vertex 12.25 -6.27246 3.98612
      vertex 12.25 6.27246 3.98612
      vertex 12.25 6.32362 4.05509
    endloop
  endfacet
  facet normal 1 0 0
    outer loop
      vertex 12.25 -6.32362 4.05509
      vertex 12.25 6.32362 4.05509
      vertex 12.25 6.38128 4.11872
    endloop
  endfacet
  facet normal 1 0 0
    outer loop
      vertex 12.25 -6.38128 4.11872
      vertex 12.25 6.38128 4.11872
      vertex 12.25 6.44491 4.17638
    endloop
  endfacet
  facet normal 1 0 0
    outer loop
      vertex 12.25 -6.44491 4.17638
      vertex 12.25 6.44491 4.17638
      vertex 12.25 6.51388 4.22754
    endloop
  endfacet
  facet normal 1 0 0
    outer loop
      vertex 12.25 -6.51388 4.22754
      vertex 12.25 6.51388 4.22754
      vertex 12.25 6.58753 4.27168
    endloop
  endfacet
  facet normal 1 0 0
    outer loop
      vertex 12.25 -6.58753 4.27168
      vertex 12.25 6.58753 4.27168
      vertex 12.25 6.66515 4.3084
    endloop
  endfacet
  facet normal 1 0 0
    outer loop
      vertex 12.25 -6.66515 4.3084
      vertex 12.25 6.66515 4.3084
      vertex 12.25 6.746 4.33732
    endloop
  endfacet
  facet normal 1 0 0
    outer loop
      vertex 12.25 -6.746 4.33732
      vertex 12.25 6.746 4.33732
      vertex 12.25 6.8293 4.35819
    endloop
  endfacet
  facet normal 1 0 0
    outer loop
      vertex 12.25 -6.8293 4.35819
      vertex 12.25 6.8293 4.35819
      vertex 12.25 10 5
    endloop
  endfacet
  facet normal 1 0 0
    outer loop
      vertex 12.25 6.12921 3.58577
      vertex 12.25 -6.12921 3.58577
      vertex 12.25 -6.125 3.5
    endloop
  endfacet
  facet normal 1 0 0
    outer loop
      vertex 12.25 6.14181 3.6707
      vertex 12.25 -6.14181 3.6707
      vertex 12.25 -6.12921 3.58577
    endloop
  endfacet
  facet normal 1 0 0
    outer loop
      vertex 12.25 6.16268 3.754
      vertex 12.25 -6.16268 3.754
      vertex 12.25 -6.14181 3.6707
    endloop
  endfacet
  facet normal 1 0 0
    outer loop
      vertex 12.25 6.1916 3.83485
      vertex 12.25 -6.1916 3.83485
      vertex 12.25 -6.16268 3.754
    endloop
  endfacet
  facet normal 1 0 0
    outer loop
      vertex 12.25 6.22832 3.91247
      vertex 12.25 -6.22832 3.91247
      vertex 12.25 -6.1916 3.83485
    endloop
  endfacet
  facet normal 1 0 0
    outer loop
      vertex 12.25 6.27246 3.98612
      vertex 12.25 -6.27246 3.98612
      vertex 12.25 -6.22832 3.91247
    endloop
  endfacet
  facet normal 1 0 0
    outer loop
      vertex 12.25 6.32362 4.05509
      vertex 12.25 -6.32362 4.05509
      vertex 12.25 -6.27246 3.98612
    endloop
  endfacet
  facet normal 1 0 0
    outer loop
      vertex 12.25 6.38128 4.11872
      vertex 12.25 -6.38128 4.11872
      vertex 12.25 -6.32362 4.05509
    endloop
  endfacet
  facet normal 1 0 0
    outer loop
      vertex 12.25 6.44491 4.17638
      vertex 12.25 -6.44491 4.17638
      vertex 12.25 -6.38128 4.11872
    endloop
  endfacet
  facet normal 1 0 0
    outer loop
      vertex 12.25 6.51388 4.22754
      vertex 12.25 -6.51388 4.22754
      vertex 12.25 -6.44491 4.17638
    endloop
  endfacet
  facet normal 1 0 0
    outer loop
      vertex 12.25 6.58753 4.27168
      vertex 12.25 -6.58753 4.27168
      vertex 12.25 -6.51388 4.22754
    endloop
  endfacet
  facet normal 1 0 0
    outer loop
      vertex 12.25 6.66515 4.3084
      vertex 12.25 -6.66515 4.3084
      vertex 12.25 -6.58753 4.27168
    endloop
  endfacet
  facet normal 1 0 0
    outer loop
      vertex 12.25 6.746 4.33732
      vertex 12.25 -6.746 4.33732
      vertex 12.25 -6.66515 4.3084
    endloop
  endfacet
  facet normal 1 0 0
    outer loop
      vertex 12.25 6.8293 4.35819
      vertex 12.25 -6.8293 4.35819
      vertex 12.25 -6.746 4.33732
    endloop
  endfacet
  facet normal 1 -0 0
    outer loop
      vertex 12.25 -10 5
      vertex 12.25 -6.8293 4.35819
      vertex 12.25 10 5
    endloop
  endfacet
  facet normal 1 0 0
    outer loop
      vertex 12.25 -6.8293 4.35819
      vertex 12.25 -10 5
      vertex 12.25 -6.91423 4.37079
    endloop
  endfacet
  facet normal 1 0 0
    outer loop
      vertex 12.25 -7.87079 3.58577
      vertex 12.25 -10 5
      vertex 12.25 -7.875 3.5
    endloop
  endfacet
  facet normal 1 0 0
    outer loop
      vertex 12.25 -7.85819 3.6707
      vertex 12.25 -10 5
      vertex 12.25 -7.87079 3.58577
    endloop
  endfacet
  facet normal 1 0 0
    outer loop
      vertex 12.25 -7.83732 3.754
      vertex 12.25 -10 5
      vertex 12.25 -7.85819 3.6707
    endloop
  endfacet
  facet normal 1 0 0
    outer loop
      vertex 12.25 -7.80839 3.83485
      vertex 12.25 -10 5
      vertex 12.25 -7.83732 3.754
    endloop
  endfacet
  facet normal 1 0 0
    outer loop
      vertex 12.25 -7.77168 3.91247
      vertex 12.25 -10 5
      vertex 12.25 -7.80839 3.83485
    endloop
  endfacet
  facet normal 1 0 0
    outer loop
      vertex 12.25 -7.72754 3.98612
      vertex 12.25 -10 5
      vertex 12.25 -7.77168 3.91247
    endloop
  endfacet
  facet normal 1 0 0
    outer loop
      vertex 12.25 -7.67638 4.05509
      vertex 12.25 -10 5
      vertex 12.25 -7.72754 3.98612
    endloop
  endfacet
  facet normal 1 0 0
    outer loop
      vertex 12.25 -7.61872 4.11872
      vertex 12.25 -10 5
      vertex 12.25 -7.67638 4.05509
    endloop
  endfacet
  facet normal 1 0 0
    outer loop
      vertex 12.25 -7.55509 4.17638
      vertex 12.25 -10 5
      vertex 12.25 -7.61872 4.11872
    endloop
  endfacet
  facet normal 1 0 0
    outer loop
      vertex 12.25 -7.48612 4.22754
      vertex 12.25 -10 5
      vertex 12.25 -7.55509 4.17638
    endloop
  endfacet
  facet normal 1 0 0
    outer loop
      vertex 12.25 -7.41247 4.27168
      vertex 12.25 -10 5
      vertex 12.25 -7.48612 4.22754
    endloop
  endfacet
  facet normal 1 0 0
    outer loop
      vertex 12.25 -7.33485 4.3084
      vertex 12.25 -10 5
      vertex 12.25 -7.41247 4.27168
    endloop
  endfacet
  facet normal 1 0 0
    outer loop
      vertex 12.25 -7.254 4.33732
      vertex 12.25 -10 5
      vertex 12.25 -7.33485 4.3084
    endloop
  endfacet
  facet normal 1 0 0
    outer loop
      vertex 12.25 -7.1707 4.35819
      vertex 12.25 -10 5
      vertex 12.25 -7.254 4.33732
    endloop
  endfacet
  facet normal 1 0 0
    outer loop
      vertex 12.25 -7.08576 4.37079
      vertex 12.25 -10 5
      vertex 12.25 -7.1707 4.35819
    endloop
  endfacet
  facet normal 1 0 0
    outer loop
      vertex 12.25 -7 4.375
      vertex 12.25 -10 5
      vertex 12.25 -7.08576 4.37079
    endloop
  endfacet
  facet normal 1 0 0
    outer loop
      vertex 12.25 -6.91423 4.37079
      vertex 12.25 -10 5
      vertex 12.25 -7 4.375
    endloop
  endfacet
  facet normal 1 -0 0
    outer loop
      vertex 12.25 7.87079 3.41424
      vertex 12.25 10 2
      vertex 12.25 7.875 3.5
    endloop
  endfacet
  facet normal 1 -0 0
    outer loop
      vertex 12.25 7.85819 3.3293
      vertex 12.25 10 2
      vertex 12.25 7.87079 3.41424
    endloop
  endfacet
  facet normal 1 -0 0
    outer loop
      vertex 12.25 7.83732 3.246
      vertex 12.25 10 2
      vertex 12.25 7.85819 3.3293
    endloop
  endfacet
  facet normal 1 -0 0
    outer loop
      vertex 12.25 7.80839 3.16515
      vertex 12.25 10 2
      vertex 12.25 7.83732 3.246
    endloop
  endfacet
  facet normal 1 -0 0
    outer loop
      vertex 12.25 7.77168 3.08753
      vertex 12.25 10 2
      vertex 12.25 7.80839 3.16515
    endloop
  endfacet
  facet normal 1 -0 0
    outer loop
      vertex 12.25 7.72754 3.01388
      vertex 12.25 10 2
      vertex 12.25 7.77168 3.08753
    endloop
  endfacet
  facet normal 1 -0 0
    outer loop
      vertex 12.25 7.67638 2.94491
      vertex 12.25 10 2
      vertex 12.25 7.72754 3.01388
    endloop
  endfacet
  facet normal 1 -0 0
    outer loop
      vertex 12.25 7.61872 2.88128
      vertex 12.25 10 2
      vertex 12.25 7.67638 2.94491
    endloop
  endfacet
  facet normal 1 -0 0
    outer loop
      vertex 12.25 7.55509 2.82362
      vertex 12.25 10 2
      vertex 12.25 7.61872 2.88128
    endloop
  endfacet
  facet normal 1 -0 0
    outer loop
      vertex 12.25 7.48612 2.77246
      vertex 12.25 10 2
      vertex 12.25 7.55509 2.82362
    endloop
  endfacet
  facet normal 1 -0 0
    outer loop
      vertex 12.25 7.41247 2.72832
      vertex 12.25 10 2
      vertex 12.25 7.48612 2.77246
    endloop
  endfacet
  facet normal 1 -0 0
    outer loop
      vertex 12.25 7.33485 2.69161
      vertex 12.25 10 2
      vertex 12.25 7.41247 2.72832
    endloop
  endfacet
  facet normal 1 -0 0
    outer loop
      vertex 12.25 7.254 2.66268
      vertex 12.25 10 2
      vertex 12.25 7.33485 2.69161
    endloop
  endfacet
  facet normal 1 -0 0
    outer loop
      vertex 12.25 7.1707 2.64181
      vertex 12.25 10 2
      vertex 12.25 7.254 2.66268
    endloop
  endfacet
  facet normal 1 -0 0
    outer loop
      vertex 12.25 7.08576 2.62921
      vertex 12.25 10 2
      vertex 12.25 7.1707 2.64181
    endloop
  endfacet
  facet normal 1 -0 0
    outer loop
      vertex 12.25 7 2.625
      vertex 12.25 10 2
      vertex 12.25 7.08576 2.62921
    endloop
  endfacet
  facet normal 1 0 0
    outer loop
      vertex 12.25 6.91423 2.62921
      vertex 12.25 10 2
      vertex 12.25 7 2.625
    endloop
  endfacet
  facet normal 1 0 0
    outer loop
      vertex 12.25 6.8293 2.64181
      vertex 12.25 10 2
      vertex 12.25 6.91423 2.62921
    endloop
  endfacet
  facet normal 1 -0 0
    outer loop
      vertex 12.25 -6.125 3.5
      vertex 12.25 6.12921 3.41424
      vertex 12.25 6.125 3.5
    endloop
  endfacet
  facet normal 1 0 0
    outer loop
      vertex 12.25 -6.12921 3.41424
      vertex 12.25 6.12921 3.41424
      vertex 12.25 -6.125 3.5
    endloop
  endfacet
  facet normal 1 0 0
    outer loop
      vertex 12.25 6.12921 3.41424
      vertex 12.25 -6.12921 3.41424
      vertex 12.25 6.14181 3.3293
    endloop
  endfacet
  facet normal 1 0 0
    outer loop
      vertex 12.25 -6.14181 3.3293
      vertex 12.25 6.14181 3.3293
      vertex 12.25 -6.12921 3.41424
    endloop
  endfacet
  facet normal 1 0 0
    outer loop
      vertex 12.25 6.14181 3.3293
      vertex 12.25 -6.14181 3.3293
      vertex 12.25 6.16268 3.246
    endloop
  endfacet
  facet normal 1 0 0
    outer loop
      vertex 12.25 -6.16268 3.246
      vertex 12.25 6.16268 3.246
      vertex 12.25 -6.14181 3.3293
    endloop
  endfacet
  facet normal 1 0 0
    outer loop
      vertex 12.25 6.16268 3.246
      vertex 12.25 -6.16268 3.246
      vertex 12.25 6.1916 3.16515
    endloop
  endfacet
  facet normal 1 0 0
    outer loop
      vertex 12.25 -6.1916 3.16515
      vertex 12.25 6.1916 3.16515
      vertex 12.25 -6.16268 3.246
    endloop
  endfacet
  facet normal 1 0 0
    outer loop
      vertex 12.25 6.1916 3.16515
      vertex 12.25 -6.1916 3.16515
      vertex 12.25 6.22832 3.08753
    endloop
  endfacet
  facet normal 1 0 0
    outer loop
      vertex 12.25 -6.22832 3.08753
      vertex 12.25 6.22832 3.08753
      vertex 12.25 -6.1916 3.16515
    endloop
  endfacet
  facet normal 1 0 0
    outer loop
      vertex 12.25 6.22832 3.08753
      vertex 12.25 -6.22832 3.08753
      vertex 12.25 6.27246 3.01388
    endloop
  endfacet
  facet normal 1 0 0
    outer loop
      vertex 12.25 -6.27246 3.01388
      vertex 12.25 6.27246 3.01388
      vertex 12.25 -6.22832 3.08753
    endloop
  endfacet
  facet normal 1 0 0
    outer loop
      vertex 12.25 6.27246 3.01388
      vertex 12.25 -6.27246 3.01388
      vertex 12.25 6.32362 2.94491
    endloop
  endfacet
  facet normal 1 0 0
    outer loop
      vertex 12.25 -6.32362 2.94491
      vertex 12.25 6.32362 2.94491
      vertex 12.25 -6.27246 3.01388
    endloop
  endfacet
  facet normal 1 0 0
    outer loop
      vertex 12.25 6.32362 2.94491
      vertex 12.25 -6.32362 2.94491
      vertex 12.25 6.38128 2.88128
    endloop
  endfacet
  facet normal 1 0 0
    outer loop
      vertex 12.25 -6.38128 2.88128
      vertex 12.25 6.38128 2.88128
      vertex 12.25 -6.32362 2.94491
    endloop
  endfacet
  facet normal 1 0 0
    outer loop
      vertex 12.25 6.38128 2.88128
      vertex 12.25 -6.38128 2.88128
      vertex 12.25 6.44491 2.82362
    endloop
  endfacet
  facet normal 1 0 0
    outer loop
      vertex 12.25 -6.44491 2.82362
      vertex 12.25 6.44491 2.82362
      vertex 12.25 -6.38128 2.88128
    endloop
  endfacet
  facet normal 1 0 0
    outer loop
      vertex 12.25 6.44491 2.82362
      vertex 12.25 -6.44491 2.82362
      vertex 12.25 6.51388 2.77246
    endloop
  endfacet
  facet normal 1 0 0
    outer loop
      vertex 12.25 -6.51388 2.77246
      vertex 12.25 6.51388 2.77246
      vertex 12.25 -6.44491 2.82362
    endloop
  endfacet
  facet normal 1 0 0
    outer loop
      vertex 12.25 6.51388 2.77246
      vertex 12.25 -6.51388 2.77246
      vertex 12.25 6.58753 2.72832
    endloop
  endfacet
  facet normal 1 0 0
    outer loop
      vertex 12.25 -6.58753 2.72832
      vertex 12.25 6.58753 2.72832
      vertex 12.25 -6.51388 2.77246
    endloop
  endfacet
  facet normal 1 0 0
    outer loop
      vertex 12.25 6.58753 2.72832
      vertex 12.25 -6.58753 2.72832
      vertex 12.25 6.66515 2.69161
    endloop
  endfacet
  facet normal 1 0 0
    outer loop
      vertex 12.25 -6.66515 2.69161
      vertex 12.25 6.66515 2.69161
      vertex 12.25 -6.58753 2.72832
    endloop
  endfacet
  facet normal 1 0 0
    outer loop
      vertex 12.25 6.66515 2.69161
      vertex 12.25 -6.66515 2.69161
      vertex 12.25 6.746 2.66268
    endloop
  endfacet
  facet normal 1 0 0
    outer loop
      vertex 12.25 -6.746 2.66268
      vertex 12.25 6.746 2.66268
      vertex 12.25 -6.66515 2.69161
    endloop
  endfacet
  facet normal 1 0 0
    outer loop
      vertex 12.25 6.746 2.66268
      vertex 12.25 -6.746 2.66268
      vertex 12.25 6.8293 2.64181
    endloop
  endfacet
  facet normal 1 0 0
    outer loop
      vertex 12.25 -6.8293 2.64181
      vertex 12.25 6.8293 2.64181
      vertex 12.25 -6.746 2.66268
    endloop
  endfacet
  facet normal 1 0 0
    outer loop
      vertex 12.25 6.8293 2.64181
      vertex 12.25 -6.8293 2.64181
      vertex 12.25 10 2
    endloop
  endfacet
  facet normal 1 0 0
    outer loop
      vertex 12.25 -10 2
      vertex 12.25 -6.8293 2.64181
      vertex 12.25 -6.91423 2.62921
    endloop
  endfacet
  facet normal 1 0 0
    outer loop
      vertex 12.25 -10 2
      vertex 12.25 -6.91423 2.62921
      vertex 12.25 -7 2.625
    endloop
  endfacet
  facet normal 1 0 0
    outer loop
      vertex 12.25 -10 2
      vertex 12.25 -7.875 3.5
      vertex 12.25 -10 5
    endloop
  endfacet
  facet normal 1 0 0
    outer loop
      vertex 12.25 -7.875 3.5
      vertex 12.25 -10 2
      vertex 12.25 -7.87079 3.41424
    endloop
  endfacet
  facet normal 1 0 0
    outer loop
      vertex 12.25 -7.87079 3.41424
      vertex 12.25 -10 2
      vertex 12.25 -7.85819 3.3293
    endloop
  endfacet
  facet normal 1 0 0
    outer loop
      vertex 12.25 -7.85819 3.3293
      vertex 12.25 -10 2
      vertex 12.25 -7.83732 3.246
    endloop
  endfacet
  facet normal 1 0 0
    outer loop
      vertex 12.25 -7.83732 3.246
      vertex 12.25 -10 2
      vertex 12.25 -7.80839 3.16515
    endloop
  endfacet
  facet normal 1 0 0
    outer loop
      vertex 12.25 -7.80839 3.16515
      vertex 12.25 -10 2
      vertex 12.25 -7.77168 3.08753
    endloop
  endfacet
  facet normal 1 0 0
    outer loop
      vertex 12.25 -7.77168 3.08753
      vertex 12.25 -10 2
      vertex 12.25 -7.72754 3.01388
    endloop
  endfacet
  facet normal 1 0 0
    outer loop
      vertex 12.25 -7.72754 3.01388
      vertex 12.25 -10 2
      vertex 12.25 -7.67638 2.94491
    endloop
  endfacet
  facet normal 1 0 0
    outer loop
      vertex 12.25 -7.67638 2.94491
      vertex 12.25 -10 2
      vertex 12.25 -7.61872 2.88128
    endloop
  endfacet
  facet normal 1 0 0
    outer loop
      vertex 12.25 -6.8293 2.64181
      vertex 12.25 -10 2
      vertex 12.25 10 2
    endloop
  endfacet
  facet normal 1 0 0
    outer loop
      vertex 12.25 -7.08576 2.62921
      vertex 12.25 -10 2
      vertex 12.25 -7 2.625
    endloop
  endfacet
  facet normal 1 0 0
    outer loop
      vertex 12.25 -7.1707 2.64181
      vertex 12.25 -10 2
      vertex 12.25 -7.08576 2.62921
    endloop
  endfacet
  facet normal 1 0 0
    outer loop
      vertex 12.25 -7.254 2.66268
      vertex 12.25 -10 2
      vertex 12.25 -7.1707 2.64181
    endloop
  endfacet
  facet normal 1 0 0
    outer loop
      vertex 12.25 -7.33485 2.69161
      vertex 12.25 -10 2
      vertex 12.25 -7.254 2.66268
    endloop
  endfacet
  facet normal 1 0 0
    outer loop
      vertex 12.25 -7.41247 2.72832
      vertex 12.25 -10 2
      vertex 12.25 -7.33485 2.69161
    endloop
  endfacet
  facet normal 1 0 0
    outer loop
      vertex 12.25 -7.48612 2.77246
      vertex 12.25 -10 2
      vertex 12.25 -7.41247 2.72832
    endloop
  endfacet
  facet normal 1 0 0
    outer loop
      vertex 12.25 -7.55509 2.82362
      vertex 12.25 -10 2
      vertex 12.25 -7.48612 2.77246
    endloop
  endfacet
  facet normal 1 0 0
    outer loop
      vertex 12.25 -7.61872 2.88128
      vertex 12.25 -10 2
      vertex 12.25 -7.55509 2.82362
    endloop
  endfacet
  facet normal -1 0 0
    outer loop
      vertex 8.25 -10 2
      vertex 8.25 -8.89999 5
      vertex 8.25 -8.89999 2
    endloop
  endfacet
  facet normal -1 -0 0
    outer loop
      vertex 8.25 -8.89999 5
      vertex 8.25 -10 2
      vertex 8.25 -10 5
    endloop
  endfacet
  facet normal -1 0 0
    outer loop
      vertex 8.25 -5.75 2
      vertex 8.25 -4 5
      vertex 8.25 -4 2
    endloop
  endfacet
  facet normal -1 -0 0
    outer loop
      vertex 8.25 -4 5
      vertex 8.25 -5.75 2
      vertex 8.25 -5.75 5
    endloop
  endfacet
  facet normal 0 -1 0
    outer loop
      vertex 8.25 -10 2
      vertex 12.25 -10 5
      vertex 8.25 -10 5
    endloop
  endfacet
  facet normal 0 -1 -0
    outer loop
      vertex 12.25 -10 5
      vertex 8.25 -10 2
      vertex 12.25 -10 2
    endloop
  endfacet
  facet normal 0 1 -0
    outer loop
      vertex 10.85 -4 2
      vertex 8.25 -4 5
      vertex 10.85 -4 5
    endloop
  endfacet
  facet normal 0 1 0
    outer loop
      vertex 8.25 -4 5
      vertex 10.85 -4 2
      vertex 8.25 -4 2
    endloop
  endfacet
  facet normal -1 0 0
    outer loop
      vertex 8.25 4 2
      vertex 8.25 5.75 5
      vertex 8.25 5.75 2
    endloop
  endfacet
  facet normal -1 -0 0
    outer loop
      vertex 8.25 5.75 5
      vertex 8.25 4 2
      vertex 8.25 4 5
    endloop
  endfacet
  facet normal -1 0 0
    outer loop
      vertex 8.25 8.89999 2
      vertex 8.25 10 5
      vertex 8.25 10 2
    endloop
  endfacet
  facet normal -1 -0 0
    outer loop
      vertex 8.25 10 5
      vertex 8.25 8.89999 2
      vertex 8.25 8.89999 5
    endloop
  endfacet
  facet normal 0 -1 0
    outer loop
      vertex 8.25 4 2
      vertex 10.85 4 5
      vertex 8.25 4 5
    endloop
  endfacet
  facet normal 0 -1 -0
    outer loop
      vertex 10.85 4 5
      vertex 8.25 4 2
      vertex 10.85 4 2
    endloop
  endfacet
  facet normal 0 1 -0
    outer loop
      vertex 12.25 10 2
      vertex 8.25 10 5
      vertex 12.25 10 5
    endloop
  endfacet
  facet normal 0 1 0
    outer loop
      vertex 8.25 10 5
      vertex 12.25 10 2
      vertex 8.25 10 2
    endloop
  endfacet
  facet normal -0 0 1
    outer loop
      vertex -10.5 -5.75 10.7
      vertex -7.5 -8.75 10.7
      vertex -7.5 -5.75 10.7
    endloop
  endfacet
  facet normal 0 0 1
    outer loop
      vertex -7.5 -8.75 10.7
      vertex -10.5 -5.75 10.7
      vertex -10.5 -8.75 10.7
    endloop
  endfacet
  facet normal 1 0 0
    outer loop
      vertex -7.5 -5.75 10.7
      vertex -7.5 -7.5 5
      vertex -7.5 -5.75 2
    endloop
  endfacet
  facet normal 1 -0 0
    outer loop
      vertex -7.5 -8.75 10.7
      vertex -7.5 -7.5 5
      vertex -7.5 -5.75 10.7
    endloop
  endfacet
  facet normal 1 0 0
    outer loop
      vertex -7.5 -7.5 5
      vertex -7.5 -8.75 10.7
      vertex -7.5 -8.75 5
    endloop
  endfacet
  facet normal 1 0 0
    outer loop
      vertex -7.5 -5.75 2
      vertex -7.5 -7.5 5
      vertex -7.5 -7.5 2
    endloop
  endfacet
  facet normal -1 0 0
    outer loop
      vertex -10.5 -7.5 5
      vertex -10.5 -5.75 2
      vertex -10.5 -7.5 2
    endloop
  endfacet
  facet normal -1 0 0
    outer loop
      vertex -10.5 -5.75 2
      vertex -10.5 -7.5 5
      vertex -10.5 -5.75 10.7
    endloop
  endfacet
  facet normal -1 0 0
    outer loop
      vertex -10.5 -8.75 10.7
      vertex -10.5 -7.5 5
      vertex -10.5 -8.75 5
    endloop
  endfacet
  facet normal -1 0 0
    outer loop
      vertex -10.5 -7.5 5
      vertex -10.5 -8.75 10.7
      vertex -10.5 -5.75 10.7
    endloop
  endfacet
  facet normal 0 -1 0
    outer loop
      vertex -10.5 -8.75 5
      vertex -7.5 -8.75 10.7
      vertex -10.5 -8.75 10.7
    endloop
  endfacet
  facet normal 0 -1 -0
    outer loop
      vertex -7.5 -8.75 10.7
      vertex -10.5 -8.75 5
      vertex -7.5 -8.75 5
    endloop
  endfacet
  facet normal 0 1 -0
    outer loop
      vertex -7.5 -5.75 2
      vertex -10.5 -5.75 10.7
      vertex -7.5 -5.75 10.7
    endloop
  endfacet
  facet normal 0 1 0
    outer loop
      vertex -10.5 -5.75 10.7
      vertex -7.5 -5.75 2
      vertex -10.5 -5.75 2
    endloop
  endfacet
  facet normal -0 0 1
    outer loop
      vertex 7.5 -5.75 10.7
      vertex 10.5 -8.75 10.7
      vertex 10.5 -5.75 10.7
    endloop
  endfacet
  facet normal 0 0 1
    outer loop
      vertex 10.5 -8.75 10.7
      vertex 7.5 -5.75 10.7
      vertex 7.5 -8.75 10.7
    endloop
  endfacet
  facet normal 1 -0 0
    outer loop
      vertex 10.5 -8.75 10.7
      vertex 10.5 -5.75 5
      vertex 10.5 -5.75 10.7
    endloop
  endfacet
  facet normal 1 0 0
    outer loop
      vertex 10.5 -5.75 5
      vertex 10.5 -8.75 10.7
      vertex 10.5 -8.75 5
    endloop
  endfacet
  facet normal 0 1 0
    outer loop
      vertex 8.25 -5.75 5
      vertex 10.5 -5.75 10.7
      vertex 10.5 -5.75 5
    endloop
  endfacet
  facet normal 0 1 0
    outer loop
      vertex 10.5 -5.75 10.7
      vertex 8.25 -5.75 5
      vertex 7.5 -5.75 10.7
    endloop
  endfacet
  facet normal 0 1 0
    outer loop
      vertex 7.5 -5.75 2
      vertex 8.25 -5.75 5
      vertex 8.25 -5.75 2
    endloop
  endfacet
  facet normal 0 1 0
    outer loop
      vertex 8.25 -5.75 5
      vertex 7.5 -5.75 2
      vertex 7.5 -5.75 10.7
    endloop
  endfacet
  facet normal -1 0 0
    outer loop
      vertex 7.5 -6.12921 3.58577
      vertex 7.5 -5.75 2
      vertex 7.5 -6.125 3.5
    endloop
  endfacet
  facet normal -1 0 0
    outer loop
      vertex 7.5 -5.75 2
      vertex 7.5 -6.12921 3.41424
      vertex 7.5 -6.125 3.5
    endloop
  endfacet
  facet normal -1 0 0
    outer loop
      vertex 7.5 -5.75 2
      vertex 7.5 -6.14181 3.3293
      vertex 7.5 -6.12921 3.41424
    endloop
  endfacet
  facet normal -1 0 0
    outer loop
      vertex 7.5 -5.75 2
      vertex 7.5 -6.16268 3.246
      vertex 7.5 -6.14181 3.3293
    endloop
  endfacet
  facet normal -1 0 0
    outer loop
      vertex 7.5 -5.75 2
      vertex 7.5 -6.1916 3.16515
      vertex 7.5 -6.16268 3.246
    endloop
  endfacet
  facet normal -1 0 0
    outer loop
      vertex 7.5 -5.75 2
      vertex 7.5 -6.22832 3.08753
      vertex 7.5 -6.1916 3.16515
    endloop
  endfacet
  facet normal -1 0 0
    outer loop
      vertex 7.5 -5.75 2
      vertex 7.5 -6.27246 3.01388
      vertex 7.5 -6.22832 3.08753
    endloop
  endfacet
  facet normal -1 0 0
    outer loop
      vertex 7.5 -5.75 2
      vertex 7.5 -6.32362 2.94491
      vertex 7.5 -6.27246 3.01388
    endloop
  endfacet
  facet normal -1 0 0
    outer loop
      vertex 7.5 -5.75 2
      vertex 7.5 -6.38128 2.88128
      vertex 7.5 -6.32362 2.94491
    endloop
  endfacet
  facet normal -1 0 0
    outer loop
      vertex 7.5 -5.75 2
      vertex 7.5 -6.44491 2.82362
      vertex 7.5 -6.38128 2.88128
    endloop
  endfacet
  facet normal -1 0 0
    outer loop
      vertex 7.5 -5.75 2
      vertex 7.5 -6.51388 2.77246
      vertex 7.5 -6.44491 2.82362
    endloop
  endfacet
  facet normal -1 0 0
    outer loop
      vertex 7.5 -5.75 2
      vertex 7.5 -6.58753 2.72832
      vertex 7.5 -6.51388 2.77246
    endloop
  endfacet
  facet normal -1 0 0
    outer loop
      vertex 7.5 -5.75 2
      vertex 7.5 -6.66515 2.69161
      vertex 7.5 -6.58753 2.72832
    endloop
  endfacet
  facet normal -1 0 0
    outer loop
      vertex 7.5 -5.75 2
      vertex 7.5 -6.746 2.66268
      vertex 7.5 -6.66515 2.69161
    endloop
  endfacet
  facet normal -1 0 0
    outer loop
      vertex 7.5 -5.75 2
      vertex 7.5 -6.8293 2.64181
      vertex 7.5 -6.746 2.66268
    endloop
  endfacet
  facet normal -1 0 0
    outer loop
      vertex 7.5 -7.5 2
      vertex 7.5 -6.8293 2.64181
      vertex 7.5 -5.75 2
    endloop
  endfacet
  facet normal -1 0 0
    outer loop
      vertex 7.5 -6.8293 2.64181
      vertex 7.5 -7.5 2
      vertex 7.5 -6.91423 2.62921
    endloop
  endfacet
  facet normal -1 0 0
    outer loop
      vertex 7.5 -6.91423 2.62921
      vertex 7.5 -7.5 2
      vertex 7.5 -7 2.625
    endloop
  endfacet
  facet normal -1 -0 0
    outer loop
      vertex 7.5 -7 2.625
      vertex 7.5 -7.5 2
      vertex 7.5 -7.08576 2.62921
    endloop
  endfacet
  facet normal -1 -0 0
    outer loop
      vertex 7.5 -7.08576 2.62921
      vertex 7.5 -7.5 2
      vertex 7.5 -7.1707 2.64181
    endloop
  endfacet
  facet normal -1 -0 0
    outer loop
      vertex 7.5 -7.1707 2.64181
      vertex 7.5 -7.5 2
      vertex 7.5 -7.254 2.66268
    endloop
  endfacet
  facet normal -1 -0 0
    outer loop
      vertex 7.5 -7.254 2.66268
      vertex 7.5 -7.5 2
      vertex 7.5 -7.33485 2.69161
    endloop
  endfacet
  facet normal -1 0 0
    outer loop
      vertex 7.5 -7.5 2
      vertex 7.5 -7.41247 2.72832
      vertex 7.5 -7.33485 2.69161
    endloop
  endfacet
  facet normal -1 0 0
    outer loop
      vertex 7.5 -7.5 2
      vertex 7.5 -7.48612 2.77246
      vertex 7.5 -7.41247 2.72832
    endloop
  endfacet
  facet normal -1 -0 0
    outer loop
      vertex 7.5 -7.48612 2.77246
      vertex 7.5 -7.5 2
      vertex 7.5 -7.5 2.78276
    endloop
  endfacet
  facet normal -1 0 0
    outer loop
      vertex 7.5 -6.14181 3.6707
      vertex 7.5 -5.75 2
      vertex 7.5 -6.12921 3.58577
    endloop
  endfacet
  facet normal -1 0 0
    outer loop
      vertex 7.5 -5.75 2
      vertex 7.5 -6.14181 3.6707
      vertex 7.5 -5.75 10.7
    endloop
  endfacet
  facet normal -1 0 0
    outer loop
      vertex 7.5 -6.16268 3.754
      vertex 7.5 -5.75 10.7
      vertex 7.5 -6.14181 3.6707
    endloop
  endfacet
  facet normal -1 0 0
    outer loop
      vertex 7.5 -6.1916 3.83485
      vertex 7.5 -5.75 10.7
      vertex 7.5 -6.16268 3.754
    endloop
  endfacet
  facet normal -1 0 0
    outer loop
      vertex 7.5 -6.22832 3.91247
      vertex 7.5 -5.75 10.7
      vertex 7.5 -6.1916 3.83485
    endloop
  endfacet
  facet normal -1 0 0
    outer loop
      vertex 7.5 -6.27246 3.98612
      vertex 7.5 -5.75 10.7
      vertex 7.5 -6.22832 3.91247
    endloop
  endfacet
  facet normal -1 0 0
    outer loop
      vertex 7.5 -6.32362 4.05509
      vertex 7.5 -5.75 10.7
      vertex 7.5 -6.27246 3.98612
    endloop
  endfacet
  facet normal -1 0 0
    outer loop
      vertex 7.5 -6.38128 4.11872
      vertex 7.5 -5.75 10.7
      vertex 7.5 -6.32362 4.05509
    endloop
  endfacet
  facet normal -1 0 0
    outer loop
      vertex 7.5 -6.44491 4.17638
      vertex 7.5 -5.75 10.7
      vertex 7.5 -6.38128 4.11872
    endloop
  endfacet
  facet normal -1 0 0
    outer loop
      vertex 7.5 -6.51388 4.22754
      vertex 7.5 -5.75 10.7
      vertex 7.5 -6.44491 4.17638
    endloop
  endfacet
  facet normal -1 0 0
    outer loop
      vertex 7.5 -6.58753 4.27168
      vertex 7.5 -5.75 10.7
      vertex 7.5 -6.51388 4.22754
    endloop
  endfacet
  facet normal -1 0 0
    outer loop
      vertex 7.5 -7.5 5
      vertex 7.5 -6.58753 4.27168
      vertex 7.5 -6.66515 4.3084
    endloop
  endfacet
  facet normal -1 0 0
    outer loop
      vertex 7.5 -7.5 5
      vertex 7.5 -6.66515 4.3084
      vertex 7.5 -6.746 4.33732
    endloop
  endfacet
  facet normal -1 0 0
    outer loop
      vertex 7.5 -7.5 5
      vertex 7.5 -6.746 4.33732
      vertex 7.5 -6.8293 4.35819
    endloop
  endfacet
  facet normal -1 0 0
    outer loop
      vertex 7.5 -7.5 5
      vertex 7.5 -6.8293 4.35819
      vertex 7.5 -6.91423 4.37079
    endloop
  endfacet
  facet normal -1 0 0
    outer loop
      vertex 7.5 -7.5 5
      vertex 7.5 -6.91423 4.37079
      vertex 7.5 -7 4.375
    endloop
  endfacet
  facet normal -1 0 0
    outer loop
      vertex 7.5 -7.5 5
      vertex 7.5 -7 4.375
      vertex 7.5 -7.08576 4.37079
    endloop
  endfacet
  facet normal -1 0 0
    outer loop
      vertex 7.5 -7.5 5
      vertex 7.5 -7.08576 4.37079
      vertex 7.5 -7.1707 4.35819
    endloop
  endfacet
  facet normal -1 0 0
    outer loop
      vertex 7.5 -7.5 5
      vertex 7.5 -7.1707 4.35819
      vertex 7.5 -7.254 4.33732
    endloop
  endfacet
  facet normal -1 0 0
    outer loop
      vertex 7.5 -7.5 5
      vertex 7.5 -7.254 4.33732
      vertex 7.5 -7.33485 4.3084
    endloop
  endfacet
  facet normal -1 0 0
    outer loop
      vertex 7.5 -7.5 5
      vertex 7.5 -7.33485 4.3084
      vertex 7.5 -7.41247 4.27168
    endloop
  endfacet
  facet normal -1 0 0
    outer loop
      vertex 7.5 -7.5 5
      vertex 7.5 -7.41247 4.27168
      vertex 7.5 -7.48612 4.22754
    endloop
  endfacet
  facet normal -1 0 0
    outer loop
      vertex 7.5 -7.5 5
      vertex 7.5 -7.48612 4.22754
      vertex 7.5 -7.5 4.21724
    endloop
  endfacet
  facet normal -1 0 0
    outer loop
      vertex 7.5 -6.58753 4.27168
      vertex 7.5 -7.5 5
      vertex 7.5 -5.75 10.7
    endloop
  endfacet
  facet normal -1 0 0
    outer loop
      vertex 7.5 -8.75 10.7
      vertex 7.5 -7.5 5
      vertex 7.5 -8.75 5
    endloop
  endfacet
  facet normal -1 0 0
    outer loop
      vertex 7.5 -7.5 5
      vertex 7.5 -8.75 10.7
      vertex 7.5 -5.75 10.7
    endloop
  endfacet
  facet normal 0 -1 0
    outer loop
      vertex 7.5 -8.75 5
      vertex 10.5 -8.75 10.7
      vertex 7.5 -8.75 10.7
    endloop
  endfacet
  facet normal 0 -1 -0
    outer loop
      vertex 10.5 -8.75 10.7
      vertex 7.5 -8.75 5
      vertex 10.5 -8.75 5
    endloop
  endfacet
  facet normal -0 0 1
    outer loop
      vertex -10.5 8.75 10.7
      vertex -7.5 5.75 10.7
      vertex -7.5 8.75 10.7
    endloop
  endfacet
  facet normal 0 0 1
    outer loop
      vertex -7.5 5.75 10.7
      vertex -10.5 8.75 10.7
      vertex -10.5 5.75 10.7
    endloop
  endfacet
  facet normal 1 0 0
    outer loop
      vertex -7.5 8.75 10.7
      vertex -7.5 7.5 5
      vertex -7.5 8.75 5
    endloop
  endfacet
  facet normal 1 -0 0
    outer loop
      vertex -7.5 5.75 10.7
      vertex -7.5 7.5 5
      vertex -7.5 8.75 10.7
    endloop
  endfacet
  facet normal 1 0 0
    outer loop
      vertex -7.5 5.75 2
      vertex -7.5 7.5 5
      vertex -7.5 5.75 10.7
    endloop
  endfacet
  facet normal 1 0 0
    outer loop
      vertex -7.5 7.5 5
      vertex -7.5 5.75 2
      vertex -7.5 7.5 2
    endloop
  endfacet
  facet normal -1 0 0
    outer loop
      vertex -10.5 7.5 2
      vertex -10.5 5.75 2
      vertex -10.5 7.5 5
    endloop
  endfacet
  facet normal -1 0 0
    outer loop
      vertex -10.5 7.5 5
      vertex -10.5 8.75 10.7
      vertex -10.5 8.75 5
    endloop
  endfacet
  facet normal -1 0 0
    outer loop
      vertex -10.5 5.75 10.7
      vertex -10.5 7.5 5
      vertex -10.5 5.75 2
    endloop
  endfacet
  facet normal -1 0 0
    outer loop
      vertex -10.5 7.5 5
      vertex -10.5 5.75 10.7
      vertex -10.5 8.75 10.7
    endloop
  endfacet
  facet normal 0 -1 0
    outer loop
      vertex -10.5 5.75 2
      vertex -7.5 5.75 10.7
      vertex -10.5 5.75 10.7
    endloop
  endfacet
  facet normal 0 -1 -0
    outer loop
      vertex -7.5 5.75 10.7
      vertex -10.5 5.75 2
      vertex -7.5 5.75 2
    endloop
  endfacet
  facet normal 0 1 -0
    outer loop
      vertex -7.5 8.75 5
      vertex -10.5 8.75 10.7
      vertex -7.5 8.75 10.7
    endloop
  endfacet
  facet normal 0 1 0
    outer loop
      vertex -10.5 8.75 10.7
      vertex -7.5 8.75 5
      vertex -10.5 8.75 5
    endloop
  endfacet
  facet normal -0 0 1
    outer loop
      vertex 7.5 8.75 10.7
      vertex 10.5 5.75 10.7
      vertex 10.5 8.75 10.7
    endloop
  endfacet
  facet normal 0 0 1
    outer loop
      vertex 10.5 5.75 10.7
      vertex 7.5 8.75 10.7
      vertex 7.5 5.75 10.7
    endloop
  endfacet
  facet normal 1 -0 0
    outer loop
      vertex 10.5 5.75 10.7
      vertex 10.5 8.75 5
      vertex 10.5 8.75 10.7
    endloop
  endfacet
  facet normal 1 0 0
    outer loop
      vertex 10.5 8.75 5
      vertex 10.5 5.75 10.7
      vertex 10.5 5.75 5
    endloop
  endfacet
  facet normal 0 1 -0
    outer loop
      vertex 10.5 8.75 5
      vertex 7.5 8.75 10.7
      vertex 10.5 8.75 10.7
    endloop
  endfacet
  facet normal 0 1 0
    outer loop
      vertex 7.5 8.75 10.7
      vertex 10.5 8.75 5
      vertex 7.5 8.75 5
    endloop
  endfacet
  facet normal -1 0 0
    outer loop
      vertex 7.5 7.5 2
      vertex 7.5 7.48612 2.77246
      vertex 7.5 7.5 2.78276
    endloop
  endfacet
  facet normal -1 0 0
    outer loop
      vertex 7.5 7.5 2
      vertex 7.5 7.41247 2.72832
      vertex 7.5 7.48612 2.77246
    endloop
  endfacet
  facet normal -1 0 0
    outer loop
      vertex 7.5 7.5 2
      vertex 7.5 7.33485 2.69161
      vertex 7.5 7.41247 2.72832
    endloop
  endfacet
  facet normal -1 0 0
    outer loop
      vertex 7.5 7.5 2
      vertex 7.5 7.254 2.66268
      vertex 7.5 7.33485 2.69161
    endloop
  endfacet
  facet normal -1 0 0
    outer loop
      vertex 7.5 7.5 2
      vertex 7.5 7.1707 2.64181
      vertex 7.5 7.254 2.66268
    endloop
  endfacet
  facet normal -1 0 0
    outer loop
      vertex 7.5 7.5 2
      vertex 7.5 7.08576 2.62921
      vertex 7.5 7.1707 2.64181
    endloop
  endfacet
  facet normal -1 0 0
    outer loop
      vertex 7.5 7.5 2
      vertex 7.5 7 2.625
      vertex 7.5 7.08576 2.62921
    endloop
  endfacet
  facet normal -1 0 0
    outer loop
      vertex 7.5 7.5 2
      vertex 7.5 6.91423 2.62921
      vertex 7.5 7 2.625
    endloop
  endfacet
  facet normal -1 0 0
    outer loop
      vertex 7.5 7.5 2
      vertex 7.5 6.8293 2.64181
      vertex 7.5 6.91423 2.62921
    endloop
  endfacet
  facet normal -1 0 0
    outer loop
      vertex 7.5 5.75 2
      vertex 7.5 6.8293 2.64181
      vertex 7.5 7.5 2
    endloop
  endfacet
  facet normal -1 -0 0
    outer loop
      vertex 7.5 6.8293 2.64181
      vertex 7.5 5.75 2
      vertex 7.5 6.746 2.66268
    endloop
  endfacet
  facet normal -1 -0 0
    outer loop
      vertex 7.5 6.746 2.66268
      vertex 7.5 5.75 2
      vertex 7.5 6.66515 2.69161
    endloop
  endfacet
  facet normal -1 -0 0
    outer loop
      vertex 7.5 6.66515 2.69161
      vertex 7.5 5.75 2
      vertex 7.5 6.58753 2.72832
    endloop
  endfacet
  facet normal -1 -0 0
    outer loop
      vertex 7.5 6.58753 2.72832
      vertex 7.5 5.75 2
      vertex 7.5 6.51388 2.77246
    endloop
  endfacet
  facet normal -1 -0 0
    outer loop
      vertex 7.5 6.12921 3.41424
      vertex 7.5 5.75 2
      vertex 7.5 6.125 3.5
    endloop
  endfacet
  facet normal -1 -0 0
    outer loop
      vertex 7.5 6.14181 3.3293
      vertex 7.5 5.75 2
      vertex 7.5 6.12921 3.41424
    endloop
  endfacet
  facet normal -1 -0 0
    outer loop
      vertex 7.5 6.16268 3.246
      vertex 7.5 5.75 2
      vertex 7.5 6.14181 3.3293
    endloop
  endfacet
  facet normal -1 -0 0
    outer loop
      vertex 7.5 6.1916 3.16515
      vertex 7.5 5.75 2
      vertex 7.5 6.16268 3.246
    endloop
  endfacet
  facet normal -1 -0 0
    outer loop
      vertex 7.5 6.22832 3.08753
      vertex 7.5 5.75 2
      vertex 7.5 6.1916 3.16515
    endloop
  endfacet
  facet normal -1 -0 0
    outer loop
      vertex 7.5 6.27246 3.01388
      vertex 7.5 5.75 2
      vertex 7.5 6.22832 3.08753
    endloop
  endfacet
  facet normal -1 -0 0
    outer loop
      vertex 7.5 6.32362 2.94491
      vertex 7.5 5.75 2
      vertex 7.5 6.27246 3.01388
    endloop
  endfacet
  facet normal -1 -0 0
    outer loop
      vertex 7.5 6.38128 2.88128
      vertex 7.5 5.75 2
      vertex 7.5 6.32362 2.94491
    endloop
  endfacet
  facet normal -1 -0 0
    outer loop
      vertex 7.5 6.44491 2.82362
      vertex 7.5 5.75 2
      vertex 7.5 6.38128 2.88128
    endloop
  endfacet
  facet normal -1 -0 0
    outer loop
      vertex 7.5 6.51388 2.77246
      vertex 7.5 5.75 2
      vertex 7.5 6.44491 2.82362
    endloop
  endfacet
  facet normal -1 0 0
    outer loop
      vertex 7.5 7.5 4.21724
      vertex 7.5 7.48612 4.22754
      vertex 7.5 7.5 5
    endloop
  endfacet
  facet normal -1 0 0
    outer loop
      vertex 7.5 7.5 5
      vertex 7.5 8.75 10.7
      vertex 7.5 8.75 5
    endloop
  endfacet
  facet normal -1 0 0
    outer loop
      vertex 7.5 7.41247 4.27168
      vertex 7.5 7.5 5
      vertex 7.5 7.48612 4.22754
    endloop
  endfacet
  facet normal -1 0 0
    outer loop
      vertex 7.5 7.33485 4.3084
      vertex 7.5 7.5 5
      vertex 7.5 7.41247 4.27168
    endloop
  endfacet
  facet normal -1 0 0
    outer loop
      vertex 7.5 7.254 4.33732
      vertex 7.5 7.5 5
      vertex 7.5 7.33485 4.3084
    endloop
  endfacet
  facet normal -1 0 0
    outer loop
      vertex 7.5 7.1707 4.35819
      vertex 7.5 7.5 5
      vertex 7.5 7.254 4.33732
    endloop
  endfacet
  facet normal -1 0 0
    outer loop
      vertex 7.5 7.08576 4.37079
      vertex 7.5 7.5 5
      vertex 7.5 7.1707 4.35819
    endloop
  endfacet
  facet normal -1 0 0
    outer loop
      vertex 7.5 7 4.375
      vertex 7.5 7.5 5
      vertex 7.5 7.08576 4.37079
    endloop
  endfacet
  facet normal -1 0 0
    outer loop
      vertex 7.5 6.91423 4.37079
      vertex 7.5 7.5 5
      vertex 7.5 7 4.375
    endloop
  endfacet
  facet normal -1 0 0
    outer loop
      vertex 7.5 6.8293 4.35819
      vertex 7.5 7.5 5
      vertex 7.5 6.91423 4.37079
    endloop
  endfacet
  facet normal -1 0 0
    outer loop
      vertex 7.5 6.746 4.33732
      vertex 7.5 7.5 5
      vertex 7.5 6.8293 4.35819
    endloop
  endfacet
  facet normal -1 0 0
    outer loop
      vertex 7.5 6.66515 4.3084
      vertex 7.5 7.5 5
      vertex 7.5 6.746 4.33732
    endloop
  endfacet
  facet normal -1 0 0
    outer loop
      vertex 7.5 6.58753 4.27168
      vertex 7.5 7.5 5
      vertex 7.5 6.66515 4.3084
    endloop
  endfacet
  facet normal -1 -0 0
    outer loop
      vertex 7.5 7.5 5
      vertex 7.5 6.58753 4.27168
      vertex 7.5 5.75 10.7
    endloop
  endfacet
  facet normal -1 0 0
    outer loop
      vertex 7.5 5.75 10.7
      vertex 7.5 6.58753 4.27168
      vertex 7.5 6.51388 4.22754
    endloop
  endfacet
  facet normal -1 0 0
    outer loop
      vertex 7.5 5.75 10.7
      vertex 7.5 6.51388 4.22754
      vertex 7.5 6.44491 4.17638
    endloop
  endfacet
  facet normal -1 0 0
    outer loop
      vertex 7.5 5.75 10.7
      vertex 7.5 6.44491 4.17638
      vertex 7.5 6.38128 4.11872
    endloop
  endfacet
  facet normal -1 0 0
    outer loop
      vertex 7.5 5.75 10.7
      vertex 7.5 6.38128 4.11872
      vertex 7.5 6.32362 4.05509
    endloop
  endfacet
  facet normal -1 0 0
    outer loop
      vertex 7.5 5.75 10.7
      vertex 7.5 6.32362 4.05509
      vertex 7.5 6.27246 3.98612
    endloop
  endfacet
  facet normal -1 0 0
    outer loop
      vertex 7.5 5.75 10.7
      vertex 7.5 6.27246 3.98612
      vertex 7.5 6.22832 3.91247
    endloop
  endfacet
  facet normal -1 0 0
    outer loop
      vertex 7.5 5.75 10.7
      vertex 7.5 6.22832 3.91247
      vertex 7.5 6.1916 3.83485
    endloop
  endfacet
  facet normal -1 0 0
    outer loop
      vertex 7.5 5.75 2
      vertex 7.5 6.12921 3.58577
      vertex 7.5 6.125 3.5
    endloop
  endfacet
  facet normal -1 0 0
    outer loop
      vertex 7.5 5.75 2
      vertex 7.5 6.14181 3.6707
      vertex 7.5 6.12921 3.58577
    endloop
  endfacet
  facet normal -1 0 0
    outer loop
      vertex 7.5 7.5 5
      vertex 7.5 5.75 10.7
      vertex 7.5 8.75 10.7
    endloop
  endfacet
  facet normal -1 0 0
    outer loop
      vertex 7.5 6.16268 3.754
      vertex 7.5 5.75 10.7
      vertex 7.5 6.1916 3.83485
    endloop
  endfacet
  facet normal -1 0 0
    outer loop
      vertex 7.5 6.14181 3.6707
      vertex 7.5 5.75 10.7
      vertex 7.5 6.16268 3.754
    endloop
  endfacet
  facet normal -1 0 0
    outer loop
      vertex 7.5 5.75 10.7
      vertex 7.5 6.14181 3.6707
      vertex 7.5 5.75 2
    endloop
  endfacet
  facet normal 0 -1 0
    outer loop
      vertex 7.5 5.75 10.7
      vertex 8.25 5.75 5
      vertex 10.5 5.75 10.7
    endloop
  endfacet
  facet normal 0 -1 0
    outer loop
      vertex 7.5 5.75 2
      vertex 8.25 5.75 5
      vertex 7.5 5.75 10.7
    endloop
  endfacet
  facet normal 0 -1 -0
    outer loop
      vertex 8.25 5.75 5
      vertex 7.5 5.75 2
      vertex 8.25 5.75 2
    endloop
  endfacet
  facet normal 0 -1 -0
    outer loop
      vertex 10.5 5.75 10.7
      vertex 8.25 5.75 5
      vertex 10.5 5.75 5
    endloop
  endfacet
  facet normal -0.96995 0.243303 0
    outer loop
      vertex -14.452 13.6377 0
      vertex -14.3923 13.8757 2
      vertex -14.3923 13.8757 0
    endloop
  endfacet
  facet normal -0.96995 0.243303 0
    outer loop
      vertex -14.3923 13.8757 2
      vertex -14.452 13.6377 0
      vertex -14.452 13.6377 2
    endloop
  endfacet
  facet normal -0.989177 0.146726 0
    outer loop
      vertex -14.488 13.395 0
      vertex -14.452 13.6377 2
      vertex -14.452 13.6377 0
    endloop
  endfacet
  facet normal -0.989177 0.146726 0
    outer loop
      vertex -14.452 13.6377 2
      vertex -14.488 13.395 0
      vertex -14.488 13.395 2
    endloop
  endfacet
  facet normal 0.0489209 -0.998803 0
    outer loop
      vertex 12 -14.65 0
      vertex 12.245 -14.638 2
      vertex 12 -14.65 2
    endloop
  endfacet
  facet normal 0.0489209 -0.998803 0
    outer loop
      vertex 12.245 -14.638 2
      vertex 12 -14.65 0
      vertex 12.245 -14.638 0
    endloop
  endfacet
  facet normal -0.998803 0.0489209 0
    outer loop
      vertex -14.5 13.15 0
      vertex -14.488 13.395 2
      vertex -14.488 13.395 0
    endloop
  endfacet
  facet normal -0.998803 0.0489209 0
    outer loop
      vertex -14.488 13.395 2
      vertex -14.5 13.15 0
      vertex -14.5 13.15 2
    endloop
  endfacet
  facet normal 0.803167 0.595754 0
    outer loop
      vertex 14.0787 14.5389 2
      vertex 13.9325 14.736 0
      vertex 13.9325 14.736 2
    endloop
  endfacet
  facet normal 0.803167 0.595754 0
    outer loop
      vertex 13.9325 14.736 0
      vertex 14.0787 14.5389 2
      vertex 14.0787 14.5389 0
    endloop
  endfacet
  facet normal -1 0 0
    outer loop
      vertex -14.5 6.75 0
      vertex -14.5 13.15 2
      vertex -14.5 13.15 0
    endloop
  endfacet
  facet normal -1 -0 0
    outer loop
      vertex -14.5 13.15 2
      vertex -14.5 6.75 0
      vertex -14.5 6.75 2
    endloop
  endfacet
  facet normal -1 0 0
    outer loop
      vertex -14.5 -12.15 0
      vertex -14.5 -6.75 2
      vertex -14.5 -6.75 0
    endloop
  endfacet
  facet normal -1 -0 0
    outer loop
      vertex -14.5 -6.75 2
      vertex -14.5 -12.15 0
      vertex -14.5 -12.15 2
    endloop
  endfacet
  facet normal 0.998803 -0.0489209 0
    outer loop
      vertex 14.488 -12.395 2
      vertex 14.5 -12.15 0
      vertex 14.5 -12.15 2
    endloop
  endfacet
  facet normal 0.998803 -0.0489209 0
    outer loop
      vertex 14.5 -12.15 0
      vertex 14.488 -12.395 2
      vertex 14.488 -12.395 0
    endloop
  endfacet
  facet normal 0 1 -0
    outer loop
      vertex 12 15.65 0
      vertex -12 15.65 2
      vertex 12 15.65 2
    endloop
  endfacet
  facet normal 0 1 0
    outer loop
      vertex -12 15.65 2
      vertex 12 15.65 0
      vertex -12 15.65 0
    endloop
  endfacet
  facet normal 0.0489209 0.998803 -0
    outer loop
      vertex 12.245 15.638 0
      vertex 12 15.65 2
      vertex 12.245 15.638 2
    endloop
  endfacet
  facet normal 0.0489209 0.998803 0
    outer loop
      vertex 12 15.65 2
      vertex 12.245 15.638 0
      vertex 12 15.65 0
    endloop
  endfacet
  facet normal 0.803167 -0.595754 0
    outer loop
      vertex 13.9325 -13.736 2
      vertex 14.0787 -13.5389 0
      vertex 14.0787 -13.5389 2
    endloop
  endfacet
  facet normal 0.803167 -0.595754 0
    outer loop
      vertex 14.0787 -13.5389 0
      vertex 13.9325 -13.736 2
      vertex 13.9325 -13.736 0
    endloop
  endfacet
  facet normal 0 -1 0
    outer loop
      vertex -12 -14.65 0
      vertex 12 -14.65 2
      vertex -12 -14.65 2
    endloop
  endfacet
  facet normal 0 -1 -0
    outer loop
      vertex 12 -14.65 2
      vertex -12 -14.65 0
      vertex 12 -14.65 0
    endloop
  endfacet
  facet normal -0.514076 -0.857745 0
    outer loop
      vertex -13.3889 -14.2287 0
      vertex -13.1785 -14.3548 2
      vertex -13.3889 -14.2287 2
    endloop
  endfacet
  facet normal -0.514076 -0.857745 -0
    outer loop
      vertex -13.1785 -14.3548 2
      vertex -13.3889 -14.2287 0
      vertex -13.1785 -14.3548 0
    endloop
  endfacet
  facet normal 0 0 -1
    outer loop
      vertex 12 -14.65 0
      vertex 14.5 -12.15 0
      vertex 14.488 -12.395 0
    endloop
  endfacet
  facet normal 0 0 -1
    outer loop
      vertex 14.5 -12.15 0
      vertex -3.5 0 0
      vertex 14.5 13.15 0
    endloop
  endfacet
  facet normal 0 0 -1
    outer loop
      vertex 12 -14.65 0
      vertex 14.488 -12.395 0
      vertex 14.452 -12.6377 0
    endloop
  endfacet
  facet normal 0 0 -1
    outer loop
      vertex -3.51204 0.245043 0
      vertex 14.5 13.15 0
      vertex -3.5 0 0
    endloop
  endfacet
  facet normal 0 0 -1
    outer loop
      vertex 12 -14.65 0
      vertex 14.452 -12.6377 0
      vertex 14.3923 -12.8757 0
    endloop
  endfacet
  facet normal 0 0 -1
    outer loop
      vertex -3.54804 0.487725 0
      vertex 14.5 13.15 0
      vertex -3.51204 0.245043 0
    endloop
  endfacet
  facet normal 0 0 -1
    outer loop
      vertex 12 -14.65 0
      vertex 14.3923 -12.8757 0
      vertex 14.3097 -13.1067 0
    endloop
  endfacet
  facet normal 0 0 -1
    outer loop
      vertex -3.60765 0.725711 0
      vertex 14.5 13.15 0
      vertex -3.54804 0.487725 0
    endloop
  endfacet
  facet normal 0 0 -1
    outer loop
      vertex 12 -14.65 0
      vertex 14.3097 -13.1067 0
      vertex 14.2048 -13.3285 0
    endloop
  endfacet
  facet normal 0 0 -1
    outer loop
      vertex -3.6903 0.956708 0
      vertex 14.5 13.15 0
      vertex -3.60765 0.725711 0
    endloop
  endfacet
  facet normal 0 0 -1
    outer loop
      vertex 12 -14.65 0
      vertex 14.2048 -13.3285 0
      vertex 14.0787 -13.5389 0
    endloop
  endfacet
  facet normal 0 0 -1
    outer loop
      vertex -3.7952 1.17849 0
      vertex 14.5 13.15 0
      vertex -3.6903 0.956708 0
    endloop
  endfacet
  facet normal 0 0 -1
    outer loop
      vertex 12 -14.65 0
      vertex 14.0787 -13.5389 0
      vertex 13.9325 -13.736 0
    endloop
  endfacet
  facet normal 0 -0 -1
    outer loop
      vertex 12 15.65 0
      vertex 14.5 13.15 0
      vertex -3.7952 1.17849 0
    endloop
  endfacet
  facet normal 0 0 -1
    outer loop
      vertex 12 -14.65 0
      vertex 13.9325 -13.736 0
      vertex 13.7678 -13.9178 0
    endloop
  endfacet
  facet normal 0 0 -1
    outer loop
      vertex 14.5 13.15 0
      vertex 12 15.65 0
      vertex 14.488 13.395 0
    endloop
  endfacet
  facet normal 0 0 -1
    outer loop
      vertex 12 -14.65 0
      vertex 13.7678 -13.9178 0
      vertex 13.586 -14.0825 0
    endloop
  endfacet
  facet normal 0 0 -1
    outer loop
      vertex 14.452 13.6377 0
      vertex 12 15.65 0
      vertex 14.3923 13.8757 0
    endloop
  endfacet
  facet normal 0 0 -1
    outer loop
      vertex 12 -14.65 0
      vertex 13.586 -14.0825 0
      vertex 13.3889 -14.2287 0
    endloop
  endfacet
  facet normal 0 0 -1
    outer loop
      vertex 14.3923 13.8757 0
      vertex 12 15.65 0
      vertex 14.3097 14.1067 0
    endloop
  endfacet
  facet normal 0 0 -1
    outer loop
      vertex 12 -14.65 0
      vertex 13.3889 -14.2287 0
      vertex 13.1785 -14.3548 0
    endloop
  endfacet
  facet normal 0 0 -1
    outer loop
      vertex 14.2048 14.3285 0
      vertex 12 15.65 0
      vertex 14.0787 14.5389 0
    endloop
  endfacet
  facet normal 0 0 -1
    outer loop
      vertex 12 -14.65 0
      vertex 13.1785 -14.3548 0
      vertex 12.9567 -14.4597 0
    endloop
  endfacet
  facet normal 0 0 -1
    outer loop
      vertex 14.0787 14.5389 0
      vertex 12 15.65 0
      vertex 13.9325 14.736 0
    endloop
  endfacet
  facet normal 0 0 -1
    outer loop
      vertex 12 -14.65 0
      vertex 12.9567 -14.4597 0
      vertex 12.7257 -14.5423 0
    endloop
  endfacet
  facet normal 0 0 -1
    outer loop
      vertex 13.7678 14.9178 0
      vertex 12 15.65 0
      vertex 13.586 15.0825 0
    endloop
  endfacet
  facet normal 0 0 -1
    outer loop
      vertex 12 -14.65 0
      vertex 12.7257 -14.5423 0
      vertex 12.4877 -14.602 0
    endloop
  endfacet
  facet normal 0 0 -1
    outer loop
      vertex 13.586 15.0825 0
      vertex 12 15.65 0
      vertex 13.3889 15.2287 0
    endloop
  endfacet
  facet normal 0 0 -1
    outer loop
      vertex 12 -14.65 0
      vertex 12.4877 -14.602 0
      vertex 12.245 -14.638 0
    endloop
  endfacet
  facet normal 0 0 -1
    outer loop
      vertex 13.1785 15.3548 0
      vertex 12 15.65 0
      vertex 12.9567 15.4597 0
    endloop
  endfacet
  facet normal 0 0 -1
    outer loop
      vertex -3.7952 -1.17849 0
      vertex 14.5 -12.15 0
      vertex 12 -14.65 0
    endloop
  endfacet
  facet normal 0 0 -1
    outer loop
      vertex 12.9567 15.4597 0
      vertex 12 15.65 0
      vertex 12.7257 15.5423 0
    endloop
  endfacet
  facet normal 0 0 -1
    outer loop
      vertex 12.4877 15.602 0
      vertex 12 15.65 0
      vertex 12.245 15.638 0
    endloop
  endfacet
  facet normal 0 0 -1
    outer loop
      vertex 14.5 -12.15 0
      vertex -3.51204 -0.245043 0
      vertex -3.5 0 0
    endloop
  endfacet
  facet normal 0 0 -1
    outer loop
      vertex 14.5 -12.15 0
      vertex -3.54804 -0.487725 0
      vertex -3.51204 -0.245043 0
    endloop
  endfacet
  facet normal 0 0 -1
    outer loop
      vertex 14.5 -12.15 0
      vertex -3.60765 -0.725711 0
      vertex -3.54804 -0.487725 0
    endloop
  endfacet
  facet normal 0 0 -1
    outer loop
      vertex 14.5 -12.15 0
      vertex -3.6903 -0.956708 0
      vertex -3.60765 -0.725711 0
    endloop
  endfacet
  facet normal 0 0 -1
    outer loop
      vertex 14.5 -12.15 0
      vertex -3.7952 -1.17849 0
      vertex -3.6903 -0.956708 0
    endloop
  endfacet
  facet normal 0 0 -1
    outer loop
      vertex 12 -14.65 0
      vertex -3.92133 -1.38893 0
      vertex -3.7952 -1.17849 0
    endloop
  endfacet
  facet normal 0 0 -1
    outer loop
      vertex 12 -14.65 0
      vertex -4.06747 -1.58598 0
      vertex -3.92133 -1.38893 0
    endloop
  endfacet
  facet normal 0 0 -1
    outer loop
      vertex 12 -14.65 0
      vertex -4.23223 -1.76777 0
      vertex -4.06747 -1.58598 0
    endloop
  endfacet
  facet normal 0 0 -1
    outer loop
      vertex 12 -14.65 0
      vertex -4.41402 -1.93253 0
      vertex -4.23223 -1.76777 0
    endloop
  endfacet
  facet normal 0 0 -1
    outer loop
      vertex 12 -14.65 0
      vertex -4.61107 -2.07867 0
      vertex -4.41402 -1.93253 0
    endloop
  endfacet
  facet normal 0 0 -1
    outer loop
      vertex 12 -14.65 0
      vertex -4.82151 -2.2048 0
      vertex -4.61107 -2.07867 0
    endloop
  endfacet
  facet normal 0 0 -1
    outer loop
      vertex 12 -14.65 0
      vertex -5.04329 -2.3097 0
      vertex -4.82151 -2.2048 0
    endloop
  endfacet
  facet normal 0 0 -1
    outer loop
      vertex -12 -14.65 0
      vertex -5.04329 -2.3097 0
      vertex 12 -14.65 0
    endloop
  endfacet
  facet normal 0 0 -1
    outer loop
      vertex -5.04329 -2.3097 0
      vertex -12 -14.65 0
      vertex -5.27429 -2.39235 0
    endloop
  endfacet
  facet normal 0 -0 -1
    outer loop
      vertex -11.1 -6.75 0
      vertex -5.27429 -2.39235 0
      vertex -12 -14.65 0
    endloop
  endfacet
  facet normal 0 0 -1
    outer loop
      vertex -5.27429 -2.39235 0
      vertex -11.1 -6.75 0
      vertex -5.51227 -2.45196 0
    endloop
  endfacet
  facet normal 0 0 -1
    outer loop
      vertex -5.51227 -2.45196 0
      vertex -11.1 -6.75 0
      vertex -5.75496 -2.48796 0
    endloop
  endfacet
  facet normal 0 0 -1
    outer loop
      vertex -5.75496 -2.48796 0
      vertex -11.1 -6.75 0
      vertex -6 -2.5 0
    endloop
  endfacet
  facet normal -0 0 -1
    outer loop
      vertex -6 -2.5 0
      vertex -11.1 -6.75 0
      vertex -6.24504 -2.48796 0
    endloop
  endfacet
  facet normal -0 0 -1
    outer loop
      vertex -6.24504 -2.48796 0
      vertex -11.1 -6.75 0
      vertex -6.48773 -2.45196 0
    endloop
  endfacet
  facet normal -0 0 -1
    outer loop
      vertex -6.48773 -2.45196 0
      vertex -11.1 -6.75 0
      vertex -6.72571 -2.39235 0
    endloop
  endfacet
  facet normal -0 0 -1
    outer loop
      vertex -6.72571 -2.39235 0
      vertex -11.1 -6.75 0
      vertex -6.95671 -2.3097 0
    endloop
  endfacet
  facet normal -0 0 -1
    outer loop
      vertex -8.48796 -0.245043 0
      vertex -11.1 -6.75 0
      vertex -8.5 0 0
    endloop
  endfacet
  facet normal -0 0 -1
    outer loop
      vertex -8.45196 -0.487725 0
      vertex -11.1 -6.75 0
      vertex -8.48796 -0.245043 0
    endloop
  endfacet
  facet normal -0 0 -1
    outer loop
      vertex -8.39235 -0.725711 0
      vertex -11.1 -6.75 0
      vertex -8.45196 -0.487725 0
    endloop
  endfacet
  facet normal -0 0 -1
    outer loop
      vertex -8.3097 -0.956708 0
      vertex -11.1 -6.75 0
      vertex -8.39235 -0.725711 0
    endloop
  endfacet
  facet normal -0 0 -1
    outer loop
      vertex -8.2048 -1.17849 0
      vertex -11.1 -6.75 0
      vertex -8.3097 -0.956708 0
    endloop
  endfacet
  facet normal -0 0 -1
    outer loop
      vertex -8.07867 -1.38893 0
      vertex -11.1 -6.75 0
      vertex -8.2048 -1.17849 0
    endloop
  endfacet
  facet normal -0 0 -1
    outer loop
      vertex -7.93253 -1.58598 0
      vertex -11.1 -6.75 0
      vertex -8.07867 -1.38893 0
    endloop
  endfacet
  facet normal -0 0 -1
    outer loop
      vertex -7.76777 -1.76777 0
      vertex -11.1 -6.75 0
      vertex -7.93253 -1.58598 0
    endloop
  endfacet
  facet normal -0 0 -1
    outer loop
      vertex -7.58598 -1.93253 0
      vertex -11.1 -6.75 0
      vertex -7.76777 -1.76777 0
    endloop
  endfacet
  facet normal -0 0 -1
    outer loop
      vertex -7.38893 -2.07867 0
      vertex -11.1 -6.75 0
      vertex -7.58598 -1.93253 0
    endloop
  endfacet
  facet normal -0 0 -1
    outer loop
      vertex -7.17849 -2.2048 0
      vertex -11.1 -6.75 0
      vertex -7.38893 -2.07867 0
    endloop
  endfacet
  facet normal -0 0 -1
    outer loop
      vertex -6.95671 -2.3097 0
      vertex -11.1 -6.75 0
      vertex -7.17849 -2.2048 0
    endloop
  endfacet
  facet normal 0 0 -1
    outer loop
      vertex -14.5 -12.15 0
      vertex -12 -14.65 0
      vertex -12.245 -14.638 0
    endloop
  endfacet
  facet normal 0 0 -1
    outer loop
      vertex -14.5 -12.15 0
      vertex -12.245 -14.638 0
      vertex -12.4877 -14.602 0
    endloop
  endfacet
  facet normal 0 0 -1
    outer loop
      vertex -14.5 -12.15 0
      vertex -12.4877 -14.602 0
      vertex -12.7257 -14.5423 0
    endloop
  endfacet
  facet normal 0 0 -1
    outer loop
      vertex -14.5 -12.15 0
      vertex -12.7257 -14.5423 0
      vertex -12.9567 -14.4597 0
    endloop
  endfacet
  facet normal 0 0 -1
    outer loop
      vertex -14.5 -12.15 0
      vertex -12.9567 -14.4597 0
      vertex -13.1785 -14.3548 0
    endloop
  endfacet
  facet normal 0 0 -1
    outer loop
      vertex -14.5 -12.15 0
      vertex -13.1785 -14.3548 0
      vertex -13.3889 -14.2287 0
    endloop
  endfacet
  facet normal 0 0 -1
    outer loop
      vertex -14.5 -12.15 0
      vertex -13.3889 -14.2287 0
      vertex -13.586 -14.0825 0
    endloop
  endfacet
  facet normal 0 0 -1
    outer loop
      vertex -14.5 -12.15 0
      vertex -13.586 -14.0825 0
      vertex -13.7678 -13.9178 0
    endloop
  endfacet
  facet normal 0 0 -1
    outer loop
      vertex -14.5 -12.15 0
      vertex -13.7678 -13.9178 0
      vertex -13.9325 -13.736 0
    endloop
  endfacet
  facet normal 0 0 -1
    outer loop
      vertex -14.5 -12.15 0
      vertex -13.9325 -13.736 0
      vertex -14.0787 -13.5389 0
    endloop
  endfacet
  facet normal 0 0 -1
    outer loop
      vertex -14.5 -12.15 0
      vertex -14.0787 -13.5389 0
      vertex -14.2048 -13.3285 0
    endloop
  endfacet
  facet normal 0 0 -1
    outer loop
      vertex -14.5 -12.15 0
      vertex -14.2048 -13.3285 0
      vertex -14.3097 -13.1067 0
    endloop
  endfacet
  facet normal 0 0 -1
    outer loop
      vertex -14.5 -12.15 0
      vertex -14.3097 -13.1067 0
      vertex -14.3923 -12.8757 0
    endloop
  endfacet
  facet normal 0 0 -1
    outer loop
      vertex -14.5 -12.15 0
      vertex -14.3923 -12.8757 0
      vertex -14.452 -12.6377 0
    endloop
  endfacet
  facet normal 0 0 -1
    outer loop
      vertex -14.5 -12.15 0
      vertex -14.452 -12.6377 0
      vertex -14.488 -12.395 0
    endloop
  endfacet
  facet normal 0 0 -1
    outer loop
      vertex -12 -14.65 0
      vertex -14.5 -12.15 0
      vertex -11.1 -6.75 0
    endloop
  endfacet
  facet normal -0 0 -1
    outer loop
      vertex -11.1 -6.75 0
      vertex -14.5 -12.15 0
      vertex -14.5 -6.75 0
    endloop
  endfacet
  facet normal 0 0 -1
    outer loop
      vertex 12.7257 15.5423 0
      vertex 12 15.65 0
      vertex 12.4877 15.602 0
    endloop
  endfacet
  facet normal 0 0 -1
    outer loop
      vertex 13.3889 15.2287 0
      vertex 12 15.65 0
      vertex 13.1785 15.3548 0
    endloop
  endfacet
  facet normal 0 0 -1
    outer loop
      vertex 13.9325 14.736 0
      vertex 12 15.65 0
      vertex 13.7678 14.9178 0
    endloop
  endfacet
  facet normal 0 0 -1
    outer loop
      vertex 14.3097 14.1067 0
      vertex 12 15.65 0
      vertex 14.2048 14.3285 0
    endloop
  endfacet
  facet normal 0 0 -1
    outer loop
      vertex 14.488 13.395 0
      vertex 12 15.65 0
      vertex 14.452 13.6377 0
    endloop
  endfacet
  facet normal 0 0 -1
    outer loop
      vertex -3.92133 1.38893 0
      vertex 12 15.65 0
      vertex -3.7952 1.17849 0
    endloop
  endfacet
  facet normal 0 0 -1
    outer loop
      vertex -4.06747 1.58598 0
      vertex 12 15.65 0
      vertex -3.92133 1.38893 0
    endloop
  endfacet
  facet normal 0 0 -1
    outer loop
      vertex -4.23223 1.76777 0
      vertex 12 15.65 0
      vertex -4.06747 1.58598 0
    endloop
  endfacet
  facet normal 0 0 -1
    outer loop
      vertex -4.41402 1.93253 0
      vertex 12 15.65 0
      vertex -4.23223 1.76777 0
    endloop
  endfacet
  facet normal 0 0 -1
    outer loop
      vertex -4.61107 2.07867 0
      vertex 12 15.65 0
      vertex -4.41402 1.93253 0
    endloop
  endfacet
  facet normal 0 0 -1
    outer loop
      vertex -4.82151 2.2048 0
      vertex 12 15.65 0
      vertex -4.61107 2.07867 0
    endloop
  endfacet
  facet normal 0 0 -1
    outer loop
      vertex -5.04329 2.3097 0
      vertex 12 15.65 0
      vertex -4.82151 2.2048 0
    endloop
  endfacet
  facet normal 0 0 -1
    outer loop
      vertex -12 15.65 0
      vertex -5.04329 2.3097 0
      vertex -5.27429 2.39235 0
    endloop
  endfacet
  facet normal 0 0 -1
    outer loop
      vertex -11.1 6.75 0
      vertex -5.27429 2.39235 0
      vertex -5.51227 2.45196 0
    endloop
  endfacet
  facet normal 0 0 -1
    outer loop
      vertex -11.1 6.75 0
      vertex -5.51227 2.45196 0
      vertex -5.75496 2.48796 0
    endloop
  endfacet
  facet normal 0 0 -1
    outer loop
      vertex -11.1 6.75 0
      vertex -5.75496 2.48796 0
      vertex -6 2.5 0
    endloop
  endfacet
  facet normal 0 0 -1
    outer loop
      vertex -11.1 6.75 0
      vertex -6 2.5 0
      vertex -6.24504 2.48796 0
    endloop
  endfacet
  facet normal 0 0 -1
    outer loop
      vertex -11.1 6.75 0
      vertex -6.24504 2.48796 0
      vertex -6.48773 2.45196 0
    endloop
  endfacet
  facet normal 0 0 -1
    outer loop
      vertex -11.1 6.75 0
      vertex -6.48773 2.45196 0
      vertex -6.72571 2.39235 0
    endloop
  endfacet
  facet normal 0 0 -1
    outer loop
      vertex -11.1 6.75 0
      vertex -6.72571 2.39235 0
      vertex -6.95671 2.3097 0
    endloop
  endfacet
  facet normal 0 0 -1
    outer loop
      vertex -11.1 6.75 0
      vertex -6.95671 2.3097 0
      vertex -7.17849 2.2048 0
    endloop
  endfacet
  facet normal 0 0 -1
    outer loop
      vertex -11.1 6.75 0
      vertex -7.17849 2.2048 0
      vertex -7.38893 2.07867 0
    endloop
  endfacet
  facet normal 0 0 -1
    outer loop
      vertex -11.1 6.75 0
      vertex -8.5 0 0
      vertex -11.1 -6.75 0
    endloop
  endfacet
  facet normal 0 0 -1
    outer loop
      vertex -8.5 0 0
      vertex -11.1 6.75 0
      vertex -8.48796 0.245043 0
    endloop
  endfacet
  facet normal 0 0 -1
    outer loop
      vertex -8.48796 0.245043 0
      vertex -11.1 6.75 0
      vertex -8.45196 0.487725 0
    endloop
  endfacet
  facet normal 0 0 -1
    outer loop
      vertex -8.45196 0.487725 0
      vertex -11.1 6.75 0
      vertex -8.39235 0.725711 0
    endloop
  endfacet
  facet normal 0 0 -1
    outer loop
      vertex -8.39235 0.725711 0
      vertex -11.1 6.75 0
      vertex -8.3097 0.956708 0
    endloop
  endfacet
  facet normal 0 0 -1
    outer loop
      vertex -11.1 6.75 0
      vertex -8.2048 1.17849 0
      vertex -8.3097 0.956708 0
    endloop
  endfacet
  facet normal 0 0 -1
    outer loop
      vertex -11.1 6.75 0
      vertex -8.07867 1.38893 0
      vertex -8.2048 1.17849 0
    endloop
  endfacet
  facet normal 0 0 -1
    outer loop
      vertex -11.1 6.75 0
      vertex -7.93253 1.58598 0
      vertex -8.07867 1.38893 0
    endloop
  endfacet
  facet normal 0 0 -1
    outer loop
      vertex -11.1 6.75 0
      vertex -7.76777 1.76777 0
      vertex -7.93253 1.58598 0
    endloop
  endfacet
  facet normal 0 0 -1
    outer loop
      vertex -11.1 6.75 0
      vertex -7.58598 1.93253 0
      vertex -7.76777 1.76777 0
    endloop
  endfacet
  facet normal 0 0 -1
    outer loop
      vertex -11.1 6.75 0
      vertex -7.38893 2.07867 0
      vertex -7.58598 1.93253 0
    endloop
  endfacet
  facet normal 0 0 -1
    outer loop
      vertex -5.27429 2.39235 0
      vertex -11.1 6.75 0
      vertex -12 15.65 0
    endloop
  endfacet
  facet normal 0 0 -1
    outer loop
      vertex -5.04329 2.3097 0
      vertex -12 15.65 0
      vertex 12 15.65 0
    endloop
  endfacet
  facet normal 0 0 -1
    outer loop
      vertex -14.5 13.15 0
      vertex -12 15.65 0
      vertex -11.1 6.75 0
    endloop
  endfacet
  facet normal 0 0 -1
    outer loop
      vertex -12 15.65 0
      vertex -14.5 13.15 0
      vertex -12.245 15.638 0
    endloop
  endfacet
  facet normal 0 0 -1
    outer loop
      vertex -12.245 15.638 0
      vertex -14.5 13.15 0
      vertex -12.4877 15.602 0
    endloop
  endfacet
  facet normal 0 0 -1
    outer loop
      vertex -12.4877 15.602 0
      vertex -14.5 13.15 0
      vertex -12.7257 15.5423 0
    endloop
  endfacet
  facet normal 0 0 -1
    outer loop
      vertex -12.7257 15.5423 0
      vertex -14.5 13.15 0
      vertex -12.9567 15.4597 0
    endloop
  endfacet
  facet normal 0 0 -1
    outer loop
      vertex -12.9567 15.4597 0
      vertex -14.5 13.15 0
      vertex -13.1785 15.3548 0
    endloop
  endfacet
  facet normal 0 0 -1
    outer loop
      vertex -13.1785 15.3548 0
      vertex -14.5 13.15 0
      vertex -13.3889 15.2287 0
    endloop
  endfacet
  facet normal 0 0 -1
    outer loop
      vertex -13.3889 15.2287 0
      vertex -14.5 13.15 0
      vertex -13.586 15.0825 0
    endloop
  endfacet
  facet normal 0 0 -1
    outer loop
      vertex -13.586 15.0825 0
      vertex -14.5 13.15 0
      vertex -13.7678 14.9178 0
    endloop
  endfacet
  facet normal 0 0 -1
    outer loop
      vertex -13.7678 14.9178 0
      vertex -14.5 13.15 0
      vertex -13.9325 14.736 0
    endloop
  endfacet
  facet normal 0 0 -1
    outer loop
      vertex -13.9325 14.736 0
      vertex -14.5 13.15 0
      vertex -14.0787 14.5389 0
    endloop
  endfacet
  facet normal 0 0 -1
    outer loop
      vertex -14.0787 14.5389 0
      vertex -14.5 13.15 0
      vertex -14.2048 14.3285 0
    endloop
  endfacet
  facet normal 0 0 -1
    outer loop
      vertex -14.2048 14.3285 0
      vertex -14.5 13.15 0
      vertex -14.3097 14.1067 0
    endloop
  endfacet
  facet normal 0 0 -1
    outer loop
      vertex -14.3097 14.1067 0
      vertex -14.5 13.15 0
      vertex -14.3923 13.8757 0
    endloop
  endfacet
  facet normal 0 0 -1
    outer loop
      vertex -14.3923 13.8757 0
      vertex -14.5 13.15 0
      vertex -14.452 13.6377 0
    endloop
  endfacet
  facet normal 0 0 -1
    outer loop
      vertex -14.5 13.15 0
      vertex -11.1 6.75 0
      vertex -14.5 6.75 0
    endloop
  endfacet
  facet normal 0 0 -1
    outer loop
      vertex -14.452 13.6377 0
      vertex -14.5 13.15 0
      vertex -14.488 13.395 0
    endloop
  endfacet
  facet normal -0.803167 -0.595754 0
    outer loop
      vertex -13.9325 -13.736 0
      vertex -14.0787 -13.5389 2
      vertex -14.0787 -13.5389 0
    endloop
  endfacet
  facet normal -0.803167 -0.595754 0
    outer loop
      vertex -14.0787 -13.5389 2
      vertex -13.9325 -13.736 0
      vertex -13.9325 -13.736 2
    endloop
  endfacet
  facet normal -0.998803 -0.0489209 0
    outer loop
      vertex -14.488 -12.395 0
      vertex -14.5 -12.15 2
      vertex -14.5 -12.15 0
    endloop
  endfacet
  facet normal -0.998803 -0.0489209 0
    outer loop
      vertex -14.5 -12.15 2
      vertex -14.488 -12.395 0
      vertex -14.488 -12.395 2
    endloop
  endfacet
  facet normal 0.989177 -0.146726 0
    outer loop
      vertex 14.452 -12.6377 2
      vertex 14.488 -12.395 0
      vertex 14.488 -12.395 2
    endloop
  endfacet
  facet normal 0.989177 -0.146726 0
    outer loop
      vertex 14.488 -12.395 0
      vertex 14.452 -12.6377 2
      vertex 14.452 -12.6377 0
    endloop
  endfacet
  facet normal 0.857745 0.514076 0
    outer loop
      vertex 14.2048 14.3285 2
      vertex 14.0787 14.5389 0
      vertex 14.0787 14.5389 2
    endloop
  endfacet
  facet normal 0.857745 0.514076 0
    outer loop
      vertex 14.0787 14.5389 0
      vertex 14.2048 14.3285 2
      vertex 14.2048 14.3285 0
    endloop
  endfacet
  facet normal 1 -0 0
    outer loop
      vertex 14.5 -12.15 2
      vertex 14.5 13.15 0
      vertex 14.5 13.15 2
    endloop
  endfacet
  facet normal 1 0 0
    outer loop
      vertex 14.5 13.15 0
      vertex 14.5 -12.15 2
      vertex 14.5 -12.15 0
    endloop
  endfacet
  facet normal -0.146726 0.989177 0
    outer loop
      vertex -12.245 15.638 0
      vertex -12.4877 15.602 2
      vertex -12.245 15.638 2
    endloop
  endfacet
  facet normal -0.146726 0.989177 0
    outer loop
      vertex -12.4877 15.602 2
      vertex -12.245 15.638 0
      vertex -12.4877 15.602 0
    endloop
  endfacet
  facet normal 0.427543 -0.903995 0
    outer loop
      vertex 12.9567 -14.4597 0
      vertex 13.1785 -14.3548 2
      vertex 12.9567 -14.4597 2
    endloop
  endfacet
  facet normal 0.427543 -0.903995 0
    outer loop
      vertex 13.1785 -14.3548 2
      vertex 12.9567 -14.4597 0
      vertex 13.1785 -14.3548 0
    endloop
  endfacet
  facet normal -0.243303 -0.96995 0
    outer loop
      vertex -12.7257 -14.5423 0
      vertex -12.4877 -14.602 2
      vertex -12.7257 -14.5423 2
    endloop
  endfacet
  facet normal -0.243303 -0.96995 -0
    outer loop
      vertex -12.4877 -14.602 2
      vertex -12.7257 -14.5423 0
      vertex -12.4877 -14.602 0
    endloop
  endfacet
  facet normal -0.671394 -0.741101 0
    outer loop
      vertex -13.7678 -13.9178 0
      vertex -13.586 -14.0825 2
      vertex -13.7678 -13.9178 2
    endloop
  endfacet
  facet normal -0.671394 -0.741101 -0
    outer loop
      vertex -13.586 -14.0825 2
      vertex -13.7678 -13.9178 0
      vertex -13.586 -14.0825 0
    endloop
  endfacet
  facet normal -0.741101 -0.671394 0
    outer loop
      vertex -13.7678 -13.9178 0
      vertex -13.9325 -13.736 2
      vertex -13.9325 -13.736 0
    endloop
  endfacet
  facet normal -0.741101 -0.671394 0
    outer loop
      vertex -13.9325 -13.736 2
      vertex -13.7678 -13.9178 0
      vertex -13.7678 -13.9178 2
    endloop
  endfacet
  facet normal -0.989177 -0.146726 0
    outer loop
      vertex -14.452 -12.6377 0
      vertex -14.488 -12.395 2
      vertex -14.488 -12.395 0
    endloop
  endfacet
  facet normal -0.989177 -0.146726 0
    outer loop
      vertex -14.488 -12.395 2
      vertex -14.452 -12.6377 0
      vertex -14.452 -12.6377 2
    endloop
  endfacet
  facet normal -0.96995 -0.243303 0
    outer loop
      vertex -14.3923 -12.8757 0
      vertex -14.452 -12.6377 2
      vertex -14.452 -12.6377 0
    endloop
  endfacet
  facet normal -0.96995 -0.243303 0
    outer loop
      vertex -14.452 -12.6377 2
      vertex -14.3923 -12.8757 0
      vertex -14.3923 -12.8757 2
    endloop
  endfacet
  facet normal 0.903995 0.427543 0
    outer loop
      vertex 14.3097 14.1067 2
      vertex 14.2048 14.3285 0
      vertex 14.2048 14.3285 2
    endloop
  endfacet
  facet normal 0.903995 0.427543 0
    outer loop
      vertex 14.2048 14.3285 0
      vertex 14.3097 14.1067 2
      vertex 14.3097 14.1067 0
    endloop
  endfacet
  facet normal 0.998803 0.0489209 0
    outer loop
      vertex 14.5 13.15 2
      vertex 14.488 13.395 0
      vertex 14.488 13.395 2
    endloop
  endfacet
  facet normal 0.998803 0.0489209 0
    outer loop
      vertex 14.488 13.395 0
      vertex 14.5 13.15 2
      vertex 14.5 13.15 0
    endloop
  endfacet
  facet normal 0.941613 0.336698 0
    outer loop
      vertex 14.3923 13.8757 2
      vertex 14.3097 14.1067 0
      vertex 14.3097 14.1067 2
    endloop
  endfacet
  facet normal 0.941613 0.336698 0
    outer loop
      vertex 14.3097 14.1067 0
      vertex 14.3923 13.8757 2
      vertex 14.3923 13.8757 0
    endloop
  endfacet
  facet normal 0.96995 0.243303 0
    outer loop
      vertex 14.452 13.6377 2
      vertex 14.3923 13.8757 0
      vertex 14.3923 13.8757 2
    endloop
  endfacet
  facet normal 0.96995 0.243303 0
    outer loop
      vertex 14.3923 13.8757 0
      vertex 14.452 13.6377 2
      vertex 14.452 13.6377 0
    endloop
  endfacet
  facet normal -0.336698 0.941613 0
    outer loop
      vertex -12.7257 15.5423 0
      vertex -12.9567 15.4597 2
      vertex -12.7257 15.5423 2
    endloop
  endfacet
  facet normal -0.336698 0.941613 0
    outer loop
      vertex -12.9567 15.4597 2
      vertex -12.7257 15.5423 0
      vertex -12.9567 15.4597 0
    endloop
  endfacet
  facet normal -0.514076 0.857745 0
    outer loop
      vertex -13.1785 15.3548 0
      vertex -13.3889 15.2287 2
      vertex -13.1785 15.3548 2
    endloop
  endfacet
  facet normal -0.514076 0.857745 0
    outer loop
      vertex -13.3889 15.2287 2
      vertex -13.1785 15.3548 0
      vertex -13.3889 15.2287 0
    endloop
  endfacet
  facet normal -0.243303 0.96995 0
    outer loop
      vertex -12.4877 15.602 0
      vertex -12.7257 15.5423 2
      vertex -12.4877 15.602 2
    endloop
  endfacet
  facet normal -0.243303 0.96995 0
    outer loop
      vertex -12.7257 15.5423 2
      vertex -12.4877 15.602 0
      vertex -12.7257 15.5423 0
    endloop
  endfacet
  facet normal -0.671394 0.741101 0
    outer loop
      vertex -13.586 15.0825 0
      vertex -13.7678 14.9178 2
      vertex -13.586 15.0825 2
    endloop
  endfacet
  facet normal -0.671394 0.741101 0
    outer loop
      vertex -13.7678 14.9178 2
      vertex -13.586 15.0825 0
      vertex -13.7678 14.9178 0
    endloop
  endfacet
  facet normal 0.336698 0.941613 -0
    outer loop
      vertex 12.9567 15.4597 0
      vertex 12.7257 15.5423 2
      vertex 12.9567 15.4597 2
    endloop
  endfacet
  facet normal 0.336698 0.941613 0
    outer loop
      vertex 12.7257 15.5423 2
      vertex 12.9567 15.4597 0
      vertex 12.7257 15.5423 0
    endloop
  endfacet
  facet normal 0.595754 0.803167 -0
    outer loop
      vertex 13.586 15.0825 0
      vertex 13.3889 15.2287 2
      vertex 13.586 15.0825 2
    endloop
  endfacet
  facet normal 0.595754 0.803167 0
    outer loop
      vertex 13.3889 15.2287 2
      vertex 13.586 15.0825 0
      vertex 13.3889 15.2287 0
    endloop
  endfacet
  facet normal 0.96995 -0.243303 0
    outer loop
      vertex 14.3923 -12.8757 2
      vertex 14.452 -12.6377 0
      vertex 14.452 -12.6377 2
    endloop
  endfacet
  facet normal 0.96995 -0.243303 0
    outer loop
      vertex 14.452 -12.6377 0
      vertex 14.3923 -12.8757 2
      vertex 14.3923 -12.8757 0
    endloop
  endfacet
  facet normal 0.146726 -0.989177 0
    outer loop
      vertex 12.245 -14.638 0
      vertex 12.4877 -14.602 2
      vertex 12.245 -14.638 2
    endloop
  endfacet
  facet normal 0.146726 -0.989177 0
    outer loop
      vertex 12.4877 -14.602 2
      vertex 12.245 -14.638 0
      vertex 12.4877 -14.602 0
    endloop
  endfacet
  facet normal 0.741101 -0.671394 0
    outer loop
      vertex 13.7678 -13.9178 2
      vertex 13.9325 -13.736 0
      vertex 13.9325 -13.736 2
    endloop
  endfacet
  facet normal 0.741101 -0.671394 0
    outer loop
      vertex 13.9325 -13.736 0
      vertex 13.7678 -13.9178 2
      vertex 13.7678 -13.9178 0
    endloop
  endfacet
  facet normal -0.595754 -0.803167 0
    outer loop
      vertex -13.586 -14.0825 0
      vertex -13.3889 -14.2287 2
      vertex -13.586 -14.0825 2
    endloop
  endfacet
  facet normal -0.595754 -0.803167 -0
    outer loop
      vertex -13.3889 -14.2287 2
      vertex -13.586 -14.0825 0
      vertex -13.3889 -14.2287 0
    endloop
  endfacet
  facet normal -0.0489209 -0.998803 0
    outer loop
      vertex -12.245 -14.638 0
      vertex -12 -14.65 2
      vertex -12.245 -14.638 2
    endloop
  endfacet
  facet normal -0.0489209 -0.998803 -0
    outer loop
      vertex -12 -14.65 2
      vertex -12.245 -14.638 0
      vertex -12 -14.65 0
    endloop
  endfacet
  facet normal -0 0 1
    outer loop
      vertex -14.5 -6.75 2
      vertex -12.25 -8.89999 2
      vertex -12.25 -6.75 2
    endloop
  endfacet
  facet normal 0 0 1
    outer loop
      vertex -12.25 -8.89999 2
      vertex -14.5 -12.15 2
      vertex -12.4877 -14.602 2
    endloop
  endfacet
  facet normal 0 0 1
    outer loop
      vertex -12.4877 -14.602 2
      vertex -14.5 -12.15 2
      vertex -12.7257 -14.5423 2
    endloop
  endfacet
  facet normal 0 0 1
    outer loop
      vertex -12.7257 -14.5423 2
      vertex -14.5 -12.15 2
      vertex -12.9567 -14.4597 2
    endloop
  endfacet
  facet normal 0 0 1
    outer loop
      vertex -12.9567 -14.4597 2
      vertex -14.5 -12.15 2
      vertex -13.1785 -14.3548 2
    endloop
  endfacet
  facet normal 0 0 1
    outer loop
      vertex -13.1785 -14.3548 2
      vertex -14.5 -12.15 2
      vertex -13.3889 -14.2287 2
    endloop
  endfacet
  facet normal 0 0 1
    outer loop
      vertex -13.3889 -14.2287 2
      vertex -14.5 -12.15 2
      vertex -13.586 -14.0825 2
    endloop
  endfacet
  facet normal 0 0 1
    outer loop
      vertex -13.586 -14.0825 2
      vertex -14.5 -12.15 2
      vertex -13.7678 -13.9178 2
    endloop
  endfacet
  facet normal 0 0 1
    outer loop
      vertex -13.7678 -13.9178 2
      vertex -14.5 -12.15 2
      vertex -13.9325 -13.736 2
    endloop
  endfacet
  facet normal 0 0 1
    outer loop
      vertex -13.9325 -13.736 2
      vertex -14.5 -12.15 2
      vertex -14.0787 -13.5389 2
    endloop
  endfacet
  facet normal 0 0 1
    outer loop
      vertex -14.0787 -13.5389 2
      vertex -14.5 -12.15 2
      vertex -14.2048 -13.3285 2
    endloop
  endfacet
  facet normal 0 0 1
    outer loop
      vertex -14.2048 -13.3285 2
      vertex -14.5 -12.15 2
      vertex -14.3097 -13.1067 2
    endloop
  endfacet
  facet normal 0 0 1
    outer loop
      vertex -14.3097 -13.1067 2
      vertex -14.5 -12.15 2
      vertex -14.3923 -12.8757 2
    endloop
  endfacet
  facet normal 0 0 1
    outer loop
      vertex -14.3923 -12.8757 2
      vertex -14.5 -12.15 2
      vertex -14.452 -12.6377 2
    endloop
  endfacet
  facet normal 0 0 1
    outer loop
      vertex -12.25 -8.89999 2
      vertex -14.5 -6.75 2
      vertex -14.5 -12.15 2
    endloop
  endfacet
  facet normal 0 0 1
    outer loop
      vertex -14.452 -12.6377 2
      vertex -14.5 -12.15 2
      vertex -14.488 -12.395 2
    endloop
  endfacet
  facet normal -0 0 1
    outer loop
      vertex -12.25 -8.89999 2
      vertex 8.25 -10 2
      vertex 8.25 -8.89999 2
    endloop
  endfacet
  facet normal 0 0 1
    outer loop
      vertex 8.25 -10 2
      vertex -12.25 -8.89999 2
      vertex -12 -14.65 2
    endloop
  endfacet
  facet normal -0 0 1
    outer loop
      vertex -12.4877 -14.602 2
      vertex -12 -14.65 2
      vertex -12.25 -8.89999 2
    endloop
  endfacet
  facet normal 0 0 1
    outer loop
      vertex -12 -14.65 2
      vertex -12.4877 -14.602 2
      vertex -12.245 -14.638 2
    endloop
  endfacet
  facet normal 0 0 1
    outer loop
      vertex 12 15.65 2
      vertex 14.5 13.15 2
      vertex 14.488 13.395 2
    endloop
  endfacet
  facet normal 0 0 1
    outer loop
      vertex 14.5 13.15 2
      vertex 12.25 10 2
      vertex 14.5 -12.15 2
    endloop
  endfacet
  facet normal 0 0 1
    outer loop
      vertex 12 15.65 2
      vertex 14.488 13.395 2
      vertex 14.452 13.6377 2
    endloop
  endfacet
  facet normal -0 0 1
    outer loop
      vertex 12.25 -10 2
      vertex 14.5 -12.15 2
      vertex 12.25 10 2
    endloop
  endfacet
  facet normal 0 0 1
    outer loop
      vertex 12 15.65 2
      vertex 14.452 13.6377 2
      vertex 14.3923 13.8757 2
    endloop
  endfacet
  facet normal 0 0 1
    outer loop
      vertex 14.5 -12.15 2
      vertex 12.25 -10 2
      vertex 14.488 -12.395 2
    endloop
  endfacet
  facet normal 0 0 1
    outer loop
      vertex 12 15.65 2
      vertex 14.3923 13.8757 2
      vertex 14.3097 14.1067 2
    endloop
  endfacet
  facet normal 0 0 1
    outer loop
      vertex 14.488 -12.395 2
      vertex 12.25 -10 2
      vertex 14.452 -12.6377 2
    endloop
  endfacet
  facet normal 0 0 1
    outer loop
      vertex 12 15.65 2
      vertex 14.3097 14.1067 2
      vertex 14.2048 14.3285 2
    endloop
  endfacet
  facet normal 0 0 1
    outer loop
      vertex 14.452 -12.6377 2
      vertex 12.25 -10 2
      vertex 14.3923 -12.8757 2
    endloop
  endfacet
  facet normal 0 0 1
    outer loop
      vertex 12 15.65 2
      vertex 14.2048 14.3285 2
      vertex 14.0787 14.5389 2
    endloop
  endfacet
  facet normal 0 0 1
    outer loop
      vertex 14.3923 -12.8757 2
      vertex 12.25 -10 2
      vertex 14.3097 -13.1067 2
    endloop
  endfacet
  facet normal 0 0 1
    outer loop
      vertex 12 15.65 2
      vertex 14.0787 14.5389 2
      vertex 13.9325 14.736 2
    endloop
  endfacet
  facet normal 0 0 1
    outer loop
      vertex 14.3097 -13.1067 2
      vertex 12.25 -10 2
      vertex 14.2048 -13.3285 2
    endloop
  endfacet
  facet normal 0 0 1
    outer loop
      vertex 12 15.65 2
      vertex 13.9325 14.736 2
      vertex 13.7678 14.9178 2
    endloop
  endfacet
  facet normal 0 0 1
    outer loop
      vertex 14.2048 -13.3285 2
      vertex 12.25 -10 2
      vertex 14.0787 -13.5389 2
    endloop
  endfacet
  facet normal 0 0 1
    outer loop
      vertex 12 15.65 2
      vertex 13.7678 14.9178 2
      vertex 13.586 15.0825 2
    endloop
  endfacet
  facet normal 0 0 1
    outer loop
      vertex 14.0787 -13.5389 2
      vertex 12.25 -10 2
      vertex 13.9325 -13.736 2
    endloop
  endfacet
  facet normal 0 0 1
    outer loop
      vertex 12 15.65 2
      vertex 13.586 15.0825 2
      vertex 13.3889 15.2287 2
    endloop
  endfacet
  facet normal 0 0 1
    outer loop
      vertex 13.9325 -13.736 2
      vertex 12.25 -10 2
      vertex 13.7678 -13.9178 2
    endloop
  endfacet
  facet normal 0 0 1
    outer loop
      vertex 12 15.65 2
      vertex 13.3889 15.2287 2
      vertex 13.1785 15.3548 2
    endloop
  endfacet
  facet normal 0 0 1
    outer loop
      vertex 13.7678 -13.9178 2
      vertex 12.25 -10 2
      vertex 13.586 -14.0825 2
    endloop
  endfacet
  facet normal 0 0 1
    outer loop
      vertex 12 15.65 2
      vertex 13.1785 15.3548 2
      vertex 12.9567 15.4597 2
    endloop
  endfacet
  facet normal 0 0 1
    outer loop
      vertex 13.586 -14.0825 2
      vertex 12.25 -10 2
      vertex 13.3889 -14.2287 2
    endloop
  endfacet
  facet normal 0 0 1
    outer loop
      vertex 12 15.65 2
      vertex 12.9567 15.4597 2
      vertex 12.7257 15.5423 2
    endloop
  endfacet
  facet normal 0 0 1
    outer loop
      vertex 13.3889 -14.2287 2
      vertex 12.25 -10 2
      vertex 13.1785 -14.3548 2
    endloop
  endfacet
  facet normal 0 0 1
    outer loop
      vertex 12 15.65 2
      vertex 12.7257 15.5423 2
      vertex 12.4877 15.602 2
    endloop
  endfacet
  facet normal 0 0 1
    outer loop
      vertex 13.1785 -14.3548 2
      vertex 12.25 -10 2
      vertex 12.9567 -14.4597 2
    endloop
  endfacet
  facet normal 0 0 1
    outer loop
      vertex 12.9567 -14.4597 2
      vertex 12.25 -10 2
      vertex 12.7257 -14.5423 2
    endloop
  endfacet
  facet normal 0 0 1
    outer loop
      vertex 12 15.65 2
      vertex 12.4877 15.602 2
      vertex 12.245 15.638 2
    endloop
  endfacet
  facet normal 0 0 1
    outer loop
      vertex 14.5 13.15 2
      vertex 12 15.65 2
      vertex 12.25 10 2
    endloop
  endfacet
  facet normal 0 0 1
    outer loop
      vertex 12 15.65 2
      vertex 8.25 10 2
      vertex 12.25 10 2
    endloop
  endfacet
  facet normal -0 0 1
    outer loop
      vertex -12 15.65 2
      vertex 8.25 10 2
      vertex 12 15.65 2
    endloop
  endfacet
  facet normal 0 0 1
    outer loop
      vertex -12.25 8.89999 2
      vertex 8.25 10 2
      vertex -12 15.65 2
    endloop
  endfacet
  facet normal 0 0 1
    outer loop
      vertex -14.5 13.15 2
      vertex -12 15.65 2
      vertex -12.245 15.638 2
    endloop
  endfacet
  facet normal 0 0 1
    outer loop
      vertex 8.25 10 2
      vertex -12.25 8.89999 2
      vertex 8.25 8.89999 2
    endloop
  endfacet
  facet normal 0 0 1
    outer loop
      vertex -14.5 13.15 2
      vertex -12.245 15.638 2
      vertex -12.4877 15.602 2
    endloop
  endfacet
  facet normal 0 0 1
    outer loop
      vertex -12 15.65 2
      vertex -14.5 13.15 2
      vertex -12.25 8.89999 2
    endloop
  endfacet
  facet normal 0 0 1
    outer loop
      vertex -14.5 13.15 2
      vertex -12.4877 15.602 2
      vertex -12.7257 15.5423 2
    endloop
  endfacet
  facet normal 0 0 1
    outer loop
      vertex -14.5 13.15 2
      vertex -12.7257 15.5423 2
      vertex -12.9567 15.4597 2
    endloop
  endfacet
  facet normal 0 0 1
    outer loop
      vertex -14.5 13.15 2
      vertex -12.9567 15.4597 2
      vertex -13.1785 15.3548 2
    endloop
  endfacet
  facet normal 0 0 1
    outer loop
      vertex -14.5 13.15 2
      vertex -13.1785 15.3548 2
      vertex -13.3889 15.2287 2
    endloop
  endfacet
  facet normal 0 0 1
    outer loop
      vertex -14.5 13.15 2
      vertex -13.3889 15.2287 2
      vertex -13.586 15.0825 2
    endloop
  endfacet
  facet normal 0 0 1
    outer loop
      vertex -14.5 13.15 2
      vertex -13.586 15.0825 2
      vertex -13.7678 14.9178 2
    endloop
  endfacet
  facet normal 0 0 1
    outer loop
      vertex -14.5 13.15 2
      vertex -13.7678 14.9178 2
      vertex -13.9325 14.736 2
    endloop
  endfacet
  facet normal 0 0 1
    outer loop
      vertex -14.5 13.15 2
      vertex -13.9325 14.736 2
      vertex -14.0787 14.5389 2
    endloop
  endfacet
  facet normal 0 0 1
    outer loop
      vertex -14.5 13.15 2
      vertex -14.0787 14.5389 2
      vertex -14.2048 14.3285 2
    endloop
  endfacet
  facet normal 0 0 1
    outer loop
      vertex -14.5 13.15 2
      vertex -14.2048 14.3285 2
      vertex -14.3097 14.1067 2
    endloop
  endfacet
  facet normal 0 0 1
    outer loop
      vertex -14.5 13.15 2
      vertex -14.3097 14.1067 2
      vertex -14.3923 13.8757 2
    endloop
  endfacet
  facet normal 0 0 1
    outer loop
      vertex -14.5 13.15 2
      vertex -14.3923 13.8757 2
      vertex -14.452 13.6377 2
    endloop
  endfacet
  facet normal 0 0 1
    outer loop
      vertex -14.5 13.15 2
      vertex -14.452 13.6377 2
      vertex -14.488 13.395 2
    endloop
  endfacet
  facet normal 0 0 1
    outer loop
      vertex -14.5 6.75 2
      vertex -12.25 8.89999 2
      vertex -14.5 13.15 2
    endloop
  endfacet
  facet normal 0 0 1
    outer loop
      vertex -12.25 8.89999 2
      vertex -14.5 6.75 2
      vertex -12.25 6.75 2
    endloop
  endfacet
  facet normal 0 0 1
    outer loop
      vertex 12.7257 -14.5423 2
      vertex 12.25 -10 2
      vertex 12.4877 -14.602 2
    endloop
  endfacet
  facet normal 0 0 1
    outer loop
      vertex 12.25 -10 2
      vertex 12.245 -14.638 2
      vertex 12.4877 -14.602 2
    endloop
  endfacet
  facet normal 0 0 1
    outer loop
      vertex 12.25 -10 2
      vertex 12 -14.65 2
      vertex 12.245 -14.638 2
    endloop
  endfacet
  facet normal -0 0 1
    outer loop
      vertex 8.25 -10 2
      vertex 12 -14.65 2
      vertex 12.25 -10 2
    endloop
  endfacet
  facet normal 0 0 1
    outer loop
      vertex 12 -14.65 2
      vertex 8.25 -10 2
      vertex -12 -14.65 2
    endloop
  endfacet
  facet normal -0 0 1
    outer loop
      vertex -10.85 7.5 2
      vertex -10.5 5.75 2
      vertex -10.5 7.5 2
    endloop
  endfacet
  facet normal 0 0 1
    outer loop
      vertex -10.5 5.75 2
      vertex -10.85 7.5 2
      vertex -10.5 -5.75 2
    endloop
  endfacet
  facet normal 0 0 1
    outer loop
      vertex -10.85 -7.5 2
      vertex -10.5 -5.75 2
      vertex -10.85 7.5 2
    endloop
  endfacet
  facet normal 0 0 1
    outer loop
      vertex -10.5 -5.75 2
      vertex -10.85 -7.5 2
      vertex -10.5 -7.5 2
    endloop
  endfacet
  facet normal 0 0 1
    outer loop
      vertex -7.58598 -1.93253 2
      vertex -7.5 -5.75 2
      vertex -7.38893 -2.07867 2
    endloop
  endfacet
  facet normal 0 0 1
    outer loop
      vertex -10.5 -5.75 2
      vertex -7.58598 -1.93253 2
      vertex -7.76777 -1.76777 2
    endloop
  endfacet
  facet normal 0 0 1
    outer loop
      vertex -10.5 -5.75 2
      vertex -7.76777 -1.76777 2
      vertex -7.93253 -1.58598 2
    endloop
  endfacet
  facet normal 0 0 1
    outer loop
      vertex -10.5 -5.75 2
      vertex -7.93253 -1.58598 2
      vertex -8.07867 -1.38893 2
    endloop
  endfacet
  facet normal 0 0 1
    outer loop
      vertex -10.5 -5.75 2
      vertex -8.07867 -1.38893 2
      vertex -8.2048 -1.17849 2
    endloop
  endfacet
  facet normal 0 0 1
    outer loop
      vertex -10.5 -5.75 2
      vertex -8.2048 -1.17849 2
      vertex -8.3097 -0.956708 2
    endloop
  endfacet
  facet normal 0 0 1
    outer loop
      vertex -10.5 -5.75 2
      vertex -8.3097 -0.956708 2
      vertex -8.39235 -0.725711 2
    endloop
  endfacet
  facet normal 0 0 1
    outer loop
      vertex -10.5 -5.75 2
      vertex -8.39235 -0.725711 2
      vertex -8.45196 -0.487725 2
    endloop
  endfacet
  facet normal 0 0 1
    outer loop
      vertex -10.5 -5.75 2
      vertex -8.5 0 2
      vertex -10.5 5.75 2
    endloop
  endfacet
  facet normal 0 0 1
    outer loop
      vertex -8.5 0 2
      vertex -10.5 -5.75 2
      vertex -8.48796 -0.245043 2
    endloop
  endfacet
  facet normal 0 0 1
    outer loop
      vertex -8.48796 -0.245043 2
      vertex -10.5 -5.75 2
      vertex -8.45196 -0.487725 2
    endloop
  endfacet
  facet normal 0 0 1
    outer loop
      vertex -7.58598 -1.93253 2
      vertex -10.5 -5.75 2
      vertex -7.5 -5.75 2
    endloop
  endfacet
  facet normal 0 0 1
    outer loop
      vertex -4.23223 1.76777 2
      vertex 7.5 5.75 2
      vertex 7.5 7.5 2
    endloop
  endfacet
  facet normal 0 -0 1
    outer loop
      vertex -3.5 0 2
      vertex 7.5 5.75 2
      vertex -3.51204 0.245043 2
    endloop
  endfacet
  facet normal -0 0 1
    outer loop
      vertex -3.51204 -0.245043 2
      vertex 7.5 -5.75 2
      vertex -3.5 0 2
    endloop
  endfacet
  facet normal 0 0 1
    outer loop
      vertex 7.5 5.75 2
      vertex -3.5 0 2
      vertex 7.5 -5.75 2
    endloop
  endfacet
  facet normal 0 0 1
    outer loop
      vertex 7.5 5.75 2
      vertex -3.54804 0.487725 2
      vertex -3.51204 0.245043 2
    endloop
  endfacet
  facet normal 0 0 1
    outer loop
      vertex 7.5 5.75 2
      vertex -3.60765 0.725711 2
      vertex -3.54804 0.487725 2
    endloop
  endfacet
  facet normal 0 0 1
    outer loop
      vertex 7.5 5.75 2
      vertex -3.6903 0.956708 2
      vertex -3.60765 0.725711 2
    endloop
  endfacet
  facet normal 0 0 1
    outer loop
      vertex 7.5 5.75 2
      vertex -3.7952 1.17849 2
      vertex -3.6903 0.956708 2
    endloop
  endfacet
  facet normal 0 0 1
    outer loop
      vertex 7.5 5.75 2
      vertex -3.92133 1.38893 2
      vertex -3.7952 1.17849 2
    endloop
  endfacet
  facet normal 0 0 1
    outer loop
      vertex 7.5 5.75 2
      vertex -4.06747 1.58598 2
      vertex -3.92133 1.38893 2
    endloop
  endfacet
  facet normal 0 0 1
    outer loop
      vertex 7.5 5.75 2
      vertex -4.23223 1.76777 2
      vertex -4.06747 1.58598 2
    endloop
  endfacet
  facet normal 0 0 1
    outer loop
      vertex 7.5 7.5 2
      vertex -4.41402 1.93253 2
      vertex -4.23223 1.76777 2
    endloop
  endfacet
  facet normal 0 0 1
    outer loop
      vertex 7.5 7.5 2
      vertex -4.61107 2.07867 2
      vertex -4.41402 1.93253 2
    endloop
  endfacet
  facet normal -0 0 1
    outer loop
      vertex -7.5 7.5 2
      vertex -4.61107 2.07867 2
      vertex 7.5 7.5 2
    endloop
  endfacet
  facet normal 0 0 1
    outer loop
      vertex -4.61107 2.07867 2
      vertex -7.5 7.5 2
      vertex -4.82151 2.2048 2
    endloop
  endfacet
  facet normal -0 0 1
    outer loop
      vertex -7.5 5.75 2
      vertex -4.82151 2.2048 2
      vertex -7.5 7.5 2
    endloop
  endfacet
  facet normal 0 0 1
    outer loop
      vertex -4.82151 2.2048 2
      vertex -7.5 5.75 2
      vertex -5.04329 2.3097 2
    endloop
  endfacet
  facet normal 0 0 1
    outer loop
      vertex -5.04329 2.3097 2
      vertex -7.5 5.75 2
      vertex -5.27429 2.39235 2
    endloop
  endfacet
  facet normal 0 0 1
    outer loop
      vertex -5.27429 2.39235 2
      vertex -7.5 5.75 2
      vertex -5.51227 2.45196 2
    endloop
  endfacet
  facet normal 0 0 1
    outer loop
      vertex -5.51227 2.45196 2
      vertex -7.5 5.75 2
      vertex -5.75496 2.48796 2
    endloop
  endfacet
  facet normal 0 0 1
    outer loop
      vertex -5.75496 2.48796 2
      vertex -7.5 5.75 2
      vertex -6 2.5 2
    endloop
  endfacet
  facet normal 0 0 1
    outer loop
      vertex -6.24504 2.48796 2
      vertex -7.5 5.75 2
      vertex -6.48773 2.45196 2
    endloop
  endfacet
  facet normal 0 0 1
    outer loop
      vertex -6.48773 2.45196 2
      vertex -7.5 5.75 2
      vertex -6.72571 2.39235 2
    endloop
  endfacet
  facet normal 0 0 1
    outer loop
      vertex -6 2.5 2
      vertex -7.5 5.75 2
      vertex -6.24504 2.48796 2
    endloop
  endfacet
  facet normal 0 0 1
    outer loop
      vertex -6.72571 2.39235 2
      vertex -7.5 5.75 2
      vertex -6.95671 2.3097 2
    endloop
  endfacet
  facet normal 0 0 1
    outer loop
      vertex -6.95671 2.3097 2
      vertex -7.5 5.75 2
      vertex -7.17849 2.2048 2
    endloop
  endfacet
  facet normal 0 0 1
    outer loop
      vertex -7.17849 2.2048 2
      vertex -7.5 5.75 2
      vertex -7.38893 2.07867 2
    endloop
  endfacet
  facet normal 0 0 1
    outer loop
      vertex -7.5 5.75 2
      vertex -7.58598 1.93253 2
      vertex -7.38893 2.07867 2
    endloop
  endfacet
  facet normal -0 0 1
    outer loop
      vertex -10.5 5.75 2
      vertex -7.58598 1.93253 2
      vertex -7.5 5.75 2
    endloop
  endfacet
  facet normal 0 0 1
    outer loop
      vertex -7.58598 1.93253 2
      vertex -10.5 5.75 2
      vertex -7.76777 1.76777 2
    endloop
  endfacet
  facet normal 0 0 1
    outer loop
      vertex -7.76777 1.76777 2
      vertex -10.5 5.75 2
      vertex -7.93253 1.58598 2
    endloop
  endfacet
  facet normal 0 0 1
    outer loop
      vertex -7.93253 1.58598 2
      vertex -10.5 5.75 2
      vertex -8.07867 1.38893 2
    endloop
  endfacet
  facet normal 0 0 1
    outer loop
      vertex -8.07867 1.38893 2
      vertex -10.5 5.75 2
      vertex -8.2048 1.17849 2
    endloop
  endfacet
  facet normal 0 0 1
    outer loop
      vertex -8.2048 1.17849 2
      vertex -10.5 5.75 2
      vertex -8.3097 0.956708 2
    endloop
  endfacet
  facet normal 0 0 1
    outer loop
      vertex -8.3097 0.956708 2
      vertex -10.5 5.75 2
      vertex -8.39235 0.725711 2
    endloop
  endfacet
  facet normal 0 0 1
    outer loop
      vertex -8.48796 0.245043 2
      vertex -10.5 5.75 2
      vertex -8.5 0 2
    endloop
  endfacet
  facet normal 0 0 1
    outer loop
      vertex -8.45196 0.487725 2
      vertex -10.5 5.75 2
      vertex -8.48796 0.245043 2
    endloop
  endfacet
  facet normal 0 0 1
    outer loop
      vertex -8.39235 0.725711 2
      vertex -10.5 5.75 2
      vertex -8.45196 0.487725 2
    endloop
  endfacet
  facet normal -0 0 1
    outer loop
      vertex 7.5 5.75 2
      vertex 8.25 4 2
      vertex 8.25 5.75 2
    endloop
  endfacet
  facet normal 0 0 1
    outer loop
      vertex 8.25 4 2
      vertex 7.5 5.75 2
      vertex 8.25 -4 2
    endloop
  endfacet
  facet normal 0 0 1
    outer loop
      vertex 7.5 -5.75 2
      vertex 8.25 -4 2
      vertex 7.5 5.75 2
    endloop
  endfacet
  facet normal 0 0 1
    outer loop
      vertex 8.25 -4 2
      vertex 7.5 -5.75 2
      vertex 8.25 -5.75 2
    endloop
  endfacet
  facet normal -0 0 1
    outer loop
      vertex 8.25 4 2
      vertex 10.85 -4 2
      vertex 10.85 4 2
    endloop
  endfacet
  facet normal 0 0 1
    outer loop
      vertex 10.85 -4 2
      vertex 8.25 4 2
      vertex 8.25 -4 2
    endloop
  endfacet
  facet normal -0 0 1
    outer loop
      vertex -3.54804 -0.487725 2
      vertex 7.5 -5.75 2
      vertex -3.51204 -0.245043 2
    endloop
  endfacet
  facet normal -0 0 1
    outer loop
      vertex -3.60765 -0.725711 2
      vertex 7.5 -5.75 2
      vertex -3.54804 -0.487725 2
    endloop
  endfacet
  facet normal -0 0 1
    outer loop
      vertex -3.6903 -0.956708 2
      vertex 7.5 -5.75 2
      vertex -3.60765 -0.725711 2
    endloop
  endfacet
  facet normal -0 0 1
    outer loop
      vertex -3.7952 -1.17849 2
      vertex 7.5 -5.75 2
      vertex -3.6903 -0.956708 2
    endloop
  endfacet
  facet normal -0 0 1
    outer loop
      vertex -3.92133 -1.38893 2
      vertex 7.5 -5.75 2
      vertex -3.7952 -1.17849 2
    endloop
  endfacet
  facet normal -0 0 1
    outer loop
      vertex -4.06747 -1.58598 2
      vertex 7.5 -5.75 2
      vertex -3.92133 -1.38893 2
    endloop
  endfacet
  facet normal -0 0 1
    outer loop
      vertex -4.23223 -1.76777 2
      vertex 7.5 -5.75 2
      vertex -4.06747 -1.58598 2
    endloop
  endfacet
  facet normal 0 0 1
    outer loop
      vertex 7.5 -5.75 2
      vertex -4.23223 -1.76777 2
      vertex 7.5 -7.5 2
    endloop
  endfacet
  facet normal -0 0 1
    outer loop
      vertex -4.41402 -1.93253 2
      vertex 7.5 -7.5 2
      vertex -4.23223 -1.76777 2
    endloop
  endfacet
  facet normal -0 0 1
    outer loop
      vertex -4.61107 -2.07867 2
      vertex 7.5 -7.5 2
      vertex -4.41402 -1.93253 2
    endloop
  endfacet
  facet normal 0 0 1
    outer loop
      vertex -7.5 -7.5 2
      vertex -4.61107 -2.07867 2
      vertex -4.82151 -2.2048 2
    endloop
  endfacet
  facet normal 0 0 1
    outer loop
      vertex -7.5 -5.75 2
      vertex -4.82151 -2.2048 2
      vertex -5.04329 -2.3097 2
    endloop
  endfacet
  facet normal 0 0 1
    outer loop
      vertex -7.5 -5.75 2
      vertex -5.04329 -2.3097 2
      vertex -5.27429 -2.39235 2
    endloop
  endfacet
  facet normal 0 0 1
    outer loop
      vertex -7.5 -5.75 2
      vertex -5.27429 -2.39235 2
      vertex -5.51227 -2.45196 2
    endloop
  endfacet
  facet normal 0 0 1
    outer loop
      vertex -7.5 -5.75 2
      vertex -5.51227 -2.45196 2
      vertex -5.75496 -2.48796 2
    endloop
  endfacet
  facet normal 0 0 1
    outer loop
      vertex -7.5 -5.75 2
      vertex -5.75496 -2.48796 2
      vertex -6 -2.5 2
    endloop
  endfacet
  facet normal 0 0 1
    outer loop
      vertex -7.5 -5.75 2
      vertex -6 -2.5 2
      vertex -6.24504 -2.48796 2
    endloop
  endfacet
  facet normal 0 0 1
    outer loop
      vertex -7.5 -5.75 2
      vertex -6.24504 -2.48796 2
      vertex -6.48773 -2.45196 2
    endloop
  endfacet
  facet normal 0 0 1
    outer loop
      vertex -7.5 -5.75 2
      vertex -6.48773 -2.45196 2
      vertex -6.72571 -2.39235 2
    endloop
  endfacet
  facet normal 0 0 1
    outer loop
      vertex -7.5 -5.75 2
      vertex -6.72571 -2.39235 2
      vertex -6.95671 -2.3097 2
    endloop
  endfacet
  facet normal 0 0 1
    outer loop
      vertex -7.5 -5.75 2
      vertex -7.17849 -2.2048 2
      vertex -7.38893 -2.07867 2
    endloop
  endfacet
  facet normal 0 0 1
    outer loop
      vertex -7.5 -5.75 2
      vertex -6.95671 -2.3097 2
      vertex -7.17849 -2.2048 2
    endloop
  endfacet
  facet normal 0 0 1
    outer loop
      vertex -4.82151 -2.2048 2
      vertex -7.5 -5.75 2
      vertex -7.5 -7.5 2
    endloop
  endfacet
  facet normal 0 0 1
    outer loop
      vertex -4.61107 -2.07867 2
      vertex -7.5 -7.5 2
      vertex 7.5 -7.5 2
    endloop
  endfacet
  facet normal -0.146726 -0.989177 0
    outer loop
      vertex -12.4877 -14.602 0
      vertex -12.245 -14.638 2
      vertex -12.4877 -14.602 2
    endloop
  endfacet
  facet normal -0.146726 -0.989177 -0
    outer loop
      vertex -12.245 -14.638 2
      vertex -12.4877 -14.602 0
      vertex -12.245 -14.638 0
    endloop
  endfacet
  facet normal -0.336698 -0.941613 0
    outer loop
      vertex -12.9567 -14.4597 0
      vertex -12.7257 -14.5423 2
      vertex -12.9567 -14.4597 2
    endloop
  endfacet
  facet normal -0.336698 -0.941613 -0
    outer loop
      vertex -12.7257 -14.5423 2
      vertex -12.9567 -14.4597 0
      vertex -12.7257 -14.5423 0
    endloop
  endfacet
  facet normal -0.857745 -0.514076 0
    outer loop
      vertex -14.0787 -13.5389 0
      vertex -14.2048 -13.3285 2
      vertex -14.2048 -13.3285 0
    endloop
  endfacet
  facet normal -0.857745 -0.514076 0
    outer loop
      vertex -14.2048 -13.3285 2
      vertex -14.0787 -13.5389 0
      vertex -14.0787 -13.5389 2
    endloop
  endfacet
  facet normal -0.903995 -0.427543 0
    outer loop
      vertex -14.2048 -13.3285 0
      vertex -14.3097 -13.1067 2
      vertex -14.3097 -13.1067 0
    endloop
  endfacet
  facet normal -0.903995 -0.427543 0
    outer loop
      vertex -14.3097 -13.1067 2
      vertex -14.2048 -13.3285 0
      vertex -14.2048 -13.3285 2
    endloop
  endfacet
  facet normal 0.741101 0.671394 0
    outer loop
      vertex 13.9325 14.736 2
      vertex 13.7678 14.9178 0
      vertex 13.7678 14.9178 2
    endloop
  endfacet
  facet normal 0.741101 0.671394 0
    outer loop
      vertex 13.7678 14.9178 0
      vertex 13.9325 14.736 2
      vertex 13.9325 14.736 0
    endloop
  endfacet
  facet normal 0.989177 0.146726 0
    outer loop
      vertex 14.488 13.395 2
      vertex 14.452 13.6377 0
      vertex 14.452 13.6377 2
    endloop
  endfacet
  facet normal 0.989177 0.146726 0
    outer loop
      vertex 14.452 13.6377 0
      vertex 14.488 13.395 2
      vertex 14.488 13.395 0
    endloop
  endfacet
  facet normal -0.0489209 0.998803 0
    outer loop
      vertex -12 15.65 0
      vertex -12.245 15.638 2
      vertex -12 15.65 2
    endloop
  endfacet
  facet normal -0.0489209 0.998803 0
    outer loop
      vertex -12.245 15.638 2
      vertex -12 15.65 0
      vertex -12.245 15.638 0
    endloop
  endfacet
  facet normal -0.427543 0.903995 0
    outer loop
      vertex -12.9567 15.4597 0
      vertex -13.1785 15.3548 2
      vertex -12.9567 15.4597 2
    endloop
  endfacet
  facet normal -0.427543 0.903995 0
    outer loop
      vertex -13.1785 15.3548 2
      vertex -12.9567 15.4597 0
      vertex -13.1785 15.3548 0
    endloop
  endfacet
  facet normal -0.595754 0.803167 0
    outer loop
      vertex -13.3889 15.2287 0
      vertex -13.586 15.0825 2
      vertex -13.3889 15.2287 2
    endloop
  endfacet
  facet normal -0.595754 0.803167 0
    outer loop
      vertex -13.586 15.0825 2
      vertex -13.3889 15.2287 0
      vertex -13.586 15.0825 0
    endloop
  endfacet
  facet normal -0.803167 0.595754 0
    outer loop
      vertex -14.0787 14.5389 0
      vertex -13.9325 14.736 2
      vertex -13.9325 14.736 0
    endloop
  endfacet
  facet normal -0.803167 0.595754 0
    outer loop
      vertex -13.9325 14.736 2
      vertex -14.0787 14.5389 0
      vertex -14.0787 14.5389 2
    endloop
  endfacet
  facet normal -0.857745 0.514076 0
    outer loop
      vertex -14.2048 14.3285 0
      vertex -14.0787 14.5389 2
      vertex -14.0787 14.5389 0
    endloop
  endfacet
  facet normal -0.857745 0.514076 0
    outer loop
      vertex -14.0787 14.5389 2
      vertex -14.2048 14.3285 0
      vertex -14.2048 14.3285 2
    endloop
  endfacet
  facet normal -0.941613 0.336698 0
    outer loop
      vertex -14.3923 13.8757 0
      vertex -14.3097 14.1067 2
      vertex -14.3097 14.1067 0
    endloop
  endfacet
  facet normal -0.941613 0.336698 0
    outer loop
      vertex -14.3097 14.1067 2
      vertex -14.3923 13.8757 0
      vertex -14.3923 13.8757 2
    endloop
  endfacet
  facet normal 0.146726 0.989177 -0
    outer loop
      vertex 12.4877 15.602 0
      vertex 12.245 15.638 2
      vertex 12.4877 15.602 2
    endloop
  endfacet
  facet normal 0.146726 0.989177 0
    outer loop
      vertex 12.245 15.638 2
      vertex 12.4877 15.602 0
      vertex 12.245 15.638 0
    endloop
  endfacet
  facet normal 0.671394 0.741101 -0
    outer loop
      vertex 13.7678 14.9178 0
      vertex 13.586 15.0825 2
      vertex 13.7678 14.9178 2
    endloop
  endfacet
  facet normal 0.671394 0.741101 0
    outer loop
      vertex 13.586 15.0825 2
      vertex 13.7678 14.9178 0
      vertex 13.586 15.0825 0
    endloop
  endfacet
  facet normal 0.243303 0.96995 -0
    outer loop
      vertex 12.7257 15.5423 0
      vertex 12.4877 15.602 2
      vertex 12.7257 15.5423 2
    endloop
  endfacet
  facet normal 0.243303 0.96995 0
    outer loop
      vertex 12.4877 15.602 2
      vertex 12.7257 15.5423 0
      vertex 12.4877 15.602 0
    endloop
  endfacet
  facet normal 0.427543 0.903995 -0
    outer loop
      vertex 13.1785 15.3548 0
      vertex 12.9567 15.4597 2
      vertex 13.1785 15.3548 2
    endloop
  endfacet
  facet normal 0.427543 0.903995 0
    outer loop
      vertex 12.9567 15.4597 2
      vertex 13.1785 15.3548 0
      vertex 12.9567 15.4597 0
    endloop
  endfacet
  facet normal 0.514076 0.857745 -0
    outer loop
      vertex 13.3889 15.2287 0
      vertex 13.1785 15.3548 2
      vertex 13.3889 15.2287 2
    endloop
  endfacet
  facet normal 0.514076 0.857745 0
    outer loop
      vertex 13.1785 15.3548 2
      vertex 13.3889 15.2287 0
      vertex 13.1785 15.3548 0
    endloop
  endfacet
  facet normal 0.243303 -0.96995 0
    outer loop
      vertex 12.4877 -14.602 0
      vertex 12.7257 -14.5423 2
      vertex 12.4877 -14.602 2
    endloop
  endfacet
  facet normal 0.243303 -0.96995 0
    outer loop
      vertex 12.7257 -14.5423 2
      vertex 12.4877 -14.602 0
      vertex 12.7257 -14.5423 0
    endloop
  endfacet
  facet normal 0.336698 -0.941613 0
    outer loop
      vertex 12.7257 -14.5423 0
      vertex 12.9567 -14.4597 2
      vertex 12.7257 -14.5423 2
    endloop
  endfacet
  facet normal 0.336698 -0.941613 0
    outer loop
      vertex 12.9567 -14.4597 2
      vertex 12.7257 -14.5423 0
      vertex 12.9567 -14.4597 0
    endloop
  endfacet
  facet normal 0.857745 -0.514076 0
    outer loop
      vertex 14.0787 -13.5389 2
      vertex 14.2048 -13.3285 0
      vertex 14.2048 -13.3285 2
    endloop
  endfacet
  facet normal 0.857745 -0.514076 0
    outer loop
      vertex 14.2048 -13.3285 0
      vertex 14.0787 -13.5389 2
      vertex 14.0787 -13.5389 0
    endloop
  endfacet
  facet normal 0.903995 -0.427543 0
    outer loop
      vertex 14.2048 -13.3285 2
      vertex 14.3097 -13.1067 0
      vertex 14.3097 -13.1067 2
    endloop
  endfacet
  facet normal 0.903995 -0.427543 0
    outer loop
      vertex 14.3097 -13.1067 0
      vertex 14.2048 -13.3285 2
      vertex 14.2048 -13.3285 0
    endloop
  endfacet
  facet normal 0.671394 -0.741101 0
    outer loop
      vertex 13.586 -14.0825 0
      vertex 13.7678 -13.9178 2
      vertex 13.586 -14.0825 2
    endloop
  endfacet
  facet normal 0.671394 -0.741101 0
    outer loop
      vertex 13.7678 -13.9178 2
      vertex 13.586 -14.0825 0
      vertex 13.7678 -13.9178 0
    endloop
  endfacet
  facet normal 0.595754 -0.803167 0
    outer loop
      vertex 13.3889 -14.2287 0
      vertex 13.586 -14.0825 2
      vertex 13.3889 -14.2287 2
    endloop
  endfacet
  facet normal 0.595754 -0.803167 0
    outer loop
      vertex 13.586 -14.0825 2
      vertex 13.3889 -14.2287 0
      vertex 13.586 -14.0825 0
    endloop
  endfacet
  facet normal 0.514076 -0.857745 0
    outer loop
      vertex 13.1785 -14.3548 0
      vertex 13.3889 -14.2287 2
      vertex 13.1785 -14.3548 2
    endloop
  endfacet
  facet normal 0.514076 -0.857745 0
    outer loop
      vertex 13.3889 -14.2287 2
      vertex 13.1785 -14.3548 0
      vertex 13.3889 -14.2287 0
    endloop
  endfacet
  facet normal -0.427543 -0.903995 0
    outer loop
      vertex -13.1785 -14.3548 0
      vertex -12.9567 -14.4597 2
      vertex -13.1785 -14.3548 2
    endloop
  endfacet
  facet normal -0.427543 -0.903995 -0
    outer loop
      vertex -12.9567 -14.4597 2
      vertex -13.1785 -14.3548 0
      vertex -12.9567 -14.4597 0
    endloop
  endfacet
  facet normal -0.941613 -0.336698 0
    outer loop
      vertex -14.3097 -13.1067 0
      vertex -14.3923 -12.8757 2
      vertex -14.3923 -12.8757 0
    endloop
  endfacet
  facet normal -0.941613 -0.336698 0
    outer loop
      vertex -14.3923 -12.8757 2
      vertex -14.3097 -13.1067 0
      vertex -14.3097 -13.1067 2
    endloop
  endfacet
  facet normal -0.741101 0.671394 0
    outer loop
      vertex -13.9325 14.736 0
      vertex -13.7678 14.9178 2
      vertex -13.7678 14.9178 0
    endloop
  endfacet
  facet normal -0.741101 0.671394 0
    outer loop
      vertex -13.7678 14.9178 2
      vertex -13.9325 14.736 0
      vertex -13.9325 14.736 2
    endloop
  endfacet
  facet normal -0.903995 0.427543 0
    outer loop
      vertex -14.3097 14.1067 0
      vertex -14.2048 14.3285 2
      vertex -14.2048 14.3285 0
    endloop
  endfacet
  facet normal -0.903995 0.427543 0
    outer loop
      vertex -14.2048 14.3285 2
      vertex -14.3097 14.1067 0
      vertex -14.3097 14.1067 2
    endloop
  endfacet
  facet normal 0.941613 -0.336698 0
    outer loop
      vertex 14.3097 -13.1067 2
      vertex 14.3923 -12.8757 0
      vertex 14.3923 -12.8757 2
    endloop
  endfacet
  facet normal 0.941613 -0.336698 0
    outer loop
      vertex 14.3923 -12.8757 0
      vertex 14.3097 -13.1067 2
      vertex 14.3097 -13.1067 0
    endloop
  endfacet
  facet normal 0 -1 0
    outer loop
      vertex -12.25 -8.89999 2
      vertex 8.25 -8.89999 5
      vertex -12.25 -8.89999 5
    endloop
  endfacet
  facet normal 0 -1 -0
    outer loop
      vertex 8.25 -8.89999 5
      vertex -12.25 -8.89999 2
      vertex 8.25 -8.89999 2
    endloop
  endfacet
  facet normal -1 0 0
    outer loop
      vertex -12.25 6.75 2
      vertex -12.25 8.89999 5
      vertex -12.25 8.89999 2
    endloop
  endfacet
  facet normal -1 -0 0
    outer loop
      vertex -12.25 8.89999 5
      vertex -12.25 6.75 2
      vertex -12.25 6.75 5
    endloop
  endfacet
  facet normal -1 0 0
    outer loop
      vertex -12.25 -8.89999 2
      vertex -12.25 -6.75 5
      vertex -12.25 -6.75 2
    endloop
  endfacet
  facet normal -1 -0 0
    outer loop
      vertex -12.25 -6.75 5
      vertex -12.25 -8.89999 2
      vertex -12.25 -8.89999 5
    endloop
  endfacet
  facet normal 0 1 -0
    outer loop
      vertex 8.25 8.89999 2
      vertex -12.25 8.89999 5
      vertex 8.25 8.89999 5
    endloop
  endfacet
  facet normal 0 1 0
    outer loop
      vertex -12.25 8.89999 5
      vertex 8.25 8.89999 2
      vertex -12.25 8.89999 2
    endloop
  endfacet
  facet normal 0 1 -0
    outer loop
      vertex -10.5 -7.5 2
      vertex -10.85 -7.5 5
      vertex -10.5 -7.5 5
    endloop
  endfacet
  facet normal 0 1 0
    outer loop
      vertex -10.85 -7.5 5
      vertex -10.5 -7.5 2
      vertex -10.85 -7.5 2
    endloop
  endfacet
  facet normal 0 1 0
    outer loop
      vertex 7.5 -7.5 2.78276
      vertex 7.5 -7.5 2
      vertex 6.5 -7.5 2.78276
    endloop
  endfacet
  facet normal 0 1 0
    outer loop
      vertex 6.5 -7.5 4.21724
      vertex 7.5 -7.5 5
      vertex 7.5 -7.5 4.21724
    endloop
  endfacet
  facet normal 0 1 0
    outer loop
      vertex 7.5 -7.5 5
      vertex 6.5 -7.5 4.21724
      vertex -7.5 -7.5 5
    endloop
  endfacet
  facet normal 0 1 -0
    outer loop
      vertex 6.5 -7.5 2.78276
      vertex -7.5 -7.5 5
      vertex 6.5 -7.5 4.21724
    endloop
  endfacet
  facet normal 0 1 0
    outer loop
      vertex -7.5 -7.5 2
      vertex 6.5 -7.5 2.78276
      vertex 7.5 -7.5 2
    endloop
  endfacet
  facet normal 0 1 0
    outer loop
      vertex 6.5 -7.5 2.78276
      vertex -7.5 -7.5 2
      vertex -7.5 -7.5 5
    endloop
  endfacet
  facet normal -1 0 0
    outer loop
      vertex 10.85 -4 2
      vertex 10.85 4 5
      vertex 10.85 4 2
    endloop
  endfacet
  facet normal -1 -0 0
    outer loop
      vertex 10.85 4 5
      vertex 10.85 -4 2
      vertex 10.85 -4 5
    endloop
  endfacet
  facet normal 0 -1 0
    outer loop
      vertex -10.85 7.5 2
      vertex -10.5 7.5 5
      vertex -10.85 7.5 5
    endloop
  endfacet
  facet normal 0 -1 -0
    outer loop
      vertex -10.5 7.5 5
      vertex -10.85 7.5 2
      vertex -10.5 7.5 2
    endloop
  endfacet
  facet normal 0 -1 0
    outer loop
      vertex -7.5 7.5 5
      vertex 6.5 7.5 4.21724
      vertex 7.5 7.5 5
    endloop
  endfacet
  facet normal 0 -1 0
    outer loop
      vertex -7.5 7.5 5
      vertex 6.5 7.5 2.78276
      vertex 6.5 7.5 4.21724
    endloop
  endfacet
  facet normal 0 -1 0
    outer loop
      vertex -7.5 7.5 2
      vertex 6.5 7.5 2.78276
      vertex -7.5 7.5 5
    endloop
  endfacet
  facet normal 0 -1 0
    outer loop
      vertex 7.5 7.5 2
      vertex 6.5 7.5 2.78276
      vertex -7.5 7.5 2
    endloop
  endfacet
  facet normal 0 -1 0
    outer loop
      vertex 6.5 7.5 2.78276
      vertex 7.5 7.5 2
      vertex 7.5 7.5 2.78276
    endloop
  endfacet
  facet normal 0 -1 -0
    outer loop
      vertex 7.5 7.5 5
      vertex 6.5 7.5 4.21724
      vertex 7.5 7.5 4.21724
    endloop
  endfacet
  facet normal 1 -0 0
    outer loop
      vertex -10.85 -7.5 5
      vertex -10.85 7.5 2
      vertex -10.85 7.5 5
    endloop
  endfacet
  facet normal 1 0 0
    outer loop
      vertex -10.85 7.5 2
      vertex -10.85 -7.5 5
      vertex -10.85 -7.5 2
    endloop
  endfacet
  facet normal 0 -0.514068 0.85775
    outer loop
      vertex 7.5 -6.51388 2.77246
      vertex 12.25 -6.58753 2.72832
      vertex 12.25 -6.51388 2.77246
    endloop
  endfacet
  facet normal 0 -0.514068 0.85775
    outer loop
      vertex 12.25 -6.58753 2.72832
      vertex 7.5 -6.51388 2.77246
      vertex 7.5 -6.58753 2.72832
    endloop
  endfacet
  facet normal 0 -0.941576 0.336801
    outer loop
      vertex 7.5 -6.1916 3.16515
      vertex 12.25 -6.16268 3.246
      vertex 7.5 -6.16268 3.246
    endloop
  endfacet
  facet normal 0 -0.941576 0.336801
    outer loop
      vertex 12.25 -6.16268 3.246
      vertex 7.5 -6.1916 3.16515
      vertex 12.25 -6.1916 3.16515
    endloop
  endfacet
  facet normal 0 -0.903951 -0.427636
    outer loop
      vertex 7.5 -6.1916 3.83485
      vertex 12.25 -6.22832 3.91247
      vertex 7.5 -6.22832 3.91247
    endloop
  endfacet
  facet normal 0 -0.903951 -0.427636
    outer loop
      vertex 12.25 -6.22832 3.91247
      vertex 7.5 -6.1916 3.83485
      vertex 12.25 -6.1916 3.83485
    endloop
  endfacet
  facet normal 0 -0.336801 -0.941576
    outer loop
      vertex 7.5 -6.746 4.33732
      vertex 12.25 -6.66515 4.3084
      vertex 12.25 -6.746 4.33732
    endloop
  endfacet
  facet normal -0 -0.336801 -0.941576
    outer loop
      vertex 12.25 -6.66515 4.3084
      vertex 7.5 -6.746 4.33732
      vertex 7.5 -6.66515 4.3084
    endloop
  endfacet
  facet normal -0 0.0490314 0.998797
    outer loop
      vertex 7.5 -7 2.625
      vertex 12.25 -7.08576 2.62921
      vertex 12.25 -7 2.625
    endloop
  endfacet
  facet normal 0 0.0490314 0.998797
    outer loop
      vertex 12.25 -7.08576 2.62921
      vertex 7.5 -7 2.625
      vertex 7.5 -7.08576 2.62921
    endloop
  endfacet
  facet normal 0 -0.998797 0.0490314
    outer loop
      vertex 7.5 -6.12921 3.41424
      vertex 12.25 -6.125 3.5
      vertex 7.5 -6.125 3.5
    endloop
  endfacet
  facet normal 0 -0.998797 0.0490314
    outer loop
      vertex 12.25 -6.125 3.5
      vertex 7.5 -6.12921 3.41424
      vertex 12.25 -6.12921 3.41424
    endloop
  endfacet
  facet normal 0 -0.85775 0.514068
    outer loop
      vertex 7.5 -6.27246 3.01388
      vertex 12.25 -6.22832 3.08753
      vertex 7.5 -6.22832 3.08753
    endloop
  endfacet
  facet normal 0 -0.85775 0.514068
    outer loop
      vertex 12.25 -6.22832 3.08753
      vertex 7.5 -6.27246 3.01388
      vertex 12.25 -6.27246 3.01388
    endloop
  endfacet
  facet normal 1 -0 0
    outer loop
      vertex 6.5 -7.55509 4.17638
      vertex 6.5 -7.5 2.78276
      vertex 6.5 -7.5 4.21724
    endloop
  endfacet
  facet normal 1 0 0
    outer loop
      vertex 6.5 -7.55509 4.17638
      vertex 6.5 -7.55509 2.82362
      vertex 6.5 -7.5 2.78276
    endloop
  endfacet
  facet normal 1 -0 0
    outer loop
      vertex 6.5 -7.61872 4.11872
      vertex 6.5 -7.55509 2.82362
      vertex 6.5 -7.55509 4.17638
    endloop
  endfacet
  facet normal 1 0 0
    outer loop
      vertex 6.5 -7.61872 4.11872
      vertex 6.5 -7.61872 2.88128
      vertex 6.5 -7.55509 2.82362
    endloop
  endfacet
  facet normal 1 -0 0
    outer loop
      vertex 6.5 -7.67638 4.05509
      vertex 6.5 -7.61872 2.88128
      vertex 6.5 -7.61872 4.11872
    endloop
  endfacet
  facet normal 1 0 0
    outer loop
      vertex 6.5 -7.67638 4.05509
      vertex 6.5 -7.67638 2.94491
      vertex 6.5 -7.61872 2.88128
    endloop
  endfacet
  facet normal 1 -0 0
    outer loop
      vertex 6.5 -7.72754 3.98612
      vertex 6.5 -7.67638 2.94491
      vertex 6.5 -7.67638 4.05509
    endloop
  endfacet
  facet normal 1 0 0
    outer loop
      vertex 6.5 -7.72754 3.98612
      vertex 6.5 -7.72754 3.01388
      vertex 6.5 -7.67638 2.94491
    endloop
  endfacet
  facet normal 1 -0 0
    outer loop
      vertex 6.5 -7.77168 3.91247
      vertex 6.5 -7.72754 3.01388
      vertex 6.5 -7.72754 3.98612
    endloop
  endfacet
  facet normal 1 0 0
    outer loop
      vertex 6.5 -7.77168 3.91247
      vertex 6.5 -7.77168 3.08753
      vertex 6.5 -7.72754 3.01388
    endloop
  endfacet
  facet normal 1 -0 0
    outer loop
      vertex 6.5 -7.80839 3.83485
      vertex 6.5 -7.77168 3.08753
      vertex 6.5 -7.77168 3.91247
    endloop
  endfacet
  facet normal 1 0 0
    outer loop
      vertex 6.5 -7.80839 3.83485
      vertex 6.5 -7.80839 3.16515
      vertex 6.5 -7.77168 3.08753
    endloop
  endfacet
  facet normal 1 -0 0
    outer loop
      vertex 6.5 -7.83732 3.754
      vertex 6.5 -7.80839 3.16515
      vertex 6.5 -7.80839 3.83485
    endloop
  endfacet
  facet normal 1 0 0
    outer loop
      vertex 6.5 -7.83732 3.754
      vertex 6.5 -7.83732 3.246
      vertex 6.5 -7.80839 3.16515
    endloop
  endfacet
  facet normal 1 -0 0
    outer loop
      vertex 6.5 -7.85819 3.6707
      vertex 6.5 -7.83732 3.246
      vertex 6.5 -7.83732 3.754
    endloop
  endfacet
  facet normal 1 0 0
    outer loop
      vertex 6.5 -7.85819 3.6707
      vertex 6.5 -7.85819 3.3293
      vertex 6.5 -7.83732 3.246
    endloop
  endfacet
  facet normal 1 -0 0
    outer loop
      vertex 6.5 -7.87079 3.58577
      vertex 6.5 -7.85819 3.3293
      vertex 6.5 -7.85819 3.6707
    endloop
  endfacet
  facet normal 1 0 0
    outer loop
      vertex 6.5 -7.87079 3.58577
      vertex 6.5 -7.87079 3.41424
      vertex 6.5 -7.85819 3.3293
    endloop
  endfacet
  facet normal 1 0 -0
    outer loop
      vertex 6.5 -7.87079 3.41424
      vertex 6.5 -7.87079 3.58577
      vertex 6.5 -7.875 3.5
    endloop
  endfacet
  facet normal 0 -0.0490257 -0.998798
    outer loop
      vertex 7.5 -7 4.375
      vertex 12.25 -6.91423 4.37079
      vertex 12.25 -7 4.375
    endloop
  endfacet
  facet normal -0 -0.0490257 -0.998798
    outer loop
      vertex 12.25 -6.91423 4.37079
      vertex 7.5 -7 4.375
      vertex 7.5 -6.91423 4.37079
    endloop
  endfacet
  facet normal 0 -0.595762 -0.803161
    outer loop
      vertex 7.5 -6.51388 4.22754
      vertex 12.25 -6.44491 4.17638
      vertex 12.25 -6.51388 4.22754
    endloop
  endfacet
  facet normal -0 -0.595762 -0.803161
    outer loop
      vertex 12.25 -6.44491 4.17638
      vertex 7.5 -6.51388 4.22754
      vertex 7.5 -6.44491 4.17638
    endloop
  endfacet
  facet normal 0 -0.970019 -0.243029
    outer loop
      vertex 7.5 -6.14181 3.6707
      vertex 12.25 -6.16268 3.754
      vertex 7.5 -6.16268 3.754
    endloop
  endfacet
  facet normal 0 -0.970019 -0.243029
    outer loop
      vertex 12.25 -6.16268 3.754
      vertex 7.5 -6.14181 3.6707
      vertex 12.25 -6.14181 3.6707
    endloop
  endfacet
  facet normal 0 0.514068 -0.85775
    outer loop
      vertex 7.5 -7.48612 4.22754
      vertex 12.25 -7.41247 4.27168
      vertex 12.25 -7.48612 4.22754
    endloop
  endfacet
  facet normal 0 0.514068 -0.85775
    outer loop
      vertex 12.25 -7.41247 4.27168
      vertex 7.5 -7.48612 4.22754
      vertex 7.5 -7.41247 4.27168
    endloop
  endfacet
  facet normal 0 -0.146751 0.989173
    outer loop
      vertex 7.5 -6.8293 2.64181
      vertex 12.25 -6.91423 2.62921
      vertex 12.25 -6.8293 2.64181
    endloop
  endfacet
  facet normal 0 -0.146751 0.989173
    outer loop
      vertex 12.25 -6.91423 2.62921
      vertex 7.5 -6.8293 2.64181
      vertex 7.5 -6.91423 2.62921
    endloop
  endfacet
  facet normal 0 -0.595762 0.803161
    outer loop
      vertex 7.5 -6.44491 2.82362
      vertex 12.25 -6.51388 2.77246
      vertex 12.25 -6.44491 2.82362
    endloop
  endfacet
  facet normal 0 -0.595762 0.803161
    outer loop
      vertex 12.25 -6.51388 2.77246
      vertex 7.5 -6.44491 2.82362
      vertex 7.5 -6.51388 2.77246
    endloop
  endfacet
  facet normal 0 -0.741014 0.671489
    outer loop
      vertex 7.5 -6.38128 2.88128
      vertex 12.25 -6.32362 2.94491
      vertex 7.5 -6.32362 2.94491
    endloop
  endfacet
  facet normal 0 -0.741014 0.671489
    outer loop
      vertex 12.25 -6.32362 2.94491
      vertex 7.5 -6.38128 2.88128
      vertex 12.25 -6.38128 2.88128
    endloop
  endfacet
  facet normal 0 -0.998798 -0.0490257
    outer loop
      vertex 7.5 -6.125 3.5
      vertex 12.25 -6.12921 3.58577
      vertex 7.5 -6.12921 3.58577
    endloop
  endfacet
  facet normal 0 -0.998798 -0.0490257
    outer loop
      vertex 12.25 -6.12921 3.58577
      vertex 7.5 -6.125 3.5
      vertex 12.25 -6.125 3.5
    endloop
  endfacet
  facet normal 0 -0.970019 0.243029
    outer loop
      vertex 7.5 -6.16268 3.246
      vertex 12.25 -6.14181 3.3293
      vertex 7.5 -6.14181 3.3293
    endloop
  endfacet
  facet normal 0 -0.970019 0.243029
    outer loop
      vertex 12.25 -6.14181 3.3293
      vertex 7.5 -6.16268 3.246
      vertex 12.25 -6.16268 3.246
    endloop
  endfacet
  facet normal 0 -0.989176 0.146734
    outer loop
      vertex 7.5 -6.14181 3.3293
      vertex 12.25 -6.12921 3.41424
      vertex 7.5 -6.12921 3.41424
    endloop
  endfacet
  facet normal 0 -0.989176 0.146734
    outer loop
      vertex 12.25 -6.12921 3.41424
      vertex 7.5 -6.14181 3.3293
      vertex 12.25 -6.14181 3.3293
    endloop
  endfacet
  facet normal 0 -0.903951 0.427636
    outer loop
      vertex 7.5 -6.22832 3.08753
      vertex 12.25 -6.1916 3.16515
      vertex 7.5 -6.1916 3.16515
    endloop
  endfacet
  facet normal 0 -0.903951 0.427636
    outer loop
      vertex 12.25 -6.1916 3.16515
      vertex 7.5 -6.22832 3.08753
      vertex 12.25 -6.22832 3.08753
    endloop
  endfacet
  facet normal 0 -0.803161 0.595762
    outer loop
      vertex 7.5 -6.32362 2.94491
      vertex 12.25 -6.27246 3.01388
      vertex 7.5 -6.27246 3.01388
    endloop
  endfacet
  facet normal 0 -0.803161 0.595762
    outer loop
      vertex 12.25 -6.27246 3.01388
      vertex 7.5 -6.32362 2.94491
      vertex 12.25 -6.32362 2.94491
    endloop
  endfacet
  facet normal 0 -0.243029 -0.970019
    outer loop
      vertex 7.5 -6.8293 4.35819
      vertex 12.25 -6.746 4.33732
      vertex 12.25 -6.8293 4.35819
    endloop
  endfacet
  facet normal -0 -0.243029 -0.970019
    outer loop
      vertex 12.25 -6.746 4.33732
      vertex 7.5 -6.8293 4.35819
      vertex 7.5 -6.746 4.33732
    endloop
  endfacet
  facet normal 0 -0.146751 -0.989173
    outer loop
      vertex 7.5 -6.91423 4.37079
      vertex 12.25 -6.8293 4.35819
      vertex 12.25 -6.91423 4.37079
    endloop
  endfacet
  facet normal -0 -0.146751 -0.989173
    outer loop
      vertex 12.25 -6.8293 4.35819
      vertex 7.5 -6.91423 4.37079
      vertex 7.5 -6.8293 4.35819
    endloop
  endfacet
  facet normal 0 -0.427636 -0.903951
    outer loop
      vertex 7.5 -6.66515 4.3084
      vertex 12.25 -6.58753 4.27168
      vertex 12.25 -6.66515 4.3084
    endloop
  endfacet
  facet normal -0 -0.427636 -0.903951
    outer loop
      vertex 12.25 -6.58753 4.27168
      vertex 7.5 -6.66515 4.3084
      vertex 7.5 -6.58753 4.27168
    endloop
  endfacet
  facet normal 0 -0.514068 -0.85775
    outer loop
      vertex 7.5 -6.58753 4.27168
      vertex 12.25 -6.51388 4.22754
      vertex 12.25 -6.58753 4.27168
    endloop
  endfacet
  facet normal -0 -0.514068 -0.85775
    outer loop
      vertex 12.25 -6.51388 4.22754
      vertex 7.5 -6.58753 4.27168
      vertex 7.5 -6.51388 4.22754
    endloop
  endfacet
  facet normal 0 -0.941576 -0.336801
    outer loop
      vertex 7.5 -6.16268 3.754
      vertex 12.25 -6.1916 3.83485
      vertex 7.5 -6.1916 3.83485
    endloop
  endfacet
  facet normal 0 -0.941576 -0.336801
    outer loop
      vertex 12.25 -6.1916 3.83485
      vertex 7.5 -6.16268 3.754
      vertex 12.25 -6.16268 3.754
    endloop
  endfacet
  facet normal 0 -0.989173 -0.146751
    outer loop
      vertex 7.5 -6.12921 3.58577
      vertex 12.25 -6.14181 3.6707
      vertex 7.5 -6.14181 3.6707
    endloop
  endfacet
  facet normal 0 -0.989173 -0.146751
    outer loop
      vertex 12.25 -6.14181 3.6707
      vertex 7.5 -6.12921 3.58577
      vertex 12.25 -6.12921 3.58577
    endloop
  endfacet
  facet normal 0 -0.803161 -0.595762
    outer loop
      vertex 7.5 -6.27246 3.98612
      vertex 12.25 -6.32362 4.05509
      vertex 7.5 -6.32362 4.05509
    endloop
  endfacet
  facet normal 0 -0.803161 -0.595762
    outer loop
      vertex 12.25 -6.32362 4.05509
      vertex 7.5 -6.27246 3.98612
      vertex 12.25 -6.27246 3.98612
    endloop
  endfacet
  facet normal 0 -0.741014 -0.671489
    outer loop
      vertex 7.5 -6.32362 4.05509
      vertex 12.25 -6.38128 4.11872
      vertex 7.5 -6.38128 4.11872
    endloop
  endfacet
  facet normal 0 -0.741014 -0.671489
    outer loop
      vertex 12.25 -6.38128 4.11872
      vertex 7.5 -6.32362 4.05509
      vertex 12.25 -6.32362 4.05509
    endloop
  endfacet
  facet normal 0 -0.85775 -0.514068
    outer loop
      vertex 7.5 -6.22832 3.91247
      vertex 12.25 -6.27246 3.98612
      vertex 7.5 -6.27246 3.98612
    endloop
  endfacet
  facet normal 0 -0.85775 -0.514068
    outer loop
      vertex 12.25 -6.27246 3.98612
      vertex 7.5 -6.22832 3.91247
      vertex 12.25 -6.22832 3.91247
    endloop
  endfacet
  facet normal 0 -0.671489 -0.741014
    outer loop
      vertex 7.5 -6.44491 4.17638
      vertex 12.25 -6.38128 4.11872
      vertex 12.25 -6.44491 4.17638
    endloop
  endfacet
  facet normal -0 -0.671489 -0.741014
    outer loop
      vertex 12.25 -6.38128 4.11872
      vertex 7.5 -6.44491 4.17638
      vertex 7.5 -6.38128 4.11872
    endloop
  endfacet
  facet normal 0 -0.0490257 0.998798
    outer loop
      vertex 7.5 -6.91423 2.62921
      vertex 12.25 -7 2.625
      vertex 12.25 -6.91423 2.62921
    endloop
  endfacet
  facet normal 0 -0.0490257 0.998798
    outer loop
      vertex 12.25 -7 2.625
      vertex 7.5 -6.91423 2.62921
      vertex 7.5 -7 2.625
    endloop
  endfacet
  facet normal -0 0.243029 0.970019
    outer loop
      vertex 7.5 -7.1707 2.64181
      vertex 12.25 -7.254 2.66268
      vertex 12.25 -7.1707 2.64181
    endloop
  endfacet
  facet normal 0 0.243029 0.970019
    outer loop
      vertex 12.25 -7.254 2.66268
      vertex 7.5 -7.1707 2.64181
      vertex 7.5 -7.254 2.66268
    endloop
  endfacet
  facet normal 0 0.595919 0.803044
    outer loop
      vertex 7.5 -7.5 2.78276
      vertex 12.25 -7.48612 2.77246
      vertex 7.5 -7.48612 2.77246
    endloop
  endfacet
  facet normal 7.11453e-07 0.595762 0.803161
    outer loop
      vertex 12.25 -7.48612 2.77246
      vertex 7.5 -7.5 2.78276
      vertex 12.25 -7.55509 2.82362
    endloop
  endfacet
  facet normal 0 0.595723 0.80319
    outer loop
      vertex 6.5 -7.55509 2.82362
      vertex 7.5 -7.5 2.78276
      vertex 6.5 -7.5 2.78276
    endloop
  endfacet
  facet normal 0 0.595723 0.80319
    outer loop
      vertex 7.5 -7.5 2.78276
      vertex 6.5 -7.55509 2.82362
      vertex 12.25 -7.55509 2.82362
    endloop
  endfacet
  facet normal 0 0.989176 0.146734
    outer loop
      vertex 12.25 -7.85819 3.3293
      vertex 6.5 -7.87079 3.41424
      vertex 12.25 -7.87079 3.41424
    endloop
  endfacet
  facet normal 0 0.989176 0.146734
    outer loop
      vertex 6.5 -7.87079 3.41424
      vertex 12.25 -7.85819 3.3293
      vertex 6.5 -7.85819 3.3293
    endloop
  endfacet
  facet normal 0 -0.427541 0.903996
    outer loop
      vertex 7.5 -6.58753 2.72832
      vertex 12.25 -6.66515 2.69161
      vertex 12.25 -6.58753 2.72832
    endloop
  endfacet
  facet normal 0 -0.427541 0.903996
    outer loop
      vertex 12.25 -6.66515 2.69161
      vertex 7.5 -6.58753 2.72832
      vertex 7.5 -6.66515 2.69161
    endloop
  endfacet
  facet normal 0 -0.336904 0.941539
    outer loop
      vertex 7.5 -6.66515 2.69161
      vertex 12.25 -6.746 2.66268
      vertex 12.25 -6.66515 2.69161
    endloop
  endfacet
  facet normal 0 -0.336904 0.941539
    outer loop
      vertex 12.25 -6.746 2.66268
      vertex 7.5 -6.66515 2.69161
      vertex 7.5 -6.746 2.66268
    endloop
  endfacet
  facet normal 0 -0.671489 0.741014
    outer loop
      vertex 7.5 -6.38128 2.88128
      vertex 12.25 -6.44491 2.82362
      vertex 12.25 -6.38128 2.88128
    endloop
  endfacet
  facet normal 0 -0.671489 0.741014
    outer loop
      vertex 12.25 -6.44491 2.82362
      vertex 7.5 -6.38128 2.88128
      vertex 7.5 -6.44491 2.82362
    endloop
  endfacet
  facet normal 0 0.0490314 -0.998797
    outer loop
      vertex 7.5 -7.08576 4.37079
      vertex 12.25 -7 4.375
      vertex 12.25 -7.08576 4.37079
    endloop
  endfacet
  facet normal 0 0.0490314 -0.998797
    outer loop
      vertex 12.25 -7 4.375
      vertex 7.5 -7.08576 4.37079
      vertex 7.5 -7 4.375
    endloop
  endfacet
  facet normal -0 0.146734 0.989176
    outer loop
      vertex 7.5 -7.08576 2.62921
      vertex 12.25 -7.1707 2.64181
      vertex 12.25 -7.08576 2.62921
    endloop
  endfacet
  facet normal 0 0.146734 0.989176
    outer loop
      vertex 12.25 -7.1707 2.64181
      vertex 7.5 -7.08576 2.62921
      vertex 7.5 -7.1707 2.64181
    endloop
  endfacet
  facet normal -0 0.336904 0.941539
    outer loop
      vertex 7.5 -7.254 2.66268
      vertex 12.25 -7.33485 2.69161
      vertex 12.25 -7.254 2.66268
    endloop
  endfacet
  facet normal 0 0.336904 0.941539
    outer loop
      vertex 12.25 -7.33485 2.69161
      vertex 7.5 -7.254 2.66268
      vertex 7.5 -7.33485 2.69161
    endloop
  endfacet
  facet normal -0 0.427541 0.903996
    outer loop
      vertex 7.5 -7.33485 2.69161
      vertex 12.25 -7.41247 2.72832
      vertex 12.25 -7.33485 2.69161
    endloop
  endfacet
  facet normal 0 0.427541 0.903996
    outer loop
      vertex 12.25 -7.41247 2.72832
      vertex 7.5 -7.33485 2.69161
      vertex 7.5 -7.41247 2.72832
    endloop
  endfacet
  facet normal 0 0.998798 -0.0490257
    outer loop
      vertex 12.25 -7.875 3.5
      vertex 6.5 -7.87079 3.58577
      vertex 12.25 -7.87079 3.58577
    endloop
  endfacet
  facet normal 0 0.998798 -0.0490257
    outer loop
      vertex 6.5 -7.87079 3.58577
      vertex 12.25 -7.875 3.5
      vertex 6.5 -7.875 3.5
    endloop
  endfacet
  facet normal 0 0.903996 -0.427541
    outer loop
      vertex 12.25 -7.80839 3.83485
      vertex 6.5 -7.77168 3.91247
      vertex 12.25 -7.77168 3.91247
    endloop
  endfacet
  facet normal 0 0.903996 -0.427541
    outer loop
      vertex 6.5 -7.77168 3.91247
      vertex 12.25 -7.80839 3.83485
      vertex 6.5 -7.80839 3.83485
    endloop
  endfacet
  facet normal 0 0.146734 -0.989176
    outer loop
      vertex 7.5 -7.1707 4.35819
      vertex 12.25 -7.08576 4.37079
      vertex 12.25 -7.1707 4.35819
    endloop
  endfacet
  facet normal 0 0.146734 -0.989176
    outer loop
      vertex 12.25 -7.08576 4.37079
      vertex 7.5 -7.1707 4.35819
      vertex 7.5 -7.08576 4.37079
    endloop
  endfacet
  facet normal 0 0.336801 -0.941576
    outer loop
      vertex 7.5 -7.33485 4.3084
      vertex 12.25 -7.254 4.33732
      vertex 12.25 -7.33485 4.3084
    endloop
  endfacet
  facet normal 0 0.336801 -0.941576
    outer loop
      vertex 12.25 -7.254 4.33732
      vertex 7.5 -7.33485 4.3084
      vertex 7.5 -7.254 4.33732
    endloop
  endfacet
  facet normal 0 0.903996 0.427541
    outer loop
      vertex 12.25 -7.77168 3.08753
      vertex 6.5 -7.80839 3.16515
      vertex 12.25 -7.80839 3.16515
    endloop
  endfacet
  facet normal 0 0.903996 0.427541
    outer loop
      vertex 6.5 -7.80839 3.16515
      vertex 12.25 -7.77168 3.08753
      vertex 6.5 -7.77168 3.08753
    endloop
  endfacet
  facet normal 0 -0.243029 0.970019
    outer loop
      vertex 7.5 -6.746 2.66268
      vertex 12.25 -6.8293 2.64181
      vertex 12.25 -6.746 2.66268
    endloop
  endfacet
  facet normal 0 -0.243029 0.970019
    outer loop
      vertex 12.25 -6.8293 2.64181
      vertex 7.5 -6.746 2.66268
      vertex 7.5 -6.8293 2.64181
    endloop
  endfacet
  facet normal 0 0.85775 0.514068
    outer loop
      vertex 12.25 -7.72754 3.01388
      vertex 6.5 -7.77168 3.08753
      vertex 12.25 -7.77168 3.08753
    endloop
  endfacet
  facet normal 0 0.85775 0.514068
    outer loop
      vertex 6.5 -7.77168 3.08753
      vertex 12.25 -7.72754 3.01388
      vertex 6.5 -7.72754 3.01388
    endloop
  endfacet
  facet normal 0 0.741014 0.671489
    outer loop
      vertex 12.25 -7.61872 2.88128
      vertex 6.5 -7.67638 2.94491
      vertex 12.25 -7.67638 2.94491
    endloop
  endfacet
  facet normal 0 0.741014 0.671489
    outer loop
      vertex 6.5 -7.67638 2.94491
      vertex 12.25 -7.61872 2.88128
      vertex 6.5 -7.61872 2.88128
    endloop
  endfacet
  facet normal -0 0.514068 0.85775
    outer loop
      vertex 7.5 -7.41247 2.72832
      vertex 12.25 -7.48612 2.77246
      vertex 12.25 -7.41247 2.72832
    endloop
  endfacet
  facet normal 0 0.514068 0.85775
    outer loop
      vertex 12.25 -7.48612 2.77246
      vertex 7.5 -7.41247 2.72832
      vertex 7.5 -7.48612 2.77246
    endloop
  endfacet
  facet normal 0 0.803161 -0.595762
    outer loop
      vertex 12.25 -7.72754 3.98612
      vertex 6.5 -7.67638 4.05509
      vertex 12.25 -7.67638 4.05509
    endloop
  endfacet
  facet normal 0 0.803161 -0.595762
    outer loop
      vertex 6.5 -7.67638 4.05509
      vertex 12.25 -7.72754 3.98612
      vertex 6.5 -7.72754 3.98612
    endloop
  endfacet
  facet normal 0 0.998797 0.0490314
    outer loop
      vertex 12.25 -7.87079 3.41424
      vertex 6.5 -7.875 3.5
      vertex 12.25 -7.875 3.5
    endloop
  endfacet
  facet normal 0 0.998797 0.0490314
    outer loop
      vertex 6.5 -7.875 3.5
      vertex 12.25 -7.87079 3.41424
      vertex 6.5 -7.87079 3.41424
    endloop
  endfacet
  facet normal 0 0.970019 -0.243029
    outer loop
      vertex 12.25 -7.85819 3.6707
      vertex 6.5 -7.83732 3.754
      vertex 12.25 -7.83732 3.754
    endloop
  endfacet
  facet normal 0 0.970019 -0.243029
    outer loop
      vertex 6.5 -7.83732 3.754
      vertex 12.25 -7.85819 3.6707
      vertex 6.5 -7.85819 3.6707
    endloop
  endfacet
  facet normal 0 0.989173 -0.146751
    outer loop
      vertex 12.25 -7.87079 3.58577
      vertex 6.5 -7.85819 3.6707
      vertex 12.25 -7.85819 3.6707
    endloop
  endfacet
  facet normal 0 0.989173 -0.146751
    outer loop
      vertex 6.5 -7.85819 3.6707
      vertex 12.25 -7.87079 3.58577
      vertex 6.5 -7.87079 3.58577
    endloop
  endfacet
  facet normal 0 0.85775 -0.514068
    outer loop
      vertex 12.25 -7.77168 3.91247
      vertex 6.5 -7.72754 3.98612
      vertex 12.25 -7.72754 3.98612
    endloop
  endfacet
  facet normal 0 0.85775 -0.514068
    outer loop
      vertex 6.5 -7.72754 3.98612
      vertex 12.25 -7.77168 3.91247
      vertex 6.5 -7.77168 3.91247
    endloop
  endfacet
  facet normal 0 0.243029 -0.970019
    outer loop
      vertex 7.5 -7.254 4.33732
      vertex 12.25 -7.1707 4.35819
      vertex 12.25 -7.254 4.33732
    endloop
  endfacet
  facet normal 0 0.243029 -0.970019
    outer loop
      vertex 12.25 -7.1707 4.35819
      vertex 7.5 -7.254 4.33732
      vertex 7.5 -7.1707 4.35819
    endloop
  endfacet
  facet normal 0 0.427636 -0.903951
    outer loop
      vertex 7.5 -7.41247 4.27168
      vertex 12.25 -7.33485 4.3084
      vertex 12.25 -7.41247 4.27168
    endloop
  endfacet
  facet normal 0 0.427636 -0.903951
    outer loop
      vertex 12.25 -7.33485 4.3084
      vertex 7.5 -7.41247 4.27168
      vertex 7.5 -7.33485 4.3084
    endloop
  endfacet
  facet normal 7.11453e-07 0.595762 -0.803161
    outer loop
      vertex 12.25 -7.55509 4.17638
      vertex 7.5 -7.5 4.21724
      vertex 12.25 -7.48612 4.22754
    endloop
  endfacet
  facet normal 0 0.595723 -0.80319
    outer loop
      vertex 6.5 -7.55509 4.17638
      vertex 7.5 -7.5 4.21724
      vertex 12.25 -7.55509 4.17638
    endloop
  endfacet
  facet normal 0 0.595723 -0.80319
    outer loop
      vertex 7.5 -7.5 4.21724
      vertex 6.5 -7.55509 4.17638
      vertex 6.5 -7.5 4.21724
    endloop
  endfacet
  facet normal 0 0.595919 -0.803044
    outer loop
      vertex 12.25 -7.48612 4.22754
      vertex 7.5 -7.5 4.21724
      vertex 7.5 -7.48612 4.22754
    endloop
  endfacet
  facet normal 0 0.741014 -0.671489
    outer loop
      vertex 12.25 -7.67638 4.05509
      vertex 6.5 -7.61872 4.11872
      vertex 12.25 -7.61872 4.11872
    endloop
  endfacet
  facet normal 0 0.741014 -0.671489
    outer loop
      vertex 6.5 -7.61872 4.11872
      vertex 12.25 -7.67638 4.05509
      vertex 6.5 -7.67638 4.05509
    endloop
  endfacet
  facet normal 0 0.671489 -0.741014
    outer loop
      vertex 6.5 -7.61872 4.11872
      vertex 12.25 -7.55509 4.17638
      vertex 12.25 -7.61872 4.11872
    endloop
  endfacet
  facet normal 0 0.671489 -0.741014
    outer loop
      vertex 12.25 -7.55509 4.17638
      vertex 6.5 -7.61872 4.11872
      vertex 6.5 -7.55509 4.17638
    endloop
  endfacet
  facet normal 0 0.803161 0.595762
    outer loop
      vertex 12.25 -7.67638 2.94491
      vertex 6.5 -7.72754 3.01388
      vertex 12.25 -7.72754 3.01388
    endloop
  endfacet
  facet normal 0 0.803161 0.595762
    outer loop
      vertex 6.5 -7.72754 3.01388
      vertex 12.25 -7.67638 2.94491
      vertex 6.5 -7.67638 2.94491
    endloop
  endfacet
  facet normal -0 0.671489 0.741014
    outer loop
      vertex 6.5 -7.55509 2.82362
      vertex 12.25 -7.61872 2.88128
      vertex 12.25 -7.55509 2.82362
    endloop
  endfacet
  facet normal 0 0.671489 0.741014
    outer loop
      vertex 12.25 -7.61872 2.88128
      vertex 6.5 -7.55509 2.82362
      vertex 6.5 -7.61872 2.88128
    endloop
  endfacet
  facet normal 0 0.941539 -0.336904
    outer loop
      vertex 12.25 -7.83732 3.754
      vertex 6.5 -7.80839 3.83485
      vertex 12.25 -7.80839 3.83485
    endloop
  endfacet
  facet normal 0 0.941539 -0.336904
    outer loop
      vertex 6.5 -7.80839 3.83485
      vertex 12.25 -7.83732 3.754
      vertex 6.5 -7.83732 3.754
    endloop
  endfacet
  facet normal 0 0.941539 0.336904
    outer loop
      vertex 12.25 -7.80839 3.16515
      vertex 6.5 -7.83732 3.246
      vertex 12.25 -7.83732 3.246
    endloop
  endfacet
  facet normal 0 0.941539 0.336904
    outer loop
      vertex 6.5 -7.83732 3.246
      vertex 12.25 -7.80839 3.16515
      vertex 6.5 -7.80839 3.16515
    endloop
  endfacet
  facet normal 0 0.970019 0.243029
    outer loop
      vertex 12.25 -7.83732 3.246
      vertex 6.5 -7.85819 3.3293
      vertex 12.25 -7.85819 3.3293
    endloop
  endfacet
  facet normal 0 0.970019 0.243029
    outer loop
      vertex 6.5 -7.85819 3.3293
      vertex 12.25 -7.83732 3.246
      vertex 6.5 -7.83732 3.246
    endloop
  endfacet
  facet normal 0 -0.0490314 0.998797
    outer loop
      vertex 7.5 7.08576 2.62921
      vertex 12.25 7 2.625
      vertex 12.25 7.08576 2.62921
    endloop
  endfacet
  facet normal 0 -0.0490314 0.998797
    outer loop
      vertex 12.25 7 2.625
      vertex 7.5 7.08576 2.62921
      vertex 7.5 7 2.625
    endloop
  endfacet
  facet normal 0 -0.998798 -0.0490257
    outer loop
      vertex 6.5 7.875 3.5
      vertex 12.25 7.87079 3.58577
      vertex 6.5 7.87079 3.58577
    endloop
  endfacet
  facet normal 0 -0.998798 -0.0490257
    outer loop
      vertex 12.25 7.87079 3.58577
      vertex 6.5 7.875 3.5
      vertex 12.25 7.875 3.5
    endloop
  endfacet
  facet normal 0 -0.741014 0.671489
    outer loop
      vertex 6.5 7.61872 2.88128
      vertex 12.25 7.67638 2.94491
      vertex 6.5 7.67638 2.94491
    endloop
  endfacet
  facet normal 0 -0.741014 0.671489
    outer loop
      vertex 12.25 7.67638 2.94491
      vertex 6.5 7.61872 2.88128
      vertex 12.25 7.61872 2.88128
    endloop
  endfacet
  facet normal 0 -0.671489 -0.741014
    outer loop
      vertex 6.5 7.55509 4.17638
      vertex 12.25 7.61872 4.11872
      vertex 12.25 7.55509 4.17638
    endloop
  endfacet
  facet normal -0 -0.671489 -0.741014
    outer loop
      vertex 12.25 7.61872 4.11872
      vertex 6.5 7.55509 4.17638
      vertex 6.5 7.61872 4.11872
    endloop
  endfacet
  facet normal 0 -0.903996 -0.427541
    outer loop
      vertex 6.5 7.80839 3.83485
      vertex 12.25 7.77168 3.91247
      vertex 6.5 7.77168 3.91247
    endloop
  endfacet
  facet normal 0 -0.903996 -0.427541
    outer loop
      vertex 12.25 7.77168 3.91247
      vertex 6.5 7.80839 3.83485
      vertex 12.25 7.80839 3.83485
    endloop
  endfacet
  facet normal 0 0.336801 -0.941576
    outer loop
      vertex 7.5 6.66515 4.3084
      vertex 12.25 6.746 4.33732
      vertex 12.25 6.66515 4.3084
    endloop
  endfacet
  facet normal 0 0.336801 -0.941576
    outer loop
      vertex 12.25 6.746 4.33732
      vertex 7.5 6.66515 4.3084
      vertex 7.5 6.746 4.33732
    endloop
  endfacet
  facet normal 0 -0.427541 0.903996
    outer loop
      vertex 7.5 7.41247 2.72832
      vertex 12.25 7.33485 2.69161
      vertex 12.25 7.41247 2.72832
    endloop
  endfacet
  facet normal 0 -0.427541 0.903996
    outer loop
      vertex 12.25 7.33485 2.69161
      vertex 7.5 7.41247 2.72832
      vertex 7.5 7.33485 2.69161
    endloop
  endfacet
  facet normal 0 -0.941539 0.336904
    outer loop
      vertex 6.5 7.80839 3.16515
      vertex 12.25 7.83732 3.246
      vertex 6.5 7.83732 3.246
    endloop
  endfacet
  facet normal 0 -0.941539 0.336904
    outer loop
      vertex 12.25 7.83732 3.246
      vertex 6.5 7.80839 3.16515
      vertex 12.25 7.80839 3.16515
    endloop
  endfacet
  facet normal 0 -0.427636 -0.903951
    outer loop
      vertex 7.5 7.33485 4.3084
      vertex 12.25 7.41247 4.27168
      vertex 12.25 7.33485 4.3084
    endloop
  endfacet
  facet normal -0 -0.427636 -0.903951
    outer loop
      vertex 12.25 7.41247 4.27168
      vertex 7.5 7.33485 4.3084
      vertex 7.5 7.41247 4.27168
    endloop
  endfacet
  facet normal 0 -0.514068 -0.85775
    outer loop
      vertex 7.5 7.41247 4.27168
      vertex 12.25 7.48612 4.22754
      vertex 12.25 7.41247 4.27168
    endloop
  endfacet
  facet normal -0 -0.514068 -0.85775
    outer loop
      vertex 12.25 7.48612 4.22754
      vertex 7.5 7.41247 4.27168
      vertex 7.5 7.48612 4.22754
    endloop
  endfacet
  facet normal 0 -0.970019 -0.243029
    outer loop
      vertex 6.5 7.85819 3.6707
      vertex 12.25 7.83732 3.754
      vertex 6.5 7.83732 3.754
    endloop
  endfacet
  facet normal 0 -0.970019 -0.243029
    outer loop
      vertex 12.25 7.83732 3.754
      vertex 6.5 7.85819 3.6707
      vertex 12.25 7.85819 3.6707
    endloop
  endfacet
  facet normal -0 0.427541 0.903996
    outer loop
      vertex 7.5 6.66515 2.69161
      vertex 12.25 6.58753 2.72832
      vertex 12.25 6.66515 2.69161
    endloop
  endfacet
  facet normal 0 0.427541 0.903996
    outer loop
      vertex 12.25 6.58753 2.72832
      vertex 7.5 6.66515 2.69161
      vertex 7.5 6.58753 2.72832
    endloop
  endfacet
  facet normal 0 0.941576 0.336801
    outer loop
      vertex 12.25 6.1916 3.16515
      vertex 7.5 6.16268 3.246
      vertex 12.25 6.16268 3.246
    endloop
  endfacet
  facet normal 0 0.941576 0.336801
    outer loop
      vertex 7.5 6.16268 3.246
      vertex 12.25 6.1916 3.16515
      vertex 7.5 6.1916 3.16515
    endloop
  endfacet
  facet normal -0 0.671489 0.741014
    outer loop
      vertex 7.5 6.44491 2.82362
      vertex 12.25 6.38128 2.88128
      vertex 12.25 6.44491 2.82362
    endloop
  endfacet
  facet normal 0 0.671489 0.741014
    outer loop
      vertex 12.25 6.38128 2.88128
      vertex 7.5 6.44491 2.82362
      vertex 7.5 6.38128 2.88128
    endloop
  endfacet
  facet normal -0 0.243029 0.970019
    outer loop
      vertex 7.5 6.8293 2.64181
      vertex 12.25 6.746 2.66268
      vertex 12.25 6.8293 2.64181
    endloop
  endfacet
  facet normal 0 0.243029 0.970019
    outer loop
      vertex 12.25 6.746 2.66268
      vertex 7.5 6.8293 2.64181
      vertex 7.5 6.746 2.66268
    endloop
  endfacet
  facet normal 0 0.970019 -0.243029
    outer loop
      vertex 12.25 6.14181 3.6707
      vertex 7.5 6.16268 3.754
      vertex 12.25 6.16268 3.754
    endloop
  endfacet
  facet normal 0 0.970019 -0.243029
    outer loop
      vertex 7.5 6.16268 3.754
      vertex 12.25 6.14181 3.6707
      vertex 7.5 6.14181 3.6707
    endloop
  endfacet
  facet normal 0 0.671489 -0.741014
    outer loop
      vertex 7.5 6.38128 4.11872
      vertex 12.25 6.44491 4.17638
      vertex 12.25 6.38128 4.11872
    endloop
  endfacet
  facet normal 0 0.671489 -0.741014
    outer loop
      vertex 12.25 6.44491 4.17638
      vertex 7.5 6.38128 4.11872
      vertex 7.5 6.44491 4.17638
    endloop
  endfacet
  facet normal 0 -0.243029 0.970019
    outer loop
      vertex 7.5 7.254 2.66268
      vertex 12.25 7.1707 2.64181
      vertex 12.25 7.254 2.66268
    endloop
  endfacet
  facet normal 0 -0.243029 0.970019
    outer loop
      vertex 12.25 7.1707 2.64181
      vertex 7.5 7.254 2.66268
      vertex 7.5 7.1707 2.64181
    endloop
  endfacet
  facet normal 0 -0.146734 0.989176
    outer loop
      vertex 7.5 7.1707 2.64181
      vertex 12.25 7.08576 2.62921
      vertex 12.25 7.1707 2.64181
    endloop
  endfacet
  facet normal 0 -0.146734 0.989176
    outer loop
      vertex 12.25 7.08576 2.62921
      vertex 7.5 7.1707 2.64181
      vertex 7.5 7.08576 2.62921
    endloop
  endfacet
  facet normal 0 -0.336904 0.941539
    outer loop
      vertex 7.5 7.33485 2.69161
      vertex 12.25 7.254 2.66268
      vertex 12.25 7.33485 2.69161
    endloop
  endfacet
  facet normal 0 -0.336904 0.941539
    outer loop
      vertex 12.25 7.254 2.66268
      vertex 7.5 7.33485 2.69161
      vertex 7.5 7.254 2.66268
    endloop
  endfacet
  facet normal 7.11453e-07 -0.595762 0.803161
    outer loop
      vertex 12.25 7.55509 2.82362
      vertex 7.5 7.5 2.78276
      vertex 12.25 7.48612 2.77246
    endloop
  endfacet
  facet normal 0 -0.595723 0.80319
    outer loop
      vertex 6.5 7.55509 2.82362
      vertex 7.5 7.5 2.78276
      vertex 12.25 7.55509 2.82362
    endloop
  endfacet
  facet normal 0 -0.595723 0.80319
    outer loop
      vertex 7.5 7.5 2.78276
      vertex 6.5 7.55509 2.82362
      vertex 6.5 7.5 2.78276
    endloop
  endfacet
  facet normal 0 -0.595919 0.803044
    outer loop
      vertex 12.25 7.48612 2.77246
      vertex 7.5 7.5 2.78276
      vertex 7.5 7.48612 2.77246
    endloop
  endfacet
  facet normal 0 -0.514068 0.85775
    outer loop
      vertex 7.5 7.48612 2.77246
      vertex 12.25 7.41247 2.72832
      vertex 12.25 7.48612 2.77246
    endloop
  endfacet
  facet normal 0 -0.514068 0.85775
    outer loop
      vertex 12.25 7.41247 2.72832
      vertex 7.5 7.48612 2.77246
      vertex 7.5 7.41247 2.72832
    endloop
  endfacet
  facet normal 0 -0.989176 0.146734
    outer loop
      vertex 6.5 7.85819 3.3293
      vertex 12.25 7.87079 3.41424
      vertex 6.5 7.87079 3.41424
    endloop
  endfacet
  facet normal 0 -0.989176 0.146734
    outer loop
      vertex 12.25 7.87079 3.41424
      vertex 6.5 7.85819 3.3293
      vertex 12.25 7.85819 3.3293
    endloop
  endfacet
  facet normal 0 -0.998797 0.0490314
    outer loop
      vertex 6.5 7.87079 3.41424
      vertex 12.25 7.875 3.5
      vertex 6.5 7.875 3.5
    endloop
  endfacet
  facet normal 0 -0.998797 0.0490314
    outer loop
      vertex 12.25 7.875 3.5
      vertex 6.5 7.87079 3.41424
      vertex 12.25 7.87079 3.41424
    endloop
  endfacet
  facet normal 0 -0.85775 0.514068
    outer loop
      vertex 6.5 7.72754 3.01388
      vertex 12.25 7.77168 3.08753
      vertex 6.5 7.77168 3.08753
    endloop
  endfacet
  facet normal 0 -0.85775 0.514068
    outer loop
      vertex 12.25 7.77168 3.08753
      vertex 6.5 7.72754 3.01388
      vertex 12.25 7.72754 3.01388
    endloop
  endfacet
  facet normal 0 -0.803161 0.595762
    outer loop
      vertex 6.5 7.67638 2.94491
      vertex 12.25 7.72754 3.01388
      vertex 6.5 7.72754 3.01388
    endloop
  endfacet
  facet normal 0 -0.803161 0.595762
    outer loop
      vertex 12.25 7.72754 3.01388
      vertex 6.5 7.67638 2.94491
      vertex 12.25 7.67638 2.94491
    endloop
  endfacet
  facet normal 0 -0.146734 -0.989176
    outer loop
      vertex 7.5 7.08576 4.37079
      vertex 12.25 7.1707 4.35819
      vertex 12.25 7.08576 4.37079
    endloop
  endfacet
  facet normal -0 -0.146734 -0.989176
    outer loop
      vertex 12.25 7.1707 4.35819
      vertex 7.5 7.08576 4.37079
      vertex 7.5 7.1707 4.35819
    endloop
  endfacet
  facet normal 1 0 0
    outer loop
      vertex 6.5 7.87079 3.58577
      vertex 6.5 7.87079 3.41424
      vertex 6.5 7.875 3.5
    endloop
  endfacet
  facet normal 1 0 0
    outer loop
      vertex 6.5 7.85819 3.6707
      vertex 6.5 7.87079 3.41424
      vertex 6.5 7.87079 3.58577
    endloop
  endfacet
  facet normal 1 0 0
    outer loop
      vertex 6.5 7.85819 3.6707
      vertex 6.5 7.85819 3.3293
      vertex 6.5 7.87079 3.41424
    endloop
  endfacet
  facet normal 1 0 0
    outer loop
      vertex 6.5 7.83732 3.754
      vertex 6.5 7.85819 3.3293
      vertex 6.5 7.85819 3.6707
    endloop
  endfacet
  facet normal 1 0 0
    outer loop
      vertex 6.5 7.83732 3.754
      vertex 6.5 7.83732 3.246
      vertex 6.5 7.85819 3.3293
    endloop
  endfacet
  facet normal 1 0 0
    outer loop
      vertex 6.5 7.80839 3.83485
      vertex 6.5 7.83732 3.246
      vertex 6.5 7.83732 3.754
    endloop
  endfacet
  facet normal 1 0 0
    outer loop
      vertex 6.5 7.80839 3.83485
      vertex 6.5 7.80839 3.16515
      vertex 6.5 7.83732 3.246
    endloop
  endfacet
  facet normal 1 0 0
    outer loop
      vertex 6.5 7.77168 3.91247
      vertex 6.5 7.80839 3.16515
      vertex 6.5 7.80839 3.83485
    endloop
  endfacet
  facet normal 1 0 0
    outer loop
      vertex 6.5 7.77168 3.91247
      vertex 6.5 7.77168 3.08753
      vertex 6.5 7.80839 3.16515
    endloop
  endfacet
  facet normal 1 0 0
    outer loop
      vertex 6.5 7.72754 3.98612
      vertex 6.5 7.77168 3.08753
      vertex 6.5 7.77168 3.91247
    endloop
  endfacet
  facet normal 1 0 0
    outer loop
      vertex 6.5 7.72754 3.98612
      vertex 6.5 7.72754 3.01388
      vertex 6.5 7.77168 3.08753
    endloop
  endfacet
  facet normal 1 0 0
    outer loop
      vertex 6.5 7.67638 4.05509
      vertex 6.5 7.72754 3.01388
      vertex 6.5 7.72754 3.98612
    endloop
  endfacet
  facet normal 1 0 0
    outer loop
      vertex 6.5 7.67638 4.05509
      vertex 6.5 7.67638 2.94491
      vertex 6.5 7.72754 3.01388
    endloop
  endfacet
  facet normal 1 0 0
    outer loop
      vertex 6.5 7.61872 4.11872
      vertex 6.5 7.67638 2.94491
      vertex 6.5 7.67638 4.05509
    endloop
  endfacet
  facet normal 1 0 0
    outer loop
      vertex 6.5 7.61872 4.11872
      vertex 6.5 7.61872 2.88128
      vertex 6.5 7.67638 2.94491
    endloop
  endfacet
  facet normal 1 0 0
    outer loop
      vertex 6.5 7.55509 4.17638
      vertex 6.5 7.61872 2.88128
      vertex 6.5 7.61872 4.11872
    endloop
  endfacet
  facet normal 1 0 0
    outer loop
      vertex 6.5 7.55509 4.17638
      vertex 6.5 7.55509 2.82362
      vertex 6.5 7.61872 2.88128
    endloop
  endfacet
  facet normal 1 0 0
    outer loop
      vertex 6.5 7.5 4.21724
      vertex 6.5 7.55509 2.82362
      vertex 6.5 7.55509 4.17638
    endloop
  endfacet
  facet normal 1 0 0
    outer loop
      vertex 6.5 7.55509 2.82362
      vertex 6.5 7.5 4.21724
      vertex 6.5 7.5 2.78276
    endloop
  endfacet
  facet normal 0 -0.595919 -0.803044
    outer loop
      vertex 7.5 7.5 4.21724
      vertex 12.25 7.48612 4.22754
      vertex 7.5 7.48612 4.22754
    endloop
  endfacet
  facet normal 7.11453e-07 -0.595762 -0.803161
    outer loop
      vertex 12.25 7.48612 4.22754
      vertex 7.5 7.5 4.21724
      vertex 12.25 7.55509 4.17638
    endloop
  endfacet
  facet normal 0 -0.595723 -0.80319
    outer loop
      vertex 6.5 7.55509 4.17638
      vertex 7.5 7.5 4.21724
      vertex 6.5 7.5 4.21724
    endloop
  endfacet
  facet normal 0 -0.595723 -0.80319
    outer loop
      vertex 7.5 7.5 4.21724
      vertex 6.5 7.55509 4.17638
      vertex 12.25 7.55509 4.17638
    endloop
  endfacet
  facet normal 0 -0.336801 -0.941576
    outer loop
      vertex 7.5 7.254 4.33732
      vertex 12.25 7.33485 4.3084
      vertex 12.25 7.254 4.33732
    endloop
  endfacet
  facet normal -0 -0.336801 -0.941576
    outer loop
      vertex 12.25 7.33485 4.3084
      vertex 7.5 7.254 4.33732
      vertex 7.5 7.33485 4.3084
    endloop
  endfacet
  facet normal 0 -0.0490314 -0.998797
    outer loop
      vertex 7.5 7 4.375
      vertex 12.25 7.08576 4.37079
      vertex 12.25 7 4.375
    endloop
  endfacet
  facet normal -0 -0.0490314 -0.998797
    outer loop
      vertex 12.25 7.08576 4.37079
      vertex 7.5 7 4.375
      vertex 7.5 7.08576 4.37079
    endloop
  endfacet
  facet normal 0 -0.85775 -0.514068
    outer loop
      vertex 6.5 7.77168 3.91247
      vertex 12.25 7.72754 3.98612
      vertex 6.5 7.72754 3.98612
    endloop
  endfacet
  facet normal 0 -0.85775 -0.514068
    outer loop
      vertex 12.25 7.72754 3.98612
      vertex 6.5 7.77168 3.91247
      vertex 12.25 7.77168 3.91247
    endloop
  endfacet
  facet normal 0 -0.803161 -0.595762
    outer loop
      vertex 6.5 7.72754 3.98612
      vertex 12.25 7.67638 4.05509
      vertex 6.5 7.67638 4.05509
    endloop
  endfacet
  facet normal 0 -0.803161 -0.595762
    outer loop
      vertex 12.25 7.67638 4.05509
      vertex 6.5 7.72754 3.98612
      vertex 12.25 7.72754 3.98612
    endloop
  endfacet
  facet normal 0 -0.741014 -0.671489
    outer loop
      vertex 6.5 7.67638 4.05509
      vertex 12.25 7.61872 4.11872
      vertex 6.5 7.61872 4.11872
    endloop
  endfacet
  facet normal 0 -0.741014 -0.671489
    outer loop
      vertex 12.25 7.61872 4.11872
      vertex 6.5 7.67638 4.05509
      vertex 12.25 7.67638 4.05509
    endloop
  endfacet
  facet normal 0 -0.941539 -0.336904
    outer loop
      vertex 6.5 7.83732 3.754
      vertex 12.25 7.80839 3.83485
      vertex 6.5 7.80839 3.83485
    endloop
  endfacet
  facet normal 0 -0.941539 -0.336904
    outer loop
      vertex 12.25 7.80839 3.83485
      vertex 6.5 7.83732 3.754
      vertex 12.25 7.83732 3.754
    endloop
  endfacet
  facet normal 0 -0.989173 -0.146751
    outer loop
      vertex 6.5 7.87079 3.58577
      vertex 12.25 7.85819 3.6707
      vertex 6.5 7.85819 3.6707
    endloop
  endfacet
  facet normal 0 -0.989173 -0.146751
    outer loop
      vertex 12.25 7.85819 3.6707
      vertex 6.5 7.87079 3.58577
      vertex 12.25 7.87079 3.58577
    endloop
  endfacet
  facet normal -0 0.0490257 0.998798
    outer loop
      vertex 7.5 7 2.625
      vertex 12.25 6.91423 2.62921
      vertex 12.25 7 2.625
    endloop
  endfacet
  facet normal 0 0.0490257 0.998798
    outer loop
      vertex 12.25 6.91423 2.62921
      vertex 7.5 7 2.625
      vertex 7.5 6.91423 2.62921
    endloop
  endfacet
  facet normal 0 0.989176 0.146734
    outer loop
      vertex 12.25 6.14181 3.3293
      vertex 7.5 6.12921 3.41424
      vertex 12.25 6.12921 3.41424
    endloop
  endfacet
  facet normal 0 0.989176 0.146734
    outer loop
      vertex 7.5 6.12921 3.41424
      vertex 12.25 6.14181 3.3293
      vertex 7.5 6.14181 3.3293
    endloop
  endfacet
  facet normal 0 0.85775 0.514068
    outer loop
      vertex 12.25 6.27246 3.01388
      vertex 7.5 6.22832 3.08753
      vertex 12.25 6.22832 3.08753
    endloop
  endfacet
  facet normal 0 0.85775 0.514068
    outer loop
      vertex 7.5 6.22832 3.08753
      vertex 12.25 6.27246 3.01388
      vertex 7.5 6.27246 3.01388
    endloop
  endfacet
  facet normal 0 0.741014 0.671489
    outer loop
      vertex 12.25 6.38128 2.88128
      vertex 7.5 6.32362 2.94491
      vertex 12.25 6.32362 2.94491
    endloop
  endfacet
  facet normal 0 0.741014 0.671489
    outer loop
      vertex 7.5 6.32362 2.94491
      vertex 12.25 6.38128 2.88128
      vertex 7.5 6.38128 2.88128
    endloop
  endfacet
  facet normal -0 0.595762 0.803161
    outer loop
      vertex 7.5 6.51388 2.77246
      vertex 12.25 6.44491 2.82362
      vertex 12.25 6.51388 2.77246
    endloop
  endfacet
  facet normal 0 0.595762 0.803161
    outer loop
      vertex 12.25 6.44491 2.82362
      vertex 7.5 6.51388 2.77246
      vertex 7.5 6.44491 2.82362
    endloop
  endfacet
  facet normal -0 0.514068 0.85775
    outer loop
      vertex 7.5 6.58753 2.72832
      vertex 12.25 6.51388 2.77246
      vertex 12.25 6.58753 2.72832
    endloop
  endfacet
  facet normal 0 0.514068 0.85775
    outer loop
      vertex 12.25 6.51388 2.77246
      vertex 7.5 6.58753 2.72832
      vertex 7.5 6.51388 2.77246
    endloop
  endfacet
  facet normal 0 0.803161 -0.595762
    outer loop
      vertex 12.25 6.27246 3.98612
      vertex 7.5 6.32362 4.05509
      vertex 12.25 6.32362 4.05509
    endloop
  endfacet
  facet normal 0 0.803161 -0.595762
    outer loop
      vertex 7.5 6.32362 4.05509
      vertex 12.25 6.27246 3.98612
      vertex 7.5 6.27246 3.98612
    endloop
  endfacet
  facet normal 0 0.85775 -0.514068
    outer loop
      vertex 12.25 6.22832 3.91247
      vertex 7.5 6.27246 3.98612
      vertex 12.25 6.27246 3.98612
    endloop
  endfacet
  facet normal 0 0.85775 -0.514068
    outer loop
      vertex 7.5 6.27246 3.98612
      vertex 12.25 6.22832 3.91247
      vertex 7.5 6.22832 3.91247
    endloop
  endfacet
  facet normal 0 0.903951 -0.427636
    outer loop
      vertex 12.25 6.1916 3.83485
      vertex 7.5 6.22832 3.91247
      vertex 12.25 6.22832 3.91247
    endloop
  endfacet
  facet normal 0 0.903951 -0.427636
    outer loop
      vertex 7.5 6.22832 3.91247
      vertex 12.25 6.1916 3.83485
      vertex 7.5 6.1916 3.83485
    endloop
  endfacet
  facet normal 0 0.998798 -0.0490257
    outer loop
      vertex 12.25 6.125 3.5
      vertex 7.5 6.12921 3.58577
      vertex 12.25 6.12921 3.58577
    endloop
  endfacet
  facet normal 0 0.998798 -0.0490257
    outer loop
      vertex 7.5 6.12921 3.58577
      vertex 12.25 6.125 3.5
      vertex 7.5 6.125 3.5
    endloop
  endfacet
  facet normal 0 0.514068 -0.85775
    outer loop
      vertex 7.5 6.51388 4.22754
      vertex 12.25 6.58753 4.27168
      vertex 12.25 6.51388 4.22754
    endloop
  endfacet
  facet normal 0 0.514068 -0.85775
    outer loop
      vertex 12.25 6.58753 4.27168
      vertex 7.5 6.51388 4.22754
      vertex 7.5 6.58753 4.27168
    endloop
  endfacet
  facet normal 0 0.427636 -0.903951
    outer loop
      vertex 7.5 6.58753 4.27168
      vertex 12.25 6.66515 4.3084
      vertex 12.25 6.58753 4.27168
    endloop
  endfacet
  facet normal 0 0.427636 -0.903951
    outer loop
      vertex 12.25 6.66515 4.3084
      vertex 7.5 6.58753 4.27168
      vertex 7.5 6.66515 4.3084
    endloop
  endfacet
  facet normal 0 0.146751 -0.989173
    outer loop
      vertex 7.5 6.8293 4.35819
      vertex 12.25 6.91423 4.37079
      vertex 12.25 6.8293 4.35819
    endloop
  endfacet
  facet normal 0 0.146751 -0.989173
    outer loop
      vertex 12.25 6.91423 4.37079
      vertex 7.5 6.8293 4.35819
      vertex 7.5 6.91423 4.37079
    endloop
  endfacet
  facet normal 0 -0.671489 0.741014
    outer loop
      vertex 6.5 7.61872 2.88128
      vertex 12.25 7.55509 2.82362
      vertex 12.25 7.61872 2.88128
    endloop
  endfacet
  facet normal 0 -0.671489 0.741014
    outer loop
      vertex 12.25 7.55509 2.82362
      vertex 6.5 7.61872 2.88128
      vertex 6.5 7.55509 2.82362
    endloop
  endfacet
  facet normal 0 -0.970019 0.243029
    outer loop
      vertex 6.5 7.83732 3.246
      vertex 12.25 7.85819 3.3293
      vertex 6.5 7.85819 3.3293
    endloop
  endfacet
  facet normal 0 -0.970019 0.243029
    outer loop
      vertex 12.25 7.85819 3.3293
      vertex 6.5 7.83732 3.246
      vertex 12.25 7.83732 3.246
    endloop
  endfacet
  facet normal 0 -0.903996 0.427541
    outer loop
      vertex 6.5 7.77168 3.08753
      vertex 12.25 7.80839 3.16515
      vertex 6.5 7.80839 3.16515
    endloop
  endfacet
  facet normal 0 -0.903996 0.427541
    outer loop
      vertex 12.25 7.80839 3.16515
      vertex 6.5 7.77168 3.08753
      vertex 12.25 7.77168 3.08753
    endloop
  endfacet
  facet normal 0 -0.243029 -0.970019
    outer loop
      vertex 7.5 7.1707 4.35819
      vertex 12.25 7.254 4.33732
      vertex 12.25 7.1707 4.35819
    endloop
  endfacet
  facet normal -0 -0.243029 -0.970019
    outer loop
      vertex 12.25 7.254 4.33732
      vertex 7.5 7.1707 4.35819
      vertex 7.5 7.254 4.33732
    endloop
  endfacet
  facet normal 0 0.0490257 -0.998798
    outer loop
      vertex 7.5 6.91423 4.37079
      vertex 12.25 7 4.375
      vertex 12.25 6.91423 4.37079
    endloop
  endfacet
  facet normal 0 0.0490257 -0.998798
    outer loop
      vertex 12.25 7 4.375
      vertex 7.5 6.91423 4.37079
      vertex 7.5 7 4.375
    endloop
  endfacet
  facet normal 0 0.970019 0.243029
    outer loop
      vertex 12.25 6.16268 3.246
      vertex 7.5 6.14181 3.3293
      vertex 12.25 6.14181 3.3293
    endloop
  endfacet
  facet normal 0 0.970019 0.243029
    outer loop
      vertex 7.5 6.14181 3.3293
      vertex 12.25 6.16268 3.246
      vertex 7.5 6.16268 3.246
    endloop
  endfacet
  facet normal 0 0.903951 0.427636
    outer loop
      vertex 12.25 6.22832 3.08753
      vertex 7.5 6.1916 3.16515
      vertex 12.25 6.1916 3.16515
    endloop
  endfacet
  facet normal 0 0.903951 0.427636
    outer loop
      vertex 7.5 6.1916 3.16515
      vertex 12.25 6.22832 3.08753
      vertex 7.5 6.22832 3.08753
    endloop
  endfacet
  facet normal 0 0.803161 0.595762
    outer loop
      vertex 12.25 6.32362 2.94491
      vertex 7.5 6.27246 3.01388
      vertex 12.25 6.27246 3.01388
    endloop
  endfacet
  facet normal 0 0.803161 0.595762
    outer loop
      vertex 7.5 6.27246 3.01388
      vertex 12.25 6.32362 2.94491
      vertex 7.5 6.32362 2.94491
    endloop
  endfacet
  facet normal -0 0.336904 0.941539
    outer loop
      vertex 7.5 6.746 2.66268
      vertex 12.25 6.66515 2.69161
      vertex 12.25 6.746 2.66268
    endloop
  endfacet
  facet normal 0 0.336904 0.941539
    outer loop
      vertex 12.25 6.66515 2.69161
      vertex 7.5 6.746 2.66268
      vertex 7.5 6.66515 2.69161
    endloop
  endfacet
  facet normal -0 0.146751 0.989173
    outer loop
      vertex 7.5 6.91423 2.62921
      vertex 12.25 6.8293 2.64181
      vertex 12.25 6.91423 2.62921
    endloop
  endfacet
  facet normal 0 0.146751 0.989173
    outer loop
      vertex 12.25 6.8293 2.64181
      vertex 7.5 6.91423 2.62921
      vertex 7.5 6.8293 2.64181
    endloop
  endfacet
  facet normal 0 0.941576 -0.336801
    outer loop
      vertex 12.25 6.16268 3.754
      vertex 7.5 6.1916 3.83485
      vertex 12.25 6.1916 3.83485
    endloop
  endfacet
  facet normal 0 0.941576 -0.336801
    outer loop
      vertex 7.5 6.1916 3.83485
      vertex 12.25 6.16268 3.754
      vertex 7.5 6.16268 3.754
    endloop
  endfacet
  facet normal 0 0.989173 -0.146751
    outer loop
      vertex 12.25 6.12921 3.58577
      vertex 7.5 6.14181 3.6707
      vertex 12.25 6.14181 3.6707
    endloop
  endfacet
  facet normal 0 0.989173 -0.146751
    outer loop
      vertex 7.5 6.14181 3.6707
      vertex 12.25 6.12921 3.58577
      vertex 7.5 6.12921 3.58577
    endloop
  endfacet
  facet normal 0 0.998797 0.0490314
    outer loop
      vertex 12.25 6.12921 3.41424
      vertex 7.5 6.125 3.5
      vertex 12.25 6.125 3.5
    endloop
  endfacet
  facet normal 0 0.998797 0.0490314
    outer loop
      vertex 7.5 6.125 3.5
      vertex 12.25 6.12921 3.41424
      vertex 7.5 6.12921 3.41424
    endloop
  endfacet
  facet normal 0 0.741014 -0.671489
    outer loop
      vertex 12.25 6.32362 4.05509
      vertex 7.5 6.38128 4.11872
      vertex 12.25 6.38128 4.11872
    endloop
  endfacet
  facet normal 0 0.741014 -0.671489
    outer loop
      vertex 7.5 6.38128 4.11872
      vertex 12.25 6.32362 4.05509
      vertex 7.5 6.32362 4.05509
    endloop
  endfacet
  facet normal 0 0.595762 -0.803161
    outer loop
      vertex 7.5 6.44491 4.17638
      vertex 12.25 6.51388 4.22754
      vertex 12.25 6.44491 4.17638
    endloop
  endfacet
  facet normal 0 0.595762 -0.803161
    outer loop
      vertex 12.25 6.51388 4.22754
      vertex 7.5 6.44491 4.17638
      vertex 7.5 6.51388 4.22754
    endloop
  endfacet
  facet normal 0 0.243029 -0.970019
    outer loop
      vertex 7.5 6.746 4.33732
      vertex 12.25 6.8293 4.35819
      vertex 12.25 6.746 4.33732
    endloop
  endfacet
  facet normal 0 0.243029 -0.970019
    outer loop
      vertex 12.25 6.8293 4.35819
      vertex 7.5 6.746 4.33732
      vertex 7.5 6.8293 4.35819
    endloop
  endfacet
  facet normal 0.998795 -0.049075 0
    outer loop
      vertex -8.5 0 2
      vertex -8.48796 0.245043 0
      vertex -8.48796 0.245043 2
    endloop
  endfacet
  facet normal 0.998795 -0.049075 0
    outer loop
      vertex -8.48796 0.245043 0
      vertex -8.5 0 2
      vertex -8.5 0 0
    endloop
  endfacet
  facet normal -0.998795 0.049075 0
    outer loop
      vertex -3.51204 -0.245043 0
      vertex -3.5 0 2
      vertex -3.5 0 0
    endloop
  endfacet
  facet normal -0.998795 0.049075 0
    outer loop
      vertex -3.5 0 2
      vertex -3.51204 -0.245043 0
      vertex -3.51204 -0.245043 2
    endloop
  endfacet
  facet normal -0.0490756 -0.998795 0
    outer loop
      vertex -6 2.5 0
      vertex -5.75496 2.48796 2
      vertex -6 2.5 2
    endloop
  endfacet
  facet normal -0.0490756 -0.998795 -0
    outer loop
      vertex -5.75496 2.48796 2
      vertex -6 2.5 0
      vertex -5.75496 2.48796 0
    endloop
  endfacet
  facet normal 0.0490756 0.998795 -0
    outer loop
      vertex -6 -2.5 0
      vertex -6.24504 -2.48796 2
      vertex -6 -2.5 2
    endloop
  endfacet
  facet normal 0.0490756 0.998795 0
    outer loop
      vertex -6.24504 -2.48796 2
      vertex -6 -2.5 0
      vertex -6.24504 -2.48796 0
    endloop
  endfacet
  facet normal -0.740961 -0.671548 0
    outer loop
      vertex -4.06747 1.58598 0
      vertex -4.23223 1.76777 2
      vertex -4.23223 1.76777 0
    endloop
  endfacet
  facet normal -0.740961 -0.671548 0
    outer loop
      vertex -4.23223 1.76777 2
      vertex -4.06747 1.58598 0
      vertex -4.06747 1.58598 2
    endloop
  endfacet
  facet normal -0.427575 -0.90398 0
    outer loop
      vertex -5.04329 2.3097 0
      vertex -4.82151 2.2048 2
      vertex -5.04329 2.3097 2
    endloop
  endfacet
  facet normal -0.427575 -0.90398 -0
    outer loop
      vertex -4.82151 2.2048 2
      vertex -5.04329 2.3097 0
      vertex -4.82151 2.2048 0
    endloop
  endfacet
  facet normal 0.336879 -0.941548 0
    outer loop
      vertex -6.95671 2.3097 0
      vertex -6.72571 2.39235 2
      vertex -6.95671 2.3097 2
    endloop
  endfacet
  facet normal 0.336879 -0.941548 0
    outer loop
      vertex -6.72571 2.39235 2
      vertex -6.95671 2.3097 0
      vertex -6.72571 2.39235 0
    endloop
  endfacet
  facet normal -0.941547 -0.336882 0
    outer loop
      vertex -3.60765 0.725711 0
      vertex -3.6903 0.956708 2
      vertex -3.6903 0.956708 0
    endloop
  endfacet
  facet normal -0.941547 -0.336882 0
    outer loop
      vertex -3.6903 0.956708 2
      vertex -3.60765 0.725711 0
      vertex -3.60765 0.725711 2
    endloop
  endfacet
  facet normal -0.242977 -0.970032 0
    outer loop
      vertex -5.51227 2.45196 0
      vertex -5.27429 2.39235 2
      vertex -5.51227 2.45196 2
    endloop
  endfacet
  facet normal -0.242977 -0.970032 -0
    outer loop
      vertex -5.27429 2.39235 2
      vertex -5.51227 2.45196 0
      vertex -5.27429 2.39235 0
    endloop
  endfacet
  facet normal 0.989176 0.146737 0
    outer loop
      vertex -8.45196 -0.487725 2
      vertex -8.48796 -0.245043 0
      vertex -8.48796 -0.245043 2
    endloop
  endfacet
  facet normal 0.989176 0.146737 0
    outer loop
      vertex -8.48796 -0.245043 0
      vertex -8.45196 -0.487725 2
      vertex -8.45196 -0.487725 0
    endloop
  endfacet
  facet normal 0.336879 0.941548 -0
    outer loop
      vertex -6.72571 -2.39235 0
      vertex -6.95671 -2.3097 2
      vertex -6.72571 -2.39235 2
    endloop
  endfacet
  facet normal 0.336879 0.941548 0
    outer loop
      vertex -6.95671 -2.3097 2
      vertex -6.72571 -2.39235 0
      vertex -6.95671 -2.3097 0
    endloop
  endfacet
  facet normal 0.427575 0.90398 -0
    outer loop
      vertex -6.95671 -2.3097 0
      vertex -7.17849 -2.2048 2
      vertex -6.95671 -2.3097 2
    endloop
  endfacet
  facet normal 0.427575 0.90398 0
    outer loop
      vertex -7.17849 -2.2048 2
      vertex -6.95671 -2.3097 0
      vertex -7.17849 -2.2048 0
    endloop
  endfacet
  facet normal 0.989176 -0.146737 0
    outer loop
      vertex -8.48796 0.245043 2
      vertex -8.45196 0.487725 0
      vertex -8.45196 0.487725 2
    endloop
  endfacet
  facet normal 0.989176 -0.146737 0
    outer loop
      vertex -8.45196 0.487725 0
      vertex -8.48796 0.245043 2
      vertex -8.48796 0.245043 0
    endloop
  endfacet
  facet normal 0.941547 -0.336882 0
    outer loop
      vertex -8.39235 0.725711 2
      vertex -8.3097 0.956708 0
      vertex -8.3097 0.956708 2
    endloop
  endfacet
  facet normal 0.941547 -0.336882 0
    outer loop
      vertex -8.3097 0.956708 0
      vertex -8.39235 0.725711 2
      vertex -8.39235 0.725711 0
    endloop
  endfacet
  facet normal 0.740961 -0.671548 0
    outer loop
      vertex -7.93253 1.58598 2
      vertex -7.76777 1.76777 0
      vertex -7.76777 1.76777 2
    endloop
  endfacet
  facet normal 0.740961 -0.671548 0
    outer loop
      vertex -7.76777 1.76777 0
      vertex -7.93253 1.58598 2
      vertex -7.93253 1.58598 0
    endloop
  endfacet
  facet normal 0.857734 -0.514094 0
    outer loop
      vertex -8.2048 1.17849 2
      vertex -8.07867 1.38893 0
      vertex -8.07867 1.38893 2
    endloop
  endfacet
  facet normal 0.857734 -0.514094 0
    outer loop
      vertex -8.07867 1.38893 0
      vertex -8.2048 1.17849 2
      vertex -8.2048 1.17849 0
    endloop
  endfacet
  facet normal 0.242977 -0.970032 0
    outer loop
      vertex -6.72571 2.39235 0
      vertex -6.48773 2.45196 2
      vertex -6.72571 2.39235 2
    endloop
  endfacet
  facet normal 0.242977 -0.970032 0
    outer loop
      vertex -6.48773 2.45196 2
      vertex -6.72571 2.39235 0
      vertex -6.48773 2.45196 0
    endloop
  endfacet
  facet normal 0.0490756 -0.998795 0
    outer loop
      vertex -6.24504 2.48796 0
      vertex -6 2.5 2
      vertex -6.24504 2.48796 2
    endloop
  endfacet
  facet normal 0.0490756 -0.998795 0
    outer loop
      vertex -6 2.5 2
      vertex -6.24504 2.48796 0
      vertex -6 2.5 0
    endloop
  endfacet
  facet normal 0.427575 -0.90398 0
    outer loop
      vertex -7.17849 2.2048 0
      vertex -6.95671 2.3097 2
      vertex -7.17849 2.2048 2
    endloop
  endfacet
  facet normal 0.427575 -0.90398 0
    outer loop
      vertex -6.95671 2.3097 2
      vertex -7.17849 2.2048 0
      vertex -6.95671 2.3097 0
    endloop
  endfacet
  facet normal 0.595693 -0.803212 0
    outer loop
      vertex -7.58598 1.93253 0
      vertex -7.38893 2.07867 2
      vertex -7.58598 1.93253 2
    endloop
  endfacet
  facet normal 0.595693 -0.803212 0
    outer loop
      vertex -7.38893 2.07867 2
      vertex -7.58598 1.93253 0
      vertex -7.38893 2.07867 0
    endloop
  endfacet
  facet normal -0.989176 -0.146737 0
    outer loop
      vertex -3.51204 0.245043 0
      vertex -3.54804 0.487725 2
      vertex -3.54804 0.487725 0
    endloop
  endfacet
  facet normal -0.989176 -0.146737 0
    outer loop
      vertex -3.54804 0.487725 2
      vertex -3.51204 0.245043 0
      vertex -3.51204 0.245043 2
    endloop
  endfacet
  facet normal -0.857734 -0.514094 0
    outer loop
      vertex -3.7952 1.17849 0
      vertex -3.92133 1.38893 2
      vertex -3.92133 1.38893 0
    endloop
  endfacet
  facet normal -0.857734 -0.514094 0
    outer loop
      vertex -3.92133 1.38893 2
      vertex -3.7952 1.17849 0
      vertex -3.7952 1.17849 2
    endloop
  endfacet
  facet normal -0.803212 -0.595693 0
    outer loop
      vertex -3.92133 1.38893 0
      vertex -4.06747 1.58598 2
      vertex -4.06747 1.58598 0
    endloop
  endfacet
  facet normal -0.803212 -0.595693 0
    outer loop
      vertex -4.06747 1.58598 2
      vertex -3.92133 1.38893 0
      vertex -3.92133 1.38893 2
    endloop
  endfacet
  facet normal -0.903982 -0.427572 0
    outer loop
      vertex -3.6903 0.956708 0
      vertex -3.7952 1.17849 2
      vertex -3.7952 1.17849 0
    endloop
  endfacet
  facet normal -0.903982 -0.427572 0
    outer loop
      vertex -3.7952 1.17849 2
      vertex -3.6903 0.956708 0
      vertex -3.6903 0.956708 2
    endloop
  endfacet
  facet normal -0.970034 -0.242971 0
    outer loop
      vertex -3.54804 0.487725 0
      vertex -3.60765 0.725711 2
      vertex -3.60765 0.725711 0
    endloop
  endfacet
  facet normal -0.970034 -0.242971 0
    outer loop
      vertex -3.60765 0.725711 2
      vertex -3.54804 0.487725 0
      vertex -3.54804 0.487725 2
    endloop
  endfacet
  facet normal -0.998795 -0.049075 0
    outer loop
      vertex -3.5 0 0
      vertex -3.51204 0.245043 2
      vertex -3.51204 0.245043 0
    endloop
  endfacet
  facet normal -0.998795 -0.049075 0
    outer loop
      vertex -3.51204 0.245043 2
      vertex -3.5 0 0
      vertex -3.5 0 2
    endloop
  endfacet
  facet normal -0.595693 -0.803212 0
    outer loop
      vertex -4.61107 2.07867 0
      vertex -4.41402 1.93253 2
      vertex -4.61107 2.07867 2
    endloop
  endfacet
  facet normal -0.595693 -0.803212 -0
    outer loop
      vertex -4.41402 1.93253 2
      vertex -4.61107 2.07867 0
      vertex -4.41402 1.93253 0
    endloop
  endfacet
  facet normal -0.514094 -0.857734 0
    outer loop
      vertex -4.82151 2.2048 0
      vertex -4.61107 2.07867 2
      vertex -4.82151 2.2048 2
    endloop
  endfacet
  facet normal -0.514094 -0.857734 -0
    outer loop
      vertex -4.61107 2.07867 2
      vertex -4.82151 2.2048 0
      vertex -4.61107 2.07867 0
    endloop
  endfacet
  facet normal -0.671548 -0.740961 0
    outer loop
      vertex -4.41402 1.93253 0
      vertex -4.23223 1.76777 2
      vertex -4.41402 1.93253 2
    endloop
  endfacet
  facet normal -0.671548 -0.740961 -0
    outer loop
      vertex -4.23223 1.76777 2
      vertex -4.41402 1.93253 0
      vertex -4.23223 1.76777 0
    endloop
  endfacet
  facet normal -0.336879 -0.941548 0
    outer loop
      vertex -5.27429 2.39235 0
      vertex -5.04329 2.3097 2
      vertex -5.27429 2.39235 2
    endloop
  endfacet
  facet normal -0.336879 -0.941548 -0
    outer loop
      vertex -5.04329 2.3097 2
      vertex -5.27429 2.39235 0
      vertex -5.04329 2.3097 0
    endloop
  endfacet
  facet normal -0.146732 -0.989176 0
    outer loop
      vertex -5.75496 2.48796 0
      vertex -5.51227 2.45196 2
      vertex -5.75496 2.48796 2
    endloop
  endfacet
  facet normal -0.146732 -0.989176 -0
    outer loop
      vertex -5.51227 2.45196 2
      vertex -5.75496 2.48796 0
      vertex -5.51227 2.45196 0
    endloop
  endfacet
  facet normal 0.998795 0.049075 0
    outer loop
      vertex -8.48796 -0.245043 2
      vertex -8.5 0 0
      vertex -8.5 0 2
    endloop
  endfacet
  facet normal 0.998795 0.049075 0
    outer loop
      vertex -8.5 0 0
      vertex -8.48796 -0.245043 2
      vertex -8.48796 -0.245043 0
    endloop
  endfacet
  facet normal 0.514094 0.857734 -0
    outer loop
      vertex -7.17849 -2.2048 0
      vertex -7.38893 -2.07867 2
      vertex -7.17849 -2.2048 2
    endloop
  endfacet
  facet normal 0.514094 0.857734 0
    outer loop
      vertex -7.38893 -2.07867 2
      vertex -7.17849 -2.2048 0
      vertex -7.38893 -2.07867 0
    endloop
  endfacet
  facet normal 0.740961 0.671548 0
    outer loop
      vertex -7.76777 -1.76777 2
      vertex -7.93253 -1.58598 0
      vertex -7.93253 -1.58598 2
    endloop
  endfacet
  facet normal 0.740961 0.671548 0
    outer loop
      vertex -7.93253 -1.58598 0
      vertex -7.76777 -1.76777 2
      vertex -7.76777 -1.76777 0
    endloop
  endfacet
  facet normal 0.970034 -0.242971 0
    outer loop
      vertex -8.45196 0.487725 2
      vertex -8.39235 0.725711 0
      vertex -8.39235 0.725711 2
    endloop
  endfacet
  facet normal 0.970034 -0.242971 0
    outer loop
      vertex -8.39235 0.725711 0
      vertex -8.45196 0.487725 2
      vertex -8.45196 0.487725 0
    endloop
  endfacet
  facet normal 0.903982 -0.427572 0
    outer loop
      vertex -8.3097 0.956708 2
      vertex -8.2048 1.17849 0
      vertex -8.2048 1.17849 2
    endloop
  endfacet
  facet normal 0.903982 -0.427572 0
    outer loop
      vertex -8.2048 1.17849 0
      vertex -8.3097 0.956708 2
      vertex -8.3097 0.956708 0
    endloop
  endfacet
  facet normal 0.671548 -0.740961 0
    outer loop
      vertex -7.76777 1.76777 0
      vertex -7.58598 1.93253 2
      vertex -7.76777 1.76777 2
    endloop
  endfacet
  facet normal 0.671548 -0.740961 0
    outer loop
      vertex -7.58598 1.93253 2
      vertex -7.76777 1.76777 0
      vertex -7.58598 1.93253 0
    endloop
  endfacet
  facet normal 0.803212 -0.595693 0
    outer loop
      vertex -8.07867 1.38893 2
      vertex -7.93253 1.58598 0
      vertex -7.93253 1.58598 2
    endloop
  endfacet
  facet normal 0.803212 -0.595693 0
    outer loop
      vertex -7.93253 1.58598 0
      vertex -8.07867 1.38893 2
      vertex -8.07867 1.38893 0
    endloop
  endfacet
  facet normal 0.146732 -0.989176 0
    outer loop
      vertex -6.48773 2.45196 0
      vertex -6.24504 2.48796 2
      vertex -6.48773 2.45196 2
    endloop
  endfacet
  facet normal 0.146732 -0.989176 0
    outer loop
      vertex -6.24504 2.48796 2
      vertex -6.48773 2.45196 0
      vertex -6.24504 2.48796 0
    endloop
  endfacet
  facet normal 0.514094 -0.857734 0
    outer loop
      vertex -7.38893 2.07867 0
      vertex -7.17849 2.2048 2
      vertex -7.38893 2.07867 2
    endloop
  endfacet
  facet normal 0.514094 -0.857734 0
    outer loop
      vertex -7.17849 2.2048 2
      vertex -7.38893 2.07867 0
      vertex -7.17849 2.2048 0
    endloop
  endfacet
  facet normal 0.941547 0.336882 0
    outer loop
      vertex -8.3097 -0.956708 2
      vertex -8.39235 -0.725711 0
      vertex -8.39235 -0.725711 2
    endloop
  endfacet
  facet normal 0.941547 0.336882 0
    outer loop
      vertex -8.39235 -0.725711 0
      vertex -8.3097 -0.956708 2
      vertex -8.3097 -0.956708 0
    endloop
  endfacet
  facet normal 0.970034 0.242971 0
    outer loop
      vertex -8.39235 -0.725711 2
      vertex -8.45196 -0.487725 0
      vertex -8.45196 -0.487725 2
    endloop
  endfacet
  facet normal 0.970034 0.242971 0
    outer loop
      vertex -8.45196 -0.487725 0
      vertex -8.39235 -0.725711 2
      vertex -8.39235 -0.725711 0
    endloop
  endfacet
  facet normal 0.803212 0.595693 0
    outer loop
      vertex -7.93253 -1.58598 2
      vertex -8.07867 -1.38893 0
      vertex -8.07867 -1.38893 2
    endloop
  endfacet
  facet normal 0.803212 0.595693 0
    outer loop
      vertex -8.07867 -1.38893 0
      vertex -7.93253 -1.58598 2
      vertex -7.93253 -1.58598 0
    endloop
  endfacet
  facet normal 0.903982 0.427572 0
    outer loop
      vertex -8.2048 -1.17849 2
      vertex -8.3097 -0.956708 0
      vertex -8.3097 -0.956708 2
    endloop
  endfacet
  facet normal 0.903982 0.427572 0
    outer loop
      vertex -8.3097 -0.956708 0
      vertex -8.2048 -1.17849 2
      vertex -8.2048 -1.17849 0
    endloop
  endfacet
  facet normal 0.857734 0.514094 0
    outer loop
      vertex -8.07867 -1.38893 2
      vertex -8.2048 -1.17849 0
      vertex -8.2048 -1.17849 2
    endloop
  endfacet
  facet normal 0.857734 0.514094 0
    outer loop
      vertex -8.2048 -1.17849 0
      vertex -8.07867 -1.38893 2
      vertex -8.07867 -1.38893 0
    endloop
  endfacet
  facet normal 0.671548 0.740961 -0
    outer loop
      vertex -7.58598 -1.93253 0
      vertex -7.76777 -1.76777 2
      vertex -7.58598 -1.93253 2
    endloop
  endfacet
  facet normal 0.671548 0.740961 0
    outer loop
      vertex -7.76777 -1.76777 2
      vertex -7.58598 -1.93253 0
      vertex -7.76777 -1.76777 0
    endloop
  endfacet
  facet normal 0.595693 0.803212 -0
    outer loop
      vertex -7.38893 -2.07867 0
      vertex -7.58598 -1.93253 2
      vertex -7.38893 -2.07867 2
    endloop
  endfacet
  facet normal 0.595693 0.803212 0
    outer loop
      vertex -7.58598 -1.93253 2
      vertex -7.38893 -2.07867 0
      vertex -7.58598 -1.93253 0
    endloop
  endfacet
  facet normal -0.0490756 0.998795 0
    outer loop
      vertex -5.75496 -2.48796 0
      vertex -6 -2.5 2
      vertex -5.75496 -2.48796 2
    endloop
  endfacet
  facet normal -0.0490756 0.998795 0
    outer loop
      vertex -6 -2.5 2
      vertex -5.75496 -2.48796 0
      vertex -6 -2.5 0
    endloop
  endfacet
  facet normal -0.595693 0.803212 0
    outer loop
      vertex -4.41402 -1.93253 0
      vertex -4.61107 -2.07867 2
      vertex -4.41402 -1.93253 2
    endloop
  endfacet
  facet normal -0.595693 0.803212 0
    outer loop
      vertex -4.61107 -2.07867 2
      vertex -4.41402 -1.93253 0
      vertex -4.61107 -2.07867 0
    endloop
  endfacet
  facet normal -0.146732 0.989176 0
    outer loop
      vertex -5.51227 -2.45196 0
      vertex -5.75496 -2.48796 2
      vertex -5.51227 -2.45196 2
    endloop
  endfacet
  facet normal -0.146732 0.989176 0
    outer loop
      vertex -5.75496 -2.48796 2
      vertex -5.51227 -2.45196 0
      vertex -5.75496 -2.48796 0
    endloop
  endfacet
  facet normal -0.803212 0.595693 0
    outer loop
      vertex -4.06747 -1.58598 0
      vertex -3.92133 -1.38893 2
      vertex -3.92133 -1.38893 0
    endloop
  endfacet
  facet normal -0.803212 0.595693 0
    outer loop
      vertex -3.92133 -1.38893 2
      vertex -4.06747 -1.58598 0
      vertex -4.06747 -1.58598 2
    endloop
  endfacet
  facet normal -0.671548 0.740961 0
    outer loop
      vertex -4.23223 -1.76777 0
      vertex -4.41402 -1.93253 2
      vertex -4.23223 -1.76777 2
    endloop
  endfacet
  facet normal -0.671548 0.740961 0
    outer loop
      vertex -4.41402 -1.93253 2
      vertex -4.23223 -1.76777 0
      vertex -4.41402 -1.93253 0
    endloop
  endfacet
  facet normal -0.740961 0.671548 0
    outer loop
      vertex -4.23223 -1.76777 0
      vertex -4.06747 -1.58598 2
      vertex -4.06747 -1.58598 0
    endloop
  endfacet
  facet normal -0.740961 0.671548 0
    outer loop
      vertex -4.06747 -1.58598 2
      vertex -4.23223 -1.76777 0
      vertex -4.23223 -1.76777 2
    endloop
  endfacet
  facet normal -0.903982 0.427572 0
    outer loop
      vertex -3.7952 -1.17849 0
      vertex -3.6903 -0.956708 2
      vertex -3.6903 -0.956708 0
    endloop
  endfacet
  facet normal -0.903982 0.427572 0
    outer loop
      vertex -3.6903 -0.956708 2
      vertex -3.7952 -1.17849 0
      vertex -3.7952 -1.17849 2
    endloop
  endfacet
  facet normal -0.941547 0.336882 0
    outer loop
      vertex -3.6903 -0.956708 0
      vertex -3.60765 -0.725711 2
      vertex -3.60765 -0.725711 0
    endloop
  endfacet
  facet normal -0.941547 0.336882 0
    outer loop
      vertex -3.60765 -0.725711 2
      vertex -3.6903 -0.956708 0
      vertex -3.6903 -0.956708 2
    endloop
  endfacet
  facet normal -0.970034 0.242971 0
    outer loop
      vertex -3.60765 -0.725711 0
      vertex -3.54804 -0.487725 2
      vertex -3.54804 -0.487725 0
    endloop
  endfacet
  facet normal -0.970034 0.242971 0
    outer loop
      vertex -3.54804 -0.487725 2
      vertex -3.60765 -0.725711 0
      vertex -3.60765 -0.725711 2
    endloop
  endfacet
  facet normal -0.989176 0.146737 0
    outer loop
      vertex -3.54804 -0.487725 0
      vertex -3.51204 -0.245043 2
      vertex -3.51204 -0.245043 0
    endloop
  endfacet
  facet normal -0.989176 0.146737 0
    outer loop
      vertex -3.51204 -0.245043 2
      vertex -3.54804 -0.487725 0
      vertex -3.54804 -0.487725 2
    endloop
  endfacet
  facet normal 0.242977 0.970032 -0
    outer loop
      vertex -6.48773 -2.45196 0
      vertex -6.72571 -2.39235 2
      vertex -6.48773 -2.45196 2
    endloop
  endfacet
  facet normal 0.242977 0.970032 0
    outer loop
      vertex -6.72571 -2.39235 2
      vertex -6.48773 -2.45196 0
      vertex -6.72571 -2.39235 0
    endloop
  endfacet
  facet normal 0.146732 0.989176 -0
    outer loop
      vertex -6.24504 -2.48796 0
      vertex -6.48773 -2.45196 2
      vertex -6.24504 -2.48796 2
    endloop
  endfacet
  facet normal 0.146732 0.989176 0
    outer loop
      vertex -6.48773 -2.45196 2
      vertex -6.24504 -2.48796 0
      vertex -6.48773 -2.45196 0
    endloop
  endfacet
  facet normal -0.427575 0.90398 0
    outer loop
      vertex -4.82151 -2.2048 0
      vertex -5.04329 -2.3097 2
      vertex -4.82151 -2.2048 2
    endloop
  endfacet
  facet normal -0.427575 0.90398 0
    outer loop
      vertex -5.04329 -2.3097 2
      vertex -4.82151 -2.2048 0
      vertex -5.04329 -2.3097 0
    endloop
  endfacet
  facet normal -0.242977 0.970032 0
    outer loop
      vertex -5.27429 -2.39235 0
      vertex -5.51227 -2.45196 2
      vertex -5.27429 -2.39235 2
    endloop
  endfacet
  facet normal -0.242977 0.970032 0
    outer loop
      vertex -5.51227 -2.45196 2
      vertex -5.27429 -2.39235 0
      vertex -5.51227 -2.45196 0
    endloop
  endfacet
  facet normal -0.857734 0.514094 0
    outer loop
      vertex -3.92133 -1.38893 0
      vertex -3.7952 -1.17849 2
      vertex -3.7952 -1.17849 0
    endloop
  endfacet
  facet normal -0.857734 0.514094 0
    outer loop
      vertex -3.7952 -1.17849 2
      vertex -3.92133 -1.38893 0
      vertex -3.92133 -1.38893 2
    endloop
  endfacet
  facet normal -0.514094 0.857734 0
    outer loop
      vertex -4.61107 -2.07867 0
      vertex -4.82151 -2.2048 2
      vertex -4.61107 -2.07867 2
    endloop
  endfacet
  facet normal -0.514094 0.857734 0
    outer loop
      vertex -4.82151 -2.2048 2
      vertex -4.61107 -2.07867 0
      vertex -4.82151 -2.2048 0
    endloop
  endfacet
  facet normal -0.336879 0.941548 0
    outer loop
      vertex -5.04329 -2.3097 0
      vertex -5.27429 -2.39235 2
      vertex -5.04329 -2.3097 2
    endloop
  endfacet
  facet normal -0.336879 0.941548 0
    outer loop
      vertex -5.27429 -2.39235 2
      vertex -5.04329 -2.3097 0
      vertex -5.27429 -2.39235 0
    endloop
  endfacet
  facet normal -1 0 0
    outer loop
      vertex -11.1 -6.75 0
      vertex -11.1 6.75 5
      vertex -11.1 6.75 0
    endloop
  endfacet
  facet normal -1 -0 0
    outer loop
      vertex -11.1 6.75 5
      vertex -11.1 -6.75 0
      vertex -11.1 -6.75 5
    endloop
  endfacet
  facet normal 0 1 0
    outer loop
      vertex -11.1 -6.75 5
      vertex -12.25 -6.75 2
      vertex -12.25 -6.75 5
    endloop
  endfacet
  facet normal 0 1 -0
    outer loop
      vertex -11.1 -6.75 0
      vertex -12.25 -6.75 2
      vertex -11.1 -6.75 5
    endloop
  endfacet
  facet normal 0 1 0
    outer loop
      vertex -14.5 -6.75 0
      vertex -12.25 -6.75 2
      vertex -11.1 -6.75 0
    endloop
  endfacet
  facet normal 0 1 0
    outer loop
      vertex -12.25 -6.75 2
      vertex -14.5 -6.75 0
      vertex -14.5 -6.75 2
    endloop
  endfacet
  facet normal 0 -1 0
    outer loop
      vertex -12.25 6.75 2
      vertex -11.1 6.75 5
      vertex -12.25 6.75 5
    endloop
  endfacet
  facet normal 0 -1 0
    outer loop
      vertex -12.25 6.75 2
      vertex -11.1 6.75 0
      vertex -11.1 6.75 5
    endloop
  endfacet
  facet normal 0 -1 0
    outer loop
      vertex -11.1 6.75 0
      vertex -12.25 6.75 2
      vertex -14.5 6.75 0
    endloop
  endfacet
  facet normal 0 -1 0
    outer loop
      vertex -14.5 6.75 2
      vertex -14.5 6.75 0
      vertex -12.25 6.75 2
    endloop
  endfacet
endsolid OpenSCAD_Model
