solid OpenSCAD_Model
  facet normal 0.96995 0.243303 0
    outer loop
      vertex 14.452 13.6377 22
      vertex 14.3923 13.8757 15.05
      vertex 14.3923 13.8757 22
    endloop
  endfacet
  facet normal 0.96995 0.243303 0
    outer loop
      vertex 14.3923 13.8757 15.05
      vertex 14.452 13.6377 22
      vertex 14.452 13.6377 15.05
    endloop
  endfacet
  facet normal 0.96995 0.243303 0
    outer loop
      vertex 14.452 13.6377 8.95
      vertex 14.3923 13.8757 0
      vertex 14.3923 13.8757 8.95
    endloop
  endfacet
  facet normal 0.96995 0.243303 0
    outer loop
      vertex 14.3923 13.8757 0
      vertex 14.452 13.6377 8.95
      vertex 14.452 13.6377 0
    endloop
  endfacet
  facet normal 0.998803 0.0489209 0
    outer loop
      vertex 14.5 13.15 8.95
      vertex 14.488 13.395 0
      vertex 14.488 13.395 8.95
    endloop
  endfacet
  facet normal 0.998803 0.0489209 0
    outer loop
      vertex 14.488 13.395 0
      vertex 14.5 13.15 8.95
      vertex 14.5 13.15 0
    endloop
  endfacet
  facet normal 0.998803 0.0489209 0
    outer loop
      vertex 14.5 13.15 22
      vertex 14.488 13.395 15.05
      vertex 14.488 13.395 22
    endloop
  endfacet
  facet normal 0.998803 0.0489209 0
    outer loop
      vertex 14.488 13.395 15.05
      vertex 14.5 13.15 22
      vertex 14.5 13.15 15.05
    endloop
  endfacet
  facet normal -0.989177 -0.146726 0
    outer loop
      vertex -14.452 -12.6377 0
      vertex -14.488 -12.395 22
      vertex -14.488 -12.395 0
    endloop
  endfacet
  facet normal -0.989177 -0.146726 0
    outer loop
      vertex -14.488 -12.395 22
      vertex -14.452 -12.6377 0
      vertex -14.452 -12.6377 22
    endloop
  endfacet
  facet normal 0.989177 0.146726 0
    outer loop
      vertex 14.488 13.395 22
      vertex 14.452 13.6377 15.05
      vertex 14.452 13.6377 22
    endloop
  endfacet
  facet normal 0.989177 0.146726 0
    outer loop
      vertex 14.452 13.6377 15.05
      vertex 14.488 13.395 22
      vertex 14.488 13.395 15.05
    endloop
  endfacet
  facet normal 0.989177 0.146726 0
    outer loop
      vertex 14.488 13.395 8.95
      vertex 14.452 13.6377 0
      vertex 14.452 13.6377 8.95
    endloop
  endfacet
  facet normal 0.989177 0.146726 0
    outer loop
      vertex 14.452 13.6377 0
      vertex 14.488 13.395 8.95
      vertex 14.488 13.395 0
    endloop
  endfacet
  facet normal -0.671394 0.741101 0
    outer loop
      vertex -13.586 15.0825 0
      vertex -13.7678 14.9178 22
      vertex -13.586 15.0825 22
    endloop
  endfacet
  facet normal -0.671394 0.741101 0
    outer loop
      vertex -13.7678 14.9178 22
      vertex -13.586 15.0825 0
      vertex -13.7678 14.9178 0
    endloop
  endfacet
  facet normal -0.146726 -0.989177 0
    outer loop
      vertex -12.4877 -14.602 0
      vertex -12.245 -14.638 22
      vertex -12.4877 -14.602 22
    endloop
  endfacet
  facet normal -0.146726 -0.989177 -0
    outer loop
      vertex -12.245 -14.638 22
      vertex -12.4877 -14.602 0
      vertex -12.245 -14.638 0
    endloop
  endfacet
  facet normal 1 0 0
    outer loop
      vertex 14.5 -6.75 22
      vertex 14.5 -12.15 22
      vertex 14.5 -6.75 6
    endloop
  endfacet
  facet normal 1 0 0
    outer loop
      vertex 14.5 13.15 22
      vertex 14.5 13.05 15.05
      vertex 14.5 13.15 15.05
    endloop
  endfacet
  facet normal 1 0 0
    outer loop
      vertex 14.5 13.05 15.05
      vertex 14.5 8.15 12.95
      vertex 14.5 13.05 12.95
    endloop
  endfacet
  facet normal 1 -0 0
    outer loop
      vertex 14.5 6.75 22
      vertex 14.5 13.05 15.05
      vertex 14.5 13.15 22
    endloop
  endfacet
  facet normal 1 0 0
    outer loop
      vertex 14.5 6.75 6
      vertex 14.5 8.15 12.95
      vertex 14.5 6.75 22
    endloop
  endfacet
  facet normal 1 0 0
    outer loop
      vertex 14.5 13.05 15.05
      vertex 14.5 6.75 22
      vertex 14.5 8.15 12.95
    endloop
  endfacet
  facet normal 1 0 0
    outer loop
      vertex 14.5 13.05 11.05
      vertex 14.5 8.15 11.05
      vertex 14.5 13.05 8.95
    endloop
  endfacet
  facet normal 1 -0 0
    outer loop
      vertex 14.5 13.05 8.95
      vertex 14.5 13.15 0
      vertex 14.5 13.15 8.95
    endloop
  endfacet
  facet normal 1 0 0
    outer loop
      vertex 14.5 6.75 6
      vertex 14.5 13.05 8.95
      vertex 14.5 8.15 11.05
    endloop
  endfacet
  facet normal 1 0 0
    outer loop
      vertex 14.5 8.15 12.95
      vertex 14.5 6.75 6
      vertex 14.5 8.15 11.05
    endloop
  endfacet
  facet normal 1 0 0
    outer loop
      vertex 14.5 13.05 8.95
      vertex 14.5 6.75 6
      vertex 14.5 13.15 0
    endloop
  endfacet
  facet normal 1 0 0
    outer loop
      vertex 14.5 -12.15 0
      vertex 14.5 6.75 6
      vertex 14.5 -6.75 6
    endloop
  endfacet
  facet normal 1 0 0
    outer loop
      vertex 14.5 6.75 6
      vertex 14.5 -12.15 0
      vertex 14.5 13.15 0
    endloop
  endfacet
  facet normal 1 0 0
    outer loop
      vertex 14.5 -12.15 0
      vertex 14.5 -6.75 6
      vertex 14.5 -12.15 22
    endloop
  endfacet
  facet normal -0.998803 0.0489209 0
    outer loop
      vertex -14.5 13.15 0
      vertex -14.488 13.395 22
      vertex -14.488 13.395 0
    endloop
  endfacet
  facet normal -0.998803 0.0489209 0
    outer loop
      vertex -14.488 13.395 22
      vertex -14.5 13.15 0
      vertex -14.5 13.15 22
    endloop
  endfacet
  facet normal -1 0 0
    outer loop
      vertex -14.5 5.5 17.5
      vertex -14.5 13.15 22
      vertex -14.5 13.15 0
    endloop
  endfacet
  facet normal -1 0 0
    outer loop
      vertex -14.5 13.15 22
      vertex -14.5 7.87079 20.4142
      vertex -14.5 7.875 20.5
    endloop
  endfacet
  facet normal -1 0 0
    outer loop
      vertex -14.5 13.15 22
      vertex -14.5 7.85819 20.3293
      vertex -14.5 7.87079 20.4142
    endloop
  endfacet
  facet normal -1 0 0
    outer loop
      vertex -14.5 13.15 22
      vertex -14.5 7.83732 20.246
      vertex -14.5 7.85819 20.3293
    endloop
  endfacet
  facet normal -1 0 0
    outer loop
      vertex -14.5 13.15 22
      vertex -14.5 7.80839 20.1652
      vertex -14.5 7.83732 20.246
    endloop
  endfacet
  facet normal -1 0 0
    outer loop
      vertex -14.5 13.15 22
      vertex -14.5 7.77168 20.0875
      vertex -14.5 7.80839 20.1652
    endloop
  endfacet
  facet normal -1 0 0
    outer loop
      vertex -14.5 13.15 22
      vertex -14.5 7.72754 20.0139
      vertex -14.5 7.77168 20.0875
    endloop
  endfacet
  facet normal -1 0 0
    outer loop
      vertex -14.5 13.15 22
      vertex -14.5 7.67638 19.9449
      vertex -14.5 7.72754 20.0139
    endloop
  endfacet
  facet normal -1 0 0
    outer loop
      vertex -14.5 13.15 22
      vertex -14.5 7.61872 19.8813
      vertex -14.5 7.67638 19.9449
    endloop
  endfacet
  facet normal -1 0 0
    outer loop
      vertex -14.5 13.15 22
      vertex -14.5 7.55509 19.8236
      vertex -14.5 7.61872 19.8813
    endloop
  endfacet
  facet normal -1 0 0
    outer loop
      vertex -14.5 13.15 22
      vertex -14.5 5.5 17.5
      vertex -14.5 7.55509 19.8236
    endloop
  endfacet
  facet normal -1 0 0
    outer loop
      vertex -14.5 7.55509 19.8236
      vertex -14.5 5.5 17.5
      vertex -14.5 7.48612 19.7725
    endloop
  endfacet
  facet normal -1 0 0
    outer loop
      vertex -14.5 7.48612 19.7725
      vertex -14.5 5.5 17.5
      vertex -14.5 7.41247 19.7283
    endloop
  endfacet
  facet normal -1 0 0
    outer loop
      vertex -14.5 7.41247 19.7283
      vertex -14.5 5.5 17.5
      vertex -14.5 7.33485 19.6916
    endloop
  endfacet
  facet normal -1 0 0
    outer loop
      vertex -14.5 7.33485 19.6916
      vertex -14.5 5.5 17.5
      vertex -14.5 7.254 19.6627
    endloop
  endfacet
  facet normal -1 0 0
    outer loop
      vertex -14.5 7.254 19.6627
      vertex -14.5 5.5 17.5
      vertex -14.5 7.1707 19.6418
    endloop
  endfacet
  facet normal -1 0 0
    outer loop
      vertex -14.5 7.1707 19.6418
      vertex -14.5 5.5 17.5
      vertex -14.5 7.08576 19.6292
    endloop
  endfacet
  facet normal -1 0 0
    outer loop
      vertex -14.5 7.08576 19.6292
      vertex -14.5 5.5 17.5
      vertex -14.5 7 19.625
    endloop
  endfacet
  facet normal -1 -0 0
    outer loop
      vertex -14.5 7 19.625
      vertex -14.5 5.5 17.5
      vertex -14.5 6.91423 19.6292
    endloop
  endfacet
  facet normal -1 -0 0
    outer loop
      vertex -14.5 6.91423 19.6292
      vertex -14.5 5.5 17.5
      vertex -14.5 6.8293 19.6418
    endloop
  endfacet
  facet normal -1 -0 0
    outer loop
      vertex -14.5 6.8293 19.6418
      vertex -14.5 5.5 17.5
      vertex -14.5 6.746 19.6627
    endloop
  endfacet
  facet normal -1 -0 0
    outer loop
      vertex -14.5 6.746 19.6627
      vertex -14.5 5.5 17.5
      vertex -14.5 6.66515 19.6916
    endloop
  endfacet
  facet normal -1 -0 0
    outer loop
      vertex -14.5 6.66515 19.6916
      vertex -14.5 5.5 17.5
      vertex -14.5 6.58753 19.7283
    endloop
  endfacet
  facet normal -1 -0 0
    outer loop
      vertex -14.5 6.58753 19.7283
      vertex -14.5 5.5 17.5
      vertex -14.5 6.51388 19.7725
    endloop
  endfacet
  facet normal -1 -0 0
    outer loop
      vertex -14.5 6.51388 19.7725
      vertex -14.5 5.5 17.5
      vertex -14.5 6.44491 19.8236
    endloop
  endfacet
  facet normal -1 -0 0
    outer loop
      vertex -14.5 6.44491 19.8236
      vertex -14.5 5.5 17.5
      vertex -14.5 6.38128 19.8813
    endloop
  endfacet
  facet normal -1 -0 0
    outer loop
      vertex -14.5 6.38128 19.8813
      vertex -14.5 5.5 17.5
      vertex -14.5 6.32362 19.9449
    endloop
  endfacet
  facet normal -1 -0 0
    outer loop
      vertex -14.5 6.32362 19.9449
      vertex -14.5 5.5 17.5
      vertex -14.5 6.27246 20.0139
    endloop
  endfacet
  facet normal -1 -0 0
    outer loop
      vertex -14.5 6.27246 20.0139
      vertex -14.5 5.5 17.5
      vertex -14.5 6.22832 20.0875
    endloop
  endfacet
  facet normal -1 -0 0
    outer loop
      vertex -14.5 6.22832 20.0875
      vertex -14.5 5.5 17.5
      vertex -14.5 6.1916 20.1652
    endloop
  endfacet
  facet normal -1 -0 0
    outer loop
      vertex -14.5 6.14181 20.3293
      vertex -14.5 5.5 17.5
      vertex -14.5 6.12921 20.4142
    endloop
  endfacet
  facet normal -1 -0 0
    outer loop
      vertex -14.5 6.16268 20.246
      vertex -14.5 5.5 17.5
      vertex -14.5 6.14181 20.3293
    endloop
  endfacet
  facet normal -1 -0 0
    outer loop
      vertex -14.5 6.1916 20.1652
      vertex -14.5 5.5 17.5
      vertex -14.5 6.16268 20.246
    endloop
  endfacet
  facet normal -1 0 0
    outer loop
      vertex -14.5 5.5 17.5
      vertex -14.5 13.15 0
      vertex -14.5 5.5 3.5
    endloop
  endfacet
  facet normal -1 0 0
    outer loop
      vertex -14.5 -12.15 0
      vertex -14.5 5.5 3.5
      vertex -14.5 13.15 0
    endloop
  endfacet
  facet normal -1 0 0
    outer loop
      vertex -14.5 -12.15 0
      vertex -14.5 -5.5 17.5
      vertex -14.5 -5.5 3.5
    endloop
  endfacet
  facet normal -1 0 0
    outer loop
      vertex -14.5 -5.5 17.5
      vertex -14.5 -6.12921 20.4142
      vertex -14.5 -6.125 20.5
    endloop
  endfacet
  facet normal -1 0 0
    outer loop
      vertex -14.5 -5.5 17.5
      vertex -14.5 -6.14181 20.3293
      vertex -14.5 -6.12921 20.4142
    endloop
  endfacet
  facet normal -1 0 0
    outer loop
      vertex -14.5 -5.5 17.5
      vertex -14.5 -6.16268 20.246
      vertex -14.5 -6.14181 20.3293
    endloop
  endfacet
  facet normal -1 0 0
    outer loop
      vertex -14.5 -5.5 17.5
      vertex -14.5 -6.1916 20.1652
      vertex -14.5 -6.16268 20.246
    endloop
  endfacet
  facet normal -1 0 0
    outer loop
      vertex -14.5 -5.5 17.5
      vertex -14.5 -6.22832 20.0875
      vertex -14.5 -6.1916 20.1652
    endloop
  endfacet
  facet normal -1 0 0
    outer loop
      vertex -14.5 -5.5 17.5
      vertex -14.5 -6.27246 20.0139
      vertex -14.5 -6.22832 20.0875
    endloop
  endfacet
  facet normal -1 0 0
    outer loop
      vertex -14.5 -5.5 17.5
      vertex -14.5 -6.32362 19.9449
      vertex -14.5 -6.27246 20.0139
    endloop
  endfacet
  facet normal -1 0 0
    outer loop
      vertex -14.5 -5.5 17.5
      vertex -14.5 -6.38128 19.8813
      vertex -14.5 -6.32362 19.9449
    endloop
  endfacet
  facet normal -1 0 0
    outer loop
      vertex -14.5 -5.5 17.5
      vertex -14.5 -6.44491 19.8236
      vertex -14.5 -6.38128 19.8813
    endloop
  endfacet
  facet normal -1 0 0
    outer loop
      vertex -14.5 -5.5 17.5
      vertex -14.5 -6.51388 19.7725
      vertex -14.5 -6.44491 19.8236
    endloop
  endfacet
  facet normal -1 0 0
    outer loop
      vertex -14.5 -5.5 17.5
      vertex -14.5 -6.58753 19.7283
      vertex -14.5 -6.51388 19.7725
    endloop
  endfacet
  facet normal -1 0 0
    outer loop
      vertex -14.5 -5.5 17.5
      vertex -14.5 -6.66515 19.6916
      vertex -14.5 -6.58753 19.7283
    endloop
  endfacet
  facet normal -1 0 0
    outer loop
      vertex -14.5 -5.5 17.5
      vertex -14.5 -6.746 19.6627
      vertex -14.5 -6.66515 19.6916
    endloop
  endfacet
  facet normal -1 0 0
    outer loop
      vertex -14.5 -5.5 17.5
      vertex -14.5 -6.8293 19.6418
      vertex -14.5 -6.746 19.6627
    endloop
  endfacet
  facet normal -1 0 0
    outer loop
      vertex -14.5 -5.5 17.5
      vertex -14.5 -6.91423 19.6292
      vertex -14.5 -6.8293 19.6418
    endloop
  endfacet
  facet normal -1 0 0
    outer loop
      vertex -14.5 -5.5 17.5
      vertex -14.5 -7 19.625
      vertex -14.5 -6.91423 19.6292
    endloop
  endfacet
  facet normal -1 0 0
    outer loop
      vertex -14.5 -5.5 17.5
      vertex -14.5 -7.08576 19.6292
      vertex -14.5 -7 19.625
    endloop
  endfacet
  facet normal -1 0 0
    outer loop
      vertex -14.5 -5.5 17.5
      vertex -14.5 -7.1707 19.6418
      vertex -14.5 -7.08576 19.6292
    endloop
  endfacet
  facet normal -1 0 0
    outer loop
      vertex -14.5 -5.5 17.5
      vertex -14.5 -7.254 19.6627
      vertex -14.5 -7.1707 19.6418
    endloop
  endfacet
  facet normal -1 0 0
    outer loop
      vertex -14.5 -5.5 17.5
      vertex -14.5 -7.33485 19.6916
      vertex -14.5 -7.254 19.6627
    endloop
  endfacet
  facet normal -1 0 0
    outer loop
      vertex -14.5 -5.5 17.5
      vertex -14.5 -7.41247 19.7283
      vertex -14.5 -7.33485 19.6916
    endloop
  endfacet
  facet normal -1 0 0
    outer loop
      vertex -14.5 -5.5 17.5
      vertex -14.5 -7.48612 19.7725
      vertex -14.5 -7.41247 19.7283
    endloop
  endfacet
  facet normal -1 0 0
    outer loop
      vertex -14.5 -12.15 22
      vertex -14.5 -5.5 17.5
      vertex -14.5 -12.15 0
    endloop
  endfacet
  facet normal -1 0 0
    outer loop
      vertex -14.5 -5.5 17.5
      vertex -14.5 -7.55509 19.8236
      vertex -14.5 -7.48612 19.7725
    endloop
  endfacet
  facet normal -1 0 0
    outer loop
      vertex -14.5 -5.5 17.5
      vertex -14.5 -12.15 22
      vertex -14.5 -7.55509 19.8236
    endloop
  endfacet
  facet normal -1 0 0
    outer loop
      vertex -14.5 -7.55509 19.8236
      vertex -14.5 -12.15 22
      vertex -14.5 -7.61872 19.8813
    endloop
  endfacet
  facet normal -1 0 0
    outer loop
      vertex -14.5 -7.61872 19.8813
      vertex -14.5 -12.15 22
      vertex -14.5 -7.67638 19.9449
    endloop
  endfacet
  facet normal -1 0 0
    outer loop
      vertex -14.5 -7.67638 19.9449
      vertex -14.5 -12.15 22
      vertex -14.5 -7.72754 20.0139
    endloop
  endfacet
  facet normal -1 0 0
    outer loop
      vertex -14.5 -7.72754 20.0139
      vertex -14.5 -12.15 22
      vertex -14.5 -7.77168 20.0875
    endloop
  endfacet
  facet normal -1 0 0
    outer loop
      vertex -14.5 -7.77168 20.0875
      vertex -14.5 -12.15 22
      vertex -14.5 -7.80839 20.1652
    endloop
  endfacet
  facet normal -1 0 0
    outer loop
      vertex -14.5 -7.80839 20.1652
      vertex -14.5 -12.15 22
      vertex -14.5 -7.83732 20.246
    endloop
  endfacet
  facet normal -1 0 0
    outer loop
      vertex -14.5 -7.85819 20.3293
      vertex -14.5 -12.15 22
      vertex -14.5 -7.87079 20.4142
    endloop
  endfacet
  facet normal -1 0 0
    outer loop
      vertex -14.5 -7.83732 20.246
      vertex -14.5 -12.15 22
      vertex -14.5 -7.85819 20.3293
    endloop
  endfacet
  facet normal -1 -0 0
    outer loop
      vertex -14.5 5.5 3.5
      vertex -14.5 -12.15 0
      vertex -14.5 -5.5 3.5
    endloop
  endfacet
  facet normal -1 0 0
    outer loop
      vertex -14.5 7.87079 20.5858
      vertex -14.5 13.15 22
      vertex -14.5 7.875 20.5
    endloop
  endfacet
  facet normal -1 0 0
    outer loop
      vertex -14.5 7.85819 20.6707
      vertex -14.5 13.15 22
      vertex -14.5 7.87079 20.5858
    endloop
  endfacet
  facet normal -1 0 0
    outer loop
      vertex -14.5 7.83732 20.754
      vertex -14.5 13.15 22
      vertex -14.5 7.85819 20.6707
    endloop
  endfacet
  facet normal -1 0 0
    outer loop
      vertex -14.5 7.80839 20.8348
      vertex -14.5 13.15 22
      vertex -14.5 7.83732 20.754
    endloop
  endfacet
  facet normal -1 0 0
    outer loop
      vertex -14.5 7.77168 20.9125
      vertex -14.5 13.15 22
      vertex -14.5 7.80839 20.8348
    endloop
  endfacet
  facet normal -1 0 0
    outer loop
      vertex -14.5 7.72754 20.9861
      vertex -14.5 13.15 22
      vertex -14.5 7.77168 20.9125
    endloop
  endfacet
  facet normal -1 0 0
    outer loop
      vertex -14.5 7.67638 21.0551
      vertex -14.5 13.15 22
      vertex -14.5 7.72754 20.9861
    endloop
  endfacet
  facet normal -1 0 0
    outer loop
      vertex -14.5 7.61872 21.1187
      vertex -14.5 13.15 22
      vertex -14.5 7.67638 21.0551
    endloop
  endfacet
  facet normal -1 0 0
    outer loop
      vertex -14.5 7.55509 21.1764
      vertex -14.5 13.15 22
      vertex -14.5 7.61872 21.1187
    endloop
  endfacet
  facet normal -1 0 0
    outer loop
      vertex -14.5 7.48612 21.2275
      vertex -14.5 13.15 22
      vertex -14.5 7.55509 21.1764
    endloop
  endfacet
  facet normal -1 0 0
    outer loop
      vertex -14.5 7.41247 21.2717
      vertex -14.5 13.15 22
      vertex -14.5 7.48612 21.2275
    endloop
  endfacet
  facet normal -1 0 0
    outer loop
      vertex -14.5 7.33485 21.3084
      vertex -14.5 13.15 22
      vertex -14.5 7.41247 21.2717
    endloop
  endfacet
  facet normal -1 0 0
    outer loop
      vertex -14.5 7.254 21.3373
      vertex -14.5 13.15 22
      vertex -14.5 7.33485 21.3084
    endloop
  endfacet
  facet normal -1 0 0
    outer loop
      vertex -14.5 7.1707 21.3582
      vertex -14.5 13.15 22
      vertex -14.5 7.254 21.3373
    endloop
  endfacet
  facet normal -1 0 0
    outer loop
      vertex -14.5 7.08576 21.3708
      vertex -14.5 13.15 22
      vertex -14.5 7.1707 21.3582
    endloop
  endfacet
  facet normal -1 0 0
    outer loop
      vertex -14.5 7 21.375
      vertex -14.5 13.15 22
      vertex -14.5 7.08576 21.3708
    endloop
  endfacet
  facet normal -1 0 0
    outer loop
      vertex -14.5 6.91423 21.3708
      vertex -14.5 13.15 22
      vertex -14.5 7 21.375
    endloop
  endfacet
  facet normal -1 -0 0
    outer loop
      vertex -14.5 6.12921 20.4142
      vertex -14.5 5.5 17.5
      vertex -14.5 6.125 20.5
    endloop
  endfacet
  facet normal -1 0 0
    outer loop
      vertex -14.5 -5.5 17.5
      vertex -14.5 6.125 20.5
      vertex -14.5 5.5 17.5
    endloop
  endfacet
  facet normal -1 0 0
    outer loop
      vertex -14.5 -6.125 20.5
      vertex -14.5 6.125 20.5
      vertex -14.5 -5.5 17.5
    endloop
  endfacet
  facet normal -1 0 0
    outer loop
      vertex -14.5 6.125 20.5
      vertex -14.5 -6.125 20.5
      vertex -14.5 6.12921 20.5858
    endloop
  endfacet
  facet normal -1 0 0
    outer loop
      vertex -14.5 -6.12921 20.5858
      vertex -14.5 6.12921 20.5858
      vertex -14.5 -6.125 20.5
    endloop
  endfacet
  facet normal -1 0 0
    outer loop
      vertex -14.5 6.12921 20.5858
      vertex -14.5 -6.12921 20.5858
      vertex -14.5 6.14181 20.6707
    endloop
  endfacet
  facet normal -1 0 0
    outer loop
      vertex -14.5 -6.14181 20.6707
      vertex -14.5 6.14181 20.6707
      vertex -14.5 -6.12921 20.5858
    endloop
  endfacet
  facet normal -1 0 0
    outer loop
      vertex -14.5 6.14181 20.6707
      vertex -14.5 -6.14181 20.6707
      vertex -14.5 6.16268 20.754
    endloop
  endfacet
  facet normal -1 0 0
    outer loop
      vertex -14.5 -6.16268 20.754
      vertex -14.5 6.16268 20.754
      vertex -14.5 -6.14181 20.6707
    endloop
  endfacet
  facet normal -1 0 0
    outer loop
      vertex -14.5 6.16268 20.754
      vertex -14.5 -6.16268 20.754
      vertex -14.5 6.1916 20.8348
    endloop
  endfacet
  facet normal -1 0 0
    outer loop
      vertex -14.5 -6.1916 20.8348
      vertex -14.5 6.1916 20.8348
      vertex -14.5 -6.16268 20.754
    endloop
  endfacet
  facet normal -1 0 0
    outer loop
      vertex -14.5 6.1916 20.8348
      vertex -14.5 -6.1916 20.8348
      vertex -14.5 6.22832 20.9125
    endloop
  endfacet
  facet normal -1 0 0
    outer loop
      vertex -14.5 -6.22832 20.9125
      vertex -14.5 6.22832 20.9125
      vertex -14.5 -6.1916 20.8348
    endloop
  endfacet
  facet normal -1 0 0
    outer loop
      vertex -14.5 6.22832 20.9125
      vertex -14.5 -6.22832 20.9125
      vertex -14.5 6.27246 20.9861
    endloop
  endfacet
  facet normal -1 0 0
    outer loop
      vertex -14.5 -6.27246 20.9861
      vertex -14.5 6.27246 20.9861
      vertex -14.5 -6.22832 20.9125
    endloop
  endfacet
  facet normal -1 0 0
    outer loop
      vertex -14.5 6.27246 20.9861
      vertex -14.5 -6.27246 20.9861
      vertex -14.5 6.32362 21.0551
    endloop
  endfacet
  facet normal -1 0 0
    outer loop
      vertex -14.5 -6.32362 21.0551
      vertex -14.5 6.32362 21.0551
      vertex -14.5 -6.27246 20.9861
    endloop
  endfacet
  facet normal -1 0 0
    outer loop
      vertex -14.5 6.32362 21.0551
      vertex -14.5 -6.32362 21.0551
      vertex -14.5 6.38128 21.1187
    endloop
  endfacet
  facet normal -1 0 0
    outer loop
      vertex -14.5 -6.38128 21.1187
      vertex -14.5 6.38128 21.1187
      vertex -14.5 -6.32362 21.0551
    endloop
  endfacet
  facet normal -1 0 0
    outer loop
      vertex -14.5 6.38128 21.1187
      vertex -14.5 -6.38128 21.1187
      vertex -14.5 6.44491 21.1764
    endloop
  endfacet
  facet normal -1 0 0
    outer loop
      vertex -14.5 -6.44491 21.1764
      vertex -14.5 6.44491 21.1764
      vertex -14.5 -6.38128 21.1187
    endloop
  endfacet
  facet normal -1 0 0
    outer loop
      vertex -14.5 6.44491 21.1764
      vertex -14.5 -6.44491 21.1764
      vertex -14.5 6.51388 21.2275
    endloop
  endfacet
  facet normal -1 0 0
    outer loop
      vertex -14.5 -6.51388 21.2275
      vertex -14.5 6.51388 21.2275
      vertex -14.5 -6.44491 21.1764
    endloop
  endfacet
  facet normal -1 0 0
    outer loop
      vertex -14.5 6.51388 21.2275
      vertex -14.5 -6.51388 21.2275
      vertex -14.5 6.58753 21.2717
    endloop
  endfacet
  facet normal -1 0 0
    outer loop
      vertex -14.5 -6.58753 21.2717
      vertex -14.5 6.58753 21.2717
      vertex -14.5 -6.51388 21.2275
    endloop
  endfacet
  facet normal -1 0 0
    outer loop
      vertex -14.5 6.58753 21.2717
      vertex -14.5 -6.58753 21.2717
      vertex -14.5 6.66515 21.3084
    endloop
  endfacet
  facet normal -1 0 0
    outer loop
      vertex -14.5 -6.66515 21.3084
      vertex -14.5 6.66515 21.3084
      vertex -14.5 -6.58753 21.2717
    endloop
  endfacet
  facet normal -1 0 0
    outer loop
      vertex -14.5 6.66515 21.3084
      vertex -14.5 -6.66515 21.3084
      vertex -14.5 6.746 21.3373
    endloop
  endfacet
  facet normal -1 0 0
    outer loop
      vertex -14.5 -6.746 21.3373
      vertex -14.5 6.746 21.3373
      vertex -14.5 -6.66515 21.3084
    endloop
  endfacet
  facet normal -1 0 0
    outer loop
      vertex -14.5 6.746 21.3373
      vertex -14.5 -6.746 21.3373
      vertex -14.5 6.8293 21.3582
    endloop
  endfacet
  facet normal -1 0 0
    outer loop
      vertex -14.5 -6.8293 21.3582
      vertex -14.5 6.8293 21.3582
      vertex -14.5 -6.746 21.3373
    endloop
  endfacet
  facet normal -1 0 0
    outer loop
      vertex -14.5 6.8293 21.3582
      vertex -14.5 -6.8293 21.3582
      vertex -14.5 6.91423 21.3708
    endloop
  endfacet
  facet normal -1 0 0
    outer loop
      vertex -14.5 -6.91423 21.3708
      vertex -14.5 6.91423 21.3708
      vertex -14.5 -6.8293 21.3582
    endloop
  endfacet
  facet normal -1 0 0
    outer loop
      vertex -14.5 -12.15 22
      vertex -14.5 6.91423 21.3708
      vertex -14.5 -6.91423 21.3708
    endloop
  endfacet
  facet normal -1 0 0
    outer loop
      vertex -14.5 -12.15 22
      vertex -14.5 -6.91423 21.3708
      vertex -14.5 -7 21.375
    endloop
  endfacet
  facet normal -1 0 0
    outer loop
      vertex -14.5 -7.87079 20.4142
      vertex -14.5 -12.15 22
      vertex -14.5 -7.875 20.5
    endloop
  endfacet
  facet normal -1 0 0
    outer loop
      vertex -14.5 -7.875 20.5
      vertex -14.5 -12.15 22
      vertex -14.5 -7.87079 20.5858
    endloop
  endfacet
  facet normal -1 0 0
    outer loop
      vertex -14.5 6.91423 21.3708
      vertex -14.5 -12.15 22
      vertex -14.5 13.15 22
    endloop
  endfacet
  facet normal -1 0 0
    outer loop
      vertex -14.5 -7.08576 21.3708
      vertex -14.5 -12.15 22
      vertex -14.5 -7 21.375
    endloop
  endfacet
  facet normal -1 0 0
    outer loop
      vertex -14.5 -7.1707 21.3582
      vertex -14.5 -12.15 22
      vertex -14.5 -7.08576 21.3708
    endloop
  endfacet
  facet normal -1 0 0
    outer loop
      vertex -14.5 -7.254 21.3373
      vertex -14.5 -12.15 22
      vertex -14.5 -7.1707 21.3582
    endloop
  endfacet
  facet normal -1 0 0
    outer loop
      vertex -14.5 -7.33485 21.3084
      vertex -14.5 -12.15 22
      vertex -14.5 -7.254 21.3373
    endloop
  endfacet
  facet normal -1 0 0
    outer loop
      vertex -14.5 -7.41247 21.2717
      vertex -14.5 -12.15 22
      vertex -14.5 -7.33485 21.3084
    endloop
  endfacet
  facet normal -1 0 0
    outer loop
      vertex -14.5 -7.48612 21.2275
      vertex -14.5 -12.15 22
      vertex -14.5 -7.41247 21.2717
    endloop
  endfacet
  facet normal -1 0 0
    outer loop
      vertex -14.5 -7.55509 21.1764
      vertex -14.5 -12.15 22
      vertex -14.5 -7.48612 21.2275
    endloop
  endfacet
  facet normal -1 0 0
    outer loop
      vertex -14.5 -7.61872 21.1187
      vertex -14.5 -12.15 22
      vertex -14.5 -7.55509 21.1764
    endloop
  endfacet
  facet normal -1 0 0
    outer loop
      vertex -14.5 -7.67638 21.0551
      vertex -14.5 -12.15 22
      vertex -14.5 -7.61872 21.1187
    endloop
  endfacet
  facet normal -1 0 0
    outer loop
      vertex -14.5 -7.72754 20.9861
      vertex -14.5 -12.15 22
      vertex -14.5 -7.67638 21.0551
    endloop
  endfacet
  facet normal -1 0 0
    outer loop
      vertex -14.5 -7.77168 20.9125
      vertex -14.5 -12.15 22
      vertex -14.5 -7.72754 20.9861
    endloop
  endfacet
  facet normal -1 0 0
    outer loop
      vertex -14.5 -7.80839 20.8348
      vertex -14.5 -12.15 22
      vertex -14.5 -7.77168 20.9125
    endloop
  endfacet
  facet normal -1 0 0
    outer loop
      vertex -14.5 -7.83732 20.754
      vertex -14.5 -12.15 22
      vertex -14.5 -7.80839 20.8348
    endloop
  endfacet
  facet normal -1 0 0
    outer loop
      vertex -14.5 -7.85819 20.6707
      vertex -14.5 -12.15 22
      vertex -14.5 -7.83732 20.754
    endloop
  endfacet
  facet normal -1 0 0
    outer loop
      vertex -14.5 -7.87079 20.5858
      vertex -14.5 -12.15 22
      vertex -14.5 -7.85819 20.6707
    endloop
  endfacet
  facet normal 0 1 -0
    outer loop
      vertex 12 15.65 0
      vertex 2.09126 15.65 8.95
      vertex 12 15.65 8.95
    endloop
  endfacet
  facet normal 0 1 0
    outer loop
      vertex 2.09126 15.65 8.95
      vertex 12 15.65 0
      vertex 2.05561 15.65 8.92356
    endloop
  endfacet
  facet normal 0 1 0
    outer loop
      vertex 2.05561 15.65 8.92356
      vertex 12 15.65 0
      vertex 1.74417 15.65 8.73689
    endloop
  endfacet
  facet normal 0 1 0
    outer loop
      vertex 1.74417 15.65 8.73689
      vertex 12 15.65 0
      vertex 1.41593 15.65 8.58165
    endloop
  endfacet
  facet normal 0 1 0
    outer loop
      vertex 1.41593 15.65 8.58165
      vertex 12 15.65 0
      vertex 1.07405 15.65 8.45932
    endloop
  endfacet
  facet normal 0 1 0
    outer loop
      vertex 1.07405 15.65 8.45932
      vertex 12 15.65 0
      vertex 0.721834 15.65 8.37109
    endloop
  endfacet
  facet normal 0 1 0
    outer loop
      vertex 0.362663 15.65 8.31782
      vertex 12 15.65 0
      vertex 0 15.65 8.3
    endloop
  endfacet
  facet normal 0 1 0
    outer loop
      vertex 0.721834 15.65 8.37109
      vertex 12 15.65 0
      vertex 0.362663 15.65 8.31782
    endloop
  endfacet
  facet normal 0 1 0
    outer loop
      vertex 12 15.65 22
      vertex 0 15.65 15.7
      vertex -12 15.65 22
    endloop
  endfacet
  facet normal 0 1 0
    outer loop
      vertex 12 15.65 22
      vertex 0.362663 15.65 15.6822
      vertex 0 15.65 15.7
    endloop
  endfacet
  facet normal 0 1 0
    outer loop
      vertex 12 15.65 22
      vertex 0.721834 15.65 15.6289
      vertex 0.362663 15.65 15.6822
    endloop
  endfacet
  facet normal 0 1 0
    outer loop
      vertex 12 15.65 22
      vertex 1.07405 15.65 15.5407
      vertex 0.721834 15.65 15.6289
    endloop
  endfacet
  facet normal 0 1 0
    outer loop
      vertex 12 15.65 22
      vertex 1.41593 15.65 15.4184
      vertex 1.07405 15.65 15.5407
    endloop
  endfacet
  facet normal 0 1 0
    outer loop
      vertex 12 15.65 22
      vertex 1.74417 15.65 15.2631
      vertex 1.41593 15.65 15.4184
    endloop
  endfacet
  facet normal 0 1 0
    outer loop
      vertex 12 15.65 22
      vertex 2.05561 15.65 15.0764
      vertex 1.74417 15.65 15.2631
    endloop
  endfacet
  facet normal 0 1 0
    outer loop
      vertex 2.09126 15.65 15.05
      vertex 12 15.65 22
      vertex 12 15.65 15.05
    endloop
  endfacet
  facet normal 0 1 0
    outer loop
      vertex 12 15.65 22
      vertex 2.09126 15.65 15.05
      vertex 2.05561 15.65 15.0764
    endloop
  endfacet
  facet normal 0 1 -0
    outer loop
      vertex -0.362663 15.65 15.6822
      vertex -12 15.65 22
      vertex 0 15.65 15.7
    endloop
  endfacet
  facet normal 0 1 -0
    outer loop
      vertex -0.721834 15.65 15.6289
      vertex -12 15.65 22
      vertex -0.362663 15.65 15.6822
    endloop
  endfacet
  facet normal 0 1 -0
    outer loop
      vertex -1.07405 15.65 15.5407
      vertex -12 15.65 22
      vertex -0.721834 15.65 15.6289
    endloop
  endfacet
  facet normal 0 1 -0
    outer loop
      vertex -1.41593 15.65 15.4184
      vertex -12 15.65 22
      vertex -1.07405 15.65 15.5407
    endloop
  endfacet
  facet normal 0 1 -0
    outer loop
      vertex -1.74417 15.65 15.2631
      vertex -12 15.65 22
      vertex -1.41593 15.65 15.4184
    endloop
  endfacet
  facet normal 0 1 -0
    outer loop
      vertex -2.05561 15.65 15.0764
      vertex -12 15.65 22
      vertex -1.74417 15.65 15.2631
    endloop
  endfacet
  facet normal 0 1 -0
    outer loop
      vertex -2.34725 15.65 14.8601
      vertex -12 15.65 22
      vertex -2.05561 15.65 15.0764
    endloop
  endfacet
  facet normal 0 1 -0
    outer loop
      vertex -2.61629 15.65 14.6163
      vertex -12 15.65 22
      vertex -2.34725 15.65 14.8601
    endloop
  endfacet
  facet normal 0 1 -0
    outer loop
      vertex -2.86014 15.65 14.3473
      vertex -12 15.65 22
      vertex -2.61629 15.65 14.6163
    endloop
  endfacet
  facet normal 0 1 -0
    outer loop
      vertex -3.07644 15.65 14.0556
      vertex -12 15.65 22
      vertex -2.86014 15.65 14.3473
    endloop
  endfacet
  facet normal 0 1 -0
    outer loop
      vertex -3.26311 15.65 13.7442
      vertex -12 15.65 22
      vertex -3.07644 15.65 14.0556
    endloop
  endfacet
  facet normal 0 1 -0
    outer loop
      vertex -3.41835 15.65 13.4159
      vertex -12 15.65 22
      vertex -3.26311 15.65 13.7442
    endloop
  endfacet
  facet normal 0 1 -0
    outer loop
      vertex -3.54068 15.65 13.0741
      vertex -12 15.65 22
      vertex -3.41835 15.65 13.4159
    endloop
  endfacet
  facet normal 0 1 -0
    outer loop
      vertex -3.62891 15.65 12.7218
      vertex -12 15.65 22
      vertex -3.54068 15.65 13.0741
    endloop
  endfacet
  facet normal 0 1 -0
    outer loop
      vertex -3.68218 15.65 12.3627
      vertex -12 15.65 22
      vertex -3.62891 15.65 12.7218
    endloop
  endfacet
  facet normal 0 1 -0
    outer loop
      vertex -3.7 15.65 12
      vertex -12 15.65 22
      vertex -3.68218 15.65 12.3627
    endloop
  endfacet
  facet normal 0 1 0
    outer loop
      vertex -3.68218 15.65 11.6373
      vertex -12 15.65 22
      vertex -3.7 15.65 12
    endloop
  endfacet
  facet normal 0 1 0
    outer loop
      vertex -12 15.65 0
      vertex -3.68218 15.65 11.6373
      vertex -3.62891 15.65 11.2782
    endloop
  endfacet
  facet normal 0 1 0
    outer loop
      vertex -12 15.65 0
      vertex -3.62891 15.65 11.2782
      vertex -3.54068 15.65 10.9259
    endloop
  endfacet
  facet normal 0 1 0
    outer loop
      vertex -12 15.65 0
      vertex -3.54068 15.65 10.9259
      vertex -3.41835 15.65 10.5841
    endloop
  endfacet
  facet normal 0 1 0
    outer loop
      vertex -12 15.65 0
      vertex -3.41835 15.65 10.5841
      vertex -3.26311 15.65 10.2558
    endloop
  endfacet
  facet normal 0 1 0
    outer loop
      vertex -12 15.65 0
      vertex -3.26311 15.65 10.2558
      vertex -3.07644 15.65 9.94439
    endloop
  endfacet
  facet normal 0 1 0
    outer loop
      vertex -12 15.65 0
      vertex 0 15.65 8.3
      vertex 12 15.65 0
    endloop
  endfacet
  facet normal 0 1 0
    outer loop
      vertex 0 15.65 8.3
      vertex -12 15.65 0
      vertex -0.362663 15.65 8.31782
    endloop
  endfacet
  facet normal 0 1 0
    outer loop
      vertex -0.362663 15.65 8.31782
      vertex -12 15.65 0
      vertex -0.721834 15.65 8.37109
    endloop
  endfacet
  facet normal 0 1 0
    outer loop
      vertex -0.721834 15.65 8.37109
      vertex -12 15.65 0
      vertex -1.07405 15.65 8.45932
    endloop
  endfacet
  facet normal 0 1 0
    outer loop
      vertex -1.07405 15.65 8.45932
      vertex -12 15.65 0
      vertex -1.41593 15.65 8.58165
    endloop
  endfacet
  facet normal 0 1 0
    outer loop
      vertex -1.41593 15.65 8.58165
      vertex -12 15.65 0
      vertex -1.74417 15.65 8.73689
    endloop
  endfacet
  facet normal 0 1 0
    outer loop
      vertex -3.68218 15.65 11.6373
      vertex -12 15.65 0
      vertex -12 15.65 22
    endloop
  endfacet
  facet normal 0 1 0
    outer loop
      vertex -2.86014 15.65 9.65275
      vertex -12 15.65 0
      vertex -3.07644 15.65 9.94439
    endloop
  endfacet
  facet normal 0 1 0
    outer loop
      vertex -2.61629 15.65 9.38371
      vertex -12 15.65 0
      vertex -2.86014 15.65 9.65275
    endloop
  endfacet
  facet normal 0 1 0
    outer loop
      vertex -2.34725 15.65 9.13986
      vertex -12 15.65 0
      vertex -2.61629 15.65 9.38371
    endloop
  endfacet
  facet normal 0 1 0
    outer loop
      vertex -2.05561 15.65 8.92356
      vertex -12 15.65 0
      vertex -2.34725 15.65 9.13986
    endloop
  endfacet
  facet normal 0 1 0
    outer loop
      vertex -1.74417 15.65 8.73689
      vertex -12 15.65 0
      vertex -2.05561 15.65 8.92356
    endloop
  endfacet
  facet normal -0.671394 -0.741101 0
    outer loop
      vertex -13.7678 -13.9178 0
      vertex -13.586 -14.0825 22
      vertex -13.7678 -13.9178 22
    endloop
  endfacet
  facet normal -0.671394 -0.741101 -0
    outer loop
      vertex -13.586 -14.0825 22
      vertex -13.7678 -13.9178 0
      vertex -13.586 -14.0825 0
    endloop
  endfacet
  facet normal 0 -1 -0
    outer loop
      vertex 3.99259 -14.65 9
      vertex 3.86505 -14.65 8.82803
      vertex 8.5 -14.65 9
    endloop
  endfacet
  facet normal 0 -1 -0
    outer loop
      vertex 5 -14.65 12
      vertex 4.97592 -14.65 11.5099
      vertex 8.5 -14.65 12
    endloop
  endfacet
  facet normal 0 -1 0
    outer loop
      vertex 3.99259 -14.65 15
      vertex 4.15735 -14.65 14.7779
      vertex 8.5 -14.65 15
    endloop
  endfacet
  facet normal 0 -1 0
    outer loop
      vertex 2.35698 -14.65 16.4096
      vertex 2.5 -14.65 16.6
      vertex 1.91342 -14.65 16.6194
    endloop
  endfacet
  facet normal 0 -1 -0
    outer loop
      vertex 2.5 -14.65 16.6
      vertex 2.35698 -14.65 16.4096
      vertex 2.5 -14.65 16.3239
    endloop
  endfacet
  facet normal 0 -1 0
    outer loop
      vertex -12 -14.65 22
      vertex 0 -14.65 17
      vertex 12 -14.65 22
    endloop
  endfacet
  facet normal 0 -1 0
    outer loop
      vertex -12 -14.65 22
      vertex -0.490086 -14.65 16.9759
      vertex 0 -14.65 17
    endloop
  endfacet
  facet normal 0 -1 0
    outer loop
      vertex -12 -14.65 22
      vertex -0.975451 -14.65 16.9039
      vertex -0.490086 -14.65 16.9759
    endloop
  endfacet
  facet normal 0 -1 0
    outer loop
      vertex -12 -14.65 22
      vertex -1.45142 -14.65 16.7847
      vertex -0.975451 -14.65 16.9039
    endloop
  endfacet
  facet normal 0 -1 0
    outer loop
      vertex -12 -14.65 22
      vertex -1.91342 -14.65 16.6194
      vertex -1.45142 -14.65 16.7847
    endloop
  endfacet
  facet normal 0 -1 0
    outer loop
      vertex -12 -14.65 22
      vertex -2.35698 -14.65 16.4096
      vertex -1.91342 -14.65 16.6194
    endloop
  endfacet
  facet normal 0 -1 0
    outer loop
      vertex -12 -14.65 22
      vertex -2.77785 -14.65 16.1573
      vertex -2.35698 -14.65 16.4096
    endloop
  endfacet
  facet normal 0 -1 0
    outer loop
      vertex -12 -14.65 22
      vertex -3.17197 -14.65 15.8651
      vertex -2.77785 -14.65 16.1573
    endloop
  endfacet
  facet normal 0 -1 0
    outer loop
      vertex -12 -14.65 22
      vertex -3.53553 -14.65 15.5355
      vertex -3.17197 -14.65 15.8651
    endloop
  endfacet
  facet normal 0 -1 0
    outer loop
      vertex -12 -14.65 22
      vertex -3.86505 -14.65 15.172
      vertex -3.53553 -14.65 15.5355
    endloop
  endfacet
  facet normal 0 -1 0
    outer loop
      vertex -12 -14.65 22
      vertex -4.15735 -14.65 14.7779
      vertex -3.86505 -14.65 15.172
    endloop
  endfacet
  facet normal 0 -1 0
    outer loop
      vertex -12 -14.65 22
      vertex -4.40961 -14.65 14.357
      vertex -4.15735 -14.65 14.7779
    endloop
  endfacet
  facet normal 0 -1 0
    outer loop
      vertex -12 -14.65 22
      vertex -4.6194 -14.65 13.9134
      vertex -4.40961 -14.65 14.357
    endloop
  endfacet
  facet normal 0 -1 0
    outer loop
      vertex -12 -14.65 22
      vertex -4.7847 -14.65 13.4514
      vertex -4.6194 -14.65 13.9134
    endloop
  endfacet
  facet normal 0 -1 0
    outer loop
      vertex -12 -14.65 22
      vertex -4.90393 -14.65 12.9755
      vertex -4.7847 -14.65 13.4514
    endloop
  endfacet
  facet normal 0 -1 0
    outer loop
      vertex -12 -14.65 22
      vertex -4.97592 -14.65 12.4901
      vertex -4.90393 -14.65 12.9755
    endloop
  endfacet
  facet normal 0 -1 0
    outer loop
      vertex -12 -14.65 22
      vertex -5 -14.65 12
      vertex -4.97592 -14.65 12.4901
    endloop
  endfacet
  facet normal 0 -1 0
    outer loop
      vertex -12 -14.65 22
      vertex -4.97592 -14.65 11.5099
      vertex -5 -14.65 12
    endloop
  endfacet
  facet normal 0 -1 0
    outer loop
      vertex -12 -14.65 0
      vertex -4.97592 -14.65 11.5099
      vertex -12 -14.65 22
    endloop
  endfacet
  facet normal 0 -1 -0
    outer loop
      vertex -4.97592 -14.65 11.5099
      vertex -12 -14.65 0
      vertex -4.90393 -14.65 11.0245
    endloop
  endfacet
  facet normal 0 -1 -0
    outer loop
      vertex -4.90393 -14.65 11.0245
      vertex -12 -14.65 0
      vertex -4.7847 -14.65 10.5486
    endloop
  endfacet
  facet normal 0 -1 -0
    outer loop
      vertex -4.7847 -14.65 10.5486
      vertex -12 -14.65 0
      vertex -4.6194 -14.65 10.0866
    endloop
  endfacet
  facet normal 0 -1 -0
    outer loop
      vertex -4.6194 -14.65 10.0866
      vertex -12 -14.65 0
      vertex -4.40961 -14.65 9.64302
    endloop
  endfacet
  facet normal 0 -1 -0
    outer loop
      vertex -0.490086 -14.65 7.02408
      vertex -12 -14.65 0
      vertex 0 -14.65 7
    endloop
  endfacet
  facet normal 0 -1 -0
    outer loop
      vertex -0.975451 -14.65 7.09607
      vertex -12 -14.65 0
      vertex -0.490086 -14.65 7.02408
    endloop
  endfacet
  facet normal 0 -1 -0
    outer loop
      vertex -1.45142 -14.65 7.2153
      vertex -12 -14.65 0
      vertex -0.975451 -14.65 7.09607
    endloop
  endfacet
  facet normal 0 -1 -0
    outer loop
      vertex -1.91342 -14.65 7.3806
      vertex -12 -14.65 0
      vertex -1.45142 -14.65 7.2153
    endloop
  endfacet
  facet normal 0 -1 -0
    outer loop
      vertex -2.35698 -14.65 7.59039
      vertex -12 -14.65 0
      vertex -1.91342 -14.65 7.3806
    endloop
  endfacet
  facet normal 0 -1 -0
    outer loop
      vertex -2.77785 -14.65 7.84265
      vertex -12 -14.65 0
      vertex -2.35698 -14.65 7.59039
    endloop
  endfacet
  facet normal 0 -1 -0
    outer loop
      vertex -3.17197 -14.65 8.13495
      vertex -12 -14.65 0
      vertex -2.77785 -14.65 7.84265
    endloop
  endfacet
  facet normal 0 -1 -0
    outer loop
      vertex -3.53553 -14.65 8.46447
      vertex -12 -14.65 0
      vertex -3.17197 -14.65 8.13495
    endloop
  endfacet
  facet normal 0 -1 -0
    outer loop
      vertex -3.86505 -14.65 8.82803
      vertex -12 -14.65 0
      vertex -3.53553 -14.65 8.46447
    endloop
  endfacet
  facet normal 0 -1 -0
    outer loop
      vertex -4.15735 -14.65 9.22215
      vertex -12 -14.65 0
      vertex -3.86505 -14.65 8.82803
    endloop
  endfacet
  facet normal 0 -1 -0
    outer loop
      vertex -4.40961 -14.65 9.64302
      vertex -12 -14.65 0
      vertex -4.15735 -14.65 9.22215
    endloop
  endfacet
  facet normal 0 -1 0
    outer loop
      vertex 0.490086 -14.65 16.9759
      vertex 12 -14.65 22
      vertex 0 -14.65 17
    endloop
  endfacet
  facet normal 0 -1 0
    outer loop
      vertex 0.975451 -14.65 16.9039
      vertex 12 -14.65 22
      vertex 0.490086 -14.65 16.9759
    endloop
  endfacet
  facet normal 0 -1 0
    outer loop
      vertex 1.45142 -14.65 16.7847
      vertex 12 -14.65 22
      vertex 0.975451 -14.65 16.9039
    endloop
  endfacet
  facet normal 0 -1 0
    outer loop
      vertex 2.5 -14.65 16.6
      vertex 1.45142 -14.65 16.7847
      vertex 1.91342 -14.65 16.6194
    endloop
  endfacet
  facet normal 0 -1 0
    outer loop
      vertex 1.45142 -14.65 16.7847
      vertex 2.5 -14.65 16.6
      vertex 12 -14.65 22
    endloop
  endfacet
  facet normal 0 -1 0
    outer loop
      vertex 8.5 -14.65 16.6
      vertex 12 -14.65 22
      vertex 2.5 -14.65 16.6
    endloop
  endfacet
  facet normal 0 -1 0
    outer loop
      vertex 8.5 -14.65 15
      vertex 12 -14.65 22
      vertex 8.5 -14.65 16.6
    endloop
  endfacet
  facet normal 0 -1 0
    outer loop
      vertex 4.40961 -14.65 14.357
      vertex 8.5 -14.65 15
      vertex 4.15735 -14.65 14.7779
    endloop
  endfacet
  facet normal 0 -1 0
    outer loop
      vertex 4.6194 -14.65 13.9134
      vertex 8.5 -14.65 15
      vertex 4.40961 -14.65 14.357
    endloop
  endfacet
  facet normal 0 -1 0
    outer loop
      vertex 4.73154 -14.65 13.6
      vertex 8.5 -14.65 15
      vertex 4.6194 -14.65 13.9134
    endloop
  endfacet
  facet normal 0 -1 0
    outer loop
      vertex 8.5 -14.65 13.6
      vertex 8.5 -14.65 15
      vertex 4.73154 -14.65 13.6
    endloop
  endfacet
  facet normal 0 -1 0
    outer loop
      vertex 8.5 -14.65 13.6
      vertex 12 -14.65 22
      vertex 8.5 -14.65 15
    endloop
  endfacet
  facet normal 0 -1 0
    outer loop
      vertex 8.5 -14.65 12
      vertex 12 -14.65 22
      vertex 8.5 -14.65 13.6
    endloop
  endfacet
  facet normal 0 -1 0
    outer loop
      vertex 8.5 -14.65 10.6
      vertex 4.97592 -14.65 11.5099
      vertex 4.90393 -14.65 11.0245
    endloop
  endfacet
  facet normal 0 -1 0
    outer loop
      vertex 8.5 -14.65 10.6
      vertex 4.90393 -14.65 11.0245
      vertex 4.79758 -14.65 10.6
    endloop
  endfacet
  facet normal 0 -1 0
    outer loop
      vertex 4.97592 -14.65 11.5099
      vertex 8.5 -14.65 10.6
      vertex 8.5 -14.65 12
    endloop
  endfacet
  facet normal 0 -1 0
    outer loop
      vertex 8.5 -14.65 10.6
      vertex 12 -14.65 22
      vertex 8.5 -14.65 12
    endloop
  endfacet
  facet normal 0 -1 0
    outer loop
      vertex 12 -14.65 0
      vertex 8.5 -14.65 10.6
      vertex 8.5 -14.65 9
    endloop
  endfacet
  facet normal 0 -1 0
    outer loop
      vertex 3.53553 -14.65 8.46447
      vertex 8.5 -14.65 9
      vertex 3.86505 -14.65 8.82803
    endloop
  endfacet
  facet normal 0 -1 0
    outer loop
      vertex 3.17197 -14.65 8.13495
      vertex 8.5 -14.65 9
      vertex 3.53553 -14.65 8.46447
    endloop
  endfacet
  facet normal 0 -1 0
    outer loop
      vertex 12 -14.65 0
      vertex 3.17197 -14.65 8.13495
      vertex 2.77785 -14.65 7.84265
    endloop
  endfacet
  facet normal 0 -1 0
    outer loop
      vertex 12 -14.65 0
      vertex 2.77785 -14.65 7.84265
      vertex 2.35698 -14.65 7.59039
    endloop
  endfacet
  facet normal 0 -1 0
    outer loop
      vertex 12 -14.65 0
      vertex 2.35698 -14.65 7.59039
      vertex 1.91342 -14.65 7.3806
    endloop
  endfacet
  facet normal 0 -1 0
    outer loop
      vertex 12 -14.65 0
      vertex 1.91342 -14.65 7.3806
      vertex 1.45142 -14.65 7.2153
    endloop
  endfacet
  facet normal 0 -1 0
    outer loop
      vertex 12 -14.65 0
      vertex 0 -14.65 7
      vertex -12 -14.65 0
    endloop
  endfacet
  facet normal 0 -1 0
    outer loop
      vertex 0 -14.65 7
      vertex 12 -14.65 0
      vertex 0.490086 -14.65 7.02408
    endloop
  endfacet
  facet normal 0 -1 0
    outer loop
      vertex 0.490086 -14.65 7.02408
      vertex 12 -14.65 0
      vertex 0.975451 -14.65 7.09607
    endloop
  endfacet
  facet normal 0 -1 0
    outer loop
      vertex 0.975451 -14.65 7.09607
      vertex 12 -14.65 0
      vertex 1.45142 -14.65 7.2153
    endloop
  endfacet
  facet normal 0 -1 0
    outer loop
      vertex 8.5 -14.65 10.6
      vertex 12 -14.65 0
      vertex 12 -14.65 22
    endloop
  endfacet
  facet normal 0 -1 0
    outer loop
      vertex 3.17197 -14.65 8.13495
      vertex 12 -14.65 0
      vertex 8.5 -14.65 9
    endloop
  endfacet
  facet normal -0.0489209 -0.998803 0
    outer loop
      vertex -12.245 -14.638 0
      vertex -12 -14.65 22
      vertex -12.245 -14.638 22
    endloop
  endfacet
  facet normal -0.0489209 -0.998803 -0
    outer loop
      vertex -12 -14.65 22
      vertex -12.245 -14.638 0
      vertex -12 -14.65 0
    endloop
  endfacet
  facet normal -0.903995 0.427543 0
    outer loop
      vertex -14.3097 14.1067 0
      vertex -14.2048 14.3285 22
      vertex -14.2048 14.3285 0
    endloop
  endfacet
  facet normal -0.903995 0.427543 0
    outer loop
      vertex -14.2048 14.3285 22
      vertex -14.3097 14.1067 0
      vertex -14.3097 14.1067 22
    endloop
  endfacet
  facet normal -0.998803 -0.0489209 0
    outer loop
      vertex -14.488 -12.395 0
      vertex -14.5 -12.15 22
      vertex -14.5 -12.15 0
    endloop
  endfacet
  facet normal -0.998803 -0.0489209 0
    outer loop
      vertex -14.5 -12.15 22
      vertex -14.488 -12.395 0
      vertex -14.488 -12.395 22
    endloop
  endfacet
  facet normal -0.857745 -0.514076 0
    outer loop
      vertex -14.0787 -13.5389 0
      vertex -14.2048 -13.3285 22
      vertex -14.2048 -13.3285 0
    endloop
  endfacet
  facet normal -0.857745 -0.514076 0
    outer loop
      vertex -14.2048 -13.3285 22
      vertex -14.0787 -13.5389 0
      vertex -14.0787 -13.5389 22
    endloop
  endfacet
  facet normal -0.803167 -0.595754 0
    outer loop
      vertex -13.9325 -13.736 0
      vertex -14.0787 -13.5389 22
      vertex -14.0787 -13.5389 0
    endloop
  endfacet
  facet normal -0.803167 -0.595754 0
    outer loop
      vertex -14.0787 -13.5389 22
      vertex -13.9325 -13.736 0
      vertex -13.9325 -13.736 22
    endloop
  endfacet
  facet normal -0.427543 -0.903995 0
    outer loop
      vertex -13.1785 -14.3548 0
      vertex -12.9567 -14.4597 22
      vertex -13.1785 -14.3548 22
    endloop
  endfacet
  facet normal -0.427543 -0.903995 -0
    outer loop
      vertex -12.9567 -14.4597 22
      vertex -13.1785 -14.3548 0
      vertex -12.9567 -14.4597 0
    endloop
  endfacet
  facet normal -0.514076 -0.857745 0
    outer loop
      vertex -13.3889 -14.2287 0
      vertex -13.1785 -14.3548 22
      vertex -13.3889 -14.2287 22
    endloop
  endfacet
  facet normal -0.514076 -0.857745 -0
    outer loop
      vertex -13.1785 -14.3548 22
      vertex -13.3889 -14.2287 0
      vertex -13.1785 -14.3548 0
    endloop
  endfacet
  facet normal 0 0 -1
    outer loop
      vertex 12 -14.65 0
      vertex 14.5 -12.15 0
      vertex 14.488 -12.395 0
    endloop
  endfacet
  facet normal 0 0 -1
    outer loop
      vertex 14.5 -12.15 0
      vertex 3 0 0
      vertex 14.5 13.15 0
    endloop
  endfacet
  facet normal 0 0 -1
    outer loop
      vertex 12 -14.65 0
      vertex 14.488 -12.395 0
      vertex 14.452 -12.6377 0
    endloop
  endfacet
  facet normal 0 0 -1
    outer loop
      vertex 2.97592 0.490086 0
      vertex 14.5 13.15 0
      vertex 3 0 0
    endloop
  endfacet
  facet normal 0 0 -1
    outer loop
      vertex 12 -14.65 0
      vertex 14.452 -12.6377 0
      vertex 14.3923 -12.8757 0
    endloop
  endfacet
  facet normal 0 0 -1
    outer loop
      vertex 2.90393 0.975451 0
      vertex 14.5 13.15 0
      vertex 2.97592 0.490086 0
    endloop
  endfacet
  facet normal 0 0 -1
    outer loop
      vertex 12 -14.65 0
      vertex 14.3923 -12.8757 0
      vertex 14.3097 -13.1067 0
    endloop
  endfacet
  facet normal 0 0 -1
    outer loop
      vertex 2.7847 1.45142 0
      vertex 14.5 13.15 0
      vertex 2.90393 0.975451 0
    endloop
  endfacet
  facet normal 0 0 -1
    outer loop
      vertex 12 -14.65 0
      vertex 14.3097 -13.1067 0
      vertex 14.2048 -13.3285 0
    endloop
  endfacet
  facet normal 0 0 -1
    outer loop
      vertex 2.6194 1.91342 0
      vertex 14.5 13.15 0
      vertex 2.7847 1.45142 0
    endloop
  endfacet
  facet normal 0 0 -1
    outer loop
      vertex 12 -14.65 0
      vertex 14.2048 -13.3285 0
      vertex 14.0787 -13.5389 0
    endloop
  endfacet
  facet normal 0 0 -1
    outer loop
      vertex 2.40961 2.35698 0
      vertex 14.5 13.15 0
      vertex 2.6194 1.91342 0
    endloop
  endfacet
  facet normal 0 0 -1
    outer loop
      vertex 12 -14.65 0
      vertex 14.0787 -13.5389 0
      vertex 13.9325 -13.736 0
    endloop
  endfacet
  facet normal 0 0 -1
    outer loop
      vertex 2.15735 2.77785 0
      vertex 14.5 13.15 0
      vertex 2.40961 2.35698 0
    endloop
  endfacet
  facet normal 0 0 -1
    outer loop
      vertex 12 -14.65 0
      vertex 13.9325 -13.736 0
      vertex 13.7678 -13.9178 0
    endloop
  endfacet
  facet normal 0 0 -1
    outer loop
      vertex 1.86505 3.17197 0
      vertex 14.5 13.15 0
      vertex 2.15735 2.77785 0
    endloop
  endfacet
  facet normal 0 0 -1
    outer loop
      vertex 12 -14.65 0
      vertex 13.7678 -13.9178 0
      vertex 13.586 -14.0825 0
    endloop
  endfacet
  facet normal 0 -0 -1
    outer loop
      vertex 12 15.65 0
      vertex 14.5 13.15 0
      vertex 1.86505 3.17197 0
    endloop
  endfacet
  facet normal 0 0 -1
    outer loop
      vertex 12 -14.65 0
      vertex 13.586 -14.0825 0
      vertex 13.3889 -14.2287 0
    endloop
  endfacet
  facet normal 0 0 -1
    outer loop
      vertex 14.5 13.15 0
      vertex 12 15.65 0
      vertex 14.488 13.395 0
    endloop
  endfacet
  facet normal 0 0 -1
    outer loop
      vertex 12 -14.65 0
      vertex 13.3889 -14.2287 0
      vertex 13.1785 -14.3548 0
    endloop
  endfacet
  facet normal 0 0 -1
    outer loop
      vertex 14.488 13.395 0
      vertex 12 15.65 0
      vertex 14.452 13.6377 0
    endloop
  endfacet
  facet normal 0 0 -1
    outer loop
      vertex 12 -14.65 0
      vertex 13.1785 -14.3548 0
      vertex 12.9567 -14.4597 0
    endloop
  endfacet
  facet normal 0 0 -1
    outer loop
      vertex 14.452 13.6377 0
      vertex 12 15.65 0
      vertex 14.3923 13.8757 0
    endloop
  endfacet
  facet normal 0 0 -1
    outer loop
      vertex 12 -14.65 0
      vertex 12.9567 -14.4597 0
      vertex 12.7257 -14.5423 0
    endloop
  endfacet
  facet normal 0 0 -1
    outer loop
      vertex 14.3097 14.1067 0
      vertex 12 15.65 0
      vertex 14.2048 14.3285 0
    endloop
  endfacet
  facet normal 0 0 -1
    outer loop
      vertex 12 -14.65 0
      vertex 12.7257 -14.5423 0
      vertex 12.4877 -14.602 0
    endloop
  endfacet
  facet normal 0 0 -1
    outer loop
      vertex 14.2048 14.3285 0
      vertex 12 15.65 0
      vertex 14.0787 14.5389 0
    endloop
  endfacet
  facet normal 0 0 -1
    outer loop
      vertex 12 -14.65 0
      vertex 12.4877 -14.602 0
      vertex 12.245 -14.638 0
    endloop
  endfacet
  facet normal 0 0 -1
    outer loop
      vertex 14.0787 14.5389 0
      vertex 12 15.65 0
      vertex 13.9325 14.736 0
    endloop
  endfacet
  facet normal -0 0 -1
    outer loop
      vertex 14.5 -12.15 0
      vertex 12 -14.65 0
      vertex 1.86505 -3.17197 0
    endloop
  endfacet
  facet normal 0 0 -1
    outer loop
      vertex 13.7678 14.9178 0
      vertex 12 15.65 0
      vertex 13.586 15.0825 0
    endloop
  endfacet
  facet normal 0 0 -1
    outer loop
      vertex 13.586 15.0825 0
      vertex 12 15.65 0
      vertex 13.3889 15.2287 0
    endloop
  endfacet
  facet normal 0 0 -1
    outer loop
      vertex 14.5 -12.15 0
      vertex 2.97592 -0.490086 0
      vertex 3 0 0
    endloop
  endfacet
  facet normal 0 0 -1
    outer loop
      vertex 14.5 -12.15 0
      vertex 2.90393 -0.975451 0
      vertex 2.97592 -0.490086 0
    endloop
  endfacet
  facet normal 0 0 -1
    outer loop
      vertex 14.5 -12.15 0
      vertex 2.7847 -1.45142 0
      vertex 2.90393 -0.975451 0
    endloop
  endfacet
  facet normal 0 0 -1
    outer loop
      vertex 14.5 -12.15 0
      vertex 2.6194 -1.91342 0
      vertex 2.7847 -1.45142 0
    endloop
  endfacet
  facet normal 0 0 -1
    outer loop
      vertex 14.5 -12.15 0
      vertex 2.40961 -2.35698 0
      vertex 2.6194 -1.91342 0
    endloop
  endfacet
  facet normal 0 0 -1
    outer loop
      vertex 14.5 -12.15 0
      vertex 2.15735 -2.77785 0
      vertex 2.40961 -2.35698 0
    endloop
  endfacet
  facet normal 0 0 -1
    outer loop
      vertex 14.5 -12.15 0
      vertex 1.86505 -3.17197 0
      vertex 2.15735 -2.77785 0
    endloop
  endfacet
  facet normal 0 0 -1
    outer loop
      vertex 12 -14.65 0
      vertex 1.53553 -3.53553 0
      vertex 1.86505 -3.17197 0
    endloop
  endfacet
  facet normal 0 0 -1
    outer loop
      vertex 12 -14.65 0
      vertex 1.17197 -3.86505 0
      vertex 1.53553 -3.53553 0
    endloop
  endfacet
  facet normal 0 0 -1
    outer loop
      vertex 12 -14.65 0
      vertex 0.777851 -4.15735 0
      vertex 1.17197 -3.86505 0
    endloop
  endfacet
  facet normal 0 0 -1
    outer loop
      vertex 12 -14.65 0
      vertex 0.356983 -4.40961 0
      vertex 0.777851 -4.15735 0
    endloop
  endfacet
  facet normal 0 0 -1
    outer loop
      vertex 12 -14.65 0
      vertex -0.0865822 -4.6194 0
      vertex 0.356983 -4.40961 0
    endloop
  endfacet
  facet normal 0 0 -1
    outer loop
      vertex 12 -14.65 0
      vertex -0.548576 -4.7847 0
      vertex -0.0865822 -4.6194 0
    endloop
  endfacet
  facet normal 0 0 -1
    outer loop
      vertex 12 -14.65 0
      vertex -1.02455 -4.90393 0
      vertex -0.548576 -4.7847 0
    endloop
  endfacet
  facet normal 0 0 -1
    outer loop
      vertex 12 -14.65 0
      vertex -1.50991 -4.97592 0
      vertex -1.02455 -4.90393 0
    endloop
  endfacet
  facet normal 0 0 -1
    outer loop
      vertex -12 -14.65 0
      vertex -1.50991 -4.97592 0
      vertex 12 -14.65 0
    endloop
  endfacet
  facet normal 0 0 -1
    outer loop
      vertex -1.50991 -4.97592 0
      vertex -12 -14.65 0
      vertex -2 -5 0
    endloop
  endfacet
  facet normal -0 0 -1
    outer loop
      vertex -2 -5 0
      vertex -12 -14.65 0
      vertex -2.49009 -4.97592 0
    endloop
  endfacet
  facet normal -0 0 -1
    outer loop
      vertex -2.49009 -4.97592 0
      vertex -12 -14.65 0
      vertex -2.97545 -4.90393 0
    endloop
  endfacet
  facet normal -0 0 -1
    outer loop
      vertex -2.97545 -4.90393 0
      vertex -12 -14.65 0
      vertex -3.45142 -4.7847 0
    endloop
  endfacet
  facet normal -0 0 -1
    outer loop
      vertex -3.45142 -4.7847 0
      vertex -12 -14.65 0
      vertex -3.91342 -4.6194 0
    endloop
  endfacet
  facet normal -0 0 -1
    outer loop
      vertex -3.91342 -4.6194 0
      vertex -12 -14.65 0
      vertex -4.35698 -4.40961 0
    endloop
  endfacet
  facet normal -0 0 -1
    outer loop
      vertex -6.90393 -0.975451 0
      vertex -14.5 -12.15 0
      vertex -6.97592 -0.490086 0
    endloop
  endfacet
  facet normal -0 0 -1
    outer loop
      vertex -6.7847 -1.45142 0
      vertex -14.5 -12.15 0
      vertex -6.90393 -0.975451 0
    endloop
  endfacet
  facet normal -0 0 -1
    outer loop
      vertex -6.6194 -1.91342 0
      vertex -14.5 -12.15 0
      vertex -6.7847 -1.45142 0
    endloop
  endfacet
  facet normal -0 0 -1
    outer loop
      vertex -6.40961 -2.35698 0
      vertex -14.5 -12.15 0
      vertex -6.6194 -1.91342 0
    endloop
  endfacet
  facet normal -0 0 -1
    outer loop
      vertex -6.15735 -2.77785 0
      vertex -14.5 -12.15 0
      vertex -6.40961 -2.35698 0
    endloop
  endfacet
  facet normal -0 0 -1
    outer loop
      vertex -5.86505 -3.17197 0
      vertex -14.5 -12.15 0
      vertex -6.15735 -2.77785 0
    endloop
  endfacet
  facet normal -0 0 -1
    outer loop
      vertex -5.53553 -3.53553 0
      vertex -14.5 -12.15 0
      vertex -5.86505 -3.17197 0
    endloop
  endfacet
  facet normal -0 0 -1
    outer loop
      vertex -5.17197 -3.86505 0
      vertex -14.5 -12.15 0
      vertex -5.53553 -3.53553 0
    endloop
  endfacet
  facet normal 0 0 -1
    outer loop
      vertex -14.5 -12.15 0
      vertex -5.17197 -3.86505 0
      vertex -12 -14.65 0
    endloop
  endfacet
  facet normal -0 0 -1
    outer loop
      vertex -4.77785 -4.15735 0
      vertex -12 -14.65 0
      vertex -5.17197 -3.86505 0
    endloop
  endfacet
  facet normal -0 0 -1
    outer loop
      vertex -4.35698 -4.40961 0
      vertex -12 -14.65 0
      vertex -4.77785 -4.15735 0
    endloop
  endfacet
  facet normal 0 0 -1
    outer loop
      vertex 13.3889 15.2287 0
      vertex 12 15.65 0
      vertex 13.1785 15.3548 0
    endloop
  endfacet
  facet normal 0 0 -1
    outer loop
      vertex 13.1785 15.3548 0
      vertex 12 15.65 0
      vertex 12.9567 15.4597 0
    endloop
  endfacet
  facet normal 0 0 -1
    outer loop
      vertex 12.7257 15.5423 0
      vertex 12 15.65 0
      vertex 12.4877 15.602 0
    endloop
  endfacet
  facet normal 0 0 -1
    outer loop
      vertex 12.4877 15.602 0
      vertex 12 15.65 0
      vertex 12.245 15.638 0
    endloop
  endfacet
  facet normal 0 0 -1
    outer loop
      vertex 12.9567 15.4597 0
      vertex 12 15.65 0
      vertex 12.7257 15.5423 0
    endloop
  endfacet
  facet normal 0 0 -1
    outer loop
      vertex 13.9325 14.736 0
      vertex 12 15.65 0
      vertex 13.7678 14.9178 0
    endloop
  endfacet
  facet normal 0 0 -1
    outer loop
      vertex 14.3923 13.8757 0
      vertex 12 15.65 0
      vertex 14.3097 14.1067 0
    endloop
  endfacet
  facet normal 0 0 -1
    outer loop
      vertex 1.53553 3.53553 0
      vertex 12 15.65 0
      vertex 1.86505 3.17197 0
    endloop
  endfacet
  facet normal 0 0 -1
    outer loop
      vertex 1.17197 3.86505 0
      vertex 12 15.65 0
      vertex 1.53553 3.53553 0
    endloop
  endfacet
  facet normal 0 0 -1
    outer loop
      vertex 0.777851 4.15735 0
      vertex 12 15.65 0
      vertex 1.17197 3.86505 0
    endloop
  endfacet
  facet normal 0 0 -1
    outer loop
      vertex 0.356983 4.40961 0
      vertex 12 15.65 0
      vertex 0.777851 4.15735 0
    endloop
  endfacet
  facet normal 0 0 -1
    outer loop
      vertex -0.0865822 4.6194 0
      vertex 12 15.65 0
      vertex 0.356983 4.40961 0
    endloop
  endfacet
  facet normal 0 0 -1
    outer loop
      vertex -0.548576 4.7847 0
      vertex 12 15.65 0
      vertex -0.0865822 4.6194 0
    endloop
  endfacet
  facet normal 0 0 -1
    outer loop
      vertex -1.02455 4.90393 0
      vertex 12 15.65 0
      vertex -0.548576 4.7847 0
    endloop
  endfacet
  facet normal 0 0 -1
    outer loop
      vertex -1.50991 4.97592 0
      vertex 12 15.65 0
      vertex -1.02455 4.90393 0
    endloop
  endfacet
  facet normal 0 0 -1
    outer loop
      vertex -12 15.65 0
      vertex -1.50991 4.97592 0
      vertex -2 5 0
    endloop
  endfacet
  facet normal 0 0 -1
    outer loop
      vertex -12 15.65 0
      vertex -2 5 0
      vertex -2.49009 4.97592 0
    endloop
  endfacet
  facet normal 0 0 -1
    outer loop
      vertex -12 15.65 0
      vertex -2.49009 4.97592 0
      vertex -2.97545 4.90393 0
    endloop
  endfacet
  facet normal 0 0 -1
    outer loop
      vertex -12 15.65 0
      vertex -2.97545 4.90393 0
      vertex -3.45142 4.7847 0
    endloop
  endfacet
  facet normal 0 0 -1
    outer loop
      vertex -12 15.65 0
      vertex -3.45142 4.7847 0
      vertex -3.91342 4.6194 0
    endloop
  endfacet
  facet normal 0 0 -1
    outer loop
      vertex -12 15.65 0
      vertex -3.91342 4.6194 0
      vertex -4.35698 4.40961 0
    endloop
  endfacet
  facet normal 0 0 -1
    outer loop
      vertex -12 15.65 0
      vertex -4.35698 4.40961 0
      vertex -4.77785 4.15735 0
    endloop
  endfacet
  facet normal -0 0 -1
    outer loop
      vertex -6.97592 -0.490086 0
      vertex -14.5 -12.15 0
      vertex -7 0 0
    endloop
  endfacet
  facet normal 0 0 -1
    outer loop
      vertex -14.5 13.15 0
      vertex -7 0 0
      vertex -14.5 -12.15 0
    endloop
  endfacet
  facet normal 0 0 -1
    outer loop
      vertex -7 0 0
      vertex -14.5 13.15 0
      vertex -6.97592 0.490086 0
    endloop
  endfacet
  facet normal 0 0 -1
    outer loop
      vertex -1.50991 4.97592 0
      vertex -12 15.65 0
      vertex 12 15.65 0
    endloop
  endfacet
  facet normal 0 0 -1
    outer loop
      vertex -14.5 13.15 0
      vertex -4.77785 4.15735 0
      vertex -5.17197 3.86505 0
    endloop
  endfacet
  facet normal 0 0 -1
    outer loop
      vertex -14.5 13.15 0
      vertex -5.17197 3.86505 0
      vertex -5.53553 3.53553 0
    endloop
  endfacet
  facet normal 0 0 -1
    outer loop
      vertex -14.5 13.15 0
      vertex -5.53553 3.53553 0
      vertex -5.86505 3.17197 0
    endloop
  endfacet
  facet normal 0 0 -1
    outer loop
      vertex -14.5 13.15 0
      vertex -5.86505 3.17197 0
      vertex -6.15735 2.77785 0
    endloop
  endfacet
  facet normal 0 0 -1
    outer loop
      vertex -14.5 13.15 0
      vertex -6.15735 2.77785 0
      vertex -6.40961 2.35698 0
    endloop
  endfacet
  facet normal 0 0 -1
    outer loop
      vertex -14.5 13.15 0
      vertex -6.40961 2.35698 0
      vertex -6.6194 1.91342 0
    endloop
  endfacet
  facet normal 0 0 -1
    outer loop
      vertex -14.5 13.15 0
      vertex -6.6194 1.91342 0
      vertex -6.7847 1.45142 0
    endloop
  endfacet
  facet normal 0 0 -1
    outer loop
      vertex -6.97592 0.490086 0
      vertex -14.5 13.15 0
      vertex -6.90393 0.975451 0
    endloop
  endfacet
  facet normal 0 0 -1
    outer loop
      vertex -14.5 -12.15 0
      vertex -12 -14.65 0
      vertex -12.245 -14.638 0
    endloop
  endfacet
  facet normal 0 0 -1
    outer loop
      vertex -6.90393 0.975451 0
      vertex -14.5 13.15 0
      vertex -6.7847 1.45142 0
    endloop
  endfacet
  facet normal 0 0 -1
    outer loop
      vertex -14.5 -12.15 0
      vertex -12.245 -14.638 0
      vertex -12.4877 -14.602 0
    endloop
  endfacet
  facet normal 0 0 -1
    outer loop
      vertex -4.77785 4.15735 0
      vertex -14.5 13.15 0
      vertex -12 15.65 0
    endloop
  endfacet
  facet normal 0 0 -1
    outer loop
      vertex -14.5 -12.15 0
      vertex -12.4877 -14.602 0
      vertex -12.7257 -14.5423 0
    endloop
  endfacet
  facet normal 0 0 -1
    outer loop
      vertex -12 15.65 0
      vertex -14.5 13.15 0
      vertex -12.245 15.638 0
    endloop
  endfacet
  facet normal 0 0 -1
    outer loop
      vertex -14.5 -12.15 0
      vertex -12.7257 -14.5423 0
      vertex -12.9567 -14.4597 0
    endloop
  endfacet
  facet normal 0 0 -1
    outer loop
      vertex -12.245 15.638 0
      vertex -14.5 13.15 0
      vertex -12.4877 15.602 0
    endloop
  endfacet
  facet normal 0 0 -1
    outer loop
      vertex -14.5 -12.15 0
      vertex -12.9567 -14.4597 0
      vertex -13.1785 -14.3548 0
    endloop
  endfacet
  facet normal 0 0 -1
    outer loop
      vertex -12.4877 15.602 0
      vertex -14.5 13.15 0
      vertex -12.7257 15.5423 0
    endloop
  endfacet
  facet normal 0 0 -1
    outer loop
      vertex -14.5 -12.15 0
      vertex -13.1785 -14.3548 0
      vertex -13.3889 -14.2287 0
    endloop
  endfacet
  facet normal 0 0 -1
    outer loop
      vertex -12.7257 15.5423 0
      vertex -14.5 13.15 0
      vertex -12.9567 15.4597 0
    endloop
  endfacet
  facet normal 0 0 -1
    outer loop
      vertex -14.5 -12.15 0
      vertex -13.3889 -14.2287 0
      vertex -13.586 -14.0825 0
    endloop
  endfacet
  facet normal 0 0 -1
    outer loop
      vertex -12.9567 15.4597 0
      vertex -14.5 13.15 0
      vertex -13.1785 15.3548 0
    endloop
  endfacet
  facet normal 0 0 -1
    outer loop
      vertex -14.5 -12.15 0
      vertex -13.586 -14.0825 0
      vertex -13.7678 -13.9178 0
    endloop
  endfacet
  facet normal 0 0 -1
    outer loop
      vertex -13.1785 15.3548 0
      vertex -14.5 13.15 0
      vertex -13.3889 15.2287 0
    endloop
  endfacet
  facet normal 0 0 -1
    outer loop
      vertex -14.5 -12.15 0
      vertex -13.7678 -13.9178 0
      vertex -13.9325 -13.736 0
    endloop
  endfacet
  facet normal 0 0 -1
    outer loop
      vertex -13.3889 15.2287 0
      vertex -14.5 13.15 0
      vertex -13.586 15.0825 0
    endloop
  endfacet
  facet normal 0 0 -1
    outer loop
      vertex -14.5 -12.15 0
      vertex -13.9325 -13.736 0
      vertex -14.0787 -13.5389 0
    endloop
  endfacet
  facet normal 0 0 -1
    outer loop
      vertex -13.586 15.0825 0
      vertex -14.5 13.15 0
      vertex -13.7678 14.9178 0
    endloop
  endfacet
  facet normal 0 0 -1
    outer loop
      vertex -14.5 -12.15 0
      vertex -14.0787 -13.5389 0
      vertex -14.2048 -13.3285 0
    endloop
  endfacet
  facet normal 0 0 -1
    outer loop
      vertex -13.7678 14.9178 0
      vertex -14.5 13.15 0
      vertex -13.9325 14.736 0
    endloop
  endfacet
  facet normal 0 0 -1
    outer loop
      vertex -14.5 -12.15 0
      vertex -14.2048 -13.3285 0
      vertex -14.3097 -13.1067 0
    endloop
  endfacet
  facet normal 0 0 -1
    outer loop
      vertex -13.9325 14.736 0
      vertex -14.5 13.15 0
      vertex -14.0787 14.5389 0
    endloop
  endfacet
  facet normal 0 0 -1
    outer loop
      vertex -14.5 -12.15 0
      vertex -14.3097 -13.1067 0
      vertex -14.3923 -12.8757 0
    endloop
  endfacet
  facet normal 0 0 -1
    outer loop
      vertex -14.0787 14.5389 0
      vertex -14.5 13.15 0
      vertex -14.2048 14.3285 0
    endloop
  endfacet
  facet normal 0 0 -1
    outer loop
      vertex -14.5 -12.15 0
      vertex -14.3923 -12.8757 0
      vertex -14.452 -12.6377 0
    endloop
  endfacet
  facet normal 0 0 -1
    outer loop
      vertex -14.2048 14.3285 0
      vertex -14.5 13.15 0
      vertex -14.3097 14.1067 0
    endloop
  endfacet
  facet normal 0 0 -1
    outer loop
      vertex -14.5 -12.15 0
      vertex -14.452 -12.6377 0
      vertex -14.488 -12.395 0
    endloop
  endfacet
  facet normal 0 0 -1
    outer loop
      vertex -14.3097 14.1067 0
      vertex -14.5 13.15 0
      vertex -14.3923 13.8757 0
    endloop
  endfacet
  facet normal 0 0 -1
    outer loop
      vertex -14.3923 13.8757 0
      vertex -14.5 13.15 0
      vertex -14.452 13.6377 0
    endloop
  endfacet
  facet normal 0 0 -1
    outer loop
      vertex -14.452 13.6377 0
      vertex -14.5 13.15 0
      vertex -14.488 13.395 0
    endloop
  endfacet
  facet normal 0 0 1
    outer loop
      vertex 12 15.65 22
      vertex 14.5 13.15 22
      vertex 12.4877 15.602 22
    endloop
  endfacet
  facet normal 0 0 1
    outer loop
      vertex 12 15.65 22
      vertex 12.4877 15.602 22
      vertex 12.245 15.638 22
    endloop
  endfacet
  facet normal 0 0 1
    outer loop
      vertex 14.5 13.15 22
      vertex 12 15.65 22
      vertex 12.5 9.15 22
    endloop
  endfacet
  facet normal -0 0 1
    outer loop
      vertex -12 15.65 22
      vertex 12.5 9.15 22
      vertex 12 15.65 22
    endloop
  endfacet
  facet normal 0 0 1
    outer loop
      vertex -14.5 13.15 22
      vertex -12 15.65 22
      vertex -12.245 15.638 22
    endloop
  endfacet
  facet normal 0 0 1
    outer loop
      vertex -14.5 13.15 22
      vertex -12.245 15.638 22
      vertex -12.4877 15.602 22
    endloop
  endfacet
  facet normal 0 0 1
    outer loop
      vertex -12 15.65 22
      vertex -12.5 9.15 22
      vertex 12.5 9.15 22
    endloop
  endfacet
  facet normal 0 0 1
    outer loop
      vertex -12 15.65 22
      vertex -14.5 13.15 22
      vertex -12.5 9.15 22
    endloop
  endfacet
  facet normal 0 0 1
    outer loop
      vertex -14.5 13.15 22
      vertex -12.4877 15.602 22
      vertex -12.7257 15.5423 22
    endloop
  endfacet
  facet normal 0 0 1
    outer loop
      vertex 12.7257 15.5423 22
      vertex 14.5 13.15 22
      vertex 14.488 13.395 22
    endloop
  endfacet
  facet normal 0 0 1
    outer loop
      vertex 12.7257 15.5423 22
      vertex 14.488 13.395 22
      vertex 14.452 13.6377 22
    endloop
  endfacet
  facet normal 0 0 1
    outer loop
      vertex 12.7257 15.5423 22
      vertex 14.452 13.6377 22
      vertex 14.3923 13.8757 22
    endloop
  endfacet
  facet normal 0 0 1
    outer loop
      vertex 12.7257 15.5423 22
      vertex 14.3923 13.8757 22
      vertex 14.3097 14.1067 22
    endloop
  endfacet
  facet normal 0 0 1
    outer loop
      vertex 12.7257 15.5423 22
      vertex 14.3097 14.1067 22
      vertex 14.2048 14.3285 22
    endloop
  endfacet
  facet normal 0 0 1
    outer loop
      vertex 12.7257 15.5423 22
      vertex 14.2048 14.3285 22
      vertex 14.0787 14.5389 22
    endloop
  endfacet
  facet normal 0 0 1
    outer loop
      vertex 12.7257 15.5423 22
      vertex 14.0787 14.5389 22
      vertex 13.9325 14.736 22
    endloop
  endfacet
  facet normal 0 0 1
    outer loop
      vertex 12.7257 15.5423 22
      vertex 13.9325 14.736 22
      vertex 13.7678 14.9178 22
    endloop
  endfacet
  facet normal 0 0 1
    outer loop
      vertex 12.7257 15.5423 22
      vertex 13.7678 14.9178 22
      vertex 13.586 15.0825 22
    endloop
  endfacet
  facet normal 0 0 1
    outer loop
      vertex 12.7257 15.5423 22
      vertex 13.586 15.0825 22
      vertex 13.3889 15.2287 22
    endloop
  endfacet
  facet normal 0 0 1
    outer loop
      vertex 12.7257 15.5423 22
      vertex 13.3889 15.2287 22
      vertex 13.1785 15.3548 22
    endloop
  endfacet
  facet normal 0 0 1
    outer loop
      vertex 12.7257 15.5423 22
      vertex 13.1785 15.3548 22
      vertex 12.9567 15.4597 22
    endloop
  endfacet
  facet normal 0 0 1
    outer loop
      vertex 12.4877 15.602 22
      vertex 14.5 13.15 22
      vertex 12.7257 15.5423 22
    endloop
  endfacet
  facet normal 0 0 1
    outer loop
      vertex 14.5 13.15 22
      vertex 12.5 9.15 22
      vertex 14.5 6.75 22
    endloop
  endfacet
  facet normal 0 0 1
    outer loop
      vertex 14.5 6.75 22
      vertex 12.5 9.15 22
      vertex 12.5 6.75 22
    endloop
  endfacet
  facet normal -0 0 1
    outer loop
      vertex -12.5 -9.15 22
      vertex 5 -10.74 22
      vertex 5 -9.15 22
    endloop
  endfacet
  facet normal 0 0 1
    outer loop
      vertex 5 -10.74 22
      vertex -12.5 -9.15 22
      vertex -12 -14.65 22
    endloop
  endfacet
  facet normal -0 0 1
    outer loop
      vertex -14.5 -12.15 22
      vertex -12 -14.65 22
      vertex -12.5 -9.15 22
    endloop
  endfacet
  facet normal 0 0 1
    outer loop
      vertex -12 -14.65 22
      vertex -14.5 -12.15 22
      vertex -12.245 -14.638 22
    endloop
  endfacet
  facet normal 0 0 1
    outer loop
      vertex -14.5 -12.15 22
      vertex -12.5 9.15 22
      vertex -14.5 13.15 22
    endloop
  endfacet
  facet normal 0 0 1
    outer loop
      vertex -12.5 9.15 22
      vertex -14.5 -12.15 22
      vertex -12.5 -9.15 22
    endloop
  endfacet
  facet normal 0 0 1
    outer loop
      vertex -14.5 13.15 22
      vertex -12.7257 15.5423 22
      vertex -12.9567 15.4597 22
    endloop
  endfacet
  facet normal 0 0 1
    outer loop
      vertex -12.245 -14.638 22
      vertex -14.5 -12.15 22
      vertex -12.4877 -14.602 22
    endloop
  endfacet
  facet normal 0 0 1
    outer loop
      vertex -14.5 13.15 22
      vertex -12.9567 15.4597 22
      vertex -13.1785 15.3548 22
    endloop
  endfacet
  facet normal 0 0 1
    outer loop
      vertex -12.4877 -14.602 22
      vertex -14.5 -12.15 22
      vertex -12.7257 -14.5423 22
    endloop
  endfacet
  facet normal 0 0 1
    outer loop
      vertex -14.5 13.15 22
      vertex -13.1785 15.3548 22
      vertex -13.3889 15.2287 22
    endloop
  endfacet
  facet normal 0 0 1
    outer loop
      vertex -12.7257 -14.5423 22
      vertex -14.5 -12.15 22
      vertex -12.9567 -14.4597 22
    endloop
  endfacet
  facet normal 0 0 1
    outer loop
      vertex -14.5 13.15 22
      vertex -13.3889 15.2287 22
      vertex -13.586 15.0825 22
    endloop
  endfacet
  facet normal 0 0 1
    outer loop
      vertex -12.9567 -14.4597 22
      vertex -14.5 -12.15 22
      vertex -13.1785 -14.3548 22
    endloop
  endfacet
  facet normal 0 0 1
    outer loop
      vertex -14.5 13.15 22
      vertex -13.586 15.0825 22
      vertex -13.7678 14.9178 22
    endloop
  endfacet
  facet normal 0 0 1
    outer loop
      vertex -13.1785 -14.3548 22
      vertex -14.5 -12.15 22
      vertex -13.3889 -14.2287 22
    endloop
  endfacet
  facet normal 0 0 1
    outer loop
      vertex -14.5 13.15 22
      vertex -13.7678 14.9178 22
      vertex -13.9325 14.736 22
    endloop
  endfacet
  facet normal 0 0 1
    outer loop
      vertex -13.3889 -14.2287 22
      vertex -14.5 -12.15 22
      vertex -13.586 -14.0825 22
    endloop
  endfacet
  facet normal 0 0 1
    outer loop
      vertex -14.5 13.15 22
      vertex -13.9325 14.736 22
      vertex -14.0787 14.5389 22
    endloop
  endfacet
  facet normal 0 0 1
    outer loop
      vertex -13.586 -14.0825 22
      vertex -14.5 -12.15 22
      vertex -13.7678 -13.9178 22
    endloop
  endfacet
  facet normal 0 0 1
    outer loop
      vertex -14.5 13.15 22
      vertex -14.0787 14.5389 22
      vertex -14.2048 14.3285 22
    endloop
  endfacet
  facet normal 0 0 1
    outer loop
      vertex -13.7678 -13.9178 22
      vertex -14.5 -12.15 22
      vertex -13.9325 -13.736 22
    endloop
  endfacet
  facet normal 0 0 1
    outer loop
      vertex -14.5 13.15 22
      vertex -14.2048 14.3285 22
      vertex -14.3097 14.1067 22
    endloop
  endfacet
  facet normal 0 0 1
    outer loop
      vertex -13.9325 -13.736 22
      vertex -14.5 -12.15 22
      vertex -14.0787 -13.5389 22
    endloop
  endfacet
  facet normal 0 0 1
    outer loop
      vertex -14.5 13.15 22
      vertex -14.3097 14.1067 22
      vertex -14.3923 13.8757 22
    endloop
  endfacet
  facet normal 0 0 1
    outer loop
      vertex -14.0787 -13.5389 22
      vertex -14.5 -12.15 22
      vertex -14.2048 -13.3285 22
    endloop
  endfacet
  facet normal 0 0 1
    outer loop
      vertex -14.5 13.15 22
      vertex -14.3923 13.8757 22
      vertex -14.452 13.6377 22
    endloop
  endfacet
  facet normal 0 0 1
    outer loop
      vertex -14.2048 -13.3285 22
      vertex -14.5 -12.15 22
      vertex -14.3097 -13.1067 22
    endloop
  endfacet
  facet normal 0 0 1
    outer loop
      vertex -14.5 13.15 22
      vertex -14.452 13.6377 22
      vertex -14.488 13.395 22
    endloop
  endfacet
  facet normal 0 0 1
    outer loop
      vertex -14.3097 -13.1067 22
      vertex -14.5 -12.15 22
      vertex -14.3923 -12.8757 22
    endloop
  endfacet
  facet normal 0 0 1
    outer loop
      vertex -14.3923 -12.8757 22
      vertex -14.5 -12.15 22
      vertex -14.452 -12.6377 22
    endloop
  endfacet
  facet normal 0 0 1
    outer loop
      vertex -14.452 -12.6377 22
      vertex -14.5 -12.15 22
      vertex -14.488 -12.395 22
    endloop
  endfacet
  facet normal -0 0 1
    outer loop
      vertex 12.5 -9.15 22
      vertex 14.5 -12.15 22
      vertex 14.5 -6.75 22
    endloop
  endfacet
  facet normal 0 0 1
    outer loop
      vertex 12 -14.65 22
      vertex 14.5 -12.15 22
      vertex 12.5 -9.15 22
    endloop
  endfacet
  facet normal 0 0 1
    outer loop
      vertex 14.5 -12.15 22
      vertex 12 -14.65 22
      vertex 14.488 -12.395 22
    endloop
  endfacet
  facet normal 0 0 1
    outer loop
      vertex 14.488 -12.395 22
      vertex 12 -14.65 22
      vertex 14.452 -12.6377 22
    endloop
  endfacet
  facet normal 0 0 1
    outer loop
      vertex 14.452 -12.6377 22
      vertex 12 -14.65 22
      vertex 14.3923 -12.8757 22
    endloop
  endfacet
  facet normal 0 0 1
    outer loop
      vertex 14.3923 -12.8757 22
      vertex 12 -14.65 22
      vertex 14.3097 -13.1067 22
    endloop
  endfacet
  facet normal 0 0 1
    outer loop
      vertex 14.3097 -13.1067 22
      vertex 12 -14.65 22
      vertex 14.2048 -13.3285 22
    endloop
  endfacet
  facet normal 0 0 1
    outer loop
      vertex 14.2048 -13.3285 22
      vertex 12 -14.65 22
      vertex 14.0787 -13.5389 22
    endloop
  endfacet
  facet normal 0 0 1
    outer loop
      vertex 14.0787 -13.5389 22
      vertex 12 -14.65 22
      vertex 13.9325 -13.736 22
    endloop
  endfacet
  facet normal 0 0 1
    outer loop
      vertex 13.9325 -13.736 22
      vertex 12 -14.65 22
      vertex 13.7678 -13.9178 22
    endloop
  endfacet
  facet normal 0 0 1
    outer loop
      vertex 13.7678 -13.9178 22
      vertex 12 -14.65 22
      vertex 13.586 -14.0825 22
    endloop
  endfacet
  facet normal 0 0 1
    outer loop
      vertex 13.586 -14.0825 22
      vertex 12 -14.65 22
      vertex 13.3889 -14.2287 22
    endloop
  endfacet
  facet normal 0 0 1
    outer loop
      vertex 13.3889 -14.2287 22
      vertex 12 -14.65 22
      vertex 13.1785 -14.3548 22
    endloop
  endfacet
  facet normal 0 0 1
    outer loop
      vertex 12.5 -9.15 22
      vertex 14.5 -6.75 22
      vertex 12.5 -6.75 22
    endloop
  endfacet
  facet normal 0 0 1
    outer loop
      vertex 13.1785 -14.3548 22
      vertex 12 -14.65 22
      vertex 12.9567 -14.4597 22
    endloop
  endfacet
  facet normal 0 0 1
    outer loop
      vertex 12.9567 -14.4597 22
      vertex 12.4877 -14.602 22
      vertex 12.7257 -14.5423 22
    endloop
  endfacet
  facet normal 0 0 1
    outer loop
      vertex 12.9567 -14.4597 22
      vertex 12.245 -14.638 22
      vertex 12.4877 -14.602 22
    endloop
  endfacet
  facet normal 0 0 1
    outer loop
      vertex 12.9567 -14.4597 22
      vertex 12 -14.65 22
      vertex 12.245 -14.638 22
    endloop
  endfacet
  facet normal 0 0 1
    outer loop
      vertex 9 -10.74 22
      vertex 12.5 -9.15 22
      vertex 9 -9.15 22
    endloop
  endfacet
  facet normal 0 0 1
    outer loop
      vertex 12.5 -9.15 22
      vertex 9 -10.74 22
      vertex 12 -14.65 22
    endloop
  endfacet
  facet normal -0 0 1
    outer loop
      vertex 5 -10.74 22
      vertex 12 -14.65 22
      vertex 9 -10.74 22
    endloop
  endfacet
  facet normal 0 0 1
    outer loop
      vertex 12 -14.65 22
      vertex 5 -10.74 22
      vertex -12 -14.65 22
    endloop
  endfacet
  facet normal 0.671394 -0.741101 0
    outer loop
      vertex 13.586 -14.0825 0
      vertex 13.7678 -13.9178 22
      vertex 13.586 -14.0825 22
    endloop
  endfacet
  facet normal 0.671394 -0.741101 0
    outer loop
      vertex 13.7678 -13.9178 22
      vertex 13.586 -14.0825 0
      vertex 13.7678 -13.9178 0
    endloop
  endfacet
  facet normal 0.803167 -0.595754 0
    outer loop
      vertex 13.9325 -13.736 22
      vertex 14.0787 -13.5389 0
      vertex 14.0787 -13.5389 22
    endloop
  endfacet
  facet normal 0.803167 -0.595754 0
    outer loop
      vertex 14.0787 -13.5389 0
      vertex 13.9325 -13.736 22
      vertex 13.9325 -13.736 0
    endloop
  endfacet
  facet normal 0.989177 -0.146726 0
    outer loop
      vertex 14.452 -12.6377 22
      vertex 14.488 -12.395 0
      vertex 14.488 -12.395 22
    endloop
  endfacet
  facet normal 0.989177 -0.146726 0
    outer loop
      vertex 14.488 -12.395 0
      vertex 14.452 -12.6377 22
      vertex 14.452 -12.6377 0
    endloop
  endfacet
  facet normal -0.803167 0.595754 0
    outer loop
      vertex -14.0787 14.5389 0
      vertex -13.9325 14.736 22
      vertex -13.9325 14.736 0
    endloop
  endfacet
  facet normal -0.803167 0.595754 0
    outer loop
      vertex -13.9325 14.736 22
      vertex -14.0787 14.5389 0
      vertex -14.0787 14.5389 22
    endloop
  endfacet
  facet normal -0.741101 0.671394 0
    outer loop
      vertex -13.9325 14.736 0
      vertex -13.7678 14.9178 22
      vertex -13.7678 14.9178 0
    endloop
  endfacet
  facet normal -0.741101 0.671394 0
    outer loop
      vertex -13.7678 14.9178 22
      vertex -13.9325 14.736 0
      vertex -13.9325 14.736 22
    endloop
  endfacet
  facet normal -0.857745 0.514076 0
    outer loop
      vertex -14.2048 14.3285 0
      vertex -14.0787 14.5389 22
      vertex -14.0787 14.5389 0
    endloop
  endfacet
  facet normal -0.857745 0.514076 0
    outer loop
      vertex -14.0787 14.5389 22
      vertex -14.2048 14.3285 0
      vertex -14.2048 14.3285 22
    endloop
  endfacet
  facet normal -0.96995 0.243303 0
    outer loop
      vertex -14.452 13.6377 0
      vertex -14.3923 13.8757 22
      vertex -14.3923 13.8757 0
    endloop
  endfacet
  facet normal -0.96995 0.243303 0
    outer loop
      vertex -14.3923 13.8757 22
      vertex -14.452 13.6377 0
      vertex -14.452 13.6377 22
    endloop
  endfacet
  facet normal -0.989177 0.146726 0
    outer loop
      vertex -14.488 13.395 0
      vertex -14.452 13.6377 22
      vertex -14.452 13.6377 0
    endloop
  endfacet
  facet normal -0.989177 0.146726 0
    outer loop
      vertex -14.452 13.6377 22
      vertex -14.488 13.395 0
      vertex -14.488 13.395 22
    endloop
  endfacet
  facet normal -0.941613 0.336698 0
    outer loop
      vertex -14.3923 13.8757 0
      vertex -14.3097 14.1067 22
      vertex -14.3097 14.1067 0
    endloop
  endfacet
  facet normal -0.941613 0.336698 0
    outer loop
      vertex -14.3097 14.1067 22
      vertex -14.3923 13.8757 0
      vertex -14.3923 13.8757 22
    endloop
  endfacet
  facet normal -0.336698 0.941613 0
    outer loop
      vertex -12.7257 15.5423 0
      vertex -12.9567 15.4597 22
      vertex -12.7257 15.5423 22
    endloop
  endfacet
  facet normal -0.336698 0.941613 0
    outer loop
      vertex -12.9567 15.4597 22
      vertex -12.7257 15.5423 0
      vertex -12.9567 15.4597 0
    endloop
  endfacet
  facet normal 0.514076 0.857745 -0
    outer loop
      vertex 13.3889 15.2287 0
      vertex 13.1785 15.3548 8.95
      vertex 13.3889 15.2287 8.95
    endloop
  endfacet
  facet normal 0.514076 0.857745 0
    outer loop
      vertex 13.1785 15.3548 8.95
      vertex 13.3889 15.2287 0
      vertex 13.1785 15.3548 0
    endloop
  endfacet
  facet normal 0.514076 0.857745 -0
    outer loop
      vertex 13.3889 15.2287 15.05
      vertex 13.1785 15.3548 22
      vertex 13.3889 15.2287 22
    endloop
  endfacet
  facet normal 0.514076 0.857745 0
    outer loop
      vertex 13.1785 15.3548 22
      vertex 13.3889 15.2287 15.05
      vertex 13.1785 15.3548 15.05
    endloop
  endfacet
  facet normal 0.243303 0.96995 -0
    outer loop
      vertex 12.7257 15.5423 0
      vertex 12.4877 15.602 8.95
      vertex 12.7257 15.5423 8.95
    endloop
  endfacet
  facet normal 0.243303 0.96995 0
    outer loop
      vertex 12.4877 15.602 8.95
      vertex 12.7257 15.5423 0
      vertex 12.4877 15.602 0
    endloop
  endfacet
  facet normal 0.243303 0.96995 -0
    outer loop
      vertex 12.7257 15.5423 15.05
      vertex 12.4877 15.602 22
      vertex 12.7257 15.5423 22
    endloop
  endfacet
  facet normal 0.243303 0.96995 0
    outer loop
      vertex 12.4877 15.602 22
      vertex 12.7257 15.5423 15.05
      vertex 12.4877 15.602 15.05
    endloop
  endfacet
  facet normal -0.941613 -0.336698 0
    outer loop
      vertex -14.3097 -13.1067 0
      vertex -14.3923 -12.8757 22
      vertex -14.3923 -12.8757 0
    endloop
  endfacet
  facet normal -0.941613 -0.336698 0
    outer loop
      vertex -14.3923 -12.8757 22
      vertex -14.3097 -13.1067 0
      vertex -14.3097 -13.1067 22
    endloop
  endfacet
  facet normal -0.96995 -0.243303 0
    outer loop
      vertex -14.3923 -12.8757 0
      vertex -14.452 -12.6377 22
      vertex -14.452 -12.6377 0
    endloop
  endfacet
  facet normal -0.96995 -0.243303 0
    outer loop
      vertex -14.452 -12.6377 22
      vertex -14.3923 -12.8757 0
      vertex -14.3923 -12.8757 22
    endloop
  endfacet
  facet normal -0.903995 -0.427543 0
    outer loop
      vertex -14.2048 -13.3285 0
      vertex -14.3097 -13.1067 22
      vertex -14.3097 -13.1067 0
    endloop
  endfacet
  facet normal -0.903995 -0.427543 0
    outer loop
      vertex -14.3097 -13.1067 22
      vertex -14.2048 -13.3285 0
      vertex -14.2048 -13.3285 22
    endloop
  endfacet
  facet normal -0.741101 -0.671394 0
    outer loop
      vertex -13.7678 -13.9178 0
      vertex -13.9325 -13.736 22
      vertex -13.9325 -13.736 0
    endloop
  endfacet
  facet normal -0.741101 -0.671394 0
    outer loop
      vertex -13.9325 -13.736 22
      vertex -13.7678 -13.9178 0
      vertex -13.7678 -13.9178 22
    endloop
  endfacet
  facet normal -0.336698 -0.941613 0
    outer loop
      vertex -12.9567 -14.4597 0
      vertex -12.7257 -14.5423 22
      vertex -12.9567 -14.4597 22
    endloop
  endfacet
  facet normal -0.336698 -0.941613 -0
    outer loop
      vertex -12.7257 -14.5423 22
      vertex -12.9567 -14.4597 0
      vertex -12.7257 -14.5423 0
    endloop
  endfacet
  facet normal -0.243303 -0.96995 0
    outer loop
      vertex -12.7257 -14.5423 0
      vertex -12.4877 -14.602 22
      vertex -12.7257 -14.5423 22
    endloop
  endfacet
  facet normal -0.243303 -0.96995 -0
    outer loop
      vertex -12.4877 -14.602 22
      vertex -12.7257 -14.5423 0
      vertex -12.4877 -14.602 0
    endloop
  endfacet
  facet normal -0.595754 -0.803167 0
    outer loop
      vertex -13.586 -14.0825 0
      vertex -13.3889 -14.2287 22
      vertex -13.586 -14.0825 22
    endloop
  endfacet
  facet normal -0.595754 -0.803167 -0
    outer loop
      vertex -13.3889 -14.2287 22
      vertex -13.586 -14.0825 0
      vertex -13.3889 -14.2287 0
    endloop
  endfacet
  facet normal 0.0489209 -0.998803 0
    outer loop
      vertex 12 -14.65 0
      vertex 12.245 -14.638 22
      vertex 12 -14.65 22
    endloop
  endfacet
  facet normal 0.0489209 -0.998803 0
    outer loop
      vertex 12.245 -14.638 22
      vertex 12 -14.65 0
      vertex 12.245 -14.638 0
    endloop
  endfacet
  facet normal 0.243303 -0.96995 0
    outer loop
      vertex 12.4877 -14.602 0
      vertex 12.7257 -14.5423 22
      vertex 12.4877 -14.602 22
    endloop
  endfacet
  facet normal 0.243303 -0.96995 0
    outer loop
      vertex 12.7257 -14.5423 22
      vertex 12.4877 -14.602 0
      vertex 12.7257 -14.5423 0
    endloop
  endfacet
  facet normal 0.336698 -0.941613 0
    outer loop
      vertex 12.7257 -14.5423 0
      vertex 12.9567 -14.4597 22
      vertex 12.7257 -14.5423 22
    endloop
  endfacet
  facet normal 0.336698 -0.941613 0
    outer loop
      vertex 12.9567 -14.4597 22
      vertex 12.7257 -14.5423 0
      vertex 12.9567 -14.4597 0
    endloop
  endfacet
  facet normal 0.514076 -0.857745 0
    outer loop
      vertex 13.1785 -14.3548 0
      vertex 13.3889 -14.2287 22
      vertex 13.1785 -14.3548 22
    endloop
  endfacet
  facet normal 0.514076 -0.857745 0
    outer loop
      vertex 13.3889 -14.2287 22
      vertex 13.1785 -14.3548 0
      vertex 13.3889 -14.2287 0
    endloop
  endfacet
  facet normal 0.741101 -0.671394 0
    outer loop
      vertex 13.7678 -13.9178 22
      vertex 13.9325 -13.736 0
      vertex 13.9325 -13.736 22
    endloop
  endfacet
  facet normal 0.741101 -0.671394 0
    outer loop
      vertex 13.9325 -13.736 0
      vertex 13.7678 -13.9178 22
      vertex 13.7678 -13.9178 0
    endloop
  endfacet
  facet normal 0.857745 -0.514076 0
    outer loop
      vertex 14.0787 -13.5389 22
      vertex 14.2048 -13.3285 0
      vertex 14.2048 -13.3285 22
    endloop
  endfacet
  facet normal 0.857745 -0.514076 0
    outer loop
      vertex 14.2048 -13.3285 0
      vertex 14.0787 -13.5389 22
      vertex 14.0787 -13.5389 0
    endloop
  endfacet
  facet normal 0.998803 -0.0489209 0
    outer loop
      vertex 14.488 -12.395 22
      vertex 14.5 -12.15 0
      vertex 14.5 -12.15 22
    endloop
  endfacet
  facet normal 0.998803 -0.0489209 0
    outer loop
      vertex 14.5 -12.15 0
      vertex 14.488 -12.395 22
      vertex 14.488 -12.395 0
    endloop
  endfacet
  facet normal 0.96995 -0.243303 0
    outer loop
      vertex 14.3923 -12.8757 22
      vertex 14.452 -12.6377 0
      vertex 14.452 -12.6377 22
    endloop
  endfacet
  facet normal 0.96995 -0.243303 0
    outer loop
      vertex 14.452 -12.6377 0
      vertex 14.3923 -12.8757 22
      vertex 14.3923 -12.8757 0
    endloop
  endfacet
  facet normal 0.903995 -0.427543 0
    outer loop
      vertex 14.2048 -13.3285 22
      vertex 14.3097 -13.1067 0
      vertex 14.3097 -13.1067 22
    endloop
  endfacet
  facet normal 0.903995 -0.427543 0
    outer loop
      vertex 14.3097 -13.1067 0
      vertex 14.2048 -13.3285 22
      vertex 14.2048 -13.3285 0
    endloop
  endfacet
  facet normal -0.514076 0.857745 0
    outer loop
      vertex -13.1785 15.3548 0
      vertex -13.3889 15.2287 22
      vertex -13.1785 15.3548 22
    endloop
  endfacet
  facet normal -0.514076 0.857745 0
    outer loop
      vertex -13.3889 15.2287 22
      vertex -13.1785 15.3548 0
      vertex -13.3889 15.2287 0
    endloop
  endfacet
  facet normal -0.146726 0.989177 0
    outer loop
      vertex -12.245 15.638 0
      vertex -12.4877 15.602 22
      vertex -12.245 15.638 22
    endloop
  endfacet
  facet normal -0.146726 0.989177 0
    outer loop
      vertex -12.4877 15.602 22
      vertex -12.245 15.638 0
      vertex -12.4877 15.602 0
    endloop
  endfacet
  facet normal -0.0489209 0.998803 0
    outer loop
      vertex -12 15.65 0
      vertex -12.245 15.638 22
      vertex -12 15.65 22
    endloop
  endfacet
  facet normal -0.0489209 0.998803 0
    outer loop
      vertex -12.245 15.638 22
      vertex -12 15.65 0
      vertex -12.245 15.638 0
    endloop
  endfacet
  facet normal -0.243303 0.96995 0
    outer loop
      vertex -12.4877 15.602 0
      vertex -12.7257 15.5423 22
      vertex -12.4877 15.602 22
    endloop
  endfacet
  facet normal -0.243303 0.96995 0
    outer loop
      vertex -12.7257 15.5423 22
      vertex -12.4877 15.602 0
      vertex -12.7257 15.5423 0
    endloop
  endfacet
  facet normal -0.427543 0.903995 0
    outer loop
      vertex -12.9567 15.4597 0
      vertex -13.1785 15.3548 22
      vertex -12.9567 15.4597 22
    endloop
  endfacet
  facet normal -0.427543 0.903995 0
    outer loop
      vertex -13.1785 15.3548 22
      vertex -12.9567 15.4597 0
      vertex -13.1785 15.3548 0
    endloop
  endfacet
  facet normal -0.595754 0.803167 0
    outer loop
      vertex -13.3889 15.2287 0
      vertex -13.586 15.0825 22
      vertex -13.3889 15.2287 22
    endloop
  endfacet
  facet normal -0.595754 0.803167 0
    outer loop
      vertex -13.586 15.0825 22
      vertex -13.3889 15.2287 0
      vertex -13.586 15.0825 0
    endloop
  endfacet
  facet normal 0.427543 0.903995 -0
    outer loop
      vertex 13.1785 15.3548 0
      vertex 12.9567 15.4597 8.95
      vertex 13.1785 15.3548 8.95
    endloop
  endfacet
  facet normal 0.427543 0.903995 0
    outer loop
      vertex 12.9567 15.4597 8.95
      vertex 13.1785 15.3548 0
      vertex 12.9567 15.4597 0
    endloop
  endfacet
  facet normal 0.427543 0.903995 -0
    outer loop
      vertex 13.1785 15.3548 15.05
      vertex 12.9567 15.4597 22
      vertex 13.1785 15.3548 22
    endloop
  endfacet
  facet normal 0.427543 0.903995 0
    outer loop
      vertex 12.9567 15.4597 22
      vertex 13.1785 15.3548 15.05
      vertex 12.9567 15.4597 15.05
    endloop
  endfacet
  facet normal 0.146726 0.989177 -0
    outer loop
      vertex 12.4877 15.602 0
      vertex 12.245 15.638 8.95
      vertex 12.4877 15.602 8.95
    endloop
  endfacet
  facet normal 0.146726 0.989177 0
    outer loop
      vertex 12.245 15.638 8.95
      vertex 12.4877 15.602 0
      vertex 12.245 15.638 0
    endloop
  endfacet
  facet normal 0.146726 0.989177 -0
    outer loop
      vertex 12.4877 15.602 15.05
      vertex 12.245 15.638 22
      vertex 12.4877 15.602 22
    endloop
  endfacet
  facet normal 0.146726 0.989177 0
    outer loop
      vertex 12.245 15.638 22
      vertex 12.4877 15.602 15.05
      vertex 12.245 15.638 15.05
    endloop
  endfacet
  facet normal 0.803167 0.595754 0
    outer loop
      vertex 14.0787 14.5389 8.95
      vertex 13.9325 14.736 0
      vertex 13.9325 14.736 8.95
    endloop
  endfacet
  facet normal 0.803167 0.595754 0
    outer loop
      vertex 13.9325 14.736 0
      vertex 14.0787 14.5389 8.95
      vertex 14.0787 14.5389 0
    endloop
  endfacet
  facet normal 0.803167 0.595754 0
    outer loop
      vertex 14.0787 14.5389 22
      vertex 13.9325 14.736 15.05
      vertex 13.9325 14.736 22
    endloop
  endfacet
  facet normal 0.803167 0.595754 0
    outer loop
      vertex 13.9325 14.736 15.05
      vertex 14.0787 14.5389 22
      vertex 14.0787 14.5389 15.05
    endloop
  endfacet
  facet normal 0.671394 0.741101 -0
    outer loop
      vertex 13.7678 14.9178 0
      vertex 13.586 15.0825 8.95
      vertex 13.7678 14.9178 8.95
    endloop
  endfacet
  facet normal 0.671394 0.741101 0
    outer loop
      vertex 13.586 15.0825 8.95
      vertex 13.7678 14.9178 0
      vertex 13.586 15.0825 0
    endloop
  endfacet
  facet normal 0.671394 0.741101 -0
    outer loop
      vertex 13.7678 14.9178 15.05
      vertex 13.586 15.0825 22
      vertex 13.7678 14.9178 22
    endloop
  endfacet
  facet normal 0.671394 0.741101 0
    outer loop
      vertex 13.586 15.0825 22
      vertex 13.7678 14.9178 15.05
      vertex 13.586 15.0825 15.05
    endloop
  endfacet
  facet normal 0.857745 0.514076 0
    outer loop
      vertex 14.2048 14.3285 8.95
      vertex 14.0787 14.5389 0
      vertex 14.0787 14.5389 8.95
    endloop
  endfacet
  facet normal 0.857745 0.514076 0
    outer loop
      vertex 14.0787 14.5389 0
      vertex 14.2048 14.3285 8.95
      vertex 14.2048 14.3285 0
    endloop
  endfacet
  facet normal 0.857745 0.514076 0
    outer loop
      vertex 14.2048 14.3285 22
      vertex 14.0787 14.5389 15.05
      vertex 14.0787 14.5389 22
    endloop
  endfacet
  facet normal 0.857745 0.514076 0
    outer loop
      vertex 14.0787 14.5389 15.05
      vertex 14.2048 14.3285 22
      vertex 14.2048 14.3285 15.05
    endloop
  endfacet
  facet normal 0.941613 0.336698 0
    outer loop
      vertex 14.3923 13.8757 8.95
      vertex 14.3097 14.1067 0
      vertex 14.3097 14.1067 8.95
    endloop
  endfacet
  facet normal 0.941613 0.336698 0
    outer loop
      vertex 14.3097 14.1067 0
      vertex 14.3923 13.8757 8.95
      vertex 14.3923 13.8757 0
    endloop
  endfacet
  facet normal 0.941613 0.336698 0
    outer loop
      vertex 14.3923 13.8757 22
      vertex 14.3097 14.1067 15.05
      vertex 14.3097 14.1067 22
    endloop
  endfacet
  facet normal 0.941613 0.336698 0
    outer loop
      vertex 14.3097 14.1067 15.05
      vertex 14.3923 13.8757 22
      vertex 14.3923 13.8757 15.05
    endloop
  endfacet
  facet normal 0.146726 -0.989177 0
    outer loop
      vertex 12.245 -14.638 0
      vertex 12.4877 -14.602 22
      vertex 12.245 -14.638 22
    endloop
  endfacet
  facet normal 0.146726 -0.989177 0
    outer loop
      vertex 12.4877 -14.602 22
      vertex 12.245 -14.638 0
      vertex 12.4877 -14.602 0
    endloop
  endfacet
  facet normal 0.427543 -0.903995 0
    outer loop
      vertex 12.9567 -14.4597 0
      vertex 13.1785 -14.3548 22
      vertex 12.9567 -14.4597 22
    endloop
  endfacet
  facet normal 0.427543 -0.903995 0
    outer loop
      vertex 13.1785 -14.3548 22
      vertex 12.9567 -14.4597 0
      vertex 13.1785 -14.3548 0
    endloop
  endfacet
  facet normal 0.595754 -0.803167 0
    outer loop
      vertex 13.3889 -14.2287 0
      vertex 13.586 -14.0825 22
      vertex 13.3889 -14.2287 22
    endloop
  endfacet
  facet normal 0.595754 -0.803167 0
    outer loop
      vertex 13.586 -14.0825 22
      vertex 13.3889 -14.2287 0
      vertex 13.586 -14.0825 0
    endloop
  endfacet
  facet normal 0.941613 -0.336698 0
    outer loop
      vertex 14.3097 -13.1067 22
      vertex 14.3923 -12.8757 0
      vertex 14.3923 -12.8757 22
    endloop
  endfacet
  facet normal 0.941613 -0.336698 0
    outer loop
      vertex 14.3923 -12.8757 0
      vertex 14.3097 -13.1067 22
      vertex 14.3097 -13.1067 0
    endloop
  endfacet
  facet normal 0.336698 0.941613 -0
    outer loop
      vertex 12.9567 15.4597 0
      vertex 12.7257 15.5423 8.95
      vertex 12.9567 15.4597 8.95
    endloop
  endfacet
  facet normal 0.336698 0.941613 0
    outer loop
      vertex 12.7257 15.5423 8.95
      vertex 12.9567 15.4597 0
      vertex 12.7257 15.5423 0
    endloop
  endfacet
  facet normal 0.336698 0.941613 -0
    outer loop
      vertex 12.9567 15.4597 15.05
      vertex 12.7257 15.5423 22
      vertex 12.9567 15.4597 22
    endloop
  endfacet
  facet normal 0.336698 0.941613 0
    outer loop
      vertex 12.7257 15.5423 22
      vertex 12.9567 15.4597 15.05
      vertex 12.7257 15.5423 15.05
    endloop
  endfacet
  facet normal 0.0489209 0.998803 -0
    outer loop
      vertex 12.245 15.638 0
      vertex 12 15.65 8.95
      vertex 12.245 15.638 8.95
    endloop
  endfacet
  facet normal 0.0489209 0.998803 0
    outer loop
      vertex 12 15.65 8.95
      vertex 12.245 15.638 0
      vertex 12 15.65 0
    endloop
  endfacet
  facet normal 0.0489209 0.998803 -0
    outer loop
      vertex 12.245 15.638 15.05
      vertex 12 15.65 22
      vertex 12.245 15.638 22
    endloop
  endfacet
  facet normal 0.0489209 0.998803 0
    outer loop
      vertex 12 15.65 22
      vertex 12.245 15.638 15.05
      vertex 12 15.65 15.05
    endloop
  endfacet
  facet normal 0.741101 0.671394 0
    outer loop
      vertex 13.9325 14.736 8.95
      vertex 13.7678 14.9178 0
      vertex 13.7678 14.9178 8.95
    endloop
  endfacet
  facet normal 0.741101 0.671394 0
    outer loop
      vertex 13.7678 14.9178 0
      vertex 13.9325 14.736 8.95
      vertex 13.9325 14.736 0
    endloop
  endfacet
  facet normal 0.741101 0.671394 0
    outer loop
      vertex 13.9325 14.736 22
      vertex 13.7678 14.9178 15.05
      vertex 13.7678 14.9178 22
    endloop
  endfacet
  facet normal 0.741101 0.671394 0
    outer loop
      vertex 13.7678 14.9178 15.05
      vertex 13.9325 14.736 22
      vertex 13.9325 14.736 15.05
    endloop
  endfacet
  facet normal 0.595754 0.803167 -0
    outer loop
      vertex 13.586 15.0825 0
      vertex 13.3889 15.2287 8.95
      vertex 13.586 15.0825 8.95
    endloop
  endfacet
  facet normal 0.595754 0.803167 0
    outer loop
      vertex 13.3889 15.2287 8.95
      vertex 13.586 15.0825 0
      vertex 13.3889 15.2287 0
    endloop
  endfacet
  facet normal 0.595754 0.803167 -0
    outer loop
      vertex 13.586 15.0825 15.05
      vertex 13.3889 15.2287 22
      vertex 13.586 15.0825 22
    endloop
  endfacet
  facet normal 0.595754 0.803167 0
    outer loop
      vertex 13.3889 15.2287 22
      vertex 13.586 15.0825 15.05
      vertex 13.3889 15.2287 15.05
    endloop
  endfacet
  facet normal 0.903995 0.427543 0
    outer loop
      vertex 14.3097 14.1067 8.95
      vertex 14.2048 14.3285 0
      vertex 14.2048 14.3285 8.95
    endloop
  endfacet
  facet normal 0.903995 0.427543 0
    outer loop
      vertex 14.2048 14.3285 0
      vertex 14.3097 14.1067 8.95
      vertex 14.3097 14.1067 0
    endloop
  endfacet
  facet normal 0.903995 0.427543 0
    outer loop
      vertex 14.3097 14.1067 22
      vertex 14.2048 14.3285 15.05
      vertex 14.2048 14.3285 22
    endloop
  endfacet
  facet normal 0.903995 0.427543 0
    outer loop
      vertex 14.2048 14.3285 15.05
      vertex 14.3097 14.1067 22
      vertex 14.3097 14.1067 15.05
    endloop
  endfacet
  facet normal -0.0491157 0 0.998793
    outer loop
      vertex -0.490086 -14.65 16.9759
      vertex 0 -16.14 17
      vertex 0 -14.65 17
    endloop
  endfacet
  facet normal -0.0491157 0 0.998793
    outer loop
      vertex 0 -16.14 17
      vertex -0.490086 -14.65 16.9759
      vertex -0.490086 -16.14 16.9759
    endloop
  endfacet
  facet normal -0.242934 0 0.970043
    outer loop
      vertex -1.45142 -14.65 16.7847
      vertex -0.975451 -16.14 16.9039
      vertex -0.975451 -14.65 16.9039
    endloop
  endfacet
  facet normal -0.242934 0 0.970043
    outer loop
      vertex -0.975451 -16.14 16.9039
      vertex -1.45142 -14.65 16.7847
      vertex -1.45142 -16.14 16.7847
    endloop
  endfacet
  facet normal -0.049075 0 -0.998795
    outer loop
      vertex -0.490086 -16.14 7.02408
      vertex 0 -14.65 7
      vertex 0 -16.14 7
    endloop
  endfacet
  facet normal -0.049075 0 -0.998795
    outer loop
      vertex 0 -14.65 7
      vertex -0.490086 -16.14 7.02408
      vertex -0.490086 -14.65 7.02408
    endloop
  endfacet
  facet normal -0.998795 0 0.0490736
    outer loop
      vertex -5 -16.14 12
      vertex -4.97592 -14.65 12.4901
      vertex -5 -14.65 12
    endloop
  endfacet
  facet normal -0.998795 0 0.0490736
    outer loop
      vertex -4.97592 -14.65 12.4901
      vertex -5 -16.14 12
      vertex -4.97592 -16.14 12.4901
    endloop
  endfacet
  facet normal -0.671658 0 0.740861
    outer loop
      vertex -3.53553 -14.65 15.5355
      vertex -3.17197 -16.14 15.8651
      vertex -3.17197 -14.65 15.8651
    endloop
  endfacet
  facet normal -0.671658 0 0.740861
    outer loop
      vertex -3.17197 -16.14 15.8651
      vertex -3.53553 -14.65 15.5355
      vertex -3.53553 -16.14 15.5355
    endloop
  endfacet
  facet normal -0.740943 0 -0.671568
    outer loop
      vertex -3.53553 -16.14 8.46447
      vertex -3.86505 -14.65 8.82803
      vertex -3.53553 -14.65 8.46447
    endloop
  endfacet
  facet normal -0.740943 -0 -0.671568
    outer loop
      vertex -3.86505 -14.65 8.82803
      vertex -3.53553 -16.14 8.46447
      vertex -3.86505 -16.14 8.82803
    endloop
  endfacet
  facet normal -0.941548 0 -0.336879
    outer loop
      vertex -4.6194 -16.14 10.0866
      vertex -4.7847 -14.65 10.5486
      vertex -4.6194 -14.65 10.0866
    endloop
  endfacet
  facet normal -0.941548 -0 -0.336879
    outer loop
      vertex -4.7847 -14.65 10.5486
      vertex -4.6194 -16.14 10.0866
      vertex -4.7847 -16.14 10.5486
    endloop
  endfacet
  facet normal 0.5957 0 -0.803207
    outer loop
      vertex 2.77785 -16.14 7.84265
      vertex 3.17197 -14.65 8.13495
      vertex 3.17197 -16.14 8.13495
    endloop
  endfacet
  facet normal 0.5957 0 -0.803207
    outer loop
      vertex 3.17197 -14.65 8.13495
      vertex 2.77785 -16.14 7.84265
      vertex 2.77785 -14.65 7.84265
    endloop
  endfacet
  facet normal -0.904003 0 0.427526
    outer loop
      vertex -4.6194 -16.14 13.9134
      vertex -4.40961 -14.65 14.357
      vertex -4.6194 -14.65 13.9134
    endloop
  endfacet
  facet normal -0.904003 0 0.427526
    outer loop
      vertex -4.40961 -14.65 14.357
      vertex -4.6194 -16.14 13.9134
      vertex -4.40961 -16.14 14.357
    endloop
  endfacet
  facet normal -0.5957 0 -0.803207
    outer loop
      vertex -3.17197 -16.14 8.13495
      vertex -2.77785 -14.65 7.84265
      vertex -2.77785 -16.14 7.84265
    endloop
  endfacet
  facet normal -0.5957 0 -0.803207
    outer loop
      vertex -2.77785 -14.65 7.84265
      vertex -3.17197 -16.14 8.13495
      vertex -3.17197 -14.65 8.13495
    endloop
  endfacet
  facet normal 0.740887 -0 0.671629
    outer loop
      vertex 3.53553 -16.14 15.5355
      vertex 3.86505 -15.65 15.172
      vertex 3.53553 -15.65 15.5355
    endloop
  endfacet
  facet normal 0.740887 0 0.671629
    outer loop
      vertex 3.86505 -15.65 15.172
      vertex 3.53553 -16.14 15.5355
      vertex 3.86505 -16.14 15.172
    endloop
  endfacet
  facet normal 0.242934 0 0.970043
    outer loop
      vertex 0.975451 -14.65 16.9039
      vertex 1.45142 -16.14 16.7847
      vertex 1.45142 -14.65 16.7847
    endloop
  endfacet
  facet normal 0.242934 0 0.970043
    outer loop
      vertex 1.45142 -16.14 16.7847
      vertex 0.975451 -14.65 16.9039
      vertex 0.975451 -16.14 16.9039
    endloop
  endfacet
  facet normal 0.941548 0 -0.336879
    outer loop
      vertex 4.7847 -16.14 10.5486
      vertex 4.6194 -15.65 10.0866
      vertex 4.7847 -15.65 10.5486
    endloop
  endfacet
  facet normal 0.941548 0 -0.336879
    outer loop
      vertex 4.6194 -15.65 10.0866
      vertex 4.7847 -16.14 10.5486
      vertex 4.6194 -16.14 10.0866
    endloop
  endfacet
  facet normal -0.427575 0 0.90398
    outer loop
      vertex -2.35698 -14.65 16.4096
      vertex -1.91342 -16.14 16.6194
      vertex -1.91342 -14.65 16.6194
    endloop
  endfacet
  facet normal -0.427575 0 0.90398
    outer loop
      vertex -1.91342 -16.14 16.6194
      vertex -2.35698 -14.65 16.4096
      vertex -2.35698 -16.14 16.4096
    endloop
  endfacet
  facet normal -0.336879 0 0.941548
    outer loop
      vertex -1.91342 -14.65 16.6194
      vertex -1.45142 -16.14 16.7847
      vertex -1.45142 -14.65 16.7847
    endloop
  endfacet
  facet normal -0.336879 0 0.941548
    outer loop
      vertex -1.45142 -16.14 16.7847
      vertex -1.91342 -14.65 16.6194
      vertex -1.91342 -16.14 16.6194
    endloop
  endfacet
  facet normal -0.514163 0 0.857692
    outer loop
      vertex -2.77785 -14.65 16.1573
      vertex -2.35698 -16.14 16.4096
      vertex -2.35698 -14.65 16.4096
    endloop
  endfacet
  facet normal -0.514163 0 0.857692
    outer loop
      vertex -2.35698 -16.14 16.4096
      vertex -2.77785 -14.65 16.1573
      vertex -2.77785 -16.14 16.1573
    endloop
  endfacet
  facet normal -0.97002 0 0.243025
    outer loop
      vertex -4.90393 -16.14 12.9755
      vertex -4.7847 -14.65 13.4514
      vertex -4.90393 -14.65 12.9755
    endloop
  endfacet
  facet normal -0.97002 0 0.243025
    outer loop
      vertex -4.7847 -14.65 13.4514
      vertex -4.90393 -16.14 12.9755
      vertex -4.7847 -16.14 13.4514
    endloop
  endfacet
  facet normal -0.427558 0 -0.903988
    outer loop
      vertex -2.35698 -16.14 7.59039
      vertex -1.91342 -14.65 7.3806
      vertex -1.91342 -16.14 7.3806
    endloop
  endfacet
  facet normal -0.427558 0 -0.903988
    outer loop
      vertex -1.91342 -14.65 7.3806
      vertex -2.35698 -16.14 7.59039
      vertex -2.35698 -14.65 7.59039
    endloop
  endfacet
  facet normal -0.514103 0 -0.857728
    outer loop
      vertex -2.77785 -16.14 7.84265
      vertex -2.35698 -14.65 7.59039
      vertex -2.35698 -16.14 7.59039
    endloop
  endfacet
  facet normal -0.514103 0 -0.857728
    outer loop
      vertex -2.35698 -14.65 7.59039
      vertex -2.77785 -16.14 7.84265
      vertex -2.77785 -14.65 7.84265
    endloop
  endfacet
  facet normal -0.242992 0 -0.970028
    outer loop
      vertex -1.45142 -16.14 7.2153
      vertex -0.975451 -14.65 7.09607
      vertex -0.975451 -16.14 7.09607
    endloop
  endfacet
  facet normal -0.242992 0 -0.970028
    outer loop
      vertex -0.975451 -14.65 7.09607
      vertex -1.45142 -16.14 7.2153
      vertex -1.45142 -14.65 7.2153
    endloop
  endfacet
  facet normal -0.857728 0 -0.514103
    outer loop
      vertex -4.15735 -16.14 9.22215
      vertex -4.40961 -14.65 9.64302
      vertex -4.15735 -14.65 9.22215
    endloop
  endfacet
  facet normal -0.857728 -0 -0.514103
    outer loop
      vertex -4.40961 -14.65 9.64302
      vertex -4.15735 -16.14 9.22215
      vertex -4.40961 -16.14 9.64302
    endloop
  endfacet
  facet normal 0.998795 -0 0.0490736
    outer loop
      vertex 4.97592 -16.14 12.4901
      vertex 5 -15.65 12
      vertex 4.97592 -15.65 12.4901
    endloop
  endfacet
  facet normal 0.998795 0 0.0490736
    outer loop
      vertex 5 -15.65 12
      vertex 4.97592 -16.14 12.4901
      vertex 5 -16.14 12
    endloop
  endfacet
  facet normal 0.98918 -0 0.146706
    outer loop
      vertex 4.90393 -16.14 12.9755
      vertex 4.97592 -15.65 12.4901
      vertex 4.90393 -15.65 12.9755
    endloop
  endfacet
  facet normal 0.98918 0 0.146706
    outer loop
      vertex 4.97592 -15.65 12.4901
      vertex 4.90393 -16.14 12.9755
      vertex 4.97592 -16.14 12.4901
    endloop
  endfacet
  facet normal 0.97002 -0 0.243025
    outer loop
      vertex 4.7847 -16.14 13.4514
      vertex 4.90393 -15.65 12.9755
      vertex 4.7847 -15.65 13.4514
    endloop
  endfacet
  facet normal 0.97002 0 0.243025
    outer loop
      vertex 4.90393 -15.65 12.9755
      vertex 4.7847 -16.14 13.4514
      vertex 4.90393 -16.14 12.9755
    endloop
  endfacet
  facet normal 0.803261 0 0.595627
    outer loop
      vertex 3.86505 -15.65 15.172
      vertex 3.86505 -16.14 15.172
      vertex 3.99259 -15.65 15
    endloop
  endfacet
  facet normal 0.803139 -0 0.595791
    outer loop
      vertex 3.99259 -15.65 15
      vertex 4.15735 -14.65 14.7779
      vertex 3.99259 -14.65 15
    endloop
  endfacet
  facet normal 0.803139 0 0.595791
    outer loop
      vertex 3.99259 -15.65 15
      vertex 4.15735 -16.14 14.7779
      vertex 4.15735 -14.65 14.7779
    endloop
  endfacet
  facet normal 0.803192 5.02689e-05 0.59572
    outer loop
      vertex 4.15735 -16.14 14.7779
      vertex 3.99259 -15.65 15
      vertex 3.86505 -16.14 15.172
    endloop
  endfacet
  facet normal 0.671658 0 0.740861
    outer loop
      vertex 3.17197 -15.65 15.8651
      vertex 3.53553 -16.14 15.5355
      vertex 3.53553 -15.65 15.5355
    endloop
  endfacet
  facet normal 0.671658 0 0.740861
    outer loop
      vertex 3.53553 -16.14 15.5355
      vertex 3.17197 -15.65 15.8651
      vertex 3.17197 -16.14 15.8651
    endloop
  endfacet
  facet normal 0.595569 0 0.803304
    outer loop
      vertex 2.77785 -15.65 16.1573
      vertex 3.17197 -16.14 15.8651
      vertex 3.17197 -15.65 15.8651
    endloop
  endfacet
  facet normal 0.595569 0 0.803304
    outer loop
      vertex 3.17197 -16.14 15.8651
      vertex 2.77785 -15.65 16.1573
      vertex 2.77785 -16.14 16.1573
    endloop
  endfacet
  facet normal 0.514002 0 0.857789
    outer loop
      vertex 2.5 -14.65 16.3239
      vertex 2.35698 -14.65 16.4096
      vertex 2.5 -15.65 16.3239
    endloop
  endfacet
  facet normal 0.514246 0 0.857643
    outer loop
      vertex 2.5 -15.65 16.3239
      vertex 2.77785 -16.14 16.1573
      vertex 2.77785 -15.65 16.1573
    endloop
  endfacet
  facet normal 0.514163 -6.39943e-05 0.857692
    outer loop
      vertex 2.5 -15.65 16.3239
      vertex 2.35698 -16.14 16.4096
      vertex 2.77785 -16.14 16.1573
    endloop
  endfacet
  facet normal 0.514002 -0 0.857789
    outer loop
      vertex 2.35698 -16.14 16.4096
      vertex 2.5 -15.65 16.3239
      vertex 2.35698 -14.65 16.4096
    endloop
  endfacet
  facet normal 0.146736 0 0.989176
    outer loop
      vertex 0.490086 -14.65 16.9759
      vertex 0.975451 -16.14 16.9039
      vertex 0.975451 -14.65 16.9039
    endloop
  endfacet
  facet normal 0.146736 0 0.989176
    outer loop
      vertex 0.975451 -16.14 16.9039
      vertex 0.490086 -14.65 16.9759
      vertex 0.490086 -16.14 16.9759
    endloop
  endfacet
  facet normal 0.98918 0 -0.146706
    outer loop
      vertex 4.97592 -16.14 11.5099
      vertex 4.90393 -14.65 11.0245
      vertex 4.97592 -14.65 11.5099
    endloop
  endfacet
  facet normal 0.98918 0 -0.146706
    outer loop
      vertex 4.90393 -14.65 11.0245
      vertex 4.97592 -16.14 11.5099
      vertex 4.90393 -16.14 11.0245
    endloop
  endfacet
  facet normal 0.740943 0 -0.671568
    outer loop
      vertex 3.86505 -16.14 8.82803
      vertex 3.53553 -14.65 8.46447
      vertex 3.86505 -14.65 8.82803
    endloop
  endfacet
  facet normal 0.740943 0 -0.671568
    outer loop
      vertex 3.53553 -14.65 8.46447
      vertex 3.86505 -16.14 8.82803
      vertex 3.53553 -16.14 8.46447
    endloop
  endfacet
  facet normal 0.998795 0 -0.0490736
    outer loop
      vertex 5 -15.65 12
      vertex 4.97592 -14.65 11.5099
      vertex 5 -14.65 12
    endloop
  endfacet
  facet normal 0.998795 0 -0.0490736
    outer loop
      vertex 4.97592 -16.14 11.5099
      vertex 5 -15.65 12
      vertex 5 -16.14 12
    endloop
  endfacet
  facet normal 0.998795 0 -0.0490736
    outer loop
      vertex 5 -15.65 12
      vertex 4.97592 -16.14 11.5099
      vertex 4.97592 -14.65 11.5099
    endloop
  endfacet
  facet normal 0.803203 0 -0.595705
    outer loop
      vertex 4.15735 -15.65 9.22215
      vertex 4.15735 -16.14 9.22215
      vertex 3.99259 -15.65 9
    endloop
  endfacet
  facet normal 0.803211 0 -0.595694
    outer loop
      vertex 3.99259 -15.65 9
      vertex 3.86505 -14.65 8.82803
      vertex 3.99259 -14.65 9
    endloop
  endfacet
  facet normal 0.803211 0 -0.595694
    outer loop
      vertex 3.99259 -15.65 9
      vertex 3.86505 -16.14 8.82803
      vertex 3.86505 -14.65 8.82803
    endloop
  endfacet
  facet normal 0.803207 3.18673e-06 -0.5957
    outer loop
      vertex 3.86505 -16.14 8.82803
      vertex 3.99259 -15.65 9
      vertex 4.15735 -16.14 9.22215
    endloop
  endfacet
  facet normal 0.671568 0 -0.740943
    outer loop
      vertex 3.17197 -16.14 8.13495
      vertex 3.53553 -14.65 8.46447
      vertex 3.53553 -16.14 8.46447
    endloop
  endfacet
  facet normal 0.671568 0 -0.740943
    outer loop
      vertex 3.53553 -14.65 8.46447
      vertex 3.17197 -16.14 8.13495
      vertex 3.17197 -14.65 8.13495
    endloop
  endfacet
  facet normal 0.427558 0 -0.903988
    outer loop
      vertex 1.91342 -16.14 7.3806
      vertex 2.35698 -14.65 7.59039
      vertex 2.35698 -16.14 7.59039
    endloop
  endfacet
  facet normal 0.427558 0 -0.903988
    outer loop
      vertex 2.35698 -14.65 7.59039
      vertex 1.91342 -16.14 7.3806
      vertex 1.91342 -14.65 7.3806
    endloop
  endfacet
  facet normal 0.049075 0 -0.998795
    outer loop
      vertex 0 -16.14 7
      vertex 0.490086 -14.65 7.02408
      vertex 0.490086 -16.14 7.02408
    endloop
  endfacet
  facet normal 0.049075 0 -0.998795
    outer loop
      vertex 0.490086 -14.65 7.02408
      vertex 0 -16.14 7
      vertex 0 -14.65 7
    endloop
  endfacet
  facet normal -0.146736 0 0.989176
    outer loop
      vertex -0.975451 -14.65 16.9039
      vertex -0.490086 -16.14 16.9759
      vertex -0.490086 -14.65 16.9759
    endloop
  endfacet
  facet normal -0.146736 0 0.989176
    outer loop
      vertex -0.490086 -16.14 16.9759
      vertex -0.975451 -14.65 16.9039
      vertex -0.975451 -16.14 16.9039
    endloop
  endfacet
  facet normal -0.595569 0 0.803304
    outer loop
      vertex -3.17197 -14.65 15.8651
      vertex -2.77785 -16.14 16.1573
      vertex -2.77785 -14.65 16.1573
    endloop
  endfacet
  facet normal -0.595569 0 0.803304
    outer loop
      vertex -2.77785 -16.14 16.1573
      vertex -3.17197 -14.65 15.8651
      vertex -3.17197 -16.14 15.8651
    endloop
  endfacet
  facet normal -0.98918 0 0.146706
    outer loop
      vertex -4.97592 -16.14 12.4901
      vertex -4.90393 -14.65 12.9755
      vertex -4.97592 -14.65 12.4901
    endloop
  endfacet
  facet normal -0.98918 0 0.146706
    outer loop
      vertex -4.90393 -14.65 12.9755
      vertex -4.97592 -16.14 12.4901
      vertex -4.90393 -16.14 12.9755
    endloop
  endfacet
  facet normal -0.941548 0 0.336879
    outer loop
      vertex -4.7847 -16.14 13.4514
      vertex -4.6194 -14.65 13.9134
      vertex -4.7847 -14.65 13.4514
    endloop
  endfacet
  facet normal -0.941548 0 0.336879
    outer loop
      vertex -4.6194 -14.65 13.9134
      vertex -4.7847 -16.14 13.4514
      vertex -4.6194 -16.14 13.9134
    endloop
  endfacet
  facet normal -0.857745 0 0.514076
    outer loop
      vertex -4.40961 -16.14 14.357
      vertex -4.15735 -14.65 14.7779
      vertex -4.40961 -14.65 14.357
    endloop
  endfacet
  facet normal -0.857745 0 0.514076
    outer loop
      vertex -4.15735 -14.65 14.7779
      vertex -4.40961 -16.14 14.357
      vertex -4.15735 -16.14 14.7779
    endloop
  endfacet
  facet normal -0.740887 0 0.671629
    outer loop
      vertex -3.86505 -16.14 15.172
      vertex -3.53553 -14.65 15.5355
      vertex -3.86505 -14.65 15.172
    endloop
  endfacet
  facet normal -0.740887 0 0.671629
    outer loop
      vertex -3.53553 -14.65 15.5355
      vertex -3.86505 -16.14 15.172
      vertex -3.53553 -16.14 15.5355
    endloop
  endfacet
  facet normal -0.803192 0 0.59572
    outer loop
      vertex -4.15735 -16.14 14.7779
      vertex -3.86505 -14.65 15.172
      vertex -4.15735 -14.65 14.7779
    endloop
  endfacet
  facet normal -0.803192 0 0.59572
    outer loop
      vertex -3.86505 -14.65 15.172
      vertex -4.15735 -16.14 14.7779
      vertex -3.86505 -16.14 15.172
    endloop
  endfacet
  facet normal -0.671568 0 -0.740943
    outer loop
      vertex -3.53553 -16.14 8.46447
      vertex -3.17197 -14.65 8.13495
      vertex -3.17197 -16.14 8.13495
    endloop
  endfacet
  facet normal -0.671568 0 -0.740943
    outer loop
      vertex -3.17197 -14.65 8.13495
      vertex -3.53553 -16.14 8.46447
      vertex -3.53553 -14.65 8.46447
    endloop
  endfacet
  facet normal 0 -1 0
    outer loop
      vertex 0 -16.14 13.3
      vertex 0 -16.14 17
      vertex -0.490086 -16.14 16.9759
    endloop
  endfacet
  facet normal 0 -1 0
    outer loop
      vertex -0.127421 -16.14 13.2937
      vertex -0.490086 -16.14 16.9759
      vertex -0.975451 -16.14 16.9039
    endloop
  endfacet
  facet normal 0 -1 0
    outer loop
      vertex 0 -16.14 17
      vertex 0 -16.14 13.3
      vertex 0.490086 -16.14 16.9759
    endloop
  endfacet
  facet normal 0 -1 0
    outer loop
      vertex -0.253617 -16.14 13.275
      vertex -0.975451 -16.14 16.9039
      vertex -1.45142 -16.14 16.7847
    endloop
  endfacet
  facet normal 0 -1 0
    outer loop
      vertex 0.127421 -16.14 13.2937
      vertex 0.490086 -16.14 16.9759
      vertex 0 -16.14 13.3
    endloop
  endfacet
  facet normal 0 -1 0
    outer loop
      vertex -0.37737 -16.14 13.244
      vertex -1.45142 -16.14 16.7847
      vertex -1.91342 -16.14 16.6194
    endloop
  endfacet
  facet normal 0 -1 -0
    outer loop
      vertex 0.490086 -16.14 16.9759
      vertex 0.127421 -16.14 13.2937
      vertex 0.975451 -16.14 16.9039
    endloop
  endfacet
  facet normal 0 -1 0
    outer loop
      vertex -0.497488 -16.14 13.201
      vertex -1.91342 -16.14 16.6194
      vertex -2.35698 -16.14 16.4096
    endloop
  endfacet
  facet normal 0 -1 0
    outer loop
      vertex 0.253617 -16.14 13.275
      vertex 0.975451 -16.14 16.9039
      vertex 0.127421 -16.14 13.2937
    endloop
  endfacet
  facet normal 0 -1 0
    outer loop
      vertex -0.612815 -16.14 13.1465
      vertex -2.35698 -16.14 16.4096
      vertex -2.77785 -16.14 16.1573
    endloop
  endfacet
  facet normal 0 -1 -0
    outer loop
      vertex 0.975451 -16.14 16.9039
      vertex 0.253617 -16.14 13.275
      vertex 1.45142 -16.14 16.7847
    endloop
  endfacet
  facet normal 0 -1 0
    outer loop
      vertex -0.72224 -16.14 13.0809
      vertex -2.77785 -16.14 16.1573
      vertex -3.17197 -16.14 15.8651
    endloop
  endfacet
  facet normal 0 -1 0
    outer loop
      vertex 0.37737 -16.14 13.244
      vertex 1.45142 -16.14 16.7847
      vertex 0.253617 -16.14 13.275
    endloop
  endfacet
  facet normal 0 -1 0
    outer loop
      vertex -0.824711 -16.14 13.0049
      vertex -3.17197 -16.14 15.8651
      vertex -3.53553 -16.14 15.5355
    endloop
  endfacet
  facet normal 0 -1 -0
    outer loop
      vertex 1.45142 -16.14 16.7847
      vertex 0.37737 -16.14 13.244
      vertex 1.91342 -16.14 16.6194
    endloop
  endfacet
  facet normal 0 -1 0
    outer loop
      vertex -0.919238 -16.14 12.9192
      vertex -3.53553 -16.14 15.5355
      vertex -3.86505 -16.14 15.172
    endloop
  endfacet
  facet normal 0 -1 0
    outer loop
      vertex 0.497488 -16.14 13.201
      vertex 1.91342 -16.14 16.6194
      vertex 0.37737 -16.14 13.244
    endloop
  endfacet
  facet normal 0 -1 0
    outer loop
      vertex -1.00491 -16.14 12.8247
      vertex -3.86505 -16.14 15.172
      vertex -4.15735 -16.14 14.7779
    endloop
  endfacet
  facet normal 0 -1 -0
    outer loop
      vertex 1.91342 -16.14 16.6194
      vertex 0.497488 -16.14 13.201
      vertex 2.35698 -16.14 16.4096
    endloop
  endfacet
  facet normal 0 -1 0
    outer loop
      vertex -1.08091 -16.14 12.7222
      vertex -4.15735 -16.14 14.7779
      vertex -4.40961 -16.14 14.357
    endloop
  endfacet
  facet normal 0 -1 0
    outer loop
      vertex 0.612815 -16.14 13.1465
      vertex 2.35698 -16.14 16.4096
      vertex 0.497488 -16.14 13.201
    endloop
  endfacet
  facet normal 0 -1 0
    outer loop
      vertex -1.1465 -16.14 12.6128
      vertex -4.40961 -16.14 14.357
      vertex -4.6194 -16.14 13.9134
    endloop
  endfacet
  facet normal 0 -1 -0
    outer loop
      vertex 2.35698 -16.14 16.4096
      vertex 0.612815 -16.14 13.1465
      vertex 2.77785 -16.14 16.1573
    endloop
  endfacet
  facet normal 0 -1 0
    outer loop
      vertex -1.20104 -16.14 12.4975
      vertex -4.6194 -16.14 13.9134
      vertex -4.7847 -16.14 13.4514
    endloop
  endfacet
  facet normal 0 -1 0
    outer loop
      vertex 0.72224 -16.14 13.0809
      vertex 2.77785 -16.14 16.1573
      vertex 0.612815 -16.14 13.1465
    endloop
  endfacet
  facet normal 0 -1 -0
    outer loop
      vertex 2.77785 -16.14 16.1573
      vertex 0.72224 -16.14 13.0809
      vertex 3.17197 -16.14 15.8651
    endloop
  endfacet
  facet normal 0 -1 0
    outer loop
      vertex -0.490086 -16.14 16.9759
      vertex -0.127421 -16.14 13.2937
      vertex 0 -16.14 13.3
    endloop
  endfacet
  facet normal 0 -1 0
    outer loop
      vertex -0.975451 -16.14 16.9039
      vertex -0.253617 -16.14 13.275
      vertex -0.127421 -16.14 13.2937
    endloop
  endfacet
  facet normal 0 -1 0
    outer loop
      vertex -1.45142 -16.14 16.7847
      vertex -0.37737 -16.14 13.244
      vertex -0.253617 -16.14 13.275
    endloop
  endfacet
  facet normal 0 -1 0
    outer loop
      vertex -1.91342 -16.14 16.6194
      vertex -0.497488 -16.14 13.201
      vertex -0.37737 -16.14 13.244
    endloop
  endfacet
  facet normal 0 -1 0
    outer loop
      vertex -2.35698 -16.14 16.4096
      vertex -0.612815 -16.14 13.1465
      vertex -0.497488 -16.14 13.201
    endloop
  endfacet
  facet normal 0 -1 0
    outer loop
      vertex -2.77785 -16.14 16.1573
      vertex -0.72224 -16.14 13.0809
      vertex -0.612815 -16.14 13.1465
    endloop
  endfacet
  facet normal 0 -1 0
    outer loop
      vertex -3.17197 -16.14 15.8651
      vertex -0.824711 -16.14 13.0049
      vertex -0.72224 -16.14 13.0809
    endloop
  endfacet
  facet normal 0 -1 0
    outer loop
      vertex -1.24402 -16.14 12.3774
      vertex -4.7847 -16.14 13.4514
      vertex -4.90393 -16.14 12.9755
    endloop
  endfacet
  facet normal 0 -1 0
    outer loop
      vertex -3.53553 -16.14 15.5355
      vertex -0.919238 -16.14 12.9192
      vertex -0.824711 -16.14 13.0049
    endloop
  endfacet
  facet normal 0 -1 0
    outer loop
      vertex -3.86505 -16.14 15.172
      vertex -1.00491 -16.14 12.8247
      vertex -0.919238 -16.14 12.9192
    endloop
  endfacet
  facet normal 0 -1 0
    outer loop
      vertex -4.15735 -16.14 14.7779
      vertex -1.08091 -16.14 12.7222
      vertex -1.00491 -16.14 12.8247
    endloop
  endfacet
  facet normal 0 -1 0
    outer loop
      vertex -4.40961 -16.14 14.357
      vertex -1.1465 -16.14 12.6128
      vertex -1.08091 -16.14 12.7222
    endloop
  endfacet
  facet normal 0 -1 0
    outer loop
      vertex -4.6194 -16.14 13.9134
      vertex -1.20104 -16.14 12.4975
      vertex -1.1465 -16.14 12.6128
    endloop
  endfacet
  facet normal 0 -1 0
    outer loop
      vertex -1.27502 -16.14 12.2536
      vertex -4.90393 -16.14 12.9755
      vertex -4.97592 -16.14 12.4901
    endloop
  endfacet
  facet normal 0 -1 0
    outer loop
      vertex -4.7847 -16.14 13.4514
      vertex -1.24402 -16.14 12.3774
      vertex -1.20104 -16.14 12.4975
    endloop
  endfacet
  facet normal 0 -1 0
    outer loop
      vertex -4.90393 -16.14 12.9755
      vertex -1.27502 -16.14 12.2536
      vertex -1.24402 -16.14 12.3774
    endloop
  endfacet
  facet normal 0 -1 0
    outer loop
      vertex -4.97592 -16.14 12.4901
      vertex -1.29374 -16.14 12.1274
      vertex -1.27502 -16.14 12.2536
    endloop
  endfacet
  facet normal 0 -1 0
    outer loop
      vertex -5 -16.14 12
      vertex -1.29374 -16.14 12.1274
      vertex -4.97592 -16.14 12.4901
    endloop
  endfacet
  facet normal 0 -1 0
    outer loop
      vertex -5 -16.14 12
      vertex -1.3 -16.14 12
      vertex -1.29374 -16.14 12.1274
    endloop
  endfacet
  facet normal 0 -1 0
    outer loop
      vertex -5 -16.14 12
      vertex -1.29374 -16.14 11.8726
      vertex -1.3 -16.14 12
    endloop
  endfacet
  facet normal 0 -1 0
    outer loop
      vertex -4.97592 -16.14 11.5099
      vertex -1.29374 -16.14 11.8726
      vertex -5 -16.14 12
    endloop
  endfacet
  facet normal 0 -1 -0
    outer loop
      vertex -1.29374 -16.14 11.8726
      vertex -4.97592 -16.14 11.5099
      vertex -1.27502 -16.14 11.7464
    endloop
  endfacet
  facet normal 0 -1 0
    outer loop
      vertex -4.90393 -16.14 11.0245
      vertex -1.27502 -16.14 11.7464
      vertex -4.97592 -16.14 11.5099
    endloop
  endfacet
  facet normal 0 -1 -0
    outer loop
      vertex -1.27502 -16.14 11.7464
      vertex -4.90393 -16.14 11.0245
      vertex -1.24402 -16.14 11.6226
    endloop
  endfacet
  facet normal 0 -1 0
    outer loop
      vertex -4.7847 -16.14 10.5486
      vertex -1.24402 -16.14 11.6226
      vertex -4.90393 -16.14 11.0245
    endloop
  endfacet
  facet normal 0 -1 -0
    outer loop
      vertex -1.24402 -16.14 11.6226
      vertex -4.7847 -16.14 10.5486
      vertex -1.20104 -16.14 11.5025
    endloop
  endfacet
  facet normal 0 -1 0
    outer loop
      vertex -4.6194 -16.14 10.0866
      vertex -1.20104 -16.14 11.5025
      vertex -4.7847 -16.14 10.5486
    endloop
  endfacet
  facet normal 0 -1 -0
    outer loop
      vertex -1.20104 -16.14 11.5025
      vertex -4.6194 -16.14 10.0866
      vertex -1.1465 -16.14 11.3872
    endloop
  endfacet
  facet normal 0 -1 0
    outer loop
      vertex -4.40961 -16.14 9.64302
      vertex -1.1465 -16.14 11.3872
      vertex -4.6194 -16.14 10.0866
    endloop
  endfacet
  facet normal 0 -1 -0
    outer loop
      vertex -1.1465 -16.14 11.3872
      vertex -4.40961 -16.14 9.64302
      vertex -1.08091 -16.14 11.2778
    endloop
  endfacet
  facet normal 0 -1 0
    outer loop
      vertex -4.15735 -16.14 9.22215
      vertex -1.08091 -16.14 11.2778
      vertex -4.40961 -16.14 9.64302
    endloop
  endfacet
  facet normal 0 -1 -0
    outer loop
      vertex -1.08091 -16.14 11.2778
      vertex -4.15735 -16.14 9.22215
      vertex -1.00491 -16.14 11.1753
    endloop
  endfacet
  facet normal 0 -1 0
    outer loop
      vertex -3.86505 -16.14 8.82803
      vertex -1.00491 -16.14 11.1753
      vertex -4.15735 -16.14 9.22215
    endloop
  endfacet
  facet normal 0 -1 -0
    outer loop
      vertex -1.00491 -16.14 11.1753
      vertex -3.86505 -16.14 8.82803
      vertex -0.919238 -16.14 11.0808
    endloop
  endfacet
  facet normal 0 -1 0
    outer loop
      vertex -3.53553 -16.14 8.46447
      vertex -0.919238 -16.14 11.0808
      vertex -3.86505 -16.14 8.82803
    endloop
  endfacet
  facet normal 0 -1 -0
    outer loop
      vertex -0.919238 -16.14 11.0808
      vertex -3.53553 -16.14 8.46447
      vertex -0.824711 -16.14 10.9951
    endloop
  endfacet
  facet normal 0 -1 -0
    outer loop
      vertex -0.824711 -16.14 10.9951
      vertex -3.17197 -16.14 8.13495
      vertex -0.72224 -16.14 10.9191
    endloop
  endfacet
  facet normal 0 -1 0
    outer loop
      vertex -3.17197 -16.14 8.13495
      vertex -0.824711 -16.14 10.9951
      vertex -3.53553 -16.14 8.46447
    endloop
  endfacet
  facet normal 0 -1 0
    outer loop
      vertex 0.824711 -16.14 13.0049
      vertex 3.17197 -16.14 15.8651
      vertex 0.72224 -16.14 13.0809
    endloop
  endfacet
  facet normal 0 -1 -0
    outer loop
      vertex 3.17197 -16.14 15.8651
      vertex 0.824711 -16.14 13.0049
      vertex 3.53553 -16.14 15.5355
    endloop
  endfacet
  facet normal 0 -1 0
    outer loop
      vertex 0.919238 -16.14 12.9192
      vertex 3.53553 -16.14 15.5355
      vertex 0.824711 -16.14 13.0049
    endloop
  endfacet
  facet normal 0 -1 -0
    outer loop
      vertex 3.53553 -16.14 15.5355
      vertex 0.919238 -16.14 12.9192
      vertex 3.86505 -16.14 15.172
    endloop
  endfacet
  facet normal 0 -1 0
    outer loop
      vertex 1.00491 -16.14 12.8247
      vertex 3.86505 -16.14 15.172
      vertex 0.919238 -16.14 12.9192
    endloop
  endfacet
  facet normal 0 -1 -0
    outer loop
      vertex 3.86505 -16.14 15.172
      vertex 1.00491 -16.14 12.8247
      vertex 4.15735 -16.14 14.7779
    endloop
  endfacet
  facet normal 0 -1 0
    outer loop
      vertex 1.08091 -16.14 12.7222
      vertex 4.15735 -16.14 14.7779
      vertex 1.00491 -16.14 12.8247
    endloop
  endfacet
  facet normal 0 -1 -0
    outer loop
      vertex 4.15735 -16.14 14.7779
      vertex 1.08091 -16.14 12.7222
      vertex 4.40961 -16.14 14.357
    endloop
  endfacet
  facet normal 0 -1 0
    outer loop
      vertex 1.1465 -16.14 12.6128
      vertex 4.40961 -16.14 14.357
      vertex 1.08091 -16.14 12.7222
    endloop
  endfacet
  facet normal 0 -1 -0
    outer loop
      vertex 4.40961 -16.14 14.357
      vertex 1.1465 -16.14 12.6128
      vertex 4.6194 -16.14 13.9134
    endloop
  endfacet
  facet normal 0 -1 0
    outer loop
      vertex 1.20104 -16.14 12.4975
      vertex 4.6194 -16.14 13.9134
      vertex 1.1465 -16.14 12.6128
    endloop
  endfacet
  facet normal 0 -1 -0
    outer loop
      vertex 4.6194 -16.14 13.9134
      vertex 1.20104 -16.14 12.4975
      vertex 4.7847 -16.14 13.4514
    endloop
  endfacet
  facet normal 0 -1 0
    outer loop
      vertex 1.24402 -16.14 12.3774
      vertex 4.7847 -16.14 13.4514
      vertex 1.20104 -16.14 12.4975
    endloop
  endfacet
  facet normal 0 -1 -0
    outer loop
      vertex 4.7847 -16.14 13.4514
      vertex 1.24402 -16.14 12.3774
      vertex 4.90393 -16.14 12.9755
    endloop
  endfacet
  facet normal 0 -1 0
    outer loop
      vertex 1.27502 -16.14 12.2536
      vertex 4.90393 -16.14 12.9755
      vertex 1.24402 -16.14 12.3774
    endloop
  endfacet
  facet normal 0 -1 -0
    outer loop
      vertex 4.90393 -16.14 12.9755
      vertex 1.27502 -16.14 12.2536
      vertex 4.97592 -16.14 12.4901
    endloop
  endfacet
  facet normal 0 -1 0
    outer loop
      vertex 1.29374 -16.14 12.1274
      vertex 4.97592 -16.14 12.4901
      vertex 1.27502 -16.14 12.2536
    endloop
  endfacet
  facet normal 0 -1 0
    outer loop
      vertex 1.3 -16.14 12
      vertex 4.97592 -16.14 12.4901
      vertex 1.29374 -16.14 12.1274
    endloop
  endfacet
  facet normal 0 -1 0
    outer loop
      vertex 1.3 -16.14 12
      vertex 5 -16.14 12
      vertex 4.97592 -16.14 12.4901
    endloop
  endfacet
  facet normal 0 -1 0
    outer loop
      vertex 1.29374 -16.14 11.8726
      vertex 5 -16.14 12
      vertex 1.3 -16.14 12
    endloop
  endfacet
  facet normal 0 -1 0
    outer loop
      vertex 4.97592 -16.14 11.5099
      vertex 1.29374 -16.14 11.8726
      vertex 1.27502 -16.14 11.7464
    endloop
  endfacet
  facet normal 0 -1 0
    outer loop
      vertex 4.90393 -16.14 11.0245
      vertex 1.27502 -16.14 11.7464
      vertex 1.24402 -16.14 11.6226
    endloop
  endfacet
  facet normal 0 -1 0
    outer loop
      vertex 1.29374 -16.14 11.8726
      vertex 4.97592 -16.14 11.5099
      vertex 5 -16.14 12
    endloop
  endfacet
  facet normal 0 -1 0
    outer loop
      vertex 4.7847 -16.14 10.5486
      vertex 1.24402 -16.14 11.6226
      vertex 1.20104 -16.14 11.5025
    endloop
  endfacet
  facet normal 0 -1 0
    outer loop
      vertex 4.6194 -16.14 10.0866
      vertex 1.20104 -16.14 11.5025
      vertex 1.1465 -16.14 11.3872
    endloop
  endfacet
  facet normal 0 -1 0
    outer loop
      vertex 4.40961 -16.14 9.64302
      vertex 1.1465 -16.14 11.3872
      vertex 1.08091 -16.14 11.2778
    endloop
  endfacet
  facet normal 0 -1 0
    outer loop
      vertex 4.15735 -16.14 9.22215
      vertex 1.08091 -16.14 11.2778
      vertex 1.00491 -16.14 11.1753
    endloop
  endfacet
  facet normal 0 -1 0
    outer loop
      vertex 3.86505 -16.14 8.82803
      vertex 1.00491 -16.14 11.1753
      vertex 0.919238 -16.14 11.0808
    endloop
  endfacet
  facet normal 0 -1 0
    outer loop
      vertex 1.27502 -16.14 11.7464
      vertex 4.90393 -16.14 11.0245
      vertex 4.97592 -16.14 11.5099
    endloop
  endfacet
  facet normal 0 -1 0
    outer loop
      vertex 3.53553 -16.14 8.46447
      vertex 0.919238 -16.14 11.0808
      vertex 0.824711 -16.14 10.9951
    endloop
  endfacet
  facet normal 0 -1 0
    outer loop
      vertex 3.17197 -16.14 8.13495
      vertex 0.824711 -16.14 10.9951
      vertex 0.72224 -16.14 10.9191
    endloop
  endfacet
  facet normal 0 -1 0
    outer loop
      vertex 2.77785 -16.14 7.84265
      vertex 0.72224 -16.14 10.9191
      vertex 0.612815 -16.14 10.8535
    endloop
  endfacet
  facet normal 0 -1 0
    outer loop
      vertex 2.35698 -16.14 7.59039
      vertex 0.612815 -16.14 10.8535
      vertex 0.497488 -16.14 10.799
    endloop
  endfacet
  facet normal 0 -1 0
    outer loop
      vertex 1.91342 -16.14 7.3806
      vertex 0.497488 -16.14 10.799
      vertex 0.37737 -16.14 10.756
    endloop
  endfacet
  facet normal 0 -1 0
    outer loop
      vertex 1.45142 -16.14 7.2153
      vertex 0.37737 -16.14 10.756
      vertex 0.253617 -16.14 10.725
    endloop
  endfacet
  facet normal 0 -1 0
    outer loop
      vertex 0.975451 -16.14 7.09607
      vertex 0.253617 -16.14 10.725
      vertex 0.127421 -16.14 10.7063
    endloop
  endfacet
  facet normal 0 -1 0
    outer loop
      vertex 1.24402 -16.14 11.6226
      vertex 4.7847 -16.14 10.5486
      vertex 4.90393 -16.14 11.0245
    endloop
  endfacet
  facet normal 0 -1 0
    outer loop
      vertex 0.490086 -16.14 7.02408
      vertex 0.127421 -16.14 10.7063
      vertex 0 -16.14 10.7
    endloop
  endfacet
  facet normal 0 -1 0
    outer loop
      vertex -2.77785 -16.14 7.84265
      vertex -0.72224 -16.14 10.9191
      vertex -3.17197 -16.14 8.13495
    endloop
  endfacet
  facet normal 0 -1 -0
    outer loop
      vertex -0.72224 -16.14 10.9191
      vertex -2.77785 -16.14 7.84265
      vertex -0.612815 -16.14 10.8535
    endloop
  endfacet
  facet normal 0 -1 0
    outer loop
      vertex 1.20104 -16.14 11.5025
      vertex 4.6194 -16.14 10.0866
      vertex 4.7847 -16.14 10.5486
    endloop
  endfacet
  facet normal 0 -1 0
    outer loop
      vertex -2.35698 -16.14 7.59039
      vertex -0.612815 -16.14 10.8535
      vertex -2.77785 -16.14 7.84265
    endloop
  endfacet
  facet normal 0 -1 0
    outer loop
      vertex 1.1465 -16.14 11.3872
      vertex 4.40961 -16.14 9.64302
      vertex 4.6194 -16.14 10.0866
    endloop
  endfacet
  facet normal 0 -1 -0
    outer loop
      vertex -0.612815 -16.14 10.8535
      vertex -2.35698 -16.14 7.59039
      vertex -0.497488 -16.14 10.799
    endloop
  endfacet
  facet normal 0 -1 0
    outer loop
      vertex 1.08091 -16.14 11.2778
      vertex 4.15735 -16.14 9.22215
      vertex 4.40961 -16.14 9.64302
    endloop
  endfacet
  facet normal 0 -1 0
    outer loop
      vertex -1.91342 -16.14 7.3806
      vertex -0.497488 -16.14 10.799
      vertex -2.35698 -16.14 7.59039
    endloop
  endfacet
  facet normal 0 -1 0
    outer loop
      vertex 1.00491 -16.14 11.1753
      vertex 3.86505 -16.14 8.82803
      vertex 4.15735 -16.14 9.22215
    endloop
  endfacet
  facet normal 0 -1 -0
    outer loop
      vertex -0.497488 -16.14 10.799
      vertex -1.91342 -16.14 7.3806
      vertex -0.37737 -16.14 10.756
    endloop
  endfacet
  facet normal 0 -1 0
    outer loop
      vertex 0.919238 -16.14 11.0808
      vertex 3.53553 -16.14 8.46447
      vertex 3.86505 -16.14 8.82803
    endloop
  endfacet
  facet normal 0 -1 0
    outer loop
      vertex -1.45142 -16.14 7.2153
      vertex -0.37737 -16.14 10.756
      vertex -1.91342 -16.14 7.3806
    endloop
  endfacet
  facet normal 0 -1 0
    outer loop
      vertex 0.824711 -16.14 10.9951
      vertex 3.17197 -16.14 8.13495
      vertex 3.53553 -16.14 8.46447
    endloop
  endfacet
  facet normal 0 -1 -0
    outer loop
      vertex -0.37737 -16.14 10.756
      vertex -1.45142 -16.14 7.2153
      vertex -0.253617 -16.14 10.725
    endloop
  endfacet
  facet normal 0 -1 0
    outer loop
      vertex 0.72224 -16.14 10.9191
      vertex 2.77785 -16.14 7.84265
      vertex 3.17197 -16.14 8.13495
    endloop
  endfacet
  facet normal 0 -1 0
    outer loop
      vertex -0.975451 -16.14 7.09607
      vertex -0.253617 -16.14 10.725
      vertex -1.45142 -16.14 7.2153
    endloop
  endfacet
  facet normal 0 -1 0
    outer loop
      vertex 0.612815 -16.14 10.8535
      vertex 2.35698 -16.14 7.59039
      vertex 2.77785 -16.14 7.84265
    endloop
  endfacet
  facet normal 0 -1 -0
    outer loop
      vertex -0.253617 -16.14 10.725
      vertex -0.975451 -16.14 7.09607
      vertex -0.127421 -16.14 10.7063
    endloop
  endfacet
  facet normal 0 -1 0
    outer loop
      vertex 0.497488 -16.14 10.799
      vertex 1.91342 -16.14 7.3806
      vertex 2.35698 -16.14 7.59039
    endloop
  endfacet
  facet normal 0 -1 0
    outer loop
      vertex -0.490086 -16.14 7.02408
      vertex -0.127421 -16.14 10.7063
      vertex -0.975451 -16.14 7.09607
    endloop
  endfacet
  facet normal 0 -1 0
    outer loop
      vertex 0.37737 -16.14 10.756
      vertex 1.45142 -16.14 7.2153
      vertex 1.91342 -16.14 7.3806
    endloop
  endfacet
  facet normal 0 -1 -0
    outer loop
      vertex -0.127421 -16.14 10.7063
      vertex -0.490086 -16.14 7.02408
      vertex 0 -16.14 10.7
    endloop
  endfacet
  facet normal 0 -1 0
    outer loop
      vertex 0.253617 -16.14 10.725
      vertex 0.975451 -16.14 7.09607
      vertex 1.45142 -16.14 7.2153
    endloop
  endfacet
  facet normal 0 -1 0
    outer loop
      vertex 0 -16.14 7
      vertex 0 -16.14 10.7
      vertex -0.490086 -16.14 7.02408
    endloop
  endfacet
  facet normal 0 -1 0
    outer loop
      vertex 0.127421 -16.14 10.7063
      vertex 0.490086 -16.14 7.02408
      vertex 0.975451 -16.14 7.09607
    endloop
  endfacet
  facet normal 0 -1 0
    outer loop
      vertex 0 -16.14 10.7
      vertex 0 -16.14 7
      vertex 0.490086 -16.14 7.02408
    endloop
  endfacet
  facet normal -0.146716 0 -0.989179
    outer loop
      vertex -0.975451 -16.14 7.09607
      vertex -0.490086 -14.65 7.02408
      vertex -0.490086 -16.14 7.02408
    endloop
  endfacet
  facet normal -0.146716 0 -0.989179
    outer loop
      vertex -0.490086 -14.65 7.02408
      vertex -0.975451 -16.14 7.09607
      vertex -0.975451 -14.65 7.09607
    endloop
  endfacet
  facet normal -0.336879 0 -0.941548
    outer loop
      vertex -1.91342 -16.14 7.3806
      vertex -1.45142 -14.65 7.2153
      vertex -1.45142 -16.14 7.2153
    endloop
  endfacet
  facet normal -0.336879 0 -0.941548
    outer loop
      vertex -1.45142 -14.65 7.2153
      vertex -1.91342 -16.14 7.3806
      vertex -1.91342 -14.65 7.3806
    endloop
  endfacet
  facet normal -0.803207 0 -0.5957
    outer loop
      vertex -3.86505 -16.14 8.82803
      vertex -4.15735 -14.65 9.22215
      vertex -3.86505 -14.65 8.82803
    endloop
  endfacet
  facet normal -0.803207 -0 -0.5957
    outer loop
      vertex -4.15735 -14.65 9.22215
      vertex -3.86505 -16.14 8.82803
      vertex -4.15735 -16.14 9.22215
    endloop
  endfacet
  facet normal -0.903995 0 -0.427542
    outer loop
      vertex -4.40961 -16.14 9.64302
      vertex -4.6194 -14.65 10.0866
      vertex -4.40961 -14.65 9.64302
    endloop
  endfacet
  facet normal -0.903995 -0 -0.427542
    outer loop
      vertex -4.6194 -14.65 10.0866
      vertex -4.40961 -16.14 9.64302
      vertex -4.6194 -16.14 10.0866
    endloop
  endfacet
  facet normal -0.97002 0 -0.243025
    outer loop
      vertex -4.7847 -16.14 10.5486
      vertex -4.90393 -14.65 11.0245
      vertex -4.7847 -14.65 10.5486
    endloop
  endfacet
  facet normal -0.97002 -0 -0.243025
    outer loop
      vertex -4.90393 -14.65 11.0245
      vertex -4.7847 -16.14 10.5486
      vertex -4.90393 -16.14 11.0245
    endloop
  endfacet
  facet normal -0.998795 0 -0.0490736
    outer loop
      vertex -4.97592 -16.14 11.5099
      vertex -5 -14.65 12
      vertex -4.97592 -14.65 11.5099
    endloop
  endfacet
  facet normal -0.998795 -0 -0.0490736
    outer loop
      vertex -5 -14.65 12
      vertex -4.97592 -16.14 11.5099
      vertex -5 -16.14 12
    endloop
  endfacet
  facet normal -0.98918 0 -0.146706
    outer loop
      vertex -4.90393 -16.14 11.0245
      vertex -4.97592 -14.65 11.5099
      vertex -4.90393 -14.65 11.0245
    endloop
  endfacet
  facet normal -0.98918 -0 -0.146706
    outer loop
      vertex -4.97592 -14.65 11.5099
      vertex -4.90393 -16.14 11.0245
      vertex -4.97592 -16.14 11.5099
    endloop
  endfacet
  facet normal 0.941541 0 0.3369
    outer loop
      vertex 4.6194 -14.65 13.9134
      vertex 4.73154 -15.65 13.6
      vertex 4.73154 -14.65 13.6
    endloop
  endfacet
  facet normal 0.941541 -0 0.3369
    outer loop
      vertex 4.6194 -16.14 13.9134
      vertex 4.73154 -15.65 13.6
      vertex 4.6194 -14.65 13.9134
    endloop
  endfacet
  facet normal 0.941548 -1.52225e-05 0.336879
    outer loop
      vertex 4.7847 -16.14 13.4514
      vertex 4.73154 -15.65 13.6
      vertex 4.6194 -16.14 13.9134
    endloop
  endfacet
  facet normal 0.941564 0 0.336834
    outer loop
      vertex 4.73154 -15.65 13.6
      vertex 4.7847 -16.14 13.4514
      vertex 4.7847 -15.65 13.4514
    endloop
  endfacet
  facet normal 0.904003 -0 0.427526
    outer loop
      vertex 4.40961 -16.14 14.357
      vertex 4.6194 -14.65 13.9134
      vertex 4.40961 -14.65 14.357
    endloop
  endfacet
  facet normal 0.904003 0 0.427526
    outer loop
      vertex 4.6194 -14.65 13.9134
      vertex 4.40961 -16.14 14.357
      vertex 4.6194 -16.14 13.9134
    endloop
  endfacet
  facet normal 0.857745 -0 0.514076
    outer loop
      vertex 4.15735 -16.14 14.7779
      vertex 4.40961 -14.65 14.357
      vertex 4.15735 -14.65 14.7779
    endloop
  endfacet
  facet normal 0.857745 0 0.514076
    outer loop
      vertex 4.40961 -14.65 14.357
      vertex 4.15735 -16.14 14.7779
      vertex 4.40961 -16.14 14.357
    endloop
  endfacet
  facet normal 0.336879 0 0.941548
    outer loop
      vertex 1.45142 -14.65 16.7847
      vertex 1.91342 -16.14 16.6194
      vertex 1.91342 -14.65 16.6194
    endloop
  endfacet
  facet normal 0.336879 0 0.941548
    outer loop
      vertex 1.91342 -16.14 16.6194
      vertex 1.45142 -14.65 16.7847
      vertex 1.45142 -16.14 16.7847
    endloop
  endfacet
  facet normal 0.0491157 0 0.998793
    outer loop
      vertex 0 -14.65 17
      vertex 0.490086 -16.14 16.9759
      vertex 0.490086 -14.65 16.9759
    endloop
  endfacet
  facet normal 0.0491157 0 0.998793
    outer loop
      vertex 0.490086 -16.14 16.9759
      vertex 0 -14.65 17
      vertex 0 -16.14 17
    endloop
  endfacet
  facet normal 0.970021 0 -0.243019
    outer loop
      vertex 4.90393 -14.65 11.0245
      vertex 4.79758 -15.65 10.6
      vertex 4.79758 -14.65 10.6
    endloop
  endfacet
  facet normal 0.970021 0 -0.243019
    outer loop
      vertex 4.90393 -16.14 11.0245
      vertex 4.79758 -15.65 10.6
      vertex 4.90393 -14.65 11.0245
    endloop
  endfacet
  facet normal 0.97002 -4.86693e-06 -0.243025
    outer loop
      vertex 4.7847 -16.14 10.5486
      vertex 4.79758 -15.65 10.6
      vertex 4.90393 -16.14 11.0245
    endloop
  endfacet
  facet normal 0.970009 0 -0.243068
    outer loop
      vertex 4.79758 -15.65 10.6
      vertex 4.7847 -16.14 10.5486
      vertex 4.7847 -15.65 10.5486
    endloop
  endfacet
  facet normal 0.857728 0 -0.514103
    outer loop
      vertex 4.40961 -16.14 9.64302
      vertex 4.15735 -15.65 9.22215
      vertex 4.40961 -15.65 9.64302
    endloop
  endfacet
  facet normal 0.857728 0 -0.514103
    outer loop
      vertex 4.15735 -15.65 9.22215
      vertex 4.40961 -16.14 9.64302
      vertex 4.15735 -16.14 9.22215
    endloop
  endfacet
  facet normal 0.903995 0 -0.427542
    outer loop
      vertex 4.6194 -16.14 10.0866
      vertex 4.40961 -15.65 9.64302
      vertex 4.6194 -15.65 10.0866
    endloop
  endfacet
  facet normal 0.903995 0 -0.427542
    outer loop
      vertex 4.40961 -15.65 9.64302
      vertex 4.6194 -16.14 10.0866
      vertex 4.40961 -16.14 9.64302
    endloop
  endfacet
  facet normal 0.514103 0 -0.857728
    outer loop
      vertex 2.35698 -16.14 7.59039
      vertex 2.77785 -14.65 7.84265
      vertex 2.77785 -16.14 7.84265
    endloop
  endfacet
  facet normal 0.514103 0 -0.857728
    outer loop
      vertex 2.77785 -14.65 7.84265
      vertex 2.35698 -16.14 7.59039
      vertex 2.35698 -14.65 7.59039
    endloop
  endfacet
  facet normal 0.146716 0 -0.989179
    outer loop
      vertex 0.490086 -16.14 7.02408
      vertex 0.975451 -14.65 7.09607
      vertex 0.975451 -16.14 7.09607
    endloop
  endfacet
  facet normal 0.146716 0 -0.989179
    outer loop
      vertex 0.975451 -14.65 7.09607
      vertex 0.490086 -16.14 7.02408
      vertex 0.490086 -14.65 7.02408
    endloop
  endfacet
  facet normal 0.242992 0 -0.970028
    outer loop
      vertex 0.975451 -16.14 7.09607
      vertex 1.45142 -14.65 7.2153
      vertex 1.45142 -16.14 7.2153
    endloop
  endfacet
  facet normal 0.242992 0 -0.970028
    outer loop
      vertex 1.45142 -14.65 7.2153
      vertex 0.975451 -16.14 7.09607
      vertex 0.975451 -14.65 7.09607
    endloop
  endfacet
  facet normal 0.336879 0 -0.941548
    outer loop
      vertex 1.45142 -16.14 7.2153
      vertex 1.91342 -14.65 7.3806
      vertex 1.91342 -16.14 7.3806
    endloop
  endfacet
  facet normal 0.336879 0 -0.941548
    outer loop
      vertex 1.91342 -14.65 7.3806
      vertex 1.45142 -16.14 7.2153
      vertex 1.45142 -14.65 7.2153
    endloop
  endfacet
  facet normal 0.427575 0 0.90398
    outer loop
      vertex 1.91342 -14.65 16.6194
      vertex 2.35698 -16.14 16.4096
      vertex 2.35698 -14.65 16.4096
    endloop
  endfacet
  facet normal 0.427575 0 0.90398
    outer loop
      vertex 2.35698 -16.14 16.4096
      vertex 1.91342 -14.65 16.6194
      vertex 1.91342 -16.14 16.6194
    endloop
  endfacet
  facet normal 0 0 -1
    outer loop
      vertex -14.5 -5.5 3.5
      vertex -14.55 0 3.5
      vertex -14.5 5.5 3.5
    endloop
  endfacet
  facet normal 0 0 -1
    outer loop
      vertex -14.5 -5.5 3.5
      vertex -14.5652 -0.308754 3.5
      vertex -14.55 0 3.5
    endloop
  endfacet
  facet normal 0 0 -1
    outer loop
      vertex -14.5 -5.5 3.5
      vertex -14.6105 -0.614534 3.5
      vertex -14.5652 -0.308754 3.5
    endloop
  endfacet
  facet normal 0 0 -1
    outer loop
      vertex -14.5 -5.5 3.5
      vertex -14.6856 -0.914396 3.5
      vertex -14.6105 -0.614534 3.5
    endloop
  endfacet
  facet normal 0 0 -1
    outer loop
      vertex -14.5 -5.5 3.5
      vertex -14.7898 -1.20545 3.5
      vertex -14.6856 -0.914396 3.5
    endloop
  endfacet
  facet normal 0 0 -1
    outer loop
      vertex -14.5 -5.5 3.5
      vertex -14.9219 -1.4849 3.5
      vertex -14.7898 -1.20545 3.5
    endloop
  endfacet
  facet normal 0 0 -1
    outer loop
      vertex -14.5 -5.5 3.5
      vertex -15.0809 -1.75005 3.5
      vertex -14.9219 -1.4849 3.5
    endloop
  endfacet
  facet normal 0 0 -1
    outer loop
      vertex -14.5 -5.5 3.5
      vertex -15.265 -1.99834 3.5
      vertex -15.0809 -1.75005 3.5
    endloop
  endfacet
  facet normal 0 0 -1
    outer loop
      vertex -14.5 -5.5 3.5
      vertex -15.4726 -2.22739 3.5
      vertex -15.265 -1.99834 3.5
    endloop
  endfacet
  facet normal 0 0 -1
    outer loop
      vertex -14.5 -5.5 3.5
      vertex -15.7017 -2.43498 3.5
      vertex -15.4726 -2.22739 3.5
    endloop
  endfacet
  facet normal 0 0 -1
    outer loop
      vertex -14.5 -5.5 3.5
      vertex -15.95 -2.61913 3.5
      vertex -15.7017 -2.43498 3.5
    endloop
  endfacet
  facet normal 0 0 -1
    outer loop
      vertex -14.5 -5.5 3.5
      vertex -16.2151 -2.77805 3.5
      vertex -15.95 -2.61913 3.5
    endloop
  endfacet
  facet normal 0 0 -1
    outer loop
      vertex -14.5 -5.5 3.5
      vertex -16.4945 -2.91022 3.5
      vertex -16.2151 -2.77805 3.5
    endloop
  endfacet
  facet normal 0 0 -1
    outer loop
      vertex -14.5 -5.5 3.5
      vertex -16.7856 -3.01436 3.5
      vertex -16.4945 -2.91022 3.5
    endloop
  endfacet
  facet normal 0 0 -1
    outer loop
      vertex -14.5 -5.5 3.5
      vertex -17.0855 -3.08947 3.5
      vertex -16.7856 -3.01436 3.5
    endloop
  endfacet
  facet normal 0 0 -1
    outer loop
      vertex -14.5 -5.5 3.5
      vertex -17.3912 -3.13483 3.5
      vertex -17.0855 -3.08947 3.5
    endloop
  endfacet
  facet normal 0 0 -1
    outer loop
      vertex -14.5 -5.5 3.5
      vertex -17.7 -3.15 3.5
      vertex -17.3912 -3.13483 3.5
    endloop
  endfacet
  facet normal 0 0 -1
    outer loop
      vertex -20.75 -5.5 3.5
      vertex -17.7 -3.15 3.5
      vertex -14.5 -5.5 3.5
    endloop
  endfacet
  facet normal -0 0 -1
    outer loop
      vertex -17.7 -3.15 3.5
      vertex -20.75 -5.5 3.5
      vertex -18.0088 -3.13483 3.5
    endloop
  endfacet
  facet normal -0 0 -1
    outer loop
      vertex -18.0088 -3.13483 3.5
      vertex -20.75 -5.5 3.5
      vertex -18.3145 -3.08947 3.5
    endloop
  endfacet
  facet normal -0 0 -1
    outer loop
      vertex -18.3145 -3.08947 3.5
      vertex -20.75 -5.5 3.5
      vertex -18.6144 -3.01436 3.5
    endloop
  endfacet
  facet normal -0 0 -1
    outer loop
      vertex -18.6144 -3.01436 3.5
      vertex -20.75 -5.5 3.5
      vertex -18.9055 -2.91022 3.5
    endloop
  endfacet
  facet normal -0 0 -1
    outer loop
      vertex -18.9055 -2.91022 3.5
      vertex -20.75 -5.5 3.5
      vertex -19.1849 -2.77805 3.5
    endloop
  endfacet
  facet normal 0 0 -1
    outer loop
      vertex -20.75 -5.5 3.5
      vertex -19.45 -2.61913 3.5
      vertex -19.1849 -2.77805 3.5
    endloop
  endfacet
  facet normal 0 0 -1
    outer loop
      vertex -20.75 -5.5 3.5
      vertex -19.6983 -2.43498 3.5
      vertex -19.45 -2.61913 3.5
    endloop
  endfacet
  facet normal 0 0 -1
    outer loop
      vertex -20.75 -5.5 3.5
      vertex -19.9274 -2.22739 3.5
      vertex -19.6983 -2.43498 3.5
    endloop
  endfacet
  facet normal 0 0 -1
    outer loop
      vertex -20.75 -5.5 3.5
      vertex -20.135 -1.99834 3.5
      vertex -19.9274 -2.22739 3.5
    endloop
  endfacet
  facet normal 0 0 -1
    outer loop
      vertex -20.75 -5.5 3.5
      vertex -20.3191 -1.75005 3.5
      vertex -20.135 -1.99834 3.5
    endloop
  endfacet
  facet normal 0 0 -1
    outer loop
      vertex -20.75 -5.5 3.5
      vertex -20.4781 -1.4849 3.5
      vertex -20.3191 -1.75005 3.5
    endloop
  endfacet
  facet normal 0 0 -1
    outer loop
      vertex -20.75 -5.5 3.5
      vertex -20.6102 -1.20545 3.5
      vertex -20.4781 -1.4849 3.5
    endloop
  endfacet
  facet normal 0 0 -1
    outer loop
      vertex -20.75 -5.5 3.5
      vertex -20.7144 -0.914396 3.5
      vertex -20.6102 -1.20545 3.5
    endloop
  endfacet
  facet normal -0 0 -1
    outer loop
      vertex -20.7144 -0.914396 3.5
      vertex -20.75 -5.5 3.5
      vertex -20.75 -0.77212 3.5
    endloop
  endfacet
  facet normal 0 0 -1
    outer loop
      vertex -14.5652 0.308754 3.5
      vertex -14.5 5.5 3.5
      vertex -14.55 0 3.5
    endloop
  endfacet
  facet normal 0 0 -1
    outer loop
      vertex -14.6105 0.614534 3.5
      vertex -14.5 5.5 3.5
      vertex -14.5652 0.308754 3.5
    endloop
  endfacet
  facet normal 0 0 -1
    outer loop
      vertex -14.6856 0.914396 3.5
      vertex -14.5 5.5 3.5
      vertex -14.6105 0.614534 3.5
    endloop
  endfacet
  facet normal 0 0 -1
    outer loop
      vertex -14.7898 1.20545 3.5
      vertex -14.5 5.5 3.5
      vertex -14.6856 0.914396 3.5
    endloop
  endfacet
  facet normal 0 0 -1
    outer loop
      vertex -14.9219 1.4849 3.5
      vertex -14.5 5.5 3.5
      vertex -14.7898 1.20545 3.5
    endloop
  endfacet
  facet normal 0 0 -1
    outer loop
      vertex -15.0809 1.75005 3.5
      vertex -14.5 5.5 3.5
      vertex -14.9219 1.4849 3.5
    endloop
  endfacet
  facet normal 0 0 -1
    outer loop
      vertex -15.265 1.99834 3.5
      vertex -14.5 5.5 3.5
      vertex -15.0809 1.75005 3.5
    endloop
  endfacet
  facet normal 0 0 -1
    outer loop
      vertex -15.4726 2.22739 3.5
      vertex -14.5 5.5 3.5
      vertex -15.265 1.99834 3.5
    endloop
  endfacet
  facet normal 0 0 -1
    outer loop
      vertex -15.7017 2.43498 3.5
      vertex -14.5 5.5 3.5
      vertex -15.4726 2.22739 3.5
    endloop
  endfacet
  facet normal 0 0 -1
    outer loop
      vertex -15.95 2.61913 3.5
      vertex -14.5 5.5 3.5
      vertex -15.7017 2.43498 3.5
    endloop
  endfacet
  facet normal 0 0 -1
    outer loop
      vertex -16.2151 2.77805 3.5
      vertex -14.5 5.5 3.5
      vertex -15.95 2.61913 3.5
    endloop
  endfacet
  facet normal 0 0 -1
    outer loop
      vertex -16.4945 2.91022 3.5
      vertex -14.5 5.5 3.5
      vertex -16.2151 2.77805 3.5
    endloop
  endfacet
  facet normal 0 0 -1
    outer loop
      vertex -16.7856 3.01436 3.5
      vertex -14.5 5.5 3.5
      vertex -16.4945 2.91022 3.5
    endloop
  endfacet
  facet normal 0 0 -1
    outer loop
      vertex -17.0855 3.08947 3.5
      vertex -14.5 5.5 3.5
      vertex -16.7856 3.01436 3.5
    endloop
  endfacet
  facet normal 0 0 -1
    outer loop
      vertex -17.3912 3.13483 3.5
      vertex -14.5 5.5 3.5
      vertex -17.0855 3.08947 3.5
    endloop
  endfacet
  facet normal 0 0 -1
    outer loop
      vertex -17.7 3.15 3.5
      vertex -14.5 5.5 3.5
      vertex -17.3912 3.13483 3.5
    endloop
  endfacet
  facet normal 0 0 -1
    outer loop
      vertex -20.75 5.5 3.5
      vertex -17.7 3.15 3.5
      vertex -18.0088 3.13483 3.5
    endloop
  endfacet
  facet normal 0 0 -1
    outer loop
      vertex -20.75 5.5 3.5
      vertex -18.0088 3.13483 3.5
      vertex -18.3145 3.08947 3.5
    endloop
  endfacet
  facet normal 0 0 -1
    outer loop
      vertex -20.75 5.5 3.5
      vertex -18.3145 3.08947 3.5
      vertex -18.6144 3.01436 3.5
    endloop
  endfacet
  facet normal 0 0 -1
    outer loop
      vertex -20.75 5.5 3.5
      vertex -18.6144 3.01436 3.5
      vertex -18.9055 2.91022 3.5
    endloop
  endfacet
  facet normal 0 0 -1
    outer loop
      vertex -20.75 5.5 3.5
      vertex -18.9055 2.91022 3.5
      vertex -19.1849 2.77805 3.5
    endloop
  endfacet
  facet normal 0 0 -1
    outer loop
      vertex -17.7 3.15 3.5
      vertex -20.75 5.5 3.5
      vertex -14.5 5.5 3.5
    endloop
  endfacet
  facet normal 0 0 -1
    outer loop
      vertex -19.45 2.61913 3.5
      vertex -20.75 5.5 3.5
      vertex -19.1849 2.77805 3.5
    endloop
  endfacet
  facet normal 0 0 -1
    outer loop
      vertex -19.6983 2.43498 3.5
      vertex -20.75 5.5 3.5
      vertex -19.45 2.61913 3.5
    endloop
  endfacet
  facet normal 0 0 -1
    outer loop
      vertex -19.9274 2.22739 3.5
      vertex -20.75 5.5 3.5
      vertex -19.6983 2.43498 3.5
    endloop
  endfacet
  facet normal 0 0 -1
    outer loop
      vertex -20.135 1.99834 3.5
      vertex -20.75 5.5 3.5
      vertex -19.9274 2.22739 3.5
    endloop
  endfacet
  facet normal 0 0 -1
    outer loop
      vertex -20.3191 1.75005 3.5
      vertex -20.75 5.5 3.5
      vertex -20.135 1.99834 3.5
    endloop
  endfacet
  facet normal 0 0 -1
    outer loop
      vertex -20.4781 1.4849 3.5
      vertex -20.75 5.5 3.5
      vertex -20.3191 1.75005 3.5
    endloop
  endfacet
  facet normal 0 0 -1
    outer loop
      vertex -20.6102 1.20545 3.5
      vertex -20.75 5.5 3.5
      vertex -20.4781 1.4849 3.5
    endloop
  endfacet
  facet normal 0 0 -1
    outer loop
      vertex -20.7144 0.914396 3.5
      vertex -20.75 5.5 3.5
      vertex -20.6102 1.20545 3.5
    endloop
  endfacet
  facet normal 0 0 -1
    outer loop
      vertex -20.75 5.5 3.5
      vertex -20.7144 0.914396 3.5
      vertex -20.75 0.77212 3.5
    endloop
  endfacet
  facet normal -1 0 0
    outer loop
      vertex -20.75 -5.5 3.5
      vertex -20.75 -0.77212 10.0885
      vertex -20.75 -0.77212 3.5
    endloop
  endfacet
  facet normal -1 -0 0
    outer loop
      vertex -20.75 -0.77212 10.0885
      vertex -20.75 -5.5 3.5
      vertex -20.75 -0.808394 10.1652
    endloop
  endfacet
  facet normal -1 -0 0
    outer loop
      vertex -20.75 -0.808394 10.1652
      vertex -20.75 -5.5 3.5
      vertex -20.75 -0.837322 10.246
    endloop
  endfacet
  facet normal -1 -0 0
    outer loop
      vertex -20.75 -0.837322 10.246
      vertex -20.75 -5.5 3.5
      vertex -20.75 -0.858187 10.3293
    endloop
  endfacet
  facet normal -1 -0 0
    outer loop
      vertex -20.75 -0.858187 10.3293
      vertex -20.75 -5.5 3.5
      vertex -20.75 -0.870786 10.4142
    endloop
  endfacet
  facet normal -1 -0 0
    outer loop
      vertex -20.75 -0.870786 10.4142
      vertex -20.75 -5.5 3.5
      vertex -20.75 -0.875 10.5
    endloop
  endfacet
  facet normal -1 0 0
    outer loop
      vertex -20.75 -5.5 17.5
      vertex -20.75 -0.77212 10.9115
      vertex -20.75 -0.808394 10.8348
    endloop
  endfacet
  facet normal -1 0 0
    outer loop
      vertex -20.75 -5.5 17.5
      vertex -20.75 -0.808394 10.8348
      vertex -20.75 -0.837322 10.754
    endloop
  endfacet
  facet normal -1 0 0
    outer loop
      vertex -20.75 -5.5 17.5
      vertex -20.75 -0.837322 10.754
      vertex -20.75 -0.858187 10.6707
    endloop
  endfacet
  facet normal -1 0 0
    outer loop
      vertex -20.75 -5.5 17.5
      vertex -20.75 -0.858187 10.6707
      vertex -20.75 -0.870786 10.5858
    endloop
  endfacet
  facet normal -1 0 0
    outer loop
      vertex -20.75 -5.5 17.5
      vertex -20.75 -0.870786 10.5858
      vertex -20.75 -0.875 10.5
    endloop
  endfacet
  facet normal -1 0 0
    outer loop
      vertex -20.75 -5.5 17.5
      vertex -20.75 -0.875 10.5
      vertex -20.75 -5.5 3.5
    endloop
  endfacet
  facet normal -1 0 0
    outer loop
      vertex -20.75 -0.77212 10.9115
      vertex -20.75 -5.5 17.5
      vertex -20.75 -0.77212 17.5
    endloop
  endfacet
  facet normal -1 0 0
    outer loop
      vertex -20.75 5.5 3.5
      vertex -20.75 0.875 10.5
      vertex -20.75 5.5 17.5
    endloop
  endfacet
  facet normal -1 0 0
    outer loop
      vertex -20.75 5.5 3.5
      vertex -20.75 0.870786 10.4142
      vertex -20.75 0.875 10.5
    endloop
  endfacet
  facet normal -1 0 0
    outer loop
      vertex -20.75 5.5 3.5
      vertex -20.75 0.858187 10.3293
      vertex -20.75 0.870786 10.4142
    endloop
  endfacet
  facet normal -1 0 0
    outer loop
      vertex -20.75 5.5 3.5
      vertex -20.75 0.837322 10.246
      vertex -20.75 0.858187 10.3293
    endloop
  endfacet
  facet normal -1 0 0
    outer loop
      vertex -20.75 5.5 3.5
      vertex -20.75 0.808394 10.1652
      vertex -20.75 0.837322 10.246
    endloop
  endfacet
  facet normal -1 0 0
    outer loop
      vertex -20.75 0.77212 10.0885
      vertex -20.75 5.5 3.5
      vertex -20.75 0.77212 3.5
    endloop
  endfacet
  facet normal -1 0 0
    outer loop
      vertex -20.75 5.5 3.5
      vertex -20.75 0.77212 10.0885
      vertex -20.75 0.808394 10.1652
    endloop
  endfacet
  facet normal -1 0 0
    outer loop
      vertex -20.75 0.870786 10.5858
      vertex -20.75 5.5 17.5
      vertex -20.75 0.875 10.5
    endloop
  endfacet
  facet normal -1 0 0
    outer loop
      vertex -20.75 0.858187 10.6707
      vertex -20.75 5.5 17.5
      vertex -20.75 0.870786 10.5858
    endloop
  endfacet
  facet normal -1 0 0
    outer loop
      vertex -20.75 0.837322 10.754
      vertex -20.75 5.5 17.5
      vertex -20.75 0.858187 10.6707
    endloop
  endfacet
  facet normal -1 0 0
    outer loop
      vertex -20.75 0.808394 10.8348
      vertex -20.75 5.5 17.5
      vertex -20.75 0.837322 10.754
    endloop
  endfacet
  facet normal -1 0 0
    outer loop
      vertex -20.75 0.77212 10.9115
      vertex -20.75 5.5 17.5
      vertex -20.75 0.808394 10.8348
    endloop
  endfacet
  facet normal -1 -0 0
    outer loop
      vertex -20.75 5.5 17.5
      vertex -20.75 0.77212 10.9115
      vertex -20.75 0.77212 17.5
    endloop
  endfacet
  facet normal 0 0 1
    outer loop
      vertex -14.5 5.5 17.5
      vertex -14.55 0 17.5
      vertex -14.5 -5.5 17.5
    endloop
  endfacet
  facet normal 0 0 1
    outer loop
      vertex -14.5 5.5 17.5
      vertex -14.5652 0.308754 17.5
      vertex -14.55 0 17.5
    endloop
  endfacet
  facet normal 0 0 1
    outer loop
      vertex -14.5 5.5 17.5
      vertex -14.6105 0.614534 17.5
      vertex -14.5652 0.308754 17.5
    endloop
  endfacet
  facet normal 0 0 1
    outer loop
      vertex -14.5 5.5 17.5
      vertex -14.6856 0.914396 17.5
      vertex -14.6105 0.614534 17.5
    endloop
  endfacet
  facet normal 0 0 1
    outer loop
      vertex -14.5 5.5 17.5
      vertex -14.7898 1.20545 17.5
      vertex -14.6856 0.914396 17.5
    endloop
  endfacet
  facet normal 0 0 1
    outer loop
      vertex -14.5 5.5 17.5
      vertex -14.9219 1.4849 17.5
      vertex -14.7898 1.20545 17.5
    endloop
  endfacet
  facet normal 0 0 1
    outer loop
      vertex -14.5 5.5 17.5
      vertex -15.0809 1.75005 17.5
      vertex -14.9219 1.4849 17.5
    endloop
  endfacet
  facet normal 0 0 1
    outer loop
      vertex -14.5 5.5 17.5
      vertex -15.265 1.99834 17.5
      vertex -15.0809 1.75005 17.5
    endloop
  endfacet
  facet normal 0 0 1
    outer loop
      vertex -14.5 5.5 17.5
      vertex -15.4726 2.22739 17.5
      vertex -15.265 1.99834 17.5
    endloop
  endfacet
  facet normal 0 0 1
    outer loop
      vertex -14.5 5.5 17.5
      vertex -15.7017 2.43498 17.5
      vertex -15.4726 2.22739 17.5
    endloop
  endfacet
  facet normal 0 0 1
    outer loop
      vertex -14.5 5.5 17.5
      vertex -15.95 2.61913 17.5
      vertex -15.7017 2.43498 17.5
    endloop
  endfacet
  facet normal 0 0 1
    outer loop
      vertex -14.5 5.5 17.5
      vertex -16.2151 2.77805 17.5
      vertex -15.95 2.61913 17.5
    endloop
  endfacet
  facet normal 0 0 1
    outer loop
      vertex -14.5 5.5 17.5
      vertex -16.4945 2.91022 17.5
      vertex -16.2151 2.77805 17.5
    endloop
  endfacet
  facet normal 0 0 1
    outer loop
      vertex -14.5 5.5 17.5
      vertex -16.7856 3.01436 17.5
      vertex -16.4945 2.91022 17.5
    endloop
  endfacet
  facet normal 0 0 1
    outer loop
      vertex -14.5 5.5 17.5
      vertex -17.0855 3.08947 17.5
      vertex -16.7856 3.01436 17.5
    endloop
  endfacet
  facet normal 0 0 1
    outer loop
      vertex -14.5 5.5 17.5
      vertex -17.3912 3.13483 17.5
      vertex -17.0855 3.08947 17.5
    endloop
  endfacet
  facet normal 0 0 1
    outer loop
      vertex -14.5 5.5 17.5
      vertex -17.7 3.15 17.5
      vertex -17.3912 3.13483 17.5
    endloop
  endfacet
  facet normal -0 0 1
    outer loop
      vertex -20.75 5.5 17.5
      vertex -17.7 3.15 17.5
      vertex -14.5 5.5 17.5
    endloop
  endfacet
  facet normal 0 0 1
    outer loop
      vertex -17.7 3.15 17.5
      vertex -20.75 5.5 17.5
      vertex -18.0088 3.13483 17.5
    endloop
  endfacet
  facet normal 0 0 1
    outer loop
      vertex -18.0088 3.13483 17.5
      vertex -20.75 5.5 17.5
      vertex -18.3145 3.08947 17.5
    endloop
  endfacet
  facet normal 0 0 1
    outer loop
      vertex -18.3145 3.08947 17.5
      vertex -20.75 5.5 17.5
      vertex -18.6144 3.01436 17.5
    endloop
  endfacet
  facet normal 0 0 1
    outer loop
      vertex -18.6144 3.01436 17.5
      vertex -20.75 5.5 17.5
      vertex -18.9055 2.91022 17.5
    endloop
  endfacet
  facet normal 0 0 1
    outer loop
      vertex -18.9055 2.91022 17.5
      vertex -20.75 5.5 17.5
      vertex -19.1849 2.77805 17.5
    endloop
  endfacet
  facet normal 0 0 1
    outer loop
      vertex -20.75 5.5 17.5
      vertex -19.45 2.61913 17.5
      vertex -19.1849 2.77805 17.5
    endloop
  endfacet
  facet normal 0 0 1
    outer loop
      vertex -20.75 5.5 17.5
      vertex -19.6983 2.43498 17.5
      vertex -19.45 2.61913 17.5
    endloop
  endfacet
  facet normal 0 0 1
    outer loop
      vertex -20.75 5.5 17.5
      vertex -19.9274 2.22739 17.5
      vertex -19.6983 2.43498 17.5
    endloop
  endfacet
  facet normal 0 0 1
    outer loop
      vertex -20.75 5.5 17.5
      vertex -20.135 1.99834 17.5
      vertex -19.9274 2.22739 17.5
    endloop
  endfacet
  facet normal 0 0 1
    outer loop
      vertex -20.75 5.5 17.5
      vertex -20.3191 1.75005 17.5
      vertex -20.135 1.99834 17.5
    endloop
  endfacet
  facet normal 0 0 1
    outer loop
      vertex -20.75 5.5 17.5
      vertex -20.4781 1.4849 17.5
      vertex -20.3191 1.75005 17.5
    endloop
  endfacet
  facet normal 0 0 1
    outer loop
      vertex -20.75 5.5 17.5
      vertex -20.6102 1.20545 17.5
      vertex -20.4781 1.4849 17.5
    endloop
  endfacet
  facet normal 0 0 1
    outer loop
      vertex -20.75 5.5 17.5
      vertex -20.7144 0.914396 17.5
      vertex -20.6102 1.20545 17.5
    endloop
  endfacet
  facet normal 0 0 1
    outer loop
      vertex -20.7144 0.914396 17.5
      vertex -20.75 5.5 17.5
      vertex -20.75 0.77212 17.5
    endloop
  endfacet
  facet normal -0 0 1
    outer loop
      vertex -14.5652 -0.308754 17.5
      vertex -14.5 -5.5 17.5
      vertex -14.55 0 17.5
    endloop
  endfacet
  facet normal -0 0 1
    outer loop
      vertex -14.6105 -0.614534 17.5
      vertex -14.5 -5.5 17.5
      vertex -14.5652 -0.308754 17.5
    endloop
  endfacet
  facet normal -0 0 1
    outer loop
      vertex -14.6856 -0.914396 17.5
      vertex -14.5 -5.5 17.5
      vertex -14.6105 -0.614534 17.5
    endloop
  endfacet
  facet normal -0 0 1
    outer loop
      vertex -14.7898 -1.20545 17.5
      vertex -14.5 -5.5 17.5
      vertex -14.6856 -0.914396 17.5
    endloop
  endfacet
  facet normal -0 0 1
    outer loop
      vertex -14.9219 -1.4849 17.5
      vertex -14.5 -5.5 17.5
      vertex -14.7898 -1.20545 17.5
    endloop
  endfacet
  facet normal -0 0 1
    outer loop
      vertex -15.0809 -1.75005 17.5
      vertex -14.5 -5.5 17.5
      vertex -14.9219 -1.4849 17.5
    endloop
  endfacet
  facet normal -0 0 1
    outer loop
      vertex -15.265 -1.99834 17.5
      vertex -14.5 -5.5 17.5
      vertex -15.0809 -1.75005 17.5
    endloop
  endfacet
  facet normal -0 0 1
    outer loop
      vertex -15.4726 -2.22739 17.5
      vertex -14.5 -5.5 17.5
      vertex -15.265 -1.99834 17.5
    endloop
  endfacet
  facet normal -0 0 1
    outer loop
      vertex -15.7017 -2.43498 17.5
      vertex -14.5 -5.5 17.5
      vertex -15.4726 -2.22739 17.5
    endloop
  endfacet
  facet normal -0 0 1
    outer loop
      vertex -15.95 -2.61913 17.5
      vertex -14.5 -5.5 17.5
      vertex -15.7017 -2.43498 17.5
    endloop
  endfacet
  facet normal -0 0 1
    outer loop
      vertex -16.2151 -2.77805 17.5
      vertex -14.5 -5.5 17.5
      vertex -15.95 -2.61913 17.5
    endloop
  endfacet
  facet normal -0 0 1
    outer loop
      vertex -16.4945 -2.91022 17.5
      vertex -14.5 -5.5 17.5
      vertex -16.2151 -2.77805 17.5
    endloop
  endfacet
  facet normal -0 0 1
    outer loop
      vertex -16.7856 -3.01436 17.5
      vertex -14.5 -5.5 17.5
      vertex -16.4945 -2.91022 17.5
    endloop
  endfacet
  facet normal -0 0 1
    outer loop
      vertex -17.0855 -3.08947 17.5
      vertex -14.5 -5.5 17.5
      vertex -16.7856 -3.01436 17.5
    endloop
  endfacet
  facet normal -0 0 1
    outer loop
      vertex -17.3912 -3.13483 17.5
      vertex -14.5 -5.5 17.5
      vertex -17.0855 -3.08947 17.5
    endloop
  endfacet
  facet normal -0 0 1
    outer loop
      vertex -17.7 -3.15 17.5
      vertex -14.5 -5.5 17.5
      vertex -17.3912 -3.13483 17.5
    endloop
  endfacet
  facet normal 0 0 1
    outer loop
      vertex -20.75 -5.5 17.5
      vertex -17.7 -3.15 17.5
      vertex -18.0088 -3.13483 17.5
    endloop
  endfacet
  facet normal 0 0 1
    outer loop
      vertex -20.75 -5.5 17.5
      vertex -18.0088 -3.13483 17.5
      vertex -18.3145 -3.08947 17.5
    endloop
  endfacet
  facet normal 0 0 1
    outer loop
      vertex -20.75 -5.5 17.5
      vertex -18.3145 -3.08947 17.5
      vertex -18.6144 -3.01436 17.5
    endloop
  endfacet
  facet normal 0 0 1
    outer loop
      vertex -20.75 -5.5 17.5
      vertex -18.6144 -3.01436 17.5
      vertex -18.9055 -2.91022 17.5
    endloop
  endfacet
  facet normal 0 0 1
    outer loop
      vertex -20.75 -5.5 17.5
      vertex -18.9055 -2.91022 17.5
      vertex -19.1849 -2.77805 17.5
    endloop
  endfacet
  facet normal 0 0 1
    outer loop
      vertex -17.7 -3.15 17.5
      vertex -20.75 -5.5 17.5
      vertex -14.5 -5.5 17.5
    endloop
  endfacet
  facet normal 0 0 1
    outer loop
      vertex -19.45 -2.61913 17.5
      vertex -20.75 -5.5 17.5
      vertex -19.1849 -2.77805 17.5
    endloop
  endfacet
  facet normal 0 0 1
    outer loop
      vertex -19.6983 -2.43498 17.5
      vertex -20.75 -5.5 17.5
      vertex -19.45 -2.61913 17.5
    endloop
  endfacet
  facet normal 0 0 1
    outer loop
      vertex -19.9274 -2.22739 17.5
      vertex -20.75 -5.5 17.5
      vertex -19.6983 -2.43498 17.5
    endloop
  endfacet
  facet normal 0 0 1
    outer loop
      vertex -20.135 -1.99834 17.5
      vertex -20.75 -5.5 17.5
      vertex -19.9274 -2.22739 17.5
    endloop
  endfacet
  facet normal 0 0 1
    outer loop
      vertex -20.3191 -1.75005 17.5
      vertex -20.75 -5.5 17.5
      vertex -20.135 -1.99834 17.5
    endloop
  endfacet
  facet normal 0 0 1
    outer loop
      vertex -20.4781 -1.4849 17.5
      vertex -20.75 -5.5 17.5
      vertex -20.3191 -1.75005 17.5
    endloop
  endfacet
  facet normal 0 0 1
    outer loop
      vertex -20.6102 -1.20545 17.5
      vertex -20.75 -5.5 17.5
      vertex -20.4781 -1.4849 17.5
    endloop
  endfacet
  facet normal 0 0 1
    outer loop
      vertex -20.7144 -0.914396 17.5
      vertex -20.75 -5.5 17.5
      vertex -20.6102 -1.20545 17.5
    endloop
  endfacet
  facet normal 0 0 1
    outer loop
      vertex -20.75 -5.5 17.5
      vertex -20.7144 -0.914396 17.5
      vertex -20.75 -0.77212 17.5
    endloop
  endfacet
  facet normal 0 -1 0
    outer loop
      vertex -20.75 -5.5 3.5
      vertex -14.5 -5.5 17.5
      vertex -20.75 -5.5 17.5
    endloop
  endfacet
  facet normal 0 -1 -0
    outer loop
      vertex -14.5 -5.5 17.5
      vertex -20.75 -5.5 3.5
      vertex -14.5 -5.5 3.5
    endloop
  endfacet
  facet normal 0 1 -0
    outer loop
      vertex -14.5 5.5 3.5
      vertex -20.75 5.5 17.5
      vertex -14.5 5.5 17.5
    endloop
  endfacet
  facet normal 0 1 0
    outer loop
      vertex -20.75 5.5 17.5
      vertex -14.5 5.5 3.5
      vertex -20.75 5.5 3.5
    endloop
  endfacet
  facet normal 0 0 1
    outer loop
      vertex 14.452 13.6377 8.95
      vertex 14.5 13.15 8.95
      vertex 14.488 13.395 8.95
    endloop
  endfacet
  facet normal 0 0 1
    outer loop
      vertex 14.3923 13.8757 8.95
      vertex 14.5 13.15 8.95
      vertex 14.452 13.6377 8.95
    endloop
  endfacet
  facet normal 0 0 1
    outer loop
      vertex 14.3097 14.1067 8.95
      vertex 14.5 13.15 8.95
      vertex 14.3923 13.8757 8.95
    endloop
  endfacet
  facet normal 0 0 1
    outer loop
      vertex 14.2048 14.3285 8.95
      vertex 14.5 13.15 8.95
      vertex 14.3097 14.1067 8.95
    endloop
  endfacet
  facet normal 0 0 1
    outer loop
      vertex 14.0787 14.5389 8.95
      vertex 14.5 13.15 8.95
      vertex 14.2048 14.3285 8.95
    endloop
  endfacet
  facet normal 0 0 1
    outer loop
      vertex 13.9325 14.736 8.95
      vertex 14.5 13.15 8.95
      vertex 14.0787 14.5389 8.95
    endloop
  endfacet
  facet normal 0 0 1
    outer loop
      vertex 13.7678 14.9178 8.95
      vertex 14.5 13.15 8.95
      vertex 13.9325 14.736 8.95
    endloop
  endfacet
  facet normal 0 0 1
    outer loop
      vertex 13.586 15.0825 8.95
      vertex 14.5 13.15 8.95
      vertex 13.7678 14.9178 8.95
    endloop
  endfacet
  facet normal 0 0 1
    outer loop
      vertex 13.3889 15.2287 8.95
      vertex 14.5 13.15 8.95
      vertex 13.586 15.0825 8.95
    endloop
  endfacet
  facet normal 0 0 1
    outer loop
      vertex 13.1785 15.3548 8.95
      vertex 14.5 13.15 8.95
      vertex 13.3889 15.2287 8.95
    endloop
  endfacet
  facet normal 0 0 1
    outer loop
      vertex 12.9567 15.4597 8.95
      vertex 14.5 13.15 8.95
      vertex 13.1785 15.3548 8.95
    endloop
  endfacet
  facet normal 0 0 1
    outer loop
      vertex 12.7257 15.5423 8.95
      vertex 14.5 13.15 8.95
      vertex 12.9567 15.4597 8.95
    endloop
  endfacet
  facet normal 0 0 1
    outer loop
      vertex 12.4877 15.602 8.95
      vertex 14.5 13.15 8.95
      vertex 12.7257 15.5423 8.95
    endloop
  endfacet
  facet normal 0 0 1
    outer loop
      vertex 12.245 15.638 8.95
      vertex 14.5 13.15 8.95
      vertex 12.4877 15.602 8.95
    endloop
  endfacet
  facet normal 0 0 1
    outer loop
      vertex 12 15.65 8.95
      vertex 14.5 13.15 8.95
      vertex 12.245 15.638 8.95
    endloop
  endfacet
  facet normal 0 0 1
    outer loop
      vertex 14.5 13.15 8.95
      vertex 12 15.65 8.95
      vertex 14.5 13.05 8.95
    endloop
  endfacet
  facet normal 0 0 1
    outer loop
      vertex 2.09126 13.05 8.95
      vertex 12 15.65 8.95
      vertex 2.09126 15.65 8.95
    endloop
  endfacet
  facet normal 0 0 1
    outer loop
      vertex 12 15.65 8.95
      vertex 2.09126 13.05 8.95
      vertex 14.5 13.05 8.95
    endloop
  endfacet
  facet normal 0 0 -1
    outer loop
      vertex 12 15.65 15.05
      vertex 14.5 13.15 15.05
      vertex 14.5 13.05 15.05
    endloop
  endfacet
  facet normal 0 0 -1
    outer loop
      vertex 14.5 13.15 15.05
      vertex 14.452 13.6377 15.05
      vertex 14.488 13.395 15.05
    endloop
  endfacet
  facet normal 0 0 -1
    outer loop
      vertex 14.5 13.15 15.05
      vertex 14.3923 13.8757 15.05
      vertex 14.452 13.6377 15.05
    endloop
  endfacet
  facet normal 0 0 -1
    outer loop
      vertex 14.5 13.15 15.05
      vertex 14.3097 14.1067 15.05
      vertex 14.3923 13.8757 15.05
    endloop
  endfacet
  facet normal 0 0 -1
    outer loop
      vertex 14.5 13.15 15.05
      vertex 14.2048 14.3285 15.05
      vertex 14.3097 14.1067 15.05
    endloop
  endfacet
  facet normal 0 0 -1
    outer loop
      vertex 14.5 13.15 15.05
      vertex 14.0787 14.5389 15.05
      vertex 14.2048 14.3285 15.05
    endloop
  endfacet
  facet normal 0 0 -1
    outer loop
      vertex 14.5 13.15 15.05
      vertex 13.9325 14.736 15.05
      vertex 14.0787 14.5389 15.05
    endloop
  endfacet
  facet normal 0 0 -1
    outer loop
      vertex 14.5 13.15 15.05
      vertex 13.7678 14.9178 15.05
      vertex 13.9325 14.736 15.05
    endloop
  endfacet
  facet normal 0 0 -1
    outer loop
      vertex 14.5 13.15 15.05
      vertex 13.586 15.0825 15.05
      vertex 13.7678 14.9178 15.05
    endloop
  endfacet
  facet normal 0 0 -1
    outer loop
      vertex 14.5 13.15 15.05
      vertex 13.3889 15.2287 15.05
      vertex 13.586 15.0825 15.05
    endloop
  endfacet
  facet normal 0 0 -1
    outer loop
      vertex 14.5 13.15 15.05
      vertex 13.1785 15.3548 15.05
      vertex 13.3889 15.2287 15.05
    endloop
  endfacet
  facet normal 0 0 -1
    outer loop
      vertex 14.5 13.15 15.05
      vertex 12.9567 15.4597 15.05
      vertex 13.1785 15.3548 15.05
    endloop
  endfacet
  facet normal 0 0 -1
    outer loop
      vertex 14.5 13.15 15.05
      vertex 12.7257 15.5423 15.05
      vertex 12.9567 15.4597 15.05
    endloop
  endfacet
  facet normal 0 0 -1
    outer loop
      vertex 14.5 13.15 15.05
      vertex 12.4877 15.602 15.05
      vertex 12.7257 15.5423 15.05
    endloop
  endfacet
  facet normal 0 0 -1
    outer loop
      vertex 14.5 13.15 15.05
      vertex 12.245 15.638 15.05
      vertex 12.4877 15.602 15.05
    endloop
  endfacet
  facet normal 0 0 -1
    outer loop
      vertex 14.5 13.15 15.05
      vertex 12 15.65 15.05
      vertex 12.245 15.638 15.05
    endloop
  endfacet
  facet normal 0 0 -1
    outer loop
      vertex 2.09126 13.05 15.05
      vertex 12 15.65 15.05
      vertex 14.5 13.05 15.05
    endloop
  endfacet
  facet normal -0 0 -1
    outer loop
      vertex 12 15.65 15.05
      vertex 2.09126 13.05 15.05
      vertex 2.09126 15.65 15.05
    endloop
  endfacet
  facet normal 0 1 -0
    outer loop
      vertex 14.5 13.05 8.95
      vertex 5 13.05 11.05
      vertex 14.5 13.05 11.05
    endloop
  endfacet
  facet normal -0 1 0
    outer loop
      vertex 2.61629 13.05 9.38371
      vertex 5 13.05 11.05
      vertex 14.5 13.05 8.95
    endloop
  endfacet
  facet normal 0 1 0
    outer loop
      vertex 5 13.05 11.05
      vertex 3.41835 13.05 10.5841
      vertex 3.54068 13.05 10.9259
    endloop
  endfacet
  facet normal 0 1 0
    outer loop
      vertex 5 13.05 11.05
      vertex 3.26311 13.05 10.2558
      vertex 3.41835 13.05 10.5841
    endloop
  endfacet
  facet normal 0 1 0
    outer loop
      vertex 5 13.05 11.05
      vertex 3.07644 13.05 9.94439
      vertex 3.26311 13.05 10.2558
    endloop
  endfacet
  facet normal 0 1 0
    outer loop
      vertex 5 13.05 11.05
      vertex 2.86014 13.05 9.65275
      vertex 3.07644 13.05 9.94439
    endloop
  endfacet
  facet normal 0 1 0
    outer loop
      vertex 5 13.05 11.05
      vertex 2.61629 13.05 9.38371
      vertex 2.86014 13.05 9.65275
    endloop
  endfacet
  facet normal 0 1 0
    outer loop
      vertex 2.61629 13.05 9.38371
      vertex 14.5 13.05 8.95
      vertex 2.34725 13.05 9.13986
    endloop
  endfacet
  facet normal 0 1 0
    outer loop
      vertex 2.34725 13.05 9.13986
      vertex 14.5 13.05 8.95
      vertex 2.09126 13.05 8.95
    endloop
  endfacet
  facet normal 0 1 0
    outer loop
      vertex 14.5 13.05 15.05
      vertex 2.34725 13.05 14.8601
      vertex 2.09126 13.05 15.05
    endloop
  endfacet
  facet normal 0 1 0
    outer loop
      vertex 14.5 13.05 15.05
      vertex 2.61629 13.05 14.6163
      vertex 2.34725 13.05 14.8601
    endloop
  endfacet
  facet normal 0 1 -0
    outer loop
      vertex 5 13.05 12.95
      vertex 2.61629 13.05 14.6163
      vertex 14.5 13.05 15.05
    endloop
  endfacet
  facet normal 0 1 0
    outer loop
      vertex 2.61629 13.05 14.6163
      vertex 5 13.05 12.95
      vertex 2.86014 13.05 14.3473
    endloop
  endfacet
  facet normal 0 1 0
    outer loop
      vertex 2.86014 13.05 14.3473
      vertex 5 13.05 12.95
      vertex 3.07644 13.05 14.0556
    endloop
  endfacet
  facet normal 0 1 0
    outer loop
      vertex 3.07644 13.05 14.0556
      vertex 5 13.05 12.95
      vertex 3.26311 13.05 13.7442
    endloop
  endfacet
  facet normal 0 1 -0
    outer loop
      vertex 4.90688 13.05 12.9454
      vertex 3.26311 13.05 13.7442
      vertex 5 13.05 12.95
    endloop
  endfacet
  facet normal 0 1 0
    outer loop
      vertex 5 13.05 12.95
      vertex 14.5 13.05 15.05
      vertex 14.5 13.05 12.95
    endloop
  endfacet
  facet normal 0 1 -0
    outer loop
      vertex 4.81466 13.05 12.9317
      vertex 3.26311 13.05 13.7442
      vertex 4.90688 13.05 12.9454
    endloop
  endfacet
  facet normal 0 1 -0
    outer loop
      vertex 4.72423 13.05 12.9091
      vertex 3.26311 13.05 13.7442
      vertex 4.81466 13.05 12.9317
    endloop
  endfacet
  facet normal 0 1 0
    outer loop
      vertex 3.26311 13.05 13.7442
      vertex 4.72423 13.05 12.9091
      vertex 3.41835 13.05 13.4159
    endloop
  endfacet
  facet normal 0 1 -0
    outer loop
      vertex 4.63645 13.05 12.8777
      vertex 3.41835 13.05 13.4159
      vertex 4.72423 13.05 12.9091
    endloop
  endfacet
  facet normal 0 1 -0
    outer loop
      vertex 4.55217 13.05 12.8378
      vertex 3.41835 13.05 13.4159
      vertex 4.63645 13.05 12.8777
    endloop
  endfacet
  facet normal 0 1 0
    outer loop
      vertex 3.41835 13.05 13.4159
      vertex 4.55217 13.05 12.8378
      vertex 3.54068 13.05 13.0741
    endloop
  endfacet
  facet normal 0 1 -0
    outer loop
      vertex 4.47221 13.05 12.7899
      vertex 3.54068 13.05 13.0741
      vertex 4.55217 13.05 12.8378
    endloop
  endfacet
  facet normal 0 1 -0
    outer loop
      vertex 4.39733 13.05 12.7344
      vertex 3.54068 13.05 13.0741
      vertex 4.47221 13.05 12.7899
    endloop
  endfacet
  facet normal 0 1 -0
    outer loop
      vertex 4.32825 13.05 12.6718
      vertex 3.54068 13.05 13.0741
      vertex 4.39733 13.05 12.7344
    endloop
  endfacet
  facet normal 0 1 0
    outer loop
      vertex 3.54068 13.05 13.0741
      vertex 4.32825 13.05 12.6718
      vertex 3.62891 13.05 12.7218
    endloop
  endfacet
  facet normal 0 1 -0
    outer loop
      vertex 4.26564 13.05 12.6027
      vertex 3.62891 13.05 12.7218
      vertex 4.32825 13.05 12.6718
    endloop
  endfacet
  facet normal 0 1 -0
    outer loop
      vertex 4.2101 13.05 12.5278
      vertex 3.62891 13.05 12.7218
      vertex 4.26564 13.05 12.6027
    endloop
  endfacet
  facet normal 0 1 -0
    outer loop
      vertex 4.16217 13.05 12.4478
      vertex 3.62891 13.05 12.7218
      vertex 4.2101 13.05 12.5278
    endloop
  endfacet
  facet normal 0 1 0
    outer loop
      vertex 3.68218 13.05 12.3627
      vertex 4.16217 13.05 12.4478
      vertex 4.12231 13.05 12.3635
    endloop
  endfacet
  facet normal 0 1 0
    outer loop
      vertex 4.16217 13.05 12.4478
      vertex 3.68218 13.05 12.3627
      vertex 3.62891 13.05 12.7218
    endloop
  endfacet
  facet normal 0 1 -0
    outer loop
      vertex 4.09091 13.05 12.2758
      vertex 3.68218 13.05 12.3627
      vertex 4.12231 13.05 12.3635
    endloop
  endfacet
  facet normal 0 1 -0
    outer loop
      vertex 4.06825 13.05 12.1853
      vertex 3.68218 13.05 12.3627
      vertex 4.09091 13.05 12.2758
    endloop
  endfacet
  facet normal 0 1 0
    outer loop
      vertex 3.7 13.05 12
      vertex 4.06825 13.05 12.1853
      vertex 4.05457 13.05 12.0931
    endloop
  endfacet
  facet normal 0 1 0
    outer loop
      vertex 3.7 13.05 12
      vertex 4.05457 13.05 12.0931
      vertex 4.05 13.05 12
    endloop
  endfacet
  facet normal 0 1 0
    outer loop
      vertex 4.06825 13.05 12.1853
      vertex 3.7 13.05 12
      vertex 3.68218 13.05 12.3627
    endloop
  endfacet
  facet normal 0 1 0
    outer loop
      vertex 4.05457 13.05 11.9069
      vertex 3.7 13.05 12
      vertex 4.05 13.05 12
    endloop
  endfacet
  facet normal 0 1 0
    outer loop
      vertex 4.06825 13.05 11.8147
      vertex 3.7 13.05 12
      vertex 4.05457 13.05 11.9069
    endloop
  endfacet
  facet normal 0 1 0
    outer loop
      vertex 3.68218 13.05 11.6373
      vertex 4.06825 13.05 11.8147
      vertex 4.09091 13.05 11.7242
    endloop
  endfacet
  facet normal 0 1 0
    outer loop
      vertex 4.06825 13.05 11.8147
      vertex 3.68218 13.05 11.6373
      vertex 3.7 13.05 12
    endloop
  endfacet
  facet normal 0 1 0
    outer loop
      vertex 4.12231 13.05 11.6365
      vertex 3.68218 13.05 11.6373
      vertex 4.09091 13.05 11.7242
    endloop
  endfacet
  facet normal 0 1 0
    outer loop
      vertex 4.16217 13.05 11.5522
      vertex 3.68218 13.05 11.6373
      vertex 4.12231 13.05 11.6365
    endloop
  endfacet
  facet normal 0 1 0
    outer loop
      vertex 3.62891 13.05 11.2782
      vertex 4.16217 13.05 11.5522
      vertex 4.2101 13.05 11.4722
    endloop
  endfacet
  facet normal 0 1 0
    outer loop
      vertex 3.62891 13.05 11.2782
      vertex 4.2101 13.05 11.4722
      vertex 4.26564 13.05 11.3973
    endloop
  endfacet
  facet normal 0 1 0
    outer loop
      vertex 3.62891 13.05 11.2782
      vertex 4.26564 13.05 11.3973
      vertex 4.32825 13.05 11.3282
    endloop
  endfacet
  facet normal 0 1 0
    outer loop
      vertex 4.16217 13.05 11.5522
      vertex 3.62891 13.05 11.2782
      vertex 3.68218 13.05 11.6373
    endloop
  endfacet
  facet normal 0 1 0
    outer loop
      vertex 3.54068 13.05 10.9259
      vertex 4.32825 13.05 11.3282
      vertex 4.39733 13.05 11.2656
    endloop
  endfacet
  facet normal 0 1 0
    outer loop
      vertex 3.54068 13.05 10.9259
      vertex 4.39733 13.05 11.2656
      vertex 4.47221 13.05 11.2101
    endloop
  endfacet
  facet normal 0 1 0
    outer loop
      vertex 3.54068 13.05 10.9259
      vertex 4.47221 13.05 11.2101
      vertex 4.55217 13.05 11.1622
    endloop
  endfacet
  facet normal 0 1 0
    outer loop
      vertex 3.54068 13.05 10.9259
      vertex 4.55217 13.05 11.1622
      vertex 4.63645 13.05 11.1223
    endloop
  endfacet
  facet normal 0 1 0
    outer loop
      vertex 3.54068 13.05 10.9259
      vertex 4.63645 13.05 11.1223
      vertex 4.72423 13.05 11.0909
    endloop
  endfacet
  facet normal 0 1 0
    outer loop
      vertex 3.54068 13.05 10.9259
      vertex 4.72423 13.05 11.0909
      vertex 4.81466 13.05 11.0683
    endloop
  endfacet
  facet normal 0 1 0
    outer loop
      vertex 4.32825 13.05 11.3282
      vertex 3.54068 13.05 10.9259
      vertex 3.62891 13.05 11.2782
    endloop
  endfacet
  facet normal 0 1 0
    outer loop
      vertex 4.90688 13.05 11.0546
      vertex 3.54068 13.05 10.9259
      vertex 4.81466 13.05 11.0683
    endloop
  endfacet
  facet normal 0 1 0
    outer loop
      vertex 3.54068 13.05 10.9259
      vertex 4.90688 13.05 11.0546
      vertex 5 13.05 11.05
    endloop
  endfacet
  facet normal -0.740893 0 -0.671623
    outer loop
      vertex 2.86014 9.85 14.3473
      vertex 2.61629 13.05 14.6163
      vertex 2.86014 13.05 14.3473
    endloop
  endfacet
  facet normal -0.740893 -0 -0.671623
    outer loop
      vertex 2.61629 13.05 14.6163
      vertex 2.86014 9.85 14.3473
      vertex 2.61629 9.85 14.6163
    endloop
  endfacet
  facet normal -0.80326 0 -0.595629
    outer loop
      vertex 3.07644 9.85 14.0556
      vertex 2.86014 13.05 14.3473
      vertex 3.07644 13.05 14.0556
    endloop
  endfacet
  facet normal -0.80326 -0 -0.595629
    outer loop
      vertex 2.86014 13.05 14.3473
      vertex 3.07644 9.85 14.0556
      vertex 2.86014 9.85 14.3473
    endloop
  endfacet
  facet normal -0.941516 0 0.336968
    outer loop
      vertex 3.41835 9.85 10.5841
      vertex 3.54068 13.05 10.9259
      vertex 3.41835 13.05 10.5841
    endloop
  endfacet
  facet normal -0.941516 0 0.336968
    outer loop
      vertex 3.54068 13.05 10.9259
      vertex 3.41835 9.85 10.5841
      vertex 3.54068 9.85 10.9259
    endloop
  endfacet
  facet normal -0.427542 0 0.903996
    outer loop
      vertex 1.41593 15.65 8.58165
      vertex 1.74417 9.85 8.73689
      vertex 1.74417 15.65 8.73689
    endloop
  endfacet
  facet normal -0.427542 0 0.903996
    outer loop
      vertex 1.74417 9.85 8.73689
      vertex 1.41593 15.65 8.58165
      vertex 1.41593 9.85 8.58165
    endloop
  endfacet
  facet normal 0.427542 0 0.903996
    outer loop
      vertex -1.74417 15.65 8.73689
      vertex -1.41593 9.85 8.58165
      vertex -1.41593 15.65 8.58165
    endloop
  endfacet
  facet normal 0.427542 0 0.903996
    outer loop
      vertex -1.41593 9.85 8.58165
      vertex -1.74417 15.65 8.73689
      vertex -1.74417 9.85 8.73689
    endloop
  endfacet
  facet normal -0.242914 0 -0.970048
    outer loop
      vertex 0.721834 9.85 15.6289
      vertex 1.07405 15.65 15.5407
      vertex 1.07405 9.85 15.5407
    endloop
  endfacet
  facet normal -0.242914 0 -0.970048
    outer loop
      vertex 1.07405 15.65 15.5407
      vertex 0.721834 9.85 15.6289
      vertex 0.721834 15.65 15.6289
    endloop
  endfacet
  facet normal -0.59579 0 -0.80314
    outer loop
      vertex 2.34725 9.85 14.8601
      vertex 2.09126 13.05 15.05
      vertex 2.34725 13.05 14.8601
    endloop
  endfacet
  facet normal -0.595708 1.01548e-05 -0.803201
    outer loop
      vertex 2.05561 9.85 15.0764
      vertex 2.09126 13.05 15.05
      vertex 2.34725 9.85 14.8601
    endloop
  endfacet
  facet normal -0.59512 -0 -0.803637
    outer loop
      vertex 2.05561 15.65 15.0764
      vertex 2.09126 13.05 15.05
      vertex 2.05561 9.85 15.0764
    endloop
  endfacet
  facet normal -0.59512 0 -0.803637
    outer loop
      vertex 2.09126 13.05 15.05
      vertex 2.05561 15.65 15.0764
      vertex 2.09126 15.65 15.05
    endloop
  endfacet
  facet normal -0.857699 0 -0.514151
    outer loop
      vertex 3.26311 9.85 13.7442
      vertex 3.07644 13.05 14.0556
      vertex 3.26311 13.05 13.7442
    endloop
  endfacet
  facet normal -0.857699 -0 -0.514151
    outer loop
      vertex 3.07644 13.05 14.0556
      vertex 3.26311 9.85 13.7442
      vertex 3.07644 9.85 14.0556
    endloop
  endfacet
  facet normal -0.803201 0 0.595708
    outer loop
      vertex 2.86014 9.85 9.65275
      vertex 3.07644 13.05 9.94439
      vertex 2.86014 13.05 9.65275
    endloop
  endfacet
  facet normal -0.803201 0 0.595708
    outer loop
      vertex 3.07644 13.05 9.94439
      vertex 2.86014 9.85 9.65275
      vertex 3.07644 9.85 9.94439
    endloop
  endfacet
  facet normal 0.970042 0 -0.242937
    outer loop
      vertex -3.54068 9.85 13.0741
      vertex -3.62891 15.65 12.7218
      vertex -3.54068 15.65 13.0741
    endloop
  endfacet
  facet normal 0.970042 0 -0.242937
    outer loop
      vertex -3.62891 15.65 12.7218
      vertex -3.54068 9.85 13.0741
      vertex -3.62891 9.85 12.7218
    endloop
  endfacet
  facet normal 0.740893 0 -0.671623
    outer loop
      vertex -2.61629 9.85 14.6163
      vertex -2.86014 15.65 14.3473
      vertex -2.61629 15.65 14.6163
    endloop
  endfacet
  facet normal 0.740893 0 -0.671623
    outer loop
      vertex -2.86014 15.65 14.3473
      vertex -2.61629 9.85 14.6163
      vertex -2.86014 9.85 14.3473
    endloop
  endfacet
  facet normal 0.998795 -0 0.0490723
    outer loop
      vertex -3.7 9.85 12
      vertex -3.68218 15.65 11.6373
      vertex -3.7 15.65 12
    endloop
  endfacet
  facet normal 0.998795 0 0.0490723
    outer loop
      vertex -3.68218 15.65 11.6373
      vertex -3.7 9.85 12
      vertex -3.68218 9.85 11.6373
    endloop
  endfacet
  facet normal 0.857707 -0 0.514139
    outer loop
      vertex -3.26311 9.85 10.2558
      vertex -3.07644 15.65 9.94439
      vertex -3.26311 15.65 10.2558
    endloop
  endfacet
  facet normal 0.857707 0 0.514139
    outer loop
      vertex -3.07644 15.65 9.94439
      vertex -3.26311 9.85 10.2558
      vertex -3.07644 9.85 9.94439
    endloop
  endfacet
  facet normal -0.14679 0 -0.989168
    outer loop
      vertex 0.362663 9.85 15.6822
      vertex 0.721834 15.65 15.6289
      vertex 0.721834 9.85 15.6289
    endloop
  endfacet
  facet normal -0.14679 0 -0.989168
    outer loop
      vertex 0.721834 15.65 15.6289
      vertex 0.362663 9.85 15.6822
      vertex 0.362663 15.65 15.6822
    endloop
  endfacet
  facet normal -0.336825 0 -0.941567
    outer loop
      vertex 1.07405 9.85 15.5407
      vertex 1.41593 15.65 15.4184
      vertex 1.41593 9.85 15.4184
    endloop
  endfacet
  facet normal -0.336825 0 -0.941567
    outer loop
      vertex 1.41593 15.65 15.4184
      vertex 1.07405 9.85 15.5407
      vertex 1.07405 15.65 15.5407
    endloop
  endfacet
  facet normal -0.427677 0 -0.903932
    outer loop
      vertex 1.41593 9.85 15.4184
      vertex 1.74417 15.65 15.2631
      vertex 1.74417 9.85 15.2631
    endloop
  endfacet
  facet normal -0.427677 0 -0.903932
    outer loop
      vertex 1.74417 15.65 15.2631
      vertex 1.41593 9.85 15.4184
      vertex 1.41593 15.65 15.4184
    endloop
  endfacet
  facet normal -0.514164 0 -0.857692
    outer loop
      vertex 1.74417 9.85 15.2631
      vertex 2.05561 15.65 15.0764
      vertex 2.05561 9.85 15.0764
    endloop
  endfacet
  facet normal -0.514164 0 -0.857692
    outer loop
      vertex 2.05561 15.65 15.0764
      vertex 1.74417 9.85 15.2631
      vertex 1.74417 15.65 15.2631
    endloop
  endfacet
  facet normal -0.671493 0 -0.741011
    outer loop
      vertex 2.34725 9.85 14.8601
      vertex 2.61629 13.05 14.6163
      vertex 2.61629 9.85 14.6163
    endloop
  endfacet
  facet normal -0.671493 0 -0.741011
    outer loop
      vertex 2.61629 13.05 14.6163
      vertex 2.34725 9.85 14.8601
      vertex 2.34725 13.05 14.8601
    endloop
  endfacet
  facet normal -0.998795 0 -0.0490723
    outer loop
      vertex 3.7 9.85 12
      vertex 3.68218 13.05 12.3627
      vertex 3.7 13.05 12
    endloop
  endfacet
  facet normal -0.998795 -0 -0.0490723
    outer loop
      vertex 3.68218 13.05 12.3627
      vertex 3.7 9.85 12
      vertex 3.68218 9.85 12.3627
    endloop
  endfacet
  facet normal -0.904026 0 -0.427478
    outer loop
      vertex 3.41835 9.85 13.4159
      vertex 3.26311 13.05 13.7442
      vertex 3.41835 13.05 13.4159
    endloop
  endfacet
  facet normal -0.904026 -0 -0.427478
    outer loop
      vertex 3.26311 13.05 13.7442
      vertex 3.41835 9.85 13.4159
      vertex 3.26311 9.85 13.7442
    endloop
  endfacet
  facet normal -0.970042 0 -0.242937
    outer loop
      vertex 3.62891 9.85 12.7218
      vertex 3.54068 13.05 13.0741
      vertex 3.62891 13.05 12.7218
    endloop
  endfacet
  facet normal -0.970042 -0 -0.242937
    outer loop
      vertex 3.54068 13.05 13.0741
      vertex 3.62891 9.85 12.7218
      vertex 3.54068 9.85 13.0741
    endloop
  endfacet
  facet normal -0.0490773 0 0.998795
    outer loop
      vertex 0 15.65 8.3
      vertex 0.362663 9.85 8.31782
      vertex 0.362663 15.65 8.31782
    endloop
  endfacet
  facet normal -0.0490773 0 0.998795
    outer loop
      vertex 0.362663 9.85 8.31782
      vertex 0 15.65 8.3
      vertex 0 9.85 8.3
    endloop
  endfacet
  facet normal -0.242992 0 0.970028
    outer loop
      vertex 0.721834 15.65 8.37109
      vertex 1.07405 9.85 8.45932
      vertex 1.07405 15.65 8.45932
    endloop
  endfacet
  facet normal -0.242992 0 0.970028
    outer loop
      vertex 1.07405 9.85 8.45932
      vertex 0.721834 15.65 8.37109
      vertex 0.721834 9.85 8.37109
    endloop
  endfacet
  facet normal -0.146709 0 0.98918
    outer loop
      vertex 0.362663 15.65 8.31782
      vertex 0.721834 9.85 8.37109
      vertex 0.721834 15.65 8.37109
    endloop
  endfacet
  facet normal -0.146709 0 0.98918
    outer loop
      vertex 0.721834 9.85 8.37109
      vertex 0.362663 15.65 8.31782
      vertex 0.362663 9.85 8.31782
    endloop
  endfacet
  facet normal -0.671569 0 0.740942
    outer loop
      vertex 2.34725 13.05 9.13986
      vertex 2.61629 9.85 9.38371
      vertex 2.61629 13.05 9.38371
    endloop
  endfacet
  facet normal -0.671569 0 0.740942
    outer loop
      vertex 2.61629 9.85 9.38371
      vertex 2.34725 13.05 9.13986
      vertex 2.34725 9.85 9.13986
    endloop
  endfacet
  facet normal -0.595702 0 0.803206
    outer loop
      vertex 2.09126 15.65 8.95
      vertex 2.05561 15.65 8.92356
      vertex 2.09126 13.05 8.95
    endloop
  endfacet
  facet normal -0.595709 0 0.8032
    outer loop
      vertex 2.09126 13.05 8.95
      vertex 2.34725 9.85 9.13986
      vertex 2.34725 13.05 9.13986
    endloop
  endfacet
  facet normal -0.595708 1.14811e-07 0.803201
    outer loop
      vertex 2.09126 13.05 8.95
      vertex 2.05561 9.85 8.92356
      vertex 2.34725 9.85 9.13986
    endloop
  endfacet
  facet normal -0.595702 0 0.803206
    outer loop
      vertex 2.05561 9.85 8.92356
      vertex 2.09126 13.05 8.95
      vertex 2.05561 15.65 8.92356
    endloop
  endfacet
  facet normal -0.998795 0 0.0490723
    outer loop
      vertex 3.68218 9.85 11.6373
      vertex 3.7 13.05 12
      vertex 3.68218 13.05 11.6373
    endloop
  endfacet
  facet normal -0.998795 0 0.0490723
    outer loop
      vertex 3.7 13.05 12
      vertex 3.68218 9.85 11.6373
      vertex 3.7 9.85 12
    endloop
  endfacet
  facet normal -0.989175 0 0.146737
    outer loop
      vertex 3.62891 9.85 11.2782
      vertex 3.68218 13.05 11.6373
      vertex 3.62891 13.05 11.2782
    endloop
  endfacet
  facet normal -0.989175 0 0.146737
    outer loop
      vertex 3.68218 13.05 11.6373
      vertex 3.62891 9.85 11.2782
      vertex 3.68218 9.85 11.6373
    endloop
  endfacet
  facet normal -0.904026 0 0.427478
    outer loop
      vertex 3.26311 9.85 10.2558
      vertex 3.41835 13.05 10.5841
      vertex 3.26311 13.05 10.2558
    endloop
  endfacet
  facet normal -0.904026 0 0.427478
    outer loop
      vertex 3.41835 13.05 10.5841
      vertex 3.26311 9.85 10.2558
      vertex 3.41835 9.85 10.5841
    endloop
  endfacet
  facet normal -0.857707 0 0.514139
    outer loop
      vertex 3.07644 9.85 9.94439
      vertex 3.26311 13.05 10.2558
      vertex 3.07644 13.05 9.94439
    endloop
  endfacet
  facet normal -0.857707 0 0.514139
    outer loop
      vertex 3.26311 13.05 10.2558
      vertex 3.07644 9.85 9.94439
      vertex 3.26311 9.85 10.2558
    endloop
  endfacet
  facet normal -0.740942 0 0.671569
    outer loop
      vertex 2.61629 9.85 9.38371
      vertex 2.86014 13.05 9.65275
      vertex 2.61629 13.05 9.38371
    endloop
  endfacet
  facet normal -0.740942 0 0.671569
    outer loop
      vertex 2.86014 13.05 9.65275
      vertex 2.61629 9.85 9.38371
      vertex 2.86014 9.85 9.65275
    endloop
  endfacet
  facet normal -0.0490224 0 -0.998798
    outer loop
      vertex 0 9.85 15.7
      vertex 0.362663 15.65 15.6822
      vertex 0.362663 9.85 15.6822
    endloop
  endfacet
  facet normal -0.0490224 0 -0.998798
    outer loop
      vertex 0.362663 15.65 15.6822
      vertex 0 9.85 15.7
      vertex 0 15.65 15.7
    endloop
  endfacet
  facet normal 0.998795 0 -0.0490723
    outer loop
      vertex -3.68218 9.85 12.3627
      vertex -3.7 15.65 12
      vertex -3.68218 15.65 12.3627
    endloop
  endfacet
  facet normal 0.998795 0 -0.0490723
    outer loop
      vertex -3.7 15.65 12
      vertex -3.68218 9.85 12.3627
      vertex -3.7 9.85 12
    endloop
  endfacet
  facet normal 0.989175 0 -0.146737
    outer loop
      vertex -3.62891 9.85 12.7218
      vertex -3.68218 15.65 12.3627
      vertex -3.62891 15.65 12.7218
    endloop
  endfacet
  facet normal 0.989175 0 -0.146737
    outer loop
      vertex -3.68218 15.65 12.3627
      vertex -3.62891 9.85 12.7218
      vertex -3.68218 9.85 12.3627
    endloop
  endfacet
  facet normal 0.904026 0 -0.427478
    outer loop
      vertex -3.26311 9.85 13.7442
      vertex -3.41835 15.65 13.4159
      vertex -3.26311 15.65 13.7442
    endloop
  endfacet
  facet normal 0.904026 0 -0.427478
    outer loop
      vertex -3.41835 15.65 13.4159
      vertex -3.26311 9.85 13.7442
      vertex -3.41835 9.85 13.4159
    endloop
  endfacet
  facet normal 0.80326 0 -0.595629
    outer loop
      vertex -2.86014 9.85 14.3473
      vertex -3.07644 15.65 14.0556
      vertex -2.86014 15.65 14.3473
    endloop
  endfacet
  facet normal 0.80326 0 -0.595629
    outer loop
      vertex -3.07644 15.65 14.0556
      vertex -2.86014 9.85 14.3473
      vertex -3.07644 9.85 14.0556
    endloop
  endfacet
  facet normal 0.970042 -0 0.242937
    outer loop
      vertex -3.62891 9.85 11.2782
      vertex -3.54068 15.65 10.9259
      vertex -3.62891 15.65 11.2782
    endloop
  endfacet
  facet normal 0.970042 0 0.242937
    outer loop
      vertex -3.54068 15.65 10.9259
      vertex -3.62891 9.85 11.2782
      vertex -3.54068 9.85 10.9259
    endloop
  endfacet
  facet normal 0.941516 -0 0.336968
    outer loop
      vertex -3.54068 9.85 10.9259
      vertex -3.41835 15.65 10.5841
      vertex -3.54068 15.65 10.9259
    endloop
  endfacet
  facet normal 0.941516 0 0.336968
    outer loop
      vertex -3.41835 15.65 10.5841
      vertex -3.54068 9.85 10.9259
      vertex -3.41835 9.85 10.5841
    endloop
  endfacet
  facet normal 0.989175 -0 0.146737
    outer loop
      vertex -3.68218 9.85 11.6373
      vertex -3.62891 15.65 11.2782
      vertex -3.68218 15.65 11.6373
    endloop
  endfacet
  facet normal 0.989175 0 0.146737
    outer loop
      vertex -3.62891 15.65 11.2782
      vertex -3.68218 9.85 11.6373
      vertex -3.62891 9.85 11.2782
    endloop
  endfacet
  facet normal 0.904026 -0 0.427478
    outer loop
      vertex -3.41835 9.85 10.5841
      vertex -3.26311 15.65 10.2558
      vertex -3.41835 15.65 10.5841
    endloop
  endfacet
  facet normal 0.904026 0 0.427478
    outer loop
      vertex -3.26311 15.65 10.2558
      vertex -3.41835 9.85 10.5841
      vertex -3.26311 9.85 10.2558
    endloop
  endfacet
  facet normal 0.740942 -0 0.671569
    outer loop
      vertex -2.86014 9.85 9.65275
      vertex -2.61629 15.65 9.38371
      vertex -2.86014 15.65 9.65275
    endloop
  endfacet
  facet normal 0.740942 0 0.671569
    outer loop
      vertex -2.61629 15.65 9.38371
      vertex -2.86014 9.85 9.65275
      vertex -2.61629 9.85 9.38371
    endloop
  endfacet
  facet normal 0.242992 0 0.970028
    outer loop
      vertex -1.07405 15.65 8.45932
      vertex -0.721834 9.85 8.37109
      vertex -0.721834 15.65 8.37109
    endloop
  endfacet
  facet normal 0.242992 0 0.970028
    outer loop
      vertex -0.721834 9.85 8.37109
      vertex -1.07405 15.65 8.45932
      vertex -1.07405 9.85 8.45932
    endloop
  endfacet
  facet normal 0.0490773 0 0.998795
    outer loop
      vertex -0.362663 15.65 8.31782
      vertex 0 9.85 8.3
      vertex 0 15.65 8.3
    endloop
  endfacet
  facet normal 0.0490773 0 0.998795
    outer loop
      vertex 0 9.85 8.3
      vertex -0.362663 15.65 8.31782
      vertex -0.362663 9.85 8.31782
    endloop
  endfacet
  facet normal 0 1 0
    outer loop
      vertex 0 9.85 14.3
      vertex 0 9.85 15.7
      vertex 0.362663 9.85 15.6822
    endloop
  endfacet
  facet normal 0 1 0
    outer loop
      vertex 0.225439 9.85 14.2889
      vertex 0.362663 9.85 15.6822
      vertex 0.721834 9.85 15.6289
    endloop
  endfacet
  facet normal 0 1 0
    outer loop
      vertex 0 9.85 15.7
      vertex 0 9.85 14.3
      vertex -0.362663 9.85 15.6822
    endloop
  endfacet
  facet normal 0 1 0
    outer loop
      vertex 0.448708 9.85 14.2558
      vertex 0.721834 9.85 15.6289
      vertex 1.07405 9.85 15.5407
    endloop
  endfacet
  facet normal 0 1 -0
    outer loop
      vertex -0.225439 9.85 14.2889
      vertex -0.362663 9.85 15.6822
      vertex 0 9.85 14.3
    endloop
  endfacet
  facet normal 0 1 0
    outer loop
      vertex 0.667654 9.85 14.201
      vertex 1.07405 9.85 15.5407
      vertex 1.41593 9.85 15.4184
    endloop
  endfacet
  facet normal 0 1 0
    outer loop
      vertex -0.362663 9.85 15.6822
      vertex -0.225439 9.85 14.2889
      vertex -0.721834 9.85 15.6289
    endloop
  endfacet
  facet normal 0 1 0
    outer loop
      vertex 0.880172 9.85 14.1249
      vertex 1.41593 9.85 15.4184
      vertex 1.74417 9.85 15.2631
    endloop
  endfacet
  facet normal 0 1 -0
    outer loop
      vertex -0.448708 9.85 14.2558
      vertex -0.721834 9.85 15.6289
      vertex -0.225439 9.85 14.2889
    endloop
  endfacet
  facet normal 0 1 0
    outer loop
      vertex 1.08421 9.85 14.0284
      vertex 1.74417 9.85 15.2631
      vertex 2.05561 9.85 15.0764
    endloop
  endfacet
  facet normal 0 1 0
    outer loop
      vertex -0.721834 9.85 15.6289
      vertex -0.448708 9.85 14.2558
      vertex -1.07405 9.85 15.5407
    endloop
  endfacet
  facet normal 0 1 0
    outer loop
      vertex 1.27781 9.85 13.9124
      vertex 2.05561 9.85 15.0764
      vertex 2.34725 9.85 14.8601
    endloop
  endfacet
  facet normal 0 1 -0
    outer loop
      vertex -0.667654 9.85 14.201
      vertex -1.07405 9.85 15.5407
      vertex -0.448708 9.85 14.2558
    endloop
  endfacet
  facet normal 0 1 0
    outer loop
      vertex 1.4591 9.85 13.7779
      vertex 2.34725 9.85 14.8601
      vertex 2.61629 9.85 14.6163
    endloop
  endfacet
  facet normal 0 1 0
    outer loop
      vertex -1.07405 9.85 15.5407
      vertex -0.667654 9.85 14.201
      vertex -1.41593 9.85 15.4184
    endloop
  endfacet
  facet normal 0 1 0
    outer loop
      vertex 1.62634 9.85 13.6263
      vertex 2.61629 9.85 14.6163
      vertex 2.86014 9.85 14.3473
    endloop
  endfacet
  facet normal 0 1 -0
    outer loop
      vertex -0.880172 9.85 14.1249
      vertex -1.41593 9.85 15.4184
      vertex -0.667654 9.85 14.201
    endloop
  endfacet
  facet normal 0 1 0
    outer loop
      vertex -1.41593 9.85 15.4184
      vertex -0.880172 9.85 14.1249
      vertex -1.74417 9.85 15.2631
    endloop
  endfacet
  facet normal 0 1 0
    outer loop
      vertex 0.362663 9.85 15.6822
      vertex 0.225439 9.85 14.2889
      vertex 0 9.85 14.3
    endloop
  endfacet
  facet normal 0 1 0
    outer loop
      vertex 0.721834 9.85 15.6289
      vertex 0.448708 9.85 14.2558
      vertex 0.225439 9.85 14.2889
    endloop
  endfacet
  facet normal 0 1 0
    outer loop
      vertex 1.07405 9.85 15.5407
      vertex 0.667654 9.85 14.201
      vertex 0.448708 9.85 14.2558
    endloop
  endfacet
  facet normal 0 1 0
    outer loop
      vertex 1.41593 9.85 15.4184
      vertex 0.880172 9.85 14.1249
      vertex 0.667654 9.85 14.201
    endloop
  endfacet
  facet normal 0 1 0
    outer loop
      vertex 1.77792 9.85 13.4591
      vertex 2.86014 9.85 14.3473
      vertex 3.07644 9.85 14.0556
    endloop
  endfacet
  facet normal 0 1 0
    outer loop
      vertex 1.74417 9.85 15.2631
      vertex 1.08421 9.85 14.0284
      vertex 0.880172 9.85 14.1249
    endloop
  endfacet
  facet normal 0 1 0
    outer loop
      vertex 2.05561 9.85 15.0764
      vertex 1.27781 9.85 13.9124
      vertex 1.08421 9.85 14.0284
    endloop
  endfacet
  facet normal 0 1 0
    outer loop
      vertex 2.34725 9.85 14.8601
      vertex 1.4591 9.85 13.7779
      vertex 1.27781 9.85 13.9124
    endloop
  endfacet
  facet normal 0 1 0
    outer loop
      vertex 1.91238 9.85 13.2778
      vertex 3.07644 9.85 14.0556
      vertex 3.26311 9.85 13.7442
    endloop
  endfacet
  facet normal 0 1 0
    outer loop
      vertex 2.61629 9.85 14.6163
      vertex 1.62634 9.85 13.6263
      vertex 1.4591 9.85 13.7779
    endloop
  endfacet
  facet normal 0 1 0
    outer loop
      vertex 2.86014 9.85 14.3473
      vertex 1.77792 9.85 13.4591
      vertex 1.62634 9.85 13.6263
    endloop
  endfacet
  facet normal 0 1 0
    outer loop
      vertex 2.02842 9.85 13.0842
      vertex 3.26311 9.85 13.7442
      vertex 3.41835 9.85 13.4159
    endloop
  endfacet
  facet normal 0 1 0
    outer loop
      vertex 3.07644 9.85 14.0556
      vertex 1.91238 9.85 13.2778
      vertex 1.77792 9.85 13.4591
    endloop
  endfacet
  facet normal 0 1 0
    outer loop
      vertex 3.26311 9.85 13.7442
      vertex 2.02842 9.85 13.0842
      vertex 1.91238 9.85 13.2778
    endloop
  endfacet
  facet normal 0 1 0
    outer loop
      vertex 2.12492 9.85 12.8802
      vertex 3.41835 9.85 13.4159
      vertex 3.54068 9.85 13.0741
    endloop
  endfacet
  facet normal 0 1 0
    outer loop
      vertex 3.41835 9.85 13.4159
      vertex 2.12492 9.85 12.8802
      vertex 2.02842 9.85 13.0842
    endloop
  endfacet
  facet normal 0 1 0
    outer loop
      vertex 2.20096 9.85 12.6677
      vertex 3.54068 9.85 13.0741
      vertex 3.62891 9.85 12.7218
    endloop
  endfacet
  facet normal 0 1 0
    outer loop
      vertex 3.54068 9.85 13.0741
      vertex 2.20096 9.85 12.6677
      vertex 2.12492 9.85 12.8802
    endloop
  endfacet
  facet normal 0 1 0
    outer loop
      vertex 3.62891 9.85 12.7218
      vertex 2.25581 9.85 12.4487
      vertex 2.20096 9.85 12.6677
    endloop
  endfacet
  facet normal 0 1 0
    outer loop
      vertex 3.68218 9.85 12.3627
      vertex 2.25581 9.85 12.4487
      vertex 3.62891 9.85 12.7218
    endloop
  endfacet
  facet normal 0 1 0
    outer loop
      vertex 3.68218 9.85 12.3627
      vertex 2.28892 9.85 12.2254
      vertex 2.25581 9.85 12.4487
    endloop
  endfacet
  facet normal 0 1 0
    outer loop
      vertex 3.7 9.85 12
      vertex 2.28892 9.85 12.2254
      vertex 3.68218 9.85 12.3627
    endloop
  endfacet
  facet normal 0 1 0
    outer loop
      vertex 3.7 9.85 12
      vertex 2.3 9.85 12
      vertex 2.28892 9.85 12.2254
    endloop
  endfacet
  facet normal 0 1 0
    outer loop
      vertex 3.7 9.85 12
      vertex 2.28892 9.85 11.7746
      vertex 2.3 9.85 12
    endloop
  endfacet
  facet normal 0 1 -0
    outer loop
      vertex 3.68218 9.85 11.6373
      vertex 2.28892 9.85 11.7746
      vertex 3.7 9.85 12
    endloop
  endfacet
  facet normal 0 1 0
    outer loop
      vertex 3.68218 9.85 11.6373
      vertex 2.25581 9.85 11.5513
      vertex 2.28892 9.85 11.7746
    endloop
  endfacet
  facet normal 0 1 -0
    outer loop
      vertex 3.62891 9.85 11.2782
      vertex 2.25581 9.85 11.5513
      vertex 3.68218 9.85 11.6373
    endloop
  endfacet
  facet normal 0 1 0
    outer loop
      vertex 2.25581 9.85 11.5513
      vertex 3.62891 9.85 11.2782
      vertex 2.20096 9.85 11.3323
    endloop
  endfacet
  facet normal 0 1 -0
    outer loop
      vertex 3.54068 9.85 10.9259
      vertex 2.20096 9.85 11.3323
      vertex 3.62891 9.85 11.2782
    endloop
  endfacet
  facet normal 0 1 0
    outer loop
      vertex 2.20096 9.85 11.3323
      vertex 3.54068 9.85 10.9259
      vertex 2.12492 9.85 11.1198
    endloop
  endfacet
  facet normal 0 1 -0
    outer loop
      vertex 3.41835 9.85 10.5841
      vertex 2.12492 9.85 11.1198
      vertex 3.54068 9.85 10.9259
    endloop
  endfacet
  facet normal 0 1 0
    outer loop
      vertex 2.12492 9.85 11.1198
      vertex 3.41835 9.85 10.5841
      vertex 2.02842 9.85 10.9158
    endloop
  endfacet
  facet normal 0 1 -0
    outer loop
      vertex 3.26311 9.85 10.2558
      vertex 2.02842 9.85 10.9158
      vertex 3.41835 9.85 10.5841
    endloop
  endfacet
  facet normal 0 1 0
    outer loop
      vertex 2.02842 9.85 10.9158
      vertex 3.26311 9.85 10.2558
      vertex 1.91238 9.85 10.7222
    endloop
  endfacet
  facet normal 0 1 -0
    outer loop
      vertex 3.07644 9.85 9.94439
      vertex 1.91238 9.85 10.7222
      vertex 3.26311 9.85 10.2558
    endloop
  endfacet
  facet normal 0 1 0
    outer loop
      vertex 1.91238 9.85 10.7222
      vertex 3.07644 9.85 9.94439
      vertex 1.77792 9.85 10.5409
    endloop
  endfacet
  facet normal 0 1 -0
    outer loop
      vertex 2.86014 9.85 9.65275
      vertex 1.77792 9.85 10.5409
      vertex 3.07644 9.85 9.94439
    endloop
  endfacet
  facet normal 0 1 0
    outer loop
      vertex 1.77792 9.85 10.5409
      vertex 2.86014 9.85 9.65275
      vertex 1.62634 9.85 10.3737
    endloop
  endfacet
  facet normal 0 1 -0
    outer loop
      vertex 2.61629 9.85 9.38371
      vertex 1.62634 9.85 10.3737
      vertex 2.86014 9.85 9.65275
    endloop
  endfacet
  facet normal 0 1 0
    outer loop
      vertex 1.62634 9.85 10.3737
      vertex 2.61629 9.85 9.38371
      vertex 1.4591 9.85 10.2221
    endloop
  endfacet
  facet normal 0 1 -0
    outer loop
      vertex 2.34725 9.85 9.13986
      vertex 1.4591 9.85 10.2221
      vertex 2.61629 9.85 9.38371
    endloop
  endfacet
  facet normal 0 1 0
    outer loop
      vertex 1.4591 9.85 10.2221
      vertex 2.34725 9.85 9.13986
      vertex 1.27781 9.85 10.0876
    endloop
  endfacet
  facet normal 0 1 -0
    outer loop
      vertex 2.05561 9.85 8.92356
      vertex 1.27781 9.85 10.0876
      vertex 2.34725 9.85 9.13986
    endloop
  endfacet
  facet normal 0 1 0
    outer loop
      vertex 1.27781 9.85 10.0876
      vertex 2.05561 9.85 8.92356
      vertex 1.08421 9.85 9.97158
    endloop
  endfacet
  facet normal 0 1 0
    outer loop
      vertex 1.08421 9.85 9.97158
      vertex 1.74417 9.85 8.73689
      vertex 0.880172 9.85 9.87508
    endloop
  endfacet
  facet normal 0 1 -0
    outer loop
      vertex 1.74417 9.85 8.73689
      vertex 1.08421 9.85 9.97158
      vertex 2.05561 9.85 8.92356
    endloop
  endfacet
  facet normal 0 1 -0
    outer loop
      vertex -1.08421 9.85 14.0284
      vertex -1.74417 9.85 15.2631
      vertex -0.880172 9.85 14.1249
    endloop
  endfacet
  facet normal 0 1 0
    outer loop
      vertex -1.74417 9.85 15.2631
      vertex -1.08421 9.85 14.0284
      vertex -2.05561 9.85 15.0764
    endloop
  endfacet
  facet normal 0 1 -0
    outer loop
      vertex -1.27781 9.85 13.9124
      vertex -2.05561 9.85 15.0764
      vertex -1.08421 9.85 14.0284
    endloop
  endfacet
  facet normal 0 1 0
    outer loop
      vertex -2.05561 9.85 15.0764
      vertex -1.27781 9.85 13.9124
      vertex -2.34725 9.85 14.8601
    endloop
  endfacet
  facet normal 0 1 -0
    outer loop
      vertex -1.4591 9.85 13.7779
      vertex -2.34725 9.85 14.8601
      vertex -1.27781 9.85 13.9124
    endloop
  endfacet
  facet normal 0 1 0
    outer loop
      vertex -2.34725 9.85 14.8601
      vertex -1.4591 9.85 13.7779
      vertex -2.61629 9.85 14.6163
    endloop
  endfacet
  facet normal 0 1 -0
    outer loop
      vertex -1.62634 9.85 13.6263
      vertex -2.61629 9.85 14.6163
      vertex -1.4591 9.85 13.7779
    endloop
  endfacet
  facet normal 0 1 0
    outer loop
      vertex -2.61629 9.85 14.6163
      vertex -1.62634 9.85 13.6263
      vertex -2.86014 9.85 14.3473
    endloop
  endfacet
  facet normal 0 1 -0
    outer loop
      vertex -1.77792 9.85 13.4591
      vertex -2.86014 9.85 14.3473
      vertex -1.62634 9.85 13.6263
    endloop
  endfacet
  facet normal 0 1 0
    outer loop
      vertex -2.86014 9.85 14.3473
      vertex -1.77792 9.85 13.4591
      vertex -3.07644 9.85 14.0556
    endloop
  endfacet
  facet normal 0 1 -0
    outer loop
      vertex -1.91238 9.85 13.2778
      vertex -3.07644 9.85 14.0556
      vertex -1.77792 9.85 13.4591
    endloop
  endfacet
  facet normal 0 1 0
    outer loop
      vertex -3.07644 9.85 14.0556
      vertex -1.91238 9.85 13.2778
      vertex -3.26311 9.85 13.7442
    endloop
  endfacet
  facet normal 0 1 -0
    outer loop
      vertex -2.02842 9.85 13.0842
      vertex -3.26311 9.85 13.7442
      vertex -1.91238 9.85 13.2778
    endloop
  endfacet
  facet normal 0 1 0
    outer loop
      vertex -3.26311 9.85 13.7442
      vertex -2.02842 9.85 13.0842
      vertex -3.41835 9.85 13.4159
    endloop
  endfacet
  facet normal 0 1 -0
    outer loop
      vertex -2.12492 9.85 12.8802
      vertex -3.41835 9.85 13.4159
      vertex -2.02842 9.85 13.0842
    endloop
  endfacet
  facet normal 0 1 0
    outer loop
      vertex -3.41835 9.85 13.4159
      vertex -2.12492 9.85 12.8802
      vertex -3.54068 9.85 13.0741
    endloop
  endfacet
  facet normal 0 1 -0
    outer loop
      vertex -2.20096 9.85 12.6677
      vertex -3.54068 9.85 13.0741
      vertex -2.12492 9.85 12.8802
    endloop
  endfacet
  facet normal 0 1 0
    outer loop
      vertex -3.54068 9.85 13.0741
      vertex -2.20096 9.85 12.6677
      vertex -3.62891 9.85 12.7218
    endloop
  endfacet
  facet normal 0 1 -0
    outer loop
      vertex -2.25581 9.85 12.4487
      vertex -3.62891 9.85 12.7218
      vertex -2.20096 9.85 12.6677
    endloop
  endfacet
  facet normal 0 1 0
    outer loop
      vertex -2.25581 9.85 12.4487
      vertex -3.68218 9.85 12.3627
      vertex -3.62891 9.85 12.7218
    endloop
  endfacet
  facet normal 0 1 -0
    outer loop
      vertex -2.28892 9.85 12.2254
      vertex -3.68218 9.85 12.3627
      vertex -2.25581 9.85 12.4487
    endloop
  endfacet
  facet normal 0 1 -0
    outer loop
      vertex -2.3 9.85 12
      vertex -3.68218 9.85 12.3627
      vertex -2.28892 9.85 12.2254
    endloop
  endfacet
  facet normal 0 1 0
    outer loop
      vertex -2.3 9.85 12
      vertex -3.7 9.85 12
      vertex -3.68218 9.85 12.3627
    endloop
  endfacet
  facet normal 0 1 0
    outer loop
      vertex -2.28892 9.85 11.7746
      vertex -3.7 9.85 12
      vertex -2.3 9.85 12
    endloop
  endfacet
  facet normal 0 1 0
    outer loop
      vertex -2.28892 9.85 11.7746
      vertex -3.68218 9.85 11.6373
      vertex -3.7 9.85 12
    endloop
  endfacet
  facet normal 0 1 0
    outer loop
      vertex -2.25581 9.85 11.5513
      vertex -3.68218 9.85 11.6373
      vertex -2.28892 9.85 11.7746
    endloop
  endfacet
  facet normal 0 1 0
    outer loop
      vertex -3.62891 9.85 11.2782
      vertex -2.25581 9.85 11.5513
      vertex -2.20096 9.85 11.3323
    endloop
  endfacet
  facet normal 0 1 0
    outer loop
      vertex -2.25581 9.85 11.5513
      vertex -3.62891 9.85 11.2782
      vertex -3.68218 9.85 11.6373
    endloop
  endfacet
  facet normal 0 1 0
    outer loop
      vertex -3.54068 9.85 10.9259
      vertex -2.20096 9.85 11.3323
      vertex -2.12492 9.85 11.1198
    endloop
  endfacet
  facet normal 0 1 0
    outer loop
      vertex -2.20096 9.85 11.3323
      vertex -3.54068 9.85 10.9259
      vertex -3.62891 9.85 11.2782
    endloop
  endfacet
  facet normal 0 1 0
    outer loop
      vertex -3.41835 9.85 10.5841
      vertex -2.12492 9.85 11.1198
      vertex -2.02842 9.85 10.9158
    endloop
  endfacet
  facet normal 0 1 0
    outer loop
      vertex -3.26311 9.85 10.2558
      vertex -2.02842 9.85 10.9158
      vertex -1.91238 9.85 10.7222
    endloop
  endfacet
  facet normal 0 1 0
    outer loop
      vertex -2.12492 9.85 11.1198
      vertex -3.41835 9.85 10.5841
      vertex -3.54068 9.85 10.9259
    endloop
  endfacet
  facet normal 0 1 0
    outer loop
      vertex -3.07644 9.85 9.94439
      vertex -1.91238 9.85 10.7222
      vertex -1.77792 9.85 10.5409
    endloop
  endfacet
  facet normal 0 1 0
    outer loop
      vertex -2.86014 9.85 9.65275
      vertex -1.77792 9.85 10.5409
      vertex -1.62634 9.85 10.3737
    endloop
  endfacet
  facet normal 0 1 0
    outer loop
      vertex -2.02842 9.85 10.9158
      vertex -3.26311 9.85 10.2558
      vertex -3.41835 9.85 10.5841
    endloop
  endfacet
  facet normal 0 1 0
    outer loop
      vertex -2.61629 9.85 9.38371
      vertex -1.62634 9.85 10.3737
      vertex -1.4591 9.85 10.2221
    endloop
  endfacet
  facet normal 0 1 0
    outer loop
      vertex -2.34725 9.85 9.13986
      vertex -1.4591 9.85 10.2221
      vertex -1.27781 9.85 10.0876
    endloop
  endfacet
  facet normal 0 1 0
    outer loop
      vertex -2.05561 9.85 8.92356
      vertex -1.27781 9.85 10.0876
      vertex -1.08421 9.85 9.97158
    endloop
  endfacet
  facet normal 0 1 0
    outer loop
      vertex -1.91238 9.85 10.7222
      vertex -3.07644 9.85 9.94439
      vertex -3.26311 9.85 10.2558
    endloop
  endfacet
  facet normal 0 1 0
    outer loop
      vertex -1.74417 9.85 8.73689
      vertex -1.08421 9.85 9.97158
      vertex -0.880172 9.85 9.87508
    endloop
  endfacet
  facet normal 0 1 0
    outer loop
      vertex -1.41593 9.85 8.58165
      vertex -0.880172 9.85 9.87508
      vertex -0.667654 9.85 9.79904
    endloop
  endfacet
  facet normal 0 1 0
    outer loop
      vertex -1.07405 9.85 8.45932
      vertex -0.667654 9.85 9.79904
      vertex -0.448708 9.85 9.74419
    endloop
  endfacet
  facet normal 0 1 0
    outer loop
      vertex -0.721834 9.85 8.37109
      vertex -0.448708 9.85 9.74419
      vertex -0.225439 9.85 9.71108
    endloop
  endfacet
  facet normal 0 1 0
    outer loop
      vertex -1.77792 9.85 10.5409
      vertex -2.86014 9.85 9.65275
      vertex -3.07644 9.85 9.94439
    endloop
  endfacet
  facet normal 0 1 0
    outer loop
      vertex -0.362663 9.85 8.31782
      vertex -0.225439 9.85 9.71108
      vertex 0 9.85 9.7
    endloop
  endfacet
  facet normal 0 1 -0
    outer loop
      vertex 1.41593 9.85 8.58165
      vertex 0.880172 9.85 9.87508
      vertex 1.74417 9.85 8.73689
    endloop
  endfacet
  facet normal 0 1 0
    outer loop
      vertex 0.880172 9.85 9.87508
      vertex 1.41593 9.85 8.58165
      vertex 0.667654 9.85 9.79904
    endloop
  endfacet
  facet normal 0 1 0
    outer loop
      vertex -1.62634 9.85 10.3737
      vertex -2.61629 9.85 9.38371
      vertex -2.86014 9.85 9.65275
    endloop
  endfacet
  facet normal 0 1 -0
    outer loop
      vertex 1.07405 9.85 8.45932
      vertex 0.667654 9.85 9.79904
      vertex 1.41593 9.85 8.58165
    endloop
  endfacet
  facet normal 0 1 0
    outer loop
      vertex -1.4591 9.85 10.2221
      vertex -2.34725 9.85 9.13986
      vertex -2.61629 9.85 9.38371
    endloop
  endfacet
  facet normal 0 1 0
    outer loop
      vertex 0.667654 9.85 9.79904
      vertex 1.07405 9.85 8.45932
      vertex 0.448708 9.85 9.74419
    endloop
  endfacet
  facet normal 0 1 0
    outer loop
      vertex -1.27781 9.85 10.0876
      vertex -2.05561 9.85 8.92356
      vertex -2.34725 9.85 9.13986
    endloop
  endfacet
  facet normal 0 1 -0
    outer loop
      vertex 0.721834 9.85 8.37109
      vertex 0.448708 9.85 9.74419
      vertex 1.07405 9.85 8.45932
    endloop
  endfacet
  facet normal 0 1 0
    outer loop
      vertex -1.08421 9.85 9.97158
      vertex -1.74417 9.85 8.73689
      vertex -2.05561 9.85 8.92356
    endloop
  endfacet
  facet normal 0 1 0
    outer loop
      vertex 0.448708 9.85 9.74419
      vertex 0.721834 9.85 8.37109
      vertex 0.225439 9.85 9.71108
    endloop
  endfacet
  facet normal 0 1 0
    outer loop
      vertex -0.880172 9.85 9.87508
      vertex -1.41593 9.85 8.58165
      vertex -1.74417 9.85 8.73689
    endloop
  endfacet
  facet normal 0 1 -0
    outer loop
      vertex 0.362663 9.85 8.31782
      vertex 0.225439 9.85 9.71108
      vertex 0.721834 9.85 8.37109
    endloop
  endfacet
  facet normal 0 1 0
    outer loop
      vertex -0.667654 9.85 9.79904
      vertex -1.07405 9.85 8.45932
      vertex -1.41593 9.85 8.58165
    endloop
  endfacet
  facet normal 0 1 0
    outer loop
      vertex 0.225439 9.85 9.71108
      vertex 0.362663 9.85 8.31782
      vertex 0 9.85 9.7
    endloop
  endfacet
  facet normal 0 1 0
    outer loop
      vertex -0.448708 9.85 9.74419
      vertex -0.721834 9.85 8.37109
      vertex -1.07405 9.85 8.45932
    endloop
  endfacet
  facet normal 0 1 0
    outer loop
      vertex 0 9.85 8.3
      vertex 0 9.85 9.7
      vertex 0.362663 9.85 8.31782
    endloop
  endfacet
  facet normal 0 1 0
    outer loop
      vertex -0.225439 9.85 9.71108
      vertex -0.362663 9.85 8.31782
      vertex -0.721834 9.85 8.37109
    endloop
  endfacet
  facet normal 0 1 0
    outer loop
      vertex 0 9.85 9.7
      vertex 0 9.85 8.3
      vertex -0.362663 9.85 8.31782
    endloop
  endfacet
  facet normal 0.595708 0 0.803201
    outer loop
      vertex -2.34725 15.65 9.13986
      vertex -2.05561 9.85 8.92356
      vertex -2.05561 15.65 8.92356
    endloop
  endfacet
  facet normal 0.595708 0 0.803201
    outer loop
      vertex -2.05561 9.85 8.92356
      vertex -2.34725 15.65 9.13986
      vertex -2.34725 9.85 9.13986
    endloop
  endfacet
  facet normal -0.989175 0 -0.146737
    outer loop
      vertex 3.68218 9.85 12.3627
      vertex 3.62891 13.05 12.7218
      vertex 3.68218 13.05 12.3627
    endloop
  endfacet
  facet normal -0.989175 -0 -0.146737
    outer loop
      vertex 3.62891 13.05 12.7218
      vertex 3.68218 9.85 12.3627
      vertex 3.62891 9.85 12.7218
    endloop
  endfacet
  facet normal -0.941516 0 -0.336968
    outer loop
      vertex 3.54068 9.85 13.0741
      vertex 3.41835 13.05 13.4159
      vertex 3.54068 13.05 13.0741
    endloop
  endfacet
  facet normal -0.941516 -0 -0.336968
    outer loop
      vertex 3.41835 13.05 13.4159
      vertex 3.54068 9.85 13.0741
      vertex 3.41835 9.85 13.4159
    endloop
  endfacet
  facet normal -0.336898 0 0.941541
    outer loop
      vertex 1.07405 15.65 8.45932
      vertex 1.41593 9.85 8.58165
      vertex 1.41593 15.65 8.58165
    endloop
  endfacet
  facet normal -0.336898 0 0.941541
    outer loop
      vertex 1.41593 9.85 8.58165
      vertex 1.07405 15.65 8.45932
      vertex 1.07405 9.85 8.45932
    endloop
  endfacet
  facet normal -0.514103 0 0.857729
    outer loop
      vertex 1.74417 15.65 8.73689
      vertex 2.05561 9.85 8.92356
      vertex 2.05561 15.65 8.92356
    endloop
  endfacet
  facet normal -0.514103 0 0.857729
    outer loop
      vertex 2.05561 9.85 8.92356
      vertex 1.74417 15.65 8.73689
      vertex 1.74417 9.85 8.73689
    endloop
  endfacet
  facet normal -0.970042 0 0.242937
    outer loop
      vertex 3.54068 9.85 10.9259
      vertex 3.62891 13.05 11.2782
      vertex 3.54068 13.05 10.9259
    endloop
  endfacet
  facet normal -0.970042 0 0.242937
    outer loop
      vertex 3.62891 13.05 11.2782
      vertex 3.54068 9.85 10.9259
      vertex 3.62891 9.85 11.2782
    endloop
  endfacet
  facet normal 0.14679 0 -0.989168
    outer loop
      vertex -0.721834 9.85 15.6289
      vertex -0.362663 15.65 15.6822
      vertex -0.362663 9.85 15.6822
    endloop
  endfacet
  facet normal 0.14679 0 -0.989168
    outer loop
      vertex -0.362663 15.65 15.6822
      vertex -0.721834 9.85 15.6289
      vertex -0.721834 15.65 15.6289
    endloop
  endfacet
  facet normal 0.0490224 0 -0.998798
    outer loop
      vertex -0.362663 9.85 15.6822
      vertex 0 15.65 15.7
      vertex 0 9.85 15.7
    endloop
  endfacet
  facet normal 0.0490224 0 -0.998798
    outer loop
      vertex 0 15.65 15.7
      vertex -0.362663 9.85 15.6822
      vertex -0.362663 15.65 15.6822
    endloop
  endfacet
  facet normal 0.242914 0 -0.970048
    outer loop
      vertex -1.07405 9.85 15.5407
      vertex -0.721834 15.65 15.6289
      vertex -0.721834 9.85 15.6289
    endloop
  endfacet
  facet normal 0.242914 0 -0.970048
    outer loop
      vertex -0.721834 15.65 15.6289
      vertex -1.07405 9.85 15.5407
      vertex -1.07405 15.65 15.5407
    endloop
  endfacet
  facet normal 0.336825 0 -0.941567
    outer loop
      vertex -1.41593 9.85 15.4184
      vertex -1.07405 15.65 15.5407
      vertex -1.07405 9.85 15.5407
    endloop
  endfacet
  facet normal 0.336825 0 -0.941567
    outer loop
      vertex -1.07405 15.65 15.5407
      vertex -1.41593 9.85 15.4184
      vertex -1.41593 15.65 15.4184
    endloop
  endfacet
  facet normal 0.941516 0 -0.336968
    outer loop
      vertex -3.41835 9.85 13.4159
      vertex -3.54068 15.65 13.0741
      vertex -3.41835 15.65 13.4159
    endloop
  endfacet
  facet normal 0.941516 0 -0.336968
    outer loop
      vertex -3.54068 15.65 13.0741
      vertex -3.41835 9.85 13.4159
      vertex -3.54068 9.85 13.0741
    endloop
  endfacet
  facet normal 0.857699 0 -0.514151
    outer loop
      vertex -3.07644 9.85 14.0556
      vertex -3.26311 15.65 13.7442
      vertex -3.07644 15.65 14.0556
    endloop
  endfacet
  facet normal 0.857699 0 -0.514151
    outer loop
      vertex -3.26311 15.65 13.7442
      vertex -3.07644 9.85 14.0556
      vertex -3.26311 9.85 13.7442
    endloop
  endfacet
  facet normal 0.803201 -0 0.595708
    outer loop
      vertex -3.07644 9.85 9.94439
      vertex -2.86014 15.65 9.65275
      vertex -3.07644 15.65 9.94439
    endloop
  endfacet
  facet normal 0.803201 0 0.595708
    outer loop
      vertex -2.86014 15.65 9.65275
      vertex -3.07644 9.85 9.94439
      vertex -2.86014 9.85 9.65275
    endloop
  endfacet
  facet normal 0.146709 0 0.98918
    outer loop
      vertex -0.721834 15.65 8.37109
      vertex -0.362663 9.85 8.31782
      vertex -0.362663 15.65 8.31782
    endloop
  endfacet
  facet normal 0.146709 0 0.98918
    outer loop
      vertex -0.362663 9.85 8.31782
      vertex -0.721834 15.65 8.37109
      vertex -0.721834 9.85 8.37109
    endloop
  endfacet
  facet normal 0.336898 0 0.941541
    outer loop
      vertex -1.41593 15.65 8.58165
      vertex -1.07405 9.85 8.45932
      vertex -1.07405 15.65 8.45932
    endloop
  endfacet
  facet normal 0.336898 0 0.941541
    outer loop
      vertex -1.07405 9.85 8.45932
      vertex -1.41593 15.65 8.58165
      vertex -1.41593 9.85 8.58165
    endloop
  endfacet
  facet normal 0.514103 0 0.857729
    outer loop
      vertex -2.05561 15.65 8.92356
      vertex -1.74417 9.85 8.73689
      vertex -1.74417 15.65 8.73689
    endloop
  endfacet
  facet normal 0.514103 0 0.857729
    outer loop
      vertex -1.74417 9.85 8.73689
      vertex -2.05561 15.65 8.92356
      vertex -2.05561 9.85 8.92356
    endloop
  endfacet
  facet normal 0.671569 0 0.740942
    outer loop
      vertex -2.61629 15.65 9.38371
      vertex -2.34725 9.85 9.13986
      vertex -2.34725 15.65 9.13986
    endloop
  endfacet
  facet normal 0.671569 0 0.740942
    outer loop
      vertex -2.34725 9.85 9.13986
      vertex -2.61629 15.65 9.38371
      vertex -2.61629 9.85 9.38371
    endloop
  endfacet
  facet normal 0.514164 0 -0.857692
    outer loop
      vertex -2.05561 9.85 15.0764
      vertex -1.74417 15.65 15.2631
      vertex -1.74417 9.85 15.2631
    endloop
  endfacet
  facet normal 0.514164 0 -0.857692
    outer loop
      vertex -1.74417 15.65 15.2631
      vertex -2.05561 9.85 15.0764
      vertex -2.05561 15.65 15.0764
    endloop
  endfacet
  facet normal 0.427677 0 -0.903932
    outer loop
      vertex -1.74417 9.85 15.2631
      vertex -1.41593 15.65 15.4184
      vertex -1.41593 9.85 15.4184
    endloop
  endfacet
  facet normal 0.427677 0 -0.903932
    outer loop
      vertex -1.41593 15.65 15.4184
      vertex -1.74417 9.85 15.2631
      vertex -1.74417 15.65 15.2631
    endloop
  endfacet
  facet normal 0.595708 0 -0.803201
    outer loop
      vertex -2.34725 9.85 14.8601
      vertex -2.05561 15.65 15.0764
      vertex -2.05561 9.85 15.0764
    endloop
  endfacet
  facet normal 0.595708 0 -0.803201
    outer loop
      vertex -2.05561 15.65 15.0764
      vertex -2.34725 9.85 14.8601
      vertex -2.34725 15.65 14.8601
    endloop
  endfacet
  facet normal 0.671493 0 -0.741011
    outer loop
      vertex -2.61629 9.85 14.6163
      vertex -2.34725 15.65 14.8601
      vertex -2.34725 9.85 14.8601
    endloop
  endfacet
  facet normal 0.671493 0 -0.741011
    outer loop
      vertex -2.34725 15.65 14.8601
      vertex -2.61629 9.85 14.6163
      vertex -2.61629 15.65 14.6163
    endloop
  endfacet
  facet normal -0.513974 0 -0.857806
    outer loop
      vertex 1.08421 9.15 14.0284
      vertex 1.27781 9.85 13.9124
      vertex 1.27781 9.15 13.9124
    endloop
  endfacet
  facet normal -0.513974 0 -0.857806
    outer loop
      vertex 1.27781 9.85 13.9124
      vertex 1.08421 9.15 14.0284
      vertex 1.08421 9.85 14.0284
    endloop
  endfacet
  facet normal -0.941535 0 -0.336915
    outer loop
      vertex 2.20096 9.15 12.6677
      vertex 2.12492 9.85 12.8802
      vertex 2.20096 9.85 12.6677
    endloop
  endfacet
  facet normal -0.941535 -0 -0.336915
    outer loop
      vertex 2.12492 9.85 12.8802
      vertex 2.20096 9.15 12.6677
      vertex 2.12492 9.15 12.8802
    endloop
  endfacet
  facet normal -0.903963 0 0.42761
    outer loop
      vertex 2.02842 9.15 10.9158
      vertex 2.12492 9.85 11.1198
      vertex 2.02842 9.85 10.9158
    endloop
  endfacet
  facet normal -0.903963 0 0.42761
    outer loop
      vertex 2.12492 9.85 11.1198
      vertex 2.02842 9.15 10.9158
      vertex 2.12492 9.15 11.1198
    endloop
  endfacet
  facet normal -0.427545 0 0.903994
    outer loop
      vertex 0.880172 9.85 9.87508
      vertex 1.08421 9.15 9.97158
      vertex 1.08421 9.85 9.97158
    endloop
  endfacet
  facet normal -0.427545 0 0.903994
    outer loop
      vertex 1.08421 9.15 9.97158
      vertex 0.880172 9.85 9.87508
      vertex 0.880172 9.15 9.87508
    endloop
  endfacet
  facet normal 0.0491777 0 -0.99879
    outer loop
      vertex -0.225439 9.15 14.2889
      vertex 0 9.85 14.3
      vertex 0 9.15 14.3
    endloop
  endfacet
  facet normal 0.0491777 0 -0.99879
    outer loop
      vertex 0 9.85 14.3
      vertex -0.225439 9.15 14.2889
      vertex -0.225439 9.85 14.2889
    endloop
  endfacet
  facet normal -0.998794 0 -0.0490978
    outer loop
      vertex 2.3 9.15 12
      vertex 2.28892 9.85 12.2254
      vertex 2.3 9.85 12
    endloop
  endfacet
  facet normal -0.998794 -0 -0.0490978
    outer loop
      vertex 2.28892 9.85 12.2254
      vertex 2.3 9.15 12
      vertex 2.28892 9.15 12.2254
    endloop
  endfacet
  facet normal -0.857727 0 -0.514105
    outer loop
      vertex 2.02842 9.15 13.0842
      vertex 1.91238 9.85 13.2778
      vertex 2.02842 9.85 13.0842
    endloop
  endfacet
  facet normal -0.857727 -0 -0.514105
    outer loop
      vertex 1.91238 9.85 13.2778
      vertex 2.02842 9.15 13.0842
      vertex 1.91238 9.15 13.2778
    endloop
  endfacet
  facet normal -0.595831 0 0.80311
    outer loop
      vertex 1.27781 9.85 10.0876
      vertex 1.4591 9.15 10.2221
      vertex 1.4591 9.85 10.2221
    endloop
  endfacet
  facet normal -0.595831 0 0.80311
    outer loop
      vertex 1.4591 9.15 10.2221
      vertex 1.27781 9.85 10.0876
      vertex 1.27781 9.15 10.0876
    endloop
  endfacet
  facet normal -0.970038 0 0.242952
    outer loop
      vertex 2.20096 9.15 11.3323
      vertex 2.25581 9.85 11.5513
      vertex 2.20096 9.85 11.3323
    endloop
  endfacet
  facet normal -0.970038 0 0.242952
    outer loop
      vertex 2.25581 9.85 11.5513
      vertex 2.20096 9.15 11.3323
      vertex 2.25581 9.15 11.5513
    endloop
  endfacet
  facet normal 0.857727 0 -0.514105
    outer loop
      vertex -1.91238 9.15 13.2778
      vertex -2.02842 9.85 13.0842
      vertex -1.91238 9.85 13.2778
    endloop
  endfacet
  facet normal 0.857727 0 -0.514105
    outer loop
      vertex -2.02842 9.85 13.0842
      vertex -1.91238 9.15 13.2778
      vertex -2.02842 9.15 13.0842
    endloop
  endfacet
  facet normal -0.146649 0 -0.989189
    outer loop
      vertex 0.225439 9.15 14.2889
      vertex 0.448708 9.85 14.2558
      vertex 0.448708 9.15 14.2558
    endloop
  endfacet
  facet normal -0.146649 0 -0.989189
    outer loop
      vertex 0.448708 9.85 14.2558
      vertex 0.225439 9.15 14.2889
      vertex 0.225439 9.85 14.2889
    endloop
  endfacet
  facet normal -0.595831 0 -0.80311
    outer loop
      vertex 1.27781 9.15 13.9124
      vertex 1.4591 9.85 13.7779
      vertex 1.4591 9.15 13.7779
    endloop
  endfacet
  facet normal -0.595831 0 -0.80311
    outer loop
      vertex 1.4591 9.85 13.7779
      vertex 1.27781 9.15 13.9124
      vertex 1.27781 9.85 13.9124
    endloop
  endfacet
  facet normal -0.740866 0 -0.671653
    outer loop
      vertex 1.77792 9.15 13.4591
      vertex 1.62634 9.85 13.6263
      vertex 1.77792 9.85 13.4591
    endloop
  endfacet
  facet normal -0.740866 -0 -0.671653
    outer loop
      vertex 1.62634 9.85 13.6263
      vertex 1.77792 9.15 13.4591
      vertex 1.62634 9.15 13.6263
    endloop
  endfacet
  facet normal -0.671614 0 -0.740902
    outer loop
      vertex 1.4591 9.15 13.7779
      vertex 1.62634 9.85 13.6263
      vertex 1.62634 9.15 13.6263
    endloop
  endfacet
  facet normal -0.671614 0 -0.740902
    outer loop
      vertex 1.62634 9.85 13.6263
      vertex 1.4591 9.15 13.7779
      vertex 1.4591 9.85 13.7779
    endloop
  endfacet
  facet normal -0.998794 0 0.0490978
    outer loop
      vertex 2.28892 9.15 11.7746
      vertex 2.3 9.85 12
      vertex 2.28892 9.85 11.7746
    endloop
  endfacet
  facet normal -0.998794 0 0.0490978
    outer loop
      vertex 2.3 9.85 12
      vertex 2.28892 9.15 11.7746
      vertex 2.3 9.15 12
    endloop
  endfacet
  facet normal -0.970038 0 -0.242952
    outer loop
      vertex 2.25581 9.15 12.4487
      vertex 2.20096 9.85 12.6677
      vertex 2.25581 9.85 12.4487
    endloop
  endfacet
  facet normal -0.970038 -0 -0.242952
    outer loop
      vertex 2.20096 9.85 12.6677
      vertex 2.25581 9.15 12.4487
      vertex 2.20096 9.15 12.6677
    endloop
  endfacet
  facet normal -0.989185 0 -0.146672
    outer loop
      vertex 2.28892 9.15 12.2254
      vertex 2.25581 9.85 12.4487
      vertex 2.28892 9.85 12.2254
    endloop
  endfacet
  facet normal -0.989185 -0 -0.146672
    outer loop
      vertex 2.25581 9.85 12.4487
      vertex 2.28892 9.15 12.2254
      vertex 2.25581 9.15 12.4487
    endloop
  endfacet
  facet normal -0.903963 0 -0.42761
    outer loop
      vertex 2.12492 9.15 12.8802
      vertex 2.02842 9.85 13.0842
      vertex 2.12492 9.85 12.8802
    endloop
  endfacet
  facet normal -0.903963 -0 -0.42761
    outer loop
      vertex 2.02842 9.85 13.0842
      vertex 2.12492 9.15 12.8802
      vertex 2.02842 9.15 13.0842
    endloop
  endfacet
  facet normal -0.80321 0 -0.595696
    outer loop
      vertex 1.91238 9.15 13.2778
      vertex 1.77792 9.85 13.4591
      vertex 1.91238 9.85 13.2778
    endloop
  endfacet
  facet normal -0.80321 -0 -0.595696
    outer loop
      vertex 1.77792 9.85 13.4591
      vertex 1.91238 9.15 13.2778
      vertex 1.77792 9.15 13.4591
    endloop
  endfacet
  facet normal -0.0490893 0 0.998794
    outer loop
      vertex 0 9.85 9.7
      vertex 0.225439 9.15 9.71108
      vertex 0.225439 9.85 9.71108
    endloop
  endfacet
  facet normal -0.0490893 0 0.998794
    outer loop
      vertex 0.225439 9.15 9.71108
      vertex 0 9.85 9.7
      vertex 0 9.15 9.7
    endloop
  endfacet
  facet normal -0.336889 0 0.941544
    outer loop
      vertex 0.667654 9.85 9.79904
      vertex 0.880172 9.15 9.87508
      vertex 0.880172 9.85 9.87508
    endloop
  endfacet
  facet normal -0.336889 0 0.941544
    outer loop
      vertex 0.880172 9.15 9.87508
      vertex 0.667654 9.85 9.79904
      vertex 0.667654 9.15 9.79904
    endloop
  endfacet
  facet normal -0.243009 0 0.970024
    outer loop
      vertex 0.448708 9.85 9.74419
      vertex 0.667654 9.15 9.79904
      vertex 0.667654 9.85 9.79904
    endloop
  endfacet
  facet normal -0.243009 0 0.970024
    outer loop
      vertex 0.667654 9.15 9.79904
      vertex 0.448708 9.85 9.74419
      vertex 0.448708 9.15 9.74419
    endloop
  endfacet
  facet normal -0.51404 0 0.857766
    outer loop
      vertex 1.08421 9.85 9.97158
      vertex 1.27781 9.15 10.0876
      vertex 1.27781 9.85 10.0876
    endloop
  endfacet
  facet normal -0.51404 0 0.857766
    outer loop
      vertex 1.27781 9.15 10.0876
      vertex 1.08421 9.85 9.97158
      vertex 1.08421 9.15 9.97158
    endloop
  endfacet
  facet normal -0.941535 0 0.336915
    outer loop
      vertex 2.12492 9.15 11.1198
      vertex 2.20096 9.85 11.3323
      vertex 2.12492 9.85 11.1198
    endloop
  endfacet
  facet normal -0.941535 0 0.336915
    outer loop
      vertex 2.20096 9.85 11.3323
      vertex 2.12492 9.15 11.1198
      vertex 2.20096 9.15 11.3323
    endloop
  endfacet
  facet normal -0.989185 0 0.146672
    outer loop
      vertex 2.25581 9.15 11.5513
      vertex 2.28892 9.85 11.7746
      vertex 2.25581 9.85 11.5513
    endloop
  endfacet
  facet normal -0.989185 0 0.146672
    outer loop
      vertex 2.28892 9.85 11.7746
      vertex 2.25581 9.15 11.5513
      vertex 2.28892 9.15 11.7746
    endloop
  endfacet
  facet normal -0.80321 0 0.595696
    outer loop
      vertex 1.77792 9.15 10.5409
      vertex 1.91238 9.85 10.7222
      vertex 1.77792 9.85 10.5409
    endloop
  endfacet
  facet normal -0.80321 0 0.595696
    outer loop
      vertex 1.91238 9.85 10.7222
      vertex 1.77792 9.15 10.5409
      vertex 1.91238 9.15 10.7222
    endloop
  endfacet
  facet normal -0.740866 0 0.671653
    outer loop
      vertex 1.62634 9.15 10.3737
      vertex 1.77792 9.85 10.5409
      vertex 1.62634 9.85 10.3737
    endloop
  endfacet
  facet normal -0.740866 0 0.671653
    outer loop
      vertex 1.77792 9.85 10.5409
      vertex 1.62634 9.15 10.3737
      vertex 1.77792 9.15 10.5409
    endloop
  endfacet
  facet normal -0.857727 0 0.514105
    outer loop
      vertex 1.91238 9.15 10.7222
      vertex 2.02842 9.85 10.9158
      vertex 1.91238 9.85 10.7222
    endloop
  endfacet
  facet normal -0.857727 0 0.514105
    outer loop
      vertex 2.02842 9.85 10.9158
      vertex 1.91238 9.15 10.7222
      vertex 2.02842 9.15 10.9158
    endloop
  endfacet
  facet normal -0.671614 0 0.740902
    outer loop
      vertex 1.4591 9.85 10.2221
      vertex 1.62634 9.15 10.3737
      vertex 1.62634 9.85 10.3737
    endloop
  endfacet
  facet normal -0.671614 0 0.740902
    outer loop
      vertex 1.62634 9.15 10.3737
      vertex 1.4591 9.85 10.2221
      vertex 1.4591 9.15 10.2221
    endloop
  endfacet
  facet normal -0.0491777 0 -0.99879
    outer loop
      vertex 0 9.15 14.3
      vertex 0.225439 9.85 14.2889
      vertex 0.225439 9.15 14.2889
    endloop
  endfacet
  facet normal -0.0491777 0 -0.99879
    outer loop
      vertex 0.225439 9.85 14.2889
      vertex 0 9.15 14.3
      vertex 0 9.85 14.3
    endloop
  endfacet
  facet normal 0.2428 0 -0.970076
    outer loop
      vertex -0.667654 9.15 14.201
      vertex -0.448708 9.85 14.2558
      vertex -0.448708 9.15 14.2558
    endloop
  endfacet
  facet normal 0.2428 0 -0.970076
    outer loop
      vertex -0.448708 9.85 14.2558
      vertex -0.667654 9.15 14.201
      vertex -0.667654 9.85 14.201
    endloop
  endfacet
  facet normal 0.513974 0 -0.857806
    outer loop
      vertex -1.27781 9.15 13.9124
      vertex -1.08421 9.85 14.0284
      vertex -1.08421 9.15 14.0284
    endloop
  endfacet
  facet normal 0.513974 0 -0.857806
    outer loop
      vertex -1.08421 9.85 14.0284
      vertex -1.27781 9.15 13.9124
      vertex -1.27781 9.85 13.9124
    endloop
  endfacet
  facet normal 0.80321 -0 0.595696
    outer loop
      vertex -1.91238 9.15 10.7222
      vertex -1.77792 9.85 10.5409
      vertex -1.91238 9.85 10.7222
    endloop
  endfacet
  facet normal 0.80321 0 0.595696
    outer loop
      vertex -1.77792 9.85 10.5409
      vertex -1.91238 9.15 10.7222
      vertex -1.77792 9.15 10.5409
    endloop
  endfacet
  facet normal 0.989185 0 -0.146672
    outer loop
      vertex -2.25581 9.15 12.4487
      vertex -2.28892 9.85 12.2254
      vertex -2.25581 9.85 12.4487
    endloop
  endfacet
  facet normal 0.989185 0 -0.146672
    outer loop
      vertex -2.28892 9.85 12.2254
      vertex -2.25581 9.15 12.4487
      vertex -2.28892 9.15 12.2254
    endloop
  endfacet
  facet normal -0.427545 0 -0.903994
    outer loop
      vertex 0.880172 9.15 14.1249
      vertex 1.08421 9.85 14.0284
      vertex 1.08421 9.15 14.0284
    endloop
  endfacet
  facet normal -0.427545 0 -0.903994
    outer loop
      vertex 1.08421 9.85 14.0284
      vertex 0.880172 9.15 14.1249
      vertex 0.880172 9.85 14.1249
    endloop
  endfacet
  facet normal -0.337125 0 -0.94146
    outer loop
      vertex 0.667654 9.15 14.201
      vertex 0.880172 9.85 14.1249
      vertex 0.880172 9.15 14.1249
    endloop
  endfacet
  facet normal -0.337125 0 -0.94146
    outer loop
      vertex 0.880172 9.85 14.1249
      vertex 0.667654 9.15 14.201
      vertex 0.667654 9.85 14.201
    endloop
  endfacet
  facet normal -0.2428 0 -0.970076
    outer loop
      vertex 0.448708 9.15 14.2558
      vertex 0.667654 9.85 14.201
      vertex 0.667654 9.15 14.201
    endloop
  endfacet
  facet normal -0.2428 0 -0.970076
    outer loop
      vertex 0.667654 9.85 14.201
      vertex 0.448708 9.15 14.2558
      vertex 0.448708 9.85 14.2558
    endloop
  endfacet
  facet normal -0.146692 0 0.989182
    outer loop
      vertex 0.225439 9.85 9.71108
      vertex 0.448708 9.15 9.74419
      vertex 0.448708 9.85 9.74419
    endloop
  endfacet
  facet normal -0.146692 0 0.989182
    outer loop
      vertex 0.448708 9.15 9.74419
      vertex 0.225439 9.85 9.71108
      vertex 0.225439 9.15 9.71108
    endloop
  endfacet
  facet normal 0.146649 0 -0.989189
    outer loop
      vertex -0.448708 9.15 14.2558
      vertex -0.225439 9.85 14.2889
      vertex -0.225439 9.15 14.2889
    endloop
  endfacet
  facet normal 0.146649 0 -0.989189
    outer loop
      vertex -0.225439 9.85 14.2889
      vertex -0.448708 9.15 14.2558
      vertex -0.448708 9.85 14.2558
    endloop
  endfacet
  facet normal 0.427545 0 -0.903994
    outer loop
      vertex -1.08421 9.15 14.0284
      vertex -0.880172 9.85 14.1249
      vertex -0.880172 9.15 14.1249
    endloop
  endfacet
  facet normal 0.427545 0 -0.903994
    outer loop
      vertex -0.880172 9.85 14.1249
      vertex -1.08421 9.15 14.0284
      vertex -1.08421 9.85 14.0284
    endloop
  endfacet
  facet normal 0.337125 0 -0.94146
    outer loop
      vertex -0.880172 9.15 14.1249
      vertex -0.667654 9.85 14.201
      vertex -0.667654 9.15 14.201
    endloop
  endfacet
  facet normal 0.337125 0 -0.94146
    outer loop
      vertex -0.667654 9.85 14.201
      vertex -0.880172 9.15 14.1249
      vertex -0.880172 9.85 14.1249
    endloop
  endfacet
  facet normal 0.595831 0 -0.80311
    outer loop
      vertex -1.4591 9.15 13.7779
      vertex -1.27781 9.85 13.9124
      vertex -1.27781 9.15 13.9124
    endloop
  endfacet
  facet normal 0.595831 0 -0.80311
    outer loop
      vertex -1.27781 9.85 13.9124
      vertex -1.4591 9.15 13.7779
      vertex -1.4591 9.85 13.7779
    endloop
  endfacet
  facet normal 0.989185 -0 0.146672
    outer loop
      vertex -2.28892 9.15 11.7746
      vertex -2.25581 9.85 11.5513
      vertex -2.28892 9.85 11.7746
    endloop
  endfacet
  facet normal 0.989185 0 0.146672
    outer loop
      vertex -2.25581 9.85 11.5513
      vertex -2.28892 9.15 11.7746
      vertex -2.25581 9.15 11.5513
    endloop
  endfacet
  facet normal 0.0490893 0 0.998794
    outer loop
      vertex -0.225439 9.85 9.71108
      vertex 0 9.15 9.7
      vertex 0 9.85 9.7
    endloop
  endfacet
  facet normal 0.0490893 0 0.998794
    outer loop
      vertex 0 9.15 9.7
      vertex -0.225439 9.85 9.71108
      vertex -0.225439 9.15 9.71108
    endloop
  endfacet
  facet normal 0.243009 0 0.970024
    outer loop
      vertex -0.667654 9.85 9.79904
      vertex -0.448708 9.15 9.74419
      vertex -0.448708 9.85 9.74419
    endloop
  endfacet
  facet normal 0.243009 0 0.970024
    outer loop
      vertex -0.448708 9.15 9.74419
      vertex -0.667654 9.85 9.79904
      vertex -0.667654 9.15 9.79904
    endloop
  endfacet
  facet normal 0.903963 0 -0.42761
    outer loop
      vertex -2.02842 9.15 13.0842
      vertex -2.12492 9.85 12.8802
      vertex -2.02842 9.85 13.0842
    endloop
  endfacet
  facet normal 0.903963 0 -0.42761
    outer loop
      vertex -2.12492 9.85 12.8802
      vertex -2.02842 9.15 13.0842
      vertex -2.12492 9.15 12.8802
    endloop
  endfacet
  facet normal 0.970038 0 -0.242952
    outer loop
      vertex -2.20096 9.15 12.6677
      vertex -2.25581 9.85 12.4487
      vertex -2.20096 9.85 12.6677
    endloop
  endfacet
  facet normal 0.970038 0 -0.242952
    outer loop
      vertex -2.25581 9.85 12.4487
      vertex -2.20096 9.15 12.6677
      vertex -2.25581 9.15 12.4487
    endloop
  endfacet
  facet normal 0.740866 0 -0.671653
    outer loop
      vertex -1.62634 9.15 13.6263
      vertex -1.77792 9.85 13.4591
      vertex -1.62634 9.85 13.6263
    endloop
  endfacet
  facet normal 0.740866 0 -0.671653
    outer loop
      vertex -1.77792 9.85 13.4591
      vertex -1.62634 9.15 13.6263
      vertex -1.77792 9.15 13.4591
    endloop
  endfacet
  facet normal 0.903963 -0 0.42761
    outer loop
      vertex -2.12492 9.15 11.1198
      vertex -2.02842 9.85 10.9158
      vertex -2.12492 9.85 11.1198
    endloop
  endfacet
  facet normal 0.903963 0 0.42761
    outer loop
      vertex -2.02842 9.85 10.9158
      vertex -2.12492 9.15 11.1198
      vertex -2.02842 9.15 10.9158
    endloop
  endfacet
  facet normal 0.998794 -0 0.0490978
    outer loop
      vertex -2.3 9.15 12
      vertex -2.28892 9.85 11.7746
      vertex -2.3 9.85 12
    endloop
  endfacet
  facet normal 0.998794 0 0.0490978
    outer loop
      vertex -2.28892 9.85 11.7746
      vertex -2.3 9.15 12
      vertex -2.28892 9.15 11.7746
    endloop
  endfacet
  facet normal 0.998794 0 -0.0490978
    outer loop
      vertex -2.28892 9.15 12.2254
      vertex -2.3 9.85 12
      vertex -2.28892 9.85 12.2254
    endloop
  endfacet
  facet normal 0.998794 0 -0.0490978
    outer loop
      vertex -2.3 9.85 12
      vertex -2.28892 9.15 12.2254
      vertex -2.3 9.15 12
    endloop
  endfacet
  facet normal 0.427545 0 0.903994
    outer loop
      vertex -1.08421 9.85 9.97158
      vertex -0.880172 9.15 9.87508
      vertex -0.880172 9.85 9.87508
    endloop
  endfacet
  facet normal 0.427545 0 0.903994
    outer loop
      vertex -0.880172 9.15 9.87508
      vertex -1.08421 9.85 9.97158
      vertex -1.08421 9.15 9.97158
    endloop
  endfacet
  facet normal 0.595831 0 0.80311
    outer loop
      vertex -1.4591 9.85 10.2221
      vertex -1.27781 9.15 10.0876
      vertex -1.27781 9.85 10.0876
    endloop
  endfacet
  facet normal 0.595831 0 0.80311
    outer loop
      vertex -1.27781 9.15 10.0876
      vertex -1.4591 9.85 10.2221
      vertex -1.4591 9.15 10.2221
    endloop
  endfacet
  facet normal 0.146692 0 0.989182
    outer loop
      vertex -0.448708 9.85 9.74419
      vertex -0.225439 9.15 9.71108
      vertex -0.225439 9.85 9.71108
    endloop
  endfacet
  facet normal 0.146692 0 0.989182
    outer loop
      vertex -0.225439 9.15 9.71108
      vertex -0.448708 9.85 9.74419
      vertex -0.448708 9.15 9.74419
    endloop
  endfacet
  facet normal 0.336889 0 0.941544
    outer loop
      vertex -0.880172 9.85 9.87508
      vertex -0.667654 9.15 9.79904
      vertex -0.667654 9.85 9.79904
    endloop
  endfacet
  facet normal 0.336889 0 0.941544
    outer loop
      vertex -0.667654 9.15 9.79904
      vertex -0.880172 9.85 9.87508
      vertex -0.880172 9.15 9.87508
    endloop
  endfacet
  facet normal 0.80321 0 -0.595696
    outer loop
      vertex -1.77792 9.15 13.4591
      vertex -1.91238 9.85 13.2778
      vertex -1.77792 9.85 13.4591
    endloop
  endfacet
  facet normal 0.80321 0 -0.595696
    outer loop
      vertex -1.91238 9.85 13.2778
      vertex -1.77792 9.15 13.4591
      vertex -1.91238 9.15 13.2778
    endloop
  endfacet
  facet normal 0.671614 0 -0.740902
    outer loop
      vertex -1.62634 9.15 13.6263
      vertex -1.4591 9.85 13.7779
      vertex -1.4591 9.15 13.7779
    endloop
  endfacet
  facet normal 0.671614 0 -0.740902
    outer loop
      vertex -1.4591 9.85 13.7779
      vertex -1.62634 9.15 13.6263
      vertex -1.62634 9.85 13.6263
    endloop
  endfacet
  facet normal 0.857727 -0 0.514105
    outer loop
      vertex -2.02842 9.15 10.9158
      vertex -1.91238 9.85 10.7222
      vertex -2.02842 9.85 10.9158
    endloop
  endfacet
  facet normal 0.857727 0 0.514105
    outer loop
      vertex -1.91238 9.85 10.7222
      vertex -2.02842 9.15 10.9158
      vertex -1.91238 9.15 10.7222
    endloop
  endfacet
  facet normal 0.941535 -0 0.336915
    outer loop
      vertex -2.20096 9.15 11.3323
      vertex -2.12492 9.85 11.1198
      vertex -2.20096 9.85 11.3323
    endloop
  endfacet
  facet normal 0.941535 0 0.336915
    outer loop
      vertex -2.12492 9.85 11.1198
      vertex -2.20096 9.15 11.3323
      vertex -2.12492 9.15 11.1198
    endloop
  endfacet
  facet normal 0.51404 0 0.857766
    outer loop
      vertex -1.27781 9.85 10.0876
      vertex -1.08421 9.15 9.97158
      vertex -1.08421 9.85 9.97158
    endloop
  endfacet
  facet normal 0.51404 0 0.857766
    outer loop
      vertex -1.08421 9.15 9.97158
      vertex -1.27781 9.85 10.0876
      vertex -1.27781 9.15 10.0876
    endloop
  endfacet
  facet normal 0.740866 -0 0.671653
    outer loop
      vertex -1.77792 9.15 10.5409
      vertex -1.62634 9.85 10.3737
      vertex -1.77792 9.85 10.5409
    endloop
  endfacet
  facet normal 0.740866 0 0.671653
    outer loop
      vertex -1.62634 9.85 10.3737
      vertex -1.77792 9.15 10.5409
      vertex -1.62634 9.15 10.3737
    endloop
  endfacet
  facet normal 0.671614 0 0.740902
    outer loop
      vertex -1.62634 9.85 10.3737
      vertex -1.4591 9.15 10.2221
      vertex -1.4591 9.85 10.2221
    endloop
  endfacet
  facet normal 0.671614 0 0.740902
    outer loop
      vertex -1.4591 9.15 10.2221
      vertex -1.62634 9.85 10.3737
      vertex -1.62634 9.15 10.3737
    endloop
  endfacet
  facet normal 0.941535 0 -0.336915
    outer loop
      vertex -2.12492 9.15 12.8802
      vertex -2.20096 9.85 12.6677
      vertex -2.12492 9.85 12.8802
    endloop
  endfacet
  facet normal 0.941535 0 -0.336915
    outer loop
      vertex -2.20096 9.85 12.6677
      vertex -2.12492 9.15 12.8802
      vertex -2.20096 9.15 12.6677
    endloop
  endfacet
  facet normal 0.970038 -0 0.242952
    outer loop
      vertex -2.25581 9.15 11.5513
      vertex -2.20096 9.85 11.3323
      vertex -2.25581 9.85 11.5513
    endloop
  endfacet
  facet normal 0.970038 0 0.242952
    outer loop
      vertex -2.20096 9.85 11.3323
      vertex -2.25581 9.15 11.5513
      vertex -2.20096 9.15 11.3323
    endloop
  endfacet
  facet normal 0 0 1
    outer loop
      vertex 14.5 13.05 11.05
      vertex 12.5 9.15 11.05
      vertex 14.5 8.15 11.05
    endloop
  endfacet
  facet normal -0 0 1
    outer loop
      vertex 5 13.05 11.05
      vertex 12.5 9.15 11.05
      vertex 14.5 13.05 11.05
    endloop
  endfacet
  facet normal 0 0 1
    outer loop
      vertex 12.5 9.15 11.05
      vertex 5 13.05 11.05
      vertex 5 9.15 11.05
    endloop
  endfacet
  facet normal 0 0 1
    outer loop
      vertex 14.5 8.15 11.05
      vertex 12.5 9.15 11.05
      vertex 12.5 8.15 11.05
    endloop
  endfacet
  facet normal 0.0493385 0 -0.998782
    outer loop
      vertex 4.90688 9.15 12.9454
      vertex 5 13.05 12.95
      vertex 5 9.15 12.95
    endloop
  endfacet
  facet normal 0.0493385 0 -0.998782
    outer loop
      vertex 5 13.05 12.95
      vertex 4.90688 9.15 12.9454
      vertex 4.90688 13.05 12.9454
    endloop
  endfacet
  facet normal 0.904035 0 -0.427459
    outer loop
      vertex 4.16217 9.15 12.4478
      vertex 4.12231 13.05 12.3635
      vertex 4.16217 13.05 12.4478
    endloop
  endfacet
  facet normal 0.904035 0 -0.427459
    outer loop
      vertex 4.12231 13.05 12.3635
      vertex 4.16217 9.15 12.4478
      vertex 4.12231 9.15 12.3635
    endloop
  endfacet
  facet normal 0.989171 -0 0.146766
    outer loop
      vertex 4.05457 9.15 11.9069
      vertex 4.06825 13.05 11.8147
      vertex 4.05457 13.05 11.9069
    endloop
  endfacet
  facet normal 0.989171 0 0.146766
    outer loop
      vertex 4.06825 13.05 11.8147
      vertex 4.05457 9.15 11.9069
      vertex 4.06825 9.15 11.8147
    endloop
  endfacet
  facet normal 0.74105 -0 0.671449
    outer loop
      vertex 4.26564 9.15 11.3973
      vertex 4.32825 13.05 11.3282
      vertex 4.26564 13.05 11.3973
    endloop
  endfacet
  facet normal 0.74105 0 0.671449
    outer loop
      vertex 4.32825 13.05 11.3282
      vertex 4.26564 9.15 11.3973
      vertex 4.32825 9.15 11.3282
    endloop
  endfacet
  facet normal 0 1 -0
    outer loop
      vertex 14.5 8.15 11.05
      vertex 12.5 8.15 12.95
      vertex 14.5 8.15 12.95
    endloop
  endfacet
  facet normal 0 1 0
    outer loop
      vertex 12.5 8.15 12.95
      vertex 14.5 8.15 11.05
      vertex 12.5 8.15 11.05
    endloop
  endfacet
  facet normal 0 0 -1
    outer loop
      vertex 12.5 9.15 12.95
      vertex 14.5 8.15 12.95
      vertex 12.5 8.15 12.95
    endloop
  endfacet
  facet normal 0 0 -1
    outer loop
      vertex 14.5 8.15 12.95
      vertex 12.5 9.15 12.95
      vertex 14.5 13.05 12.95
    endloop
  endfacet
  facet normal 0 0 -1
    outer loop
      vertex 5 13.05 12.95
      vertex 12.5 9.15 12.95
      vertex 5 9.15 12.95
    endloop
  endfacet
  facet normal 0 0 -1
    outer loop
      vertex 12.5 9.15 12.95
      vertex 5 13.05 12.95
      vertex 14.5 13.05 12.95
    endloop
  endfacet
  facet normal 0.24246 0 -0.970161
    outer loop
      vertex 4.72423 9.15 12.9091
      vertex 4.81466 13.05 12.9317
      vertex 4.81466 9.15 12.9317
    endloop
  endfacet
  facet normal 0.24246 0 -0.970161
    outer loop
      vertex 4.81466 13.05 12.9317
      vertex 4.72423 9.15 12.9091
      vertex 4.72423 13.05 12.9091
    endloop
  endfacet
  facet normal 0.998797 0 -0.049028
    outer loop
      vertex 4.05457 9.15 12.0931
      vertex 4.05 13.05 12
      vertex 4.05457 13.05 12.0931
    endloop
  endfacet
  facet normal 0.998797 0 -0.049028
    outer loop
      vertex 4.05 13.05 12
      vertex 4.05457 9.15 12.0931
      vertex 4.05 9.15 12
    endloop
  endfacet
  facet normal 0.941474 0 -0.337084
    outer loop
      vertex 4.12231 9.15 12.3635
      vertex 4.09091 13.05 12.2758
      vertex 4.12231 13.05 12.3635
    endloop
  endfacet
  facet normal 0.941474 0 -0.337084
    outer loop
      vertex 4.09091 13.05 12.2758
      vertex 4.12231 9.15 12.3635
      vertex 4.09091 9.15 12.2758
    endloop
  endfacet
  facet normal 0.970054 0 -0.242889
    outer loop
      vertex 4.09091 9.15 12.2758
      vertex 4.06825 13.05 12.1853
      vertex 4.09091 13.05 12.2758
    endloop
  endfacet
  facet normal 0.970054 0 -0.242889
    outer loop
      vertex 4.06825 13.05 12.1853
      vertex 4.09091 9.15 12.2758
      vertex 4.06825 9.15 12.1853
    endloop
  endfacet
  facet normal 0.998797 -0 0.049028
    outer loop
      vertex 4.05 9.15 12
      vertex 4.05457 13.05 11.9069
      vertex 4.05 13.05 12
    endloop
  endfacet
  facet normal 0.998797 0 0.049028
    outer loop
      vertex 4.05457 13.05 11.9069
      vertex 4.05 9.15 12
      vertex 4.05457 9.15 11.9069
    endloop
  endfacet
  facet normal 0.941474 -0 0.337084
    outer loop
      vertex 4.09091 9.15 11.7242
      vertex 4.12231 13.05 11.6365
      vertex 4.09091 13.05 11.7242
    endloop
  endfacet
  facet normal 0.941474 0 0.337084
    outer loop
      vertex 4.12231 13.05 11.6365
      vertex 4.09091 9.15 11.7242
      vertex 4.12231 9.15 11.6365
    endloop
  endfacet
  facet normal 0.857824 -0 0.513944
    outer loop
      vertex 4.16217 9.15 11.5522
      vertex 4.2101 13.05 11.4722
      vertex 4.16217 13.05 11.5522
    endloop
  endfacet
  facet normal 0.857824 0 0.513944
    outer loop
      vertex 4.2101 13.05 11.4722
      vertex 4.16217 9.15 11.5522
      vertex 4.2101 9.15 11.4722
    endloop
  endfacet
  facet normal 0.24246 0 0.970161
    outer loop
      vertex 4.72423 13.05 11.0909
      vertex 4.81466 9.15 11.0683
      vertex 4.81466 13.05 11.0683
    endloop
  endfacet
  facet normal 0.24246 0 0.970161
    outer loop
      vertex 4.81466 9.15 11.0683
      vertex 4.72423 13.05 11.0909
      vertex 4.72423 9.15 11.0909
    endloop
  endfacet
  facet normal 0.0493385 0 0.998782
    outer loop
      vertex 4.90688 13.05 11.0546
      vertex 5 9.15 11.05
      vertex 5 13.05 11.05
    endloop
  endfacet
  facet normal 0.0493385 0 0.998782
    outer loop
      vertex 5 9.15 11.05
      vertex 4.90688 13.05 11.0546
      vertex 4.90688 9.15 11.0546
    endloop
  endfacet
  facet normal 0.595458 0 0.803386
    outer loop
      vertex 4.39733 13.05 11.2656
      vertex 4.47221 9.15 11.2101
      vertex 4.47221 13.05 11.2101
    endloop
  endfacet
  facet normal 0.595458 0 0.803386
    outer loop
      vertex 4.47221 9.15 11.2101
      vertex 4.39733 13.05 11.2656
      vertex 4.39733 9.15 11.2656
    endloop
  endfacet
  facet normal 0.427893 0 0.90383
    outer loop
      vertex 4.55217 13.05 11.1622
      vertex 4.63645 9.15 11.1223
      vertex 4.63645 13.05 11.1223
    endloop
  endfacet
  facet normal 0.427893 0 0.90383
    outer loop
      vertex 4.63645 9.15 11.1223
      vertex 4.55217 13.05 11.1622
      vertex 4.55217 9.15 11.1622
    endloop
  endfacet
  facet normal 0.74105 0 -0.671449
    outer loop
      vertex 4.32825 9.15 12.6718
      vertex 4.26564 13.05 12.6027
      vertex 4.32825 13.05 12.6718
    endloop
  endfacet
  facet normal 0.74105 0 -0.671449
    outer loop
      vertex 4.26564 13.05 12.6027
      vertex 4.32825 9.15 12.6718
      vertex 4.26564 9.15 12.6027
    endloop
  endfacet
  facet normal 0.595458 0 -0.803386
    outer loop
      vertex 4.39733 9.15 12.7344
      vertex 4.47221 13.05 12.7899
      vertex 4.47221 9.15 12.7899
    endloop
  endfacet
  facet normal 0.595458 0 -0.803386
    outer loop
      vertex 4.47221 13.05 12.7899
      vertex 4.39733 9.15 12.7344
      vertex 4.39733 13.05 12.7344
    endloop
  endfacet
  facet normal 0.427893 0 -0.90383
    outer loop
      vertex 4.55217 9.15 12.8378
      vertex 4.63645 13.05 12.8777
      vertex 4.63645 9.15 12.8777
    endloop
  endfacet
  facet normal 0.427893 0 -0.90383
    outer loop
      vertex 4.63645 13.05 12.8777
      vertex 4.55217 9.15 12.8378
      vertex 4.55217 13.05 12.8378
    endloop
  endfacet
  facet normal 0.513896 0 -0.857852
    outer loop
      vertex 4.47221 9.15 12.7899
      vertex 4.55217 13.05 12.8378
      vertex 4.55217 9.15 12.8378
    endloop
  endfacet
  facet normal 0.513896 0 -0.857852
    outer loop
      vertex 4.55217 13.05 12.8378
      vertex 4.47221 9.15 12.7899
      vertex 4.47221 13.05 12.7899
    endloop
  endfacet
  facet normal 0.989171 0 -0.146766
    outer loop
      vertex 4.06825 9.15 12.1853
      vertex 4.05457 13.05 12.0931
      vertex 4.06825 13.05 12.1853
    endloop
  endfacet
  facet normal 0.989171 0 -0.146766
    outer loop
      vertex 4.05457 13.05 12.0931
      vertex 4.06825 9.15 12.1853
      vertex 4.05457 9.15 12.0931
    endloop
  endfacet
  facet normal 0.970054 -0 0.242889
    outer loop
      vertex 4.06825 9.15 11.8147
      vertex 4.09091 13.05 11.7242
      vertex 4.06825 13.05 11.8147
    endloop
  endfacet
  facet normal 0.970054 0 0.242889
    outer loop
      vertex 4.09091 13.05 11.7242
      vertex 4.06825 9.15 11.8147
      vertex 4.09091 9.15 11.7242
    endloop
  endfacet
  facet normal 0.904035 -0 0.427459
    outer loop
      vertex 4.12231 9.15 11.6365
      vertex 4.16217 13.05 11.5522
      vertex 4.12231 13.05 11.6365
    endloop
  endfacet
  facet normal 0.904035 0 0.427459
    outer loop
      vertex 4.16217 13.05 11.5522
      vertex 4.12231 9.15 11.6365
      vertex 4.16217 9.15 11.5522
    endloop
  endfacet
  facet normal 0.803257 -0 0.595633
    outer loop
      vertex 4.2101 9.15 11.4722
      vertex 4.26564 13.05 11.3973
      vertex 4.2101 13.05 11.4722
    endloop
  endfacet
  facet normal 0.803257 0 0.595633
    outer loop
      vertex 4.26564 13.05 11.3973
      vertex 4.2101 9.15 11.4722
      vertex 4.26564 9.15 11.3973
    endloop
  endfacet
  facet normal 0.336812 0 0.941572
    outer loop
      vertex 4.63645 13.05 11.1223
      vertex 4.72423 9.15 11.0909
      vertex 4.72423 13.05 11.0909
    endloop
  endfacet
  facet normal 0.336812 0 0.941572
    outer loop
      vertex 4.72423 9.15 11.0909
      vertex 4.63645 13.05 11.1223
      vertex 4.63645 9.15 11.1223
    endloop
  endfacet
  facet normal 0.146945 0 0.989145
    outer loop
      vertex 4.81466 13.05 11.0683
      vertex 4.90688 9.15 11.0546
      vertex 4.90688 13.05 11.0546
    endloop
  endfacet
  facet normal 0.146945 0 0.989145
    outer loop
      vertex 4.90688 9.15 11.0546
      vertex 4.81466 13.05 11.0683
      vertex 4.81466 9.15 11.0683
    endloop
  endfacet
  facet normal 0.513896 0 0.857852
    outer loop
      vertex 4.47221 13.05 11.2101
      vertex 4.55217 9.15 11.1622
      vertex 4.55217 13.05 11.1622
    endloop
  endfacet
  facet normal 0.513896 0 0.857852
    outer loop
      vertex 4.55217 9.15 11.1622
      vertex 4.47221 13.05 11.2101
      vertex 4.47221 9.15 11.2101
    endloop
  endfacet
  facet normal 0.671497 0 0.741007
    outer loop
      vertex 4.32825 13.05 11.3282
      vertex 4.39733 9.15 11.2656
      vertex 4.39733 13.05 11.2656
    endloop
  endfacet
  facet normal 0.671497 0 0.741007
    outer loop
      vertex 4.39733 9.15 11.2656
      vertex 4.32825 13.05 11.3282
      vertex 4.32825 9.15 11.3282
    endloop
  endfacet
  facet normal 0.146945 0 -0.989145
    outer loop
      vertex 4.81466 9.15 12.9317
      vertex 4.90688 13.05 12.9454
      vertex 4.90688 9.15 12.9454
    endloop
  endfacet
  facet normal 0.146945 0 -0.989145
    outer loop
      vertex 4.90688 13.05 12.9454
      vertex 4.81466 9.15 12.9317
      vertex 4.81466 13.05 12.9317
    endloop
  endfacet
  facet normal 0.671497 0 -0.741007
    outer loop
      vertex 4.32825 9.15 12.6718
      vertex 4.39733 13.05 12.7344
      vertex 4.39733 9.15 12.7344
    endloop
  endfacet
  facet normal 0.671497 0 -0.741007
    outer loop
      vertex 4.39733 13.05 12.7344
      vertex 4.32825 9.15 12.6718
      vertex 4.32825 13.05 12.6718
    endloop
  endfacet
  facet normal 0.803257 0 -0.595633
    outer loop
      vertex 4.26564 9.15 12.6027
      vertex 4.2101 13.05 12.5278
      vertex 4.26564 13.05 12.6027
    endloop
  endfacet
  facet normal 0.803257 0 -0.595633
    outer loop
      vertex 4.2101 13.05 12.5278
      vertex 4.26564 9.15 12.6027
      vertex 4.2101 9.15 12.5278
    endloop
  endfacet
  facet normal 0.336812 0 -0.941572
    outer loop
      vertex 4.63645 9.15 12.8777
      vertex 4.72423 13.05 12.9091
      vertex 4.72423 9.15 12.9091
    endloop
  endfacet
  facet normal 0.336812 0 -0.941572
    outer loop
      vertex 4.72423 13.05 12.9091
      vertex 4.63645 9.15 12.8777
      vertex 4.63645 13.05 12.8777
    endloop
  endfacet
  facet normal 0.857824 0 -0.513944
    outer loop
      vertex 4.2101 9.15 12.5278
      vertex 4.16217 13.05 12.4478
      vertex 4.2101 13.05 12.5278
    endloop
  endfacet
  facet normal 0.857824 0 -0.513944
    outer loop
      vertex 4.16217 13.05 12.4478
      vertex 4.2101 9.15 12.5278
      vertex 4.16217 9.15 12.4478
    endloop
  endfacet
  facet normal 0 -0.514581 -0.857442
    outer loop
      vertex -14.5 -6.58753 21.2717
      vertex -12.5 -6.51388 21.2275
      vertex -12.5 -6.58753 21.2717
    endloop
  endfacet
  facet normal -0 -0.514581 -0.857442
    outer loop
      vertex -12.5 -6.51388 21.2275
      vertex -14.5 -6.58753 21.2717
      vertex -14.5 -6.51388 21.2275
    endloop
  endfacet
  facet normal 0 -0.94151 -0.336986
    outer loop
      vertex -14.5 -6.16268 20.754
      vertex -12.5 -6.1916 20.8348
      vertex -14.5 -6.1916 20.8348
    endloop
  endfacet
  facet normal 0 -0.94151 -0.336986
    outer loop
      vertex -12.5 -6.1916 20.8348
      vertex -14.5 -6.16268 20.754
      vertex -12.5 -6.16268 20.754
    endloop
  endfacet
  facet normal 0 -0.904121 0.427276
    outer loop
      vertex -14.5 -6.22832 20.0875
      vertex -12.5 -6.1916 20.1652
      vertex -14.5 -6.1916 20.1652
    endloop
  endfacet
  facet normal 0 -0.904121 0.427276
    outer loop
      vertex -12.5 -6.1916 20.1652
      vertex -14.5 -6.22832 20.0875
      vertex -12.5 -6.22832 20.0875
    endloop
  endfacet
  facet normal 0 -0.336595 0.94165
    outer loop
      vertex -14.5 -6.66515 19.6916
      vertex -12.5 -6.746 19.6627
      vertex -12.5 -6.66515 19.6916
    endloop
  endfacet
  facet normal 0 -0.336595 0.94165
    outer loop
      vertex -12.5 -6.746 19.6627
      vertex -14.5 -6.66515 19.6916
      vertex -14.5 -6.746 19.6627
    endloop
  endfacet
  facet normal 0 0.0489153 -0.998803
    outer loop
      vertex -14.5 -7.08576 21.3708
      vertex -12.5 -7 21.375
      vertex -12.5 -7.08576 21.3708
    endloop
  endfacet
  facet normal 0 0.0489153 -0.998803
    outer loop
      vertex -12.5 -7 21.375
      vertex -14.5 -7.08576 21.3708
      vertex -14.5 -7 21.375
    endloop
  endfacet
  facet normal 0 -0.998798 -0.0490086
    outer loop
      vertex -14.5 -6.125 20.5
      vertex -12.5 -6.12921 20.5858
      vertex -14.5 -6.12921 20.5858
    endloop
  endfacet
  facet normal 0 -0.998798 -0.0490086
    outer loop
      vertex -12.5 -6.12921 20.5858
      vertex -14.5 -6.125 20.5
      vertex -12.5 -6.125 20.5
    endloop
  endfacet
  facet normal 0 -0.857596 -0.514324
    outer loop
      vertex -14.5 -6.22832 20.9125
      vertex -12.5 -6.27246 20.9861
      vertex -14.5 -6.27246 20.9861
    endloop
  endfacet
  facet normal 0 -0.857596 -0.514324
    outer loop
      vertex -12.5 -6.27246 20.9861
      vertex -14.5 -6.22832 20.9125
      vertex -12.5 -6.22832 20.9125
    endloop
  endfacet
  facet normal 0 -0.0489096 0.998803
    outer loop
      vertex -14.5 -6.91423 19.6292
      vertex -12.5 -7 19.625
      vertex -12.5 -6.91423 19.6292
    endloop
  endfacet
  facet normal 0 -0.0489096 0.998803
    outer loop
      vertex -12.5 -7 19.625
      vertex -14.5 -6.91423 19.6292
      vertex -14.5 -7 19.625
    endloop
  endfacet
  facet normal 0 -0.595311 0.803495
    outer loop
      vertex -14.5 -6.44491 19.8236
      vertex -12.5 -6.51388 19.7725
      vertex -12.5 -6.44491 19.8236
    endloop
  endfacet
  facet normal 0 -0.595311 0.803495
    outer loop
      vertex -12.5 -6.51388 19.7725
      vertex -14.5 -6.44491 19.8236
      vertex -14.5 -6.51388 19.7725
    endloop
  endfacet
  facet normal 0 -0.970019 0.243029
    outer loop
      vertex -14.5 -6.16268 20.246
      vertex -12.5 -6.14181 20.3293
      vertex -14.5 -6.14181 20.3293
    endloop
  endfacet
  facet normal 0 -0.970019 0.243029
    outer loop
      vertex -12.5 -6.14181 20.3293
      vertex -14.5 -6.16268 20.246
      vertex -12.5 -6.16268 20.246
    endloop
  endfacet
  facet normal 0 0.803285 0.595595
    outer loop
      vertex -12.5 -7.67638 19.9449
      vertex -14.5 -7.72754 20.0139
      vertex -12.5 -7.72754 20.0139
    endloop
  endfacet
  facet normal 0 0.803285 0.595595
    outer loop
      vertex -14.5 -7.72754 20.0139
      vertex -12.5 -7.67638 19.9449
      vertex -14.5 -7.67638 19.9449
    endloop
  endfacet
  facet normal -0 0.514581 0.857442
    outer loop
      vertex -14.5 -7.41247 19.7283
      vertex -12.5 -7.48612 19.7725
      vertex -12.5 -7.41247 19.7283
    endloop
  endfacet
  facet normal 0 0.514581 0.857442
    outer loop
      vertex -12.5 -7.48612 19.7725
      vertex -14.5 -7.41247 19.7283
      vertex -14.5 -7.48612 19.7725
    endloop
  endfacet
  facet normal 0 -0.146751 -0.989173
    outer loop
      vertex -14.5 -6.91423 21.3708
      vertex -12.5 -6.8293 21.3582
      vertex -12.5 -6.91423 21.3708
    endloop
  endfacet
  facet normal -0 -0.146751 -0.989173
    outer loop
      vertex -12.5 -6.8293 21.3582
      vertex -14.5 -6.91423 21.3708
      vertex -14.5 -6.8293 21.3582
    endloop
  endfacet
  facet normal 0 -0.595311 -0.803495
    outer loop
      vertex -14.5 -6.51388 21.2275
      vertex -12.5 -6.44491 21.1764
      vertex -12.5 -6.51388 21.2275
    endloop
  endfacet
  facet normal -0 -0.595311 -0.803495
    outer loop
      vertex -12.5 -6.44491 21.1764
      vertex -14.5 -6.51388 21.2275
      vertex -14.5 -6.44491 21.1764
    endloop
  endfacet
  facet normal 0 -0.740857 -0.671663
    outer loop
      vertex -14.5 -6.32362 21.0551
      vertex -12.5 -6.38128 21.1187
      vertex -14.5 -6.38128 21.1187
    endloop
  endfacet
  facet normal 0 -0.740857 -0.671663
    outer loop
      vertex -12.5 -6.38128 21.1187
      vertex -14.5 -6.32362 21.0551
      vertex -12.5 -6.32362 21.0551
    endloop
  endfacet
  facet normal 0 -0.998798 0.0490086
    outer loop
      vertex -14.5 -6.12921 20.4142
      vertex -12.5 -6.125 20.5
      vertex -14.5 -6.125 20.5
    endloop
  endfacet
  facet normal 0 -0.998798 0.0490086
    outer loop
      vertex -12.5 -6.125 20.5
      vertex -14.5 -6.12921 20.4142
      vertex -12.5 -6.12921 20.4142
    endloop
  endfacet
  facet normal 0 -0.970019 -0.243029
    outer loop
      vertex -14.5 -6.14181 20.6707
      vertex -12.5 -6.16268 20.754
      vertex -14.5 -6.16268 20.754
    endloop
  endfacet
  facet normal 0 -0.970019 -0.243029
    outer loop
      vertex -12.5 -6.16268 20.754
      vertex -14.5 -6.14181 20.6707
      vertex -12.5 -6.14181 20.6707
    endloop
  endfacet
  facet normal 0 -0.989166 -0.146802
    outer loop
      vertex -14.5 -6.12921 20.5858
      vertex -12.5 -6.14181 20.6707
      vertex -14.5 -6.14181 20.6707
    endloop
  endfacet
  facet normal 0 -0.989166 -0.146802
    outer loop
      vertex -12.5 -6.14181 20.6707
      vertex -14.5 -6.12921 20.5858
      vertex -12.5 -6.12921 20.5858
    endloop
  endfacet
  facet normal 0 -0.904121 -0.427276
    outer loop
      vertex -14.5 -6.1916 20.8348
      vertex -12.5 -6.22832 20.9125
      vertex -14.5 -6.22832 20.9125
    endloop
  endfacet
  facet normal 0 -0.904121 -0.427276
    outer loop
      vertex -12.5 -6.22832 20.9125
      vertex -14.5 -6.1916 20.8348
      vertex -12.5 -6.1916 20.8348
    endloop
  endfacet
  facet normal 0 -0.803285 -0.595595
    outer loop
      vertex -14.5 -6.27246 20.9861
      vertex -12.5 -6.32362 21.0551
      vertex -14.5 -6.32362 21.0551
    endloop
  endfacet
  facet normal 0 -0.803285 -0.595595
    outer loop
      vertex -12.5 -6.32362 21.0551
      vertex -14.5 -6.27246 20.9861
      vertex -12.5 -6.27246 20.9861
    endloop
  endfacet
  facet normal 0 -0.243357 0.969937
    outer loop
      vertex -14.5 -6.746 19.6627
      vertex -12.5 -6.8293 19.6418
      vertex -12.5 -6.746 19.6627
    endloop
  endfacet
  facet normal 0 -0.243357 0.969937
    outer loop
      vertex -12.5 -6.8293 19.6418
      vertex -14.5 -6.746 19.6627
      vertex -14.5 -6.8293 19.6418
    endloop
  endfacet
  facet normal 0 -0.146751 0.989173
    outer loop
      vertex -14.5 -6.8293 19.6418
      vertex -12.5 -6.91423 19.6292
      vertex -12.5 -6.8293 19.6418
    endloop
  endfacet
  facet normal 0 -0.146751 0.989173
    outer loop
      vertex -12.5 -6.91423 19.6292
      vertex -14.5 -6.8293 19.6418
      vertex -14.5 -6.91423 19.6292
    endloop
  endfacet
  facet normal 0 -0.427445 0.904041
    outer loop
      vertex -14.5 -6.58753 19.7283
      vertex -12.5 -6.66515 19.6916
      vertex -12.5 -6.58753 19.7283
    endloop
  endfacet
  facet normal 0 -0.427445 0.904041
    outer loop
      vertex -12.5 -6.66515 19.6916
      vertex -14.5 -6.58753 19.7283
      vertex -14.5 -6.66515 19.6916
    endloop
  endfacet
  facet normal 0 -0.514581 0.857442
    outer loop
      vertex -14.5 -6.51388 19.7725
      vertex -12.5 -6.58753 19.7283
      vertex -12.5 -6.51388 19.7725
    endloop
  endfacet
  facet normal 0 -0.514581 0.857442
    outer loop
      vertex -12.5 -6.58753 19.7283
      vertex -14.5 -6.51388 19.7725
      vertex -14.5 -6.58753 19.7283
    endloop
  endfacet
  facet normal 0 -0.94151 0.336986
    outer loop
      vertex -14.5 -6.1916 20.1652
      vertex -12.5 -6.16268 20.246
      vertex -14.5 -6.16268 20.246
    endloop
  endfacet
  facet normal 0 -0.94151 0.336986
    outer loop
      vertex -12.5 -6.16268 20.246
      vertex -14.5 -6.1916 20.1652
      vertex -12.5 -6.1916 20.1652
    endloop
  endfacet
  facet normal 0 -0.989166 0.146802
    outer loop
      vertex -14.5 -6.14181 20.3293
      vertex -12.5 -6.12921 20.4142
      vertex -14.5 -6.12921 20.4142
    endloop
  endfacet
  facet normal 0 -0.989166 0.146802
    outer loop
      vertex -12.5 -6.12921 20.4142
      vertex -14.5 -6.14181 20.3293
      vertex -12.5 -6.14181 20.3293
    endloop
  endfacet
  facet normal 0 -0.803285 0.595595
    outer loop
      vertex -14.5 -6.32362 19.9449
      vertex -12.5 -6.27246 20.0139
      vertex -14.5 -6.27246 20.0139
    endloop
  endfacet
  facet normal 0 -0.803285 0.595595
    outer loop
      vertex -12.5 -6.27246 20.0139
      vertex -14.5 -6.32362 19.9449
      vertex -12.5 -6.32362 19.9449
    endloop
  endfacet
  facet normal 0 -0.740857 0.671663
    outer loop
      vertex -14.5 -6.38128 19.8813
      vertex -12.5 -6.32362 19.9449
      vertex -14.5 -6.32362 19.9449
    endloop
  endfacet
  facet normal 0 -0.740857 0.671663
    outer loop
      vertex -12.5 -6.32362 19.9449
      vertex -14.5 -6.38128 19.8813
      vertex -12.5 -6.38128 19.8813
    endloop
  endfacet
  facet normal 0 -0.857596 0.514324
    outer loop
      vertex -14.5 -6.27246 20.0139
      vertex -12.5 -6.22832 20.0875
      vertex -14.5 -6.22832 20.0875
    endloop
  endfacet
  facet normal 0 -0.857596 0.514324
    outer loop
      vertex -12.5 -6.22832 20.0875
      vertex -14.5 -6.27246 20.0139
      vertex -12.5 -6.27246 20.0139
    endloop
  endfacet
  facet normal 0 -0.671745 0.740782
    outer loop
      vertex -14.5 -6.38128 19.8813
      vertex -12.5 -6.44491 19.8236
      vertex -12.5 -6.38128 19.8813
    endloop
  endfacet
  facet normal 0 -0.671745 0.740782
    outer loop
      vertex -12.5 -6.44491 19.8236
      vertex -14.5 -6.38128 19.8813
      vertex -14.5 -6.44491 19.8236
    endloop
  endfacet
  facet normal 0 -0.0489096 -0.998803
    outer loop
      vertex -14.5 -7 21.375
      vertex -12.5 -6.91423 21.3708
      vertex -12.5 -7 21.375
    endloop
  endfacet
  facet normal -0 -0.0489096 -0.998803
    outer loop
      vertex -12.5 -6.91423 21.3708
      vertex -14.5 -7 21.375
      vertex -14.5 -6.91423 21.3708
    endloop
  endfacet
  facet normal 0 0.243357 -0.969937
    outer loop
      vertex -14.5 -7.254 21.3373
      vertex -12.5 -7.1707 21.3582
      vertex -12.5 -7.254 21.3373
    endloop
  endfacet
  facet normal 0 0.243357 -0.969937
    outer loop
      vertex -12.5 -7.1707 21.3582
      vertex -14.5 -7.254 21.3373
      vertex -14.5 -7.1707 21.3582
    endloop
  endfacet
  facet normal 0 0.998798 -0.0490086
    outer loop
      vertex -12.5 -7.875 20.5
      vertex -14.5 -7.87079 20.5858
      vertex -12.5 -7.87079 20.5858
    endloop
  endfacet
  facet normal 0 0.998798 -0.0490086
    outer loop
      vertex -14.5 -7.87079 20.5858
      vertex -12.5 -7.875 20.5
      vertex -14.5 -7.875 20.5
    endloop
  endfacet
  facet normal -0 0.336595 0.94165
    outer loop
      vertex -14.5 -7.254 19.6627
      vertex -12.5 -7.33485 19.6916
      vertex -12.5 -7.254 19.6627
    endloop
  endfacet
  facet normal 0 0.336595 0.94165
    outer loop
      vertex -12.5 -7.33485 19.6916
      vertex -14.5 -7.254 19.6627
      vertex -14.5 -7.33485 19.6916
    endloop
  endfacet
  facet normal -0 0.671745 0.740782
    outer loop
      vertex -14.5 -7.55509 19.8236
      vertex -12.5 -7.61872 19.8813
      vertex -12.5 -7.55509 19.8236
    endloop
  endfacet
  facet normal 0 0.671745 0.740782
    outer loop
      vertex -12.5 -7.61872 19.8813
      vertex -14.5 -7.55509 19.8236
      vertex -14.5 -7.61872 19.8813
    endloop
  endfacet
  facet normal 0 0.989166 -0.146802
    outer loop
      vertex -12.5 -7.87079 20.5858
      vertex -14.5 -7.85819 20.6707
      vertex -12.5 -7.85819 20.6707
    endloop
  endfacet
  facet normal 0 0.989166 -0.146802
    outer loop
      vertex -14.5 -7.85819 20.6707
      vertex -12.5 -7.87079 20.5858
      vertex -14.5 -7.87079 20.5858
    endloop
  endfacet
  facet normal 0 -0.427445 -0.904041
    outer loop
      vertex -14.5 -6.66515 21.3084
      vertex -12.5 -6.58753 21.2717
      vertex -12.5 -6.66515 21.3084
    endloop
  endfacet
  facet normal -0 -0.427445 -0.904041
    outer loop
      vertex -12.5 -6.58753 21.2717
      vertex -14.5 -6.66515 21.3084
      vertex -14.5 -6.58753 21.2717
    endloop
  endfacet
  facet normal 0 -0.336595 -0.94165
    outer loop
      vertex -14.5 -6.746 21.3373
      vertex -12.5 -6.66515 21.3084
      vertex -12.5 -6.746 21.3373
    endloop
  endfacet
  facet normal -0 -0.336595 -0.94165
    outer loop
      vertex -12.5 -6.66515 21.3084
      vertex -14.5 -6.746 21.3373
      vertex -14.5 -6.66515 21.3084
    endloop
  endfacet
  facet normal 0 -0.243357 -0.969937
    outer loop
      vertex -14.5 -6.8293 21.3582
      vertex -12.5 -6.746 21.3373
      vertex -12.5 -6.8293 21.3582
    endloop
  endfacet
  facet normal -0 -0.243357 -0.969937
    outer loop
      vertex -12.5 -6.746 21.3373
      vertex -14.5 -6.8293 21.3582
      vertex -14.5 -6.746 21.3373
    endloop
  endfacet
  facet normal 0 -0.671745 -0.740782
    outer loop
      vertex -14.5 -6.44491 21.1764
      vertex -12.5 -6.38128 21.1187
      vertex -12.5 -6.44491 21.1764
    endloop
  endfacet
  facet normal -0 -0.671745 -0.740782
    outer loop
      vertex -12.5 -6.38128 21.1187
      vertex -14.5 -6.44491 21.1764
      vertex -14.5 -6.38128 21.1187
    endloop
  endfacet
  facet normal -0 0.0489153 0.998803
    outer loop
      vertex -14.5 -7 19.625
      vertex -12.5 -7.08576 19.6292
      vertex -12.5 -7 19.625
    endloop
  endfacet
  facet normal 0 0.0489153 0.998803
    outer loop
      vertex -12.5 -7.08576 19.6292
      vertex -14.5 -7 19.625
      vertex -14.5 -7.08576 19.6292
    endloop
  endfacet
  facet normal 0 0.671745 -0.740782
    outer loop
      vertex -14.5 -7.61872 21.1187
      vertex -12.5 -7.55509 21.1764
      vertex -12.5 -7.61872 21.1187
    endloop
  endfacet
  facet normal 0 0.671745 -0.740782
    outer loop
      vertex -12.5 -7.55509 21.1764
      vertex -14.5 -7.61872 21.1187
      vertex -14.5 -7.55509 21.1764
    endloop
  endfacet
  facet normal 0 0.595311 -0.803495
    outer loop
      vertex -14.5 -7.55509 21.1764
      vertex -12.5 -7.48612 21.2275
      vertex -12.5 -7.55509 21.1764
    endloop
  endfacet
  facet normal 0 0.595311 -0.803495
    outer loop
      vertex -12.5 -7.48612 21.2275
      vertex -14.5 -7.55509 21.1764
      vertex -14.5 -7.48612 21.2275
    endloop
  endfacet
  facet normal 0 0.427445 -0.904041
    outer loop
      vertex -14.5 -7.41247 21.2717
      vertex -12.5 -7.33485 21.3084
      vertex -12.5 -7.41247 21.2717
    endloop
  endfacet
  facet normal 0 0.427445 -0.904041
    outer loop
      vertex -12.5 -7.33485 21.3084
      vertex -14.5 -7.41247 21.2717
      vertex -14.5 -7.33485 21.3084
    endloop
  endfacet
  facet normal 0 0.514581 -0.857442
    outer loop
      vertex -14.5 -7.48612 21.2275
      vertex -12.5 -7.41247 21.2717
      vertex -12.5 -7.48612 21.2275
    endloop
  endfacet
  facet normal 0 0.514581 -0.857442
    outer loop
      vertex -12.5 -7.41247 21.2717
      vertex -14.5 -7.48612 21.2275
      vertex -14.5 -7.41247 21.2717
    endloop
  endfacet
  facet normal 0 0.941473 0.337089
    outer loop
      vertex -12.5 -7.80839 20.1652
      vertex -14.5 -7.83732 20.246
      vertex -12.5 -7.83732 20.246
    endloop
  endfacet
  facet normal 0 0.941473 0.337089
    outer loop
      vertex -14.5 -7.83732 20.246
      vertex -12.5 -7.80839 20.1652
      vertex -14.5 -7.80839 20.1652
    endloop
  endfacet
  facet normal -0 0.427445 0.904041
    outer loop
      vertex -14.5 -7.33485 19.6916
      vertex -12.5 -7.41247 19.7283
      vertex -12.5 -7.33485 19.6916
    endloop
  endfacet
  facet normal 0 0.427445 0.904041
    outer loop
      vertex -12.5 -7.41247 19.7283
      vertex -14.5 -7.33485 19.6916
      vertex -14.5 -7.41247 19.7283
    endloop
  endfacet
  facet normal 0 0.740857 0.671663
    outer loop
      vertex -12.5 -7.61872 19.8813
      vertex -14.5 -7.67638 19.9449
      vertex -12.5 -7.67638 19.9449
    endloop
  endfacet
  facet normal 0 0.740857 0.671663
    outer loop
      vertex -14.5 -7.67638 19.9449
      vertex -12.5 -7.61872 19.8813
      vertex -14.5 -7.61872 19.8813
    endloop
  endfacet
  facet normal 0 0.970019 -0.243029
    outer loop
      vertex -12.5 -7.85819 20.6707
      vertex -14.5 -7.83732 20.754
      vertex -12.5 -7.83732 20.754
    endloop
  endfacet
  facet normal 0 0.970019 -0.243029
    outer loop
      vertex -14.5 -7.83732 20.754
      vertex -12.5 -7.85819 20.6707
      vertex -14.5 -7.85819 20.6707
    endloop
  endfacet
  facet normal 0 0.904166 -0.427181
    outer loop
      vertex -12.5 -7.80839 20.8348
      vertex -14.5 -7.77168 20.9125
      vertex -12.5 -7.77168 20.9125
    endloop
  endfacet
  facet normal 0 0.904166 -0.427181
    outer loop
      vertex -14.5 -7.77168 20.9125
      vertex -12.5 -7.80839 20.8348
      vertex -14.5 -7.80839 20.8348
    endloop
  endfacet
  facet normal 0 0.941473 -0.337089
    outer loop
      vertex -12.5 -7.83732 20.754
      vertex -14.5 -7.80839 20.8348
      vertex -12.5 -7.80839 20.8348
    endloop
  endfacet
  facet normal 0 0.941473 -0.337089
    outer loop
      vertex -14.5 -7.80839 20.8348
      vertex -12.5 -7.83732 20.754
      vertex -14.5 -7.83732 20.754
    endloop
  endfacet
  facet normal 0 0.146734 -0.989176
    outer loop
      vertex -14.5 -7.1707 21.3582
      vertex -12.5 -7.08576 21.3708
      vertex -12.5 -7.1707 21.3582
    endloop
  endfacet
  facet normal 0 0.146734 -0.989176
    outer loop
      vertex -12.5 -7.08576 21.3708
      vertex -14.5 -7.1707 21.3582
      vertex -14.5 -7.08576 21.3708
    endloop
  endfacet
  facet normal 0 0.740857 -0.671663
    outer loop
      vertex -12.5 -7.67638 21.0551
      vertex -14.5 -7.61872 21.1187
      vertex -12.5 -7.61872 21.1187
    endloop
  endfacet
  facet normal 0 0.740857 -0.671663
    outer loop
      vertex -14.5 -7.61872 21.1187
      vertex -12.5 -7.67638 21.0551
      vertex -14.5 -7.67638 21.0551
    endloop
  endfacet
  facet normal 0 0.336595 -0.94165
    outer loop
      vertex -14.5 -7.33485 21.3084
      vertex -12.5 -7.254 21.3373
      vertex -12.5 -7.33485 21.3084
    endloop
  endfacet
  facet normal 0 0.336595 -0.94165
    outer loop
      vertex -12.5 -7.254 21.3373
      vertex -14.5 -7.33485 21.3084
      vertex -14.5 -7.254 21.3373
    endloop
  endfacet
  facet normal 0 0.998798 0.0490086
    outer loop
      vertex -12.5 -7.87079 20.4142
      vertex -14.5 -7.875 20.5
      vertex -12.5 -7.875 20.5
    endloop
  endfacet
  facet normal 0 0.998798 0.0490086
    outer loop
      vertex -14.5 -7.875 20.5
      vertex -12.5 -7.87079 20.4142
      vertex -14.5 -7.87079 20.4142
    endloop
  endfacet
  facet normal 0 0.904166 0.427181
    outer loop
      vertex -12.5 -7.77168 20.0875
      vertex -14.5 -7.80839 20.1652
      vertex -12.5 -7.80839 20.1652
    endloop
  endfacet
  facet normal 0 0.904166 0.427181
    outer loop
      vertex -14.5 -7.80839 20.1652
      vertex -12.5 -7.77168 20.0875
      vertex -14.5 -7.77168 20.0875
    endloop
  endfacet
  facet normal -0 0.243357 0.969937
    outer loop
      vertex -14.5 -7.1707 19.6418
      vertex -12.5 -7.254 19.6627
      vertex -12.5 -7.1707 19.6418
    endloop
  endfacet
  facet normal 0 0.243357 0.969937
    outer loop
      vertex -12.5 -7.254 19.6627
      vertex -14.5 -7.1707 19.6418
      vertex -14.5 -7.254 19.6627
    endloop
  endfacet
  facet normal -0 0.146734 0.989176
    outer loop
      vertex -14.5 -7.08576 19.6292
      vertex -12.5 -7.1707 19.6418
      vertex -12.5 -7.08576 19.6292
    endloop
  endfacet
  facet normal 0 0.146734 0.989176
    outer loop
      vertex -12.5 -7.1707 19.6418
      vertex -14.5 -7.08576 19.6292
      vertex -14.5 -7.1707 19.6418
    endloop
  endfacet
  facet normal -0 0.595311 0.803495
    outer loop
      vertex -14.5 -7.48612 19.7725
      vertex -12.5 -7.55509 19.8236
      vertex -12.5 -7.48612 19.7725
    endloop
  endfacet
  facet normal 0 0.595311 0.803495
    outer loop
      vertex -12.5 -7.55509 19.8236
      vertex -14.5 -7.48612 19.7725
      vertex -14.5 -7.55509 19.8236
    endloop
  endfacet
  facet normal 0 0.803285 -0.595595
    outer loop
      vertex -12.5 -7.72754 20.9861
      vertex -14.5 -7.67638 21.0551
      vertex -12.5 -7.67638 21.0551
    endloop
  endfacet
  facet normal 0 0.803285 -0.595595
    outer loop
      vertex -14.5 -7.67638 21.0551
      vertex -12.5 -7.72754 20.9861
      vertex -14.5 -7.72754 20.9861
    endloop
  endfacet
  facet normal 0 0.857596 -0.514324
    outer loop
      vertex -12.5 -7.77168 20.9125
      vertex -14.5 -7.72754 20.9861
      vertex -12.5 -7.72754 20.9861
    endloop
  endfacet
  facet normal 0 0.857596 -0.514324
    outer loop
      vertex -14.5 -7.72754 20.9861
      vertex -12.5 -7.77168 20.9125
      vertex -14.5 -7.77168 20.9125
    endloop
  endfacet
  facet normal 0 0.857596 0.514324
    outer loop
      vertex -12.5 -7.72754 20.0139
      vertex -14.5 -7.77168 20.0875
      vertex -12.5 -7.77168 20.0875
    endloop
  endfacet
  facet normal 0 0.857596 0.514324
    outer loop
      vertex -14.5 -7.77168 20.0875
      vertex -12.5 -7.72754 20.0139
      vertex -14.5 -7.72754 20.0139
    endloop
  endfacet
  facet normal 0 0.989166 0.146802
    outer loop
      vertex -12.5 -7.85819 20.3293
      vertex -14.5 -7.87079 20.4142
      vertex -12.5 -7.87079 20.4142
    endloop
  endfacet
  facet normal 0 0.989166 0.146802
    outer loop
      vertex -14.5 -7.87079 20.4142
      vertex -12.5 -7.85819 20.3293
      vertex -14.5 -7.85819 20.3293
    endloop
  endfacet
  facet normal 0 0.970019 0.243029
    outer loop
      vertex -12.5 -7.83732 20.246
      vertex -14.5 -7.85819 20.3293
      vertex -12.5 -7.85819 20.3293
    endloop
  endfacet
  facet normal 0 0.970019 0.243029
    outer loop
      vertex -14.5 -7.85819 20.3293
      vertex -12.5 -7.83732 20.246
      vertex -14.5 -7.83732 20.246
    endloop
  endfacet
  facet normal 0 -0.803285 -0.595595
    outer loop
      vertex -14.5 7.72754 20.9861
      vertex -12.5 7.67638 21.0551
      vertex -14.5 7.67638 21.0551
    endloop
  endfacet
  facet normal 0 -0.803285 -0.595595
    outer loop
      vertex -12.5 7.67638 21.0551
      vertex -14.5 7.72754 20.9861
      vertex -12.5 7.72754 20.9861
    endloop
  endfacet
  facet normal 0 0.0489096 -0.998803
    outer loop
      vertex -14.5 6.91423 21.3708
      vertex -12.5 7 21.375
      vertex -12.5 6.91423 21.3708
    endloop
  endfacet
  facet normal 0 0.0489096 -0.998803
    outer loop
      vertex -12.5 7 21.375
      vertex -14.5 6.91423 21.3708
      vertex -14.5 7 21.375
    endloop
  endfacet
  facet normal 0 -0.857596 -0.514324
    outer loop
      vertex -14.5 7.77168 20.9125
      vertex -12.5 7.72754 20.9861
      vertex -14.5 7.72754 20.9861
    endloop
  endfacet
  facet normal 0 -0.857596 -0.514324
    outer loop
      vertex -12.5 7.72754 20.9861
      vertex -14.5 7.77168 20.9125
      vertex -12.5 7.77168 20.9125
    endloop
  endfacet
  facet normal 0 -0.904166 0.427181
    outer loop
      vertex -14.5 7.77168 20.0875
      vertex -12.5 7.80839 20.1652
      vertex -14.5 7.80839 20.1652
    endloop
  endfacet
  facet normal 0 -0.904166 0.427181
    outer loop
      vertex -12.5 7.80839 20.1652
      vertex -14.5 7.77168 20.0875
      vertex -12.5 7.77168 20.0875
    endloop
  endfacet
  facet normal 0 -0.336595 0.94165
    outer loop
      vertex -14.5 7.33485 19.6916
      vertex -12.5 7.254 19.6627
      vertex -12.5 7.33485 19.6916
    endloop
  endfacet
  facet normal 0 -0.336595 0.94165
    outer loop
      vertex -12.5 7.254 19.6627
      vertex -14.5 7.33485 19.6916
      vertex -14.5 7.254 19.6627
    endloop
  endfacet
  facet normal -0 0.514581 0.857442
    outer loop
      vertex -14.5 6.58753 19.7283
      vertex -12.5 6.51388 19.7725
      vertex -12.5 6.58753 19.7283
    endloop
  endfacet
  facet normal 0 0.514581 0.857442
    outer loop
      vertex -12.5 6.51388 19.7725
      vertex -14.5 6.58753 19.7283
      vertex -14.5 6.51388 19.7725
    endloop
  endfacet
  facet normal 0 -0.243357 -0.969937
    outer loop
      vertex -14.5 7.1707 21.3582
      vertex -12.5 7.254 21.3373
      vertex -12.5 7.1707 21.3582
    endloop
  endfacet
  facet normal -0 -0.243357 -0.969937
    outer loop
      vertex -12.5 7.254 21.3373
      vertex -14.5 7.1707 21.3582
      vertex -14.5 7.254 21.3373
    endloop
  endfacet
  facet normal 0 -0.336595 -0.94165
    outer loop
      vertex -14.5 7.254 21.3373
      vertex -12.5 7.33485 21.3084
      vertex -12.5 7.254 21.3373
    endloop
  endfacet
  facet normal -0 -0.336595 -0.94165
    outer loop
      vertex -12.5 7.33485 21.3084
      vertex -14.5 7.254 21.3373
      vertex -14.5 7.33485 21.3084
    endloop
  endfacet
  facet normal 0 -0.671745 -0.740782
    outer loop
      vertex -14.5 7.55509 21.1764
      vertex -12.5 7.61872 21.1187
      vertex -12.5 7.55509 21.1764
    endloop
  endfacet
  facet normal -0 -0.671745 -0.740782
    outer loop
      vertex -12.5 7.61872 21.1187
      vertex -14.5 7.55509 21.1764
      vertex -14.5 7.61872 21.1187
    endloop
  endfacet
  facet normal 0 -0.904166 -0.427181
    outer loop
      vertex -14.5 7.80839 20.8348
      vertex -12.5 7.77168 20.9125
      vertex -14.5 7.77168 20.9125
    endloop
  endfacet
  facet normal 0 -0.904166 -0.427181
    outer loop
      vertex -12.5 7.77168 20.9125
      vertex -14.5 7.80839 20.8348
      vertex -12.5 7.80839 20.8348
    endloop
  endfacet
  facet normal -0 0.0489096 0.998803
    outer loop
      vertex -14.5 7 19.625
      vertex -12.5 6.91423 19.6292
      vertex -12.5 7 19.625
    endloop
  endfacet
  facet normal 0 0.0489096 0.998803
    outer loop
      vertex -12.5 6.91423 19.6292
      vertex -14.5 7 19.625
      vertex -14.5 6.91423 19.6292
    endloop
  endfacet
  facet normal 0 -0.740857 0.671663
    outer loop
      vertex -14.5 7.61872 19.8813
      vertex -12.5 7.67638 19.9449
      vertex -14.5 7.67638 19.9449
    endloop
  endfacet
  facet normal 0 -0.740857 0.671663
    outer loop
      vertex -12.5 7.67638 19.9449
      vertex -14.5 7.61872 19.8813
      vertex -12.5 7.61872 19.8813
    endloop
  endfacet
  facet normal 0 0.595311 -0.803495
    outer loop
      vertex -14.5 6.44491 21.1764
      vertex -12.5 6.51388 21.2275
      vertex -12.5 6.44491 21.1764
    endloop
  endfacet
  facet normal 0 0.595311 -0.803495
    outer loop
      vertex -12.5 6.51388 21.2275
      vertex -14.5 6.44491 21.1764
      vertex -14.5 6.51388 21.2275
    endloop
  endfacet
  facet normal 0 0.94151 -0.336986
    outer loop
      vertex -12.5 6.16268 20.754
      vertex -14.5 6.1916 20.8348
      vertex -12.5 6.1916 20.8348
    endloop
  endfacet
  facet normal 0 0.94151 -0.336986
    outer loop
      vertex -14.5 6.1916 20.8348
      vertex -12.5 6.16268 20.754
      vertex -14.5 6.16268 20.754
    endloop
  endfacet
  facet normal 0 0.671745 -0.740782
    outer loop
      vertex -14.5 6.38128 21.1187
      vertex -12.5 6.44491 21.1764
      vertex -12.5 6.38128 21.1187
    endloop
  endfacet
  facet normal 0 0.671745 -0.740782
    outer loop
      vertex -12.5 6.44491 21.1764
      vertex -14.5 6.38128 21.1187
      vertex -14.5 6.44491 21.1764
    endloop
  endfacet
  facet normal 0 0.998798 -0.0490086
    outer loop
      vertex -12.5 6.125 20.5
      vertex -14.5 6.12921 20.5858
      vertex -12.5 6.12921 20.5858
    endloop
  endfacet
  facet normal 0 0.998798 -0.0490086
    outer loop
      vertex -14.5 6.12921 20.5858
      vertex -12.5 6.125 20.5
      vertex -14.5 6.125 20.5
    endloop
  endfacet
  facet normal 0 0.904121 0.427276
    outer loop
      vertex -12.5 6.22832 20.0875
      vertex -14.5 6.1916 20.1652
      vertex -12.5 6.1916 20.1652
    endloop
  endfacet
  facet normal 0 0.904121 0.427276
    outer loop
      vertex -14.5 6.1916 20.1652
      vertex -12.5 6.22832 20.0875
      vertex -14.5 6.22832 20.0875
    endloop
  endfacet
  facet normal 0 -0.427445 -0.904041
    outer loop
      vertex -14.5 7.33485 21.3084
      vertex -12.5 7.41247 21.2717
      vertex -12.5 7.33485 21.3084
    endloop
  endfacet
  facet normal -0 -0.427445 -0.904041
    outer loop
      vertex -12.5 7.41247 21.2717
      vertex -14.5 7.33485 21.3084
      vertex -14.5 7.41247 21.2717
    endloop
  endfacet
  facet normal 0 -0.514581 -0.857442
    outer loop
      vertex -14.5 7.41247 21.2717
      vertex -12.5 7.48612 21.2275
      vertex -12.5 7.41247 21.2717
    endloop
  endfacet
  facet normal -0 -0.514581 -0.857442
    outer loop
      vertex -12.5 7.48612 21.2275
      vertex -14.5 7.41247 21.2717
      vertex -14.5 7.48612 21.2275
    endloop
  endfacet
  facet normal 0 -0.595311 -0.803495
    outer loop
      vertex -14.5 7.48612 21.2275
      vertex -12.5 7.55509 21.1764
      vertex -12.5 7.48612 21.2275
    endloop
  endfacet
  facet normal -0 -0.595311 -0.803495
    outer loop
      vertex -12.5 7.55509 21.1764
      vertex -14.5 7.48612 21.2275
      vertex -14.5 7.55509 21.1764
    endloop
  endfacet
  facet normal 0 -0.740857 -0.671663
    outer loop
      vertex -14.5 7.67638 21.0551
      vertex -12.5 7.61872 21.1187
      vertex -14.5 7.61872 21.1187
    endloop
  endfacet
  facet normal 0 -0.740857 -0.671663
    outer loop
      vertex -12.5 7.61872 21.1187
      vertex -14.5 7.67638 21.0551
      vertex -12.5 7.67638 21.0551
    endloop
  endfacet
  facet normal 0 -0.998798 0.0490086
    outer loop
      vertex -14.5 7.87079 20.4142
      vertex -12.5 7.875 20.5
      vertex -14.5 7.875 20.5
    endloop
  endfacet
  facet normal 0 -0.998798 0.0490086
    outer loop
      vertex -12.5 7.875 20.5
      vertex -14.5 7.87079 20.4142
      vertex -12.5 7.87079 20.4142
    endloop
  endfacet
  facet normal 0 -0.941473 -0.337089
    outer loop
      vertex -14.5 7.83732 20.754
      vertex -12.5 7.80839 20.8348
      vertex -14.5 7.80839 20.8348
    endloop
  endfacet
  facet normal 0 -0.941473 -0.337089
    outer loop
      vertex -12.5 7.80839 20.8348
      vertex -14.5 7.83732 20.754
      vertex -12.5 7.83732 20.754
    endloop
  endfacet
  facet normal 0 -0.989166 -0.146802
    outer loop
      vertex -14.5 7.87079 20.5858
      vertex -12.5 7.85819 20.6707
      vertex -14.5 7.85819 20.6707
    endloop
  endfacet
  facet normal 0 -0.989166 -0.146802
    outer loop
      vertex -12.5 7.85819 20.6707
      vertex -14.5 7.87079 20.5858
      vertex -12.5 7.87079 20.5858
    endloop
  endfacet
  facet normal 0 -0.998798 -0.0490086
    outer loop
      vertex -14.5 7.875 20.5
      vertex -12.5 7.87079 20.5858
      vertex -14.5 7.87079 20.5858
    endloop
  endfacet
  facet normal 0 -0.998798 -0.0490086
    outer loop
      vertex -12.5 7.87079 20.5858
      vertex -14.5 7.875 20.5
      vertex -12.5 7.875 20.5
    endloop
  endfacet
  facet normal 0 -0.243357 0.969937
    outer loop
      vertex -14.5 7.254 19.6627
      vertex -12.5 7.1707 19.6418
      vertex -12.5 7.254 19.6627
    endloop
  endfacet
  facet normal 0 -0.243357 0.969937
    outer loop
      vertex -12.5 7.1707 19.6418
      vertex -14.5 7.254 19.6627
      vertex -14.5 7.1707 19.6418
    endloop
  endfacet
  facet normal 0 -0.146734 0.989176
    outer loop
      vertex -14.5 7.1707 19.6418
      vertex -12.5 7.08576 19.6292
      vertex -12.5 7.1707 19.6418
    endloop
  endfacet
  facet normal 0 -0.146734 0.989176
    outer loop
      vertex -12.5 7.08576 19.6292
      vertex -14.5 7.1707 19.6418
      vertex -14.5 7.08576 19.6292
    endloop
  endfacet
  facet normal 0 -0.595311 0.803495
    outer loop
      vertex -14.5 7.55509 19.8236
      vertex -12.5 7.48612 19.7725
      vertex -12.5 7.55509 19.8236
    endloop
  endfacet
  facet normal 0 -0.595311 0.803495
    outer loop
      vertex -12.5 7.48612 19.7725
      vertex -14.5 7.55509 19.8236
      vertex -14.5 7.48612 19.7725
    endloop
  endfacet
  facet normal 0 -0.514581 0.857442
    outer loop
      vertex -14.5 7.48612 19.7725
      vertex -12.5 7.41247 19.7283
      vertex -12.5 7.48612 19.7725
    endloop
  endfacet
  facet normal 0 -0.514581 0.857442
    outer loop
      vertex -12.5 7.41247 19.7283
      vertex -14.5 7.48612 19.7725
      vertex -14.5 7.41247 19.7283
    endloop
  endfacet
  facet normal 0 -0.989166 0.146802
    outer loop
      vertex -14.5 7.85819 20.3293
      vertex -12.5 7.87079 20.4142
      vertex -14.5 7.87079 20.4142
    endloop
  endfacet
  facet normal 0 -0.989166 0.146802
    outer loop
      vertex -12.5 7.87079 20.4142
      vertex -14.5 7.85819 20.3293
      vertex -12.5 7.85819 20.3293
    endloop
  endfacet
  facet normal 0 -0.970019 0.243029
    outer loop
      vertex -14.5 7.83732 20.246
      vertex -12.5 7.85819 20.3293
      vertex -14.5 7.85819 20.3293
    endloop
  endfacet
  facet normal 0 -0.970019 0.243029
    outer loop
      vertex -12.5 7.85819 20.3293
      vertex -14.5 7.83732 20.246
      vertex -12.5 7.83732 20.246
    endloop
  endfacet
  facet normal 0 -0.857596 0.514324
    outer loop
      vertex -14.5 7.72754 20.0139
      vertex -12.5 7.77168 20.0875
      vertex -14.5 7.77168 20.0875
    endloop
  endfacet
  facet normal 0 -0.857596 0.514324
    outer loop
      vertex -12.5 7.77168 20.0875
      vertex -14.5 7.72754 20.0139
      vertex -12.5 7.72754 20.0139
    endloop
  endfacet
  facet normal 0 -0.803285 0.595595
    outer loop
      vertex -14.5 7.67638 19.9449
      vertex -12.5 7.72754 20.0139
      vertex -14.5 7.72754 20.0139
    endloop
  endfacet
  facet normal 0 -0.803285 0.595595
    outer loop
      vertex -12.5 7.72754 20.0139
      vertex -14.5 7.67638 19.9449
      vertex -12.5 7.67638 19.9449
    endloop
  endfacet
  facet normal 0 -0.671745 0.740782
    outer loop
      vertex -14.5 7.61872 19.8813
      vertex -12.5 7.55509 19.8236
      vertex -12.5 7.61872 19.8813
    endloop
  endfacet
  facet normal 0 -0.671745 0.740782
    outer loop
      vertex -12.5 7.55509 19.8236
      vertex -14.5 7.61872 19.8813
      vertex -14.5 7.55509 19.8236
    endloop
  endfacet
  facet normal 0 -0.0489153 -0.998803
    outer loop
      vertex -14.5 7 21.375
      vertex -12.5 7.08576 21.3708
      vertex -12.5 7 21.375
    endloop
  endfacet
  facet normal -0 -0.0489153 -0.998803
    outer loop
      vertex -12.5 7.08576 21.3708
      vertex -14.5 7 21.375
      vertex -14.5 7.08576 21.3708
    endloop
  endfacet
  facet normal 0 0.243357 -0.969937
    outer loop
      vertex -14.5 6.746 21.3373
      vertex -12.5 6.8293 21.3582
      vertex -12.5 6.746 21.3373
    endloop
  endfacet
  facet normal 0 0.243357 -0.969937
    outer loop
      vertex -12.5 6.8293 21.3582
      vertex -14.5 6.746 21.3373
      vertex -14.5 6.8293 21.3582
    endloop
  endfacet
  facet normal 0 0.989166 -0.146802
    outer loop
      vertex -12.5 6.12921 20.5858
      vertex -14.5 6.14181 20.6707
      vertex -12.5 6.14181 20.6707
    endloop
  endfacet
  facet normal 0 0.989166 -0.146802
    outer loop
      vertex -14.5 6.14181 20.6707
      vertex -12.5 6.12921 20.5858
      vertex -14.5 6.12921 20.5858
    endloop
  endfacet
  facet normal 0 0.970019 -0.243029
    outer loop
      vertex -12.5 6.14181 20.6707
      vertex -14.5 6.16268 20.754
      vertex -12.5 6.16268 20.754
    endloop
  endfacet
  facet normal 0 0.970019 -0.243029
    outer loop
      vertex -14.5 6.16268 20.754
      vertex -12.5 6.14181 20.6707
      vertex -14.5 6.14181 20.6707
    endloop
  endfacet
  facet normal 0 0.857596 -0.514324
    outer loop
      vertex -12.5 6.22832 20.9125
      vertex -14.5 6.27246 20.9861
      vertex -12.5 6.27246 20.9861
    endloop
  endfacet
  facet normal 0 0.857596 -0.514324
    outer loop
      vertex -14.5 6.27246 20.9861
      vertex -12.5 6.22832 20.9125
      vertex -14.5 6.22832 20.9125
    endloop
  endfacet
  facet normal 0 0.740857 -0.671663
    outer loop
      vertex -12.5 6.32362 21.0551
      vertex -14.5 6.38128 21.1187
      vertex -12.5 6.38128 21.1187
    endloop
  endfacet
  facet normal 0 0.740857 -0.671663
    outer loop
      vertex -14.5 6.38128 21.1187
      vertex -12.5 6.32362 21.0551
      vertex -14.5 6.32362 21.0551
    endloop
  endfacet
  facet normal 0 0.803285 -0.595595
    outer loop
      vertex -12.5 6.27246 20.9861
      vertex -14.5 6.32362 21.0551
      vertex -12.5 6.32362 21.0551
    endloop
  endfacet
  facet normal 0 0.803285 -0.595595
    outer loop
      vertex -14.5 6.32362 21.0551
      vertex -12.5 6.27246 20.9861
      vertex -14.5 6.27246 20.9861
    endloop
  endfacet
  facet normal 0 0.989166 0.146802
    outer loop
      vertex -12.5 6.14181 20.3293
      vertex -14.5 6.12921 20.4142
      vertex -12.5 6.12921 20.4142
    endloop
  endfacet
  facet normal 0 0.989166 0.146802
    outer loop
      vertex -14.5 6.12921 20.4142
      vertex -12.5 6.14181 20.3293
      vertex -14.5 6.14181 20.3293
    endloop
  endfacet
  facet normal 0 0.970019 0.243029
    outer loop
      vertex -12.5 6.16268 20.246
      vertex -14.5 6.14181 20.3293
      vertex -12.5 6.14181 20.3293
    endloop
  endfacet
  facet normal 0 0.970019 0.243029
    outer loop
      vertex -14.5 6.14181 20.3293
      vertex -12.5 6.16268 20.246
      vertex -14.5 6.16268 20.246
    endloop
  endfacet
  facet normal 0 0.998798 0.0490086
    outer loop
      vertex -12.5 6.12921 20.4142
      vertex -14.5 6.125 20.5
      vertex -12.5 6.125 20.5
    endloop
  endfacet
  facet normal 0 0.998798 0.0490086
    outer loop
      vertex -14.5 6.125 20.5
      vertex -12.5 6.12921 20.4142
      vertex -14.5 6.12921 20.4142
    endloop
  endfacet
  facet normal 0 0.94151 0.336986
    outer loop
      vertex -12.5 6.1916 20.1652
      vertex -14.5 6.16268 20.246
      vertex -12.5 6.16268 20.246
    endloop
  endfacet
  facet normal 0 0.94151 0.336986
    outer loop
      vertex -14.5 6.16268 20.246
      vertex -12.5 6.1916 20.1652
      vertex -14.5 6.1916 20.1652
    endloop
  endfacet
  facet normal 0 0.803285 0.595595
    outer loop
      vertex -12.5 6.32362 19.9449
      vertex -14.5 6.27246 20.0139
      vertex -12.5 6.27246 20.0139
    endloop
  endfacet
  facet normal 0 0.803285 0.595595
    outer loop
      vertex -14.5 6.27246 20.0139
      vertex -12.5 6.32362 19.9449
      vertex -14.5 6.32362 19.9449
    endloop
  endfacet
  facet normal -0 0.336595 0.94165
    outer loop
      vertex -14.5 6.746 19.6627
      vertex -12.5 6.66515 19.6916
      vertex -12.5 6.746 19.6627
    endloop
  endfacet
  facet normal 0 0.336595 0.94165
    outer loop
      vertex -12.5 6.66515 19.6916
      vertex -14.5 6.746 19.6627
      vertex -14.5 6.66515 19.6916
    endloop
  endfacet
  facet normal -0 0.146751 0.989173
    outer loop
      vertex -14.5 6.91423 19.6292
      vertex -12.5 6.8293 19.6418
      vertex -12.5 6.91423 19.6292
    endloop
  endfacet
  facet normal 0 0.146751 0.989173
    outer loop
      vertex -12.5 6.8293 19.6418
      vertex -14.5 6.91423 19.6292
      vertex -14.5 6.8293 19.6418
    endloop
  endfacet
  facet normal -0 0.671745 0.740782
    outer loop
      vertex -14.5 6.44491 19.8236
      vertex -12.5 6.38128 19.8813
      vertex -12.5 6.44491 19.8236
    endloop
  endfacet
  facet normal 0 0.671745 0.740782
    outer loop
      vertex -12.5 6.38128 19.8813
      vertex -14.5 6.44491 19.8236
      vertex -14.5 6.38128 19.8813
    endloop
  endfacet
  facet normal 0 -0.146734 -0.989176
    outer loop
      vertex -14.5 7.08576 21.3708
      vertex -12.5 7.1707 21.3582
      vertex -12.5 7.08576 21.3708
    endloop
  endfacet
  facet normal -0 -0.146734 -0.989176
    outer loop
      vertex -12.5 7.1707 21.3582
      vertex -14.5 7.08576 21.3708
      vertex -14.5 7.1707 21.3582
    endloop
  endfacet
  facet normal 0 -0.970019 -0.243029
    outer loop
      vertex -14.5 7.85819 20.6707
      vertex -12.5 7.83732 20.754
      vertex -14.5 7.83732 20.754
    endloop
  endfacet
  facet normal 0 -0.970019 -0.243029
    outer loop
      vertex -12.5 7.83732 20.754
      vertex -14.5 7.85819 20.6707
      vertex -12.5 7.85819 20.6707
    endloop
  endfacet
  facet normal 0 -0.0489153 0.998803
    outer loop
      vertex -14.5 7.08576 19.6292
      vertex -12.5 7 19.625
      vertex -12.5 7.08576 19.6292
    endloop
  endfacet
  facet normal 0 -0.0489153 0.998803
    outer loop
      vertex -12.5 7 19.625
      vertex -14.5 7.08576 19.6292
      vertex -14.5 7 19.625
    endloop
  endfacet
  facet normal 0 -0.427445 0.904041
    outer loop
      vertex -14.5 7.41247 19.7283
      vertex -12.5 7.33485 19.6916
      vertex -12.5 7.41247 19.7283
    endloop
  endfacet
  facet normal 0 -0.427445 0.904041
    outer loop
      vertex -12.5 7.33485 19.6916
      vertex -14.5 7.41247 19.7283
      vertex -14.5 7.33485 19.6916
    endloop
  endfacet
  facet normal 0 -0.941473 0.337089
    outer loop
      vertex -14.5 7.80839 20.1652
      vertex -12.5 7.83732 20.246
      vertex -14.5 7.83732 20.246
    endloop
  endfacet
  facet normal 0 -0.941473 0.337089
    outer loop
      vertex -12.5 7.83732 20.246
      vertex -14.5 7.80839 20.1652
      vertex -12.5 7.80839 20.1652
    endloop
  endfacet
  facet normal 0 0.146751 -0.989173
    outer loop
      vertex -14.5 6.8293 21.3582
      vertex -12.5 6.91423 21.3708
      vertex -12.5 6.8293 21.3582
    endloop
  endfacet
  facet normal 0 0.146751 -0.989173
    outer loop
      vertex -12.5 6.91423 21.3708
      vertex -14.5 6.8293 21.3582
      vertex -14.5 6.91423 21.3708
    endloop
  endfacet
  facet normal 0 0.336595 -0.94165
    outer loop
      vertex -14.5 6.66515 21.3084
      vertex -12.5 6.746 21.3373
      vertex -12.5 6.66515 21.3084
    endloop
  endfacet
  facet normal 0 0.336595 -0.94165
    outer loop
      vertex -12.5 6.746 21.3373
      vertex -14.5 6.66515 21.3084
      vertex -14.5 6.746 21.3373
    endloop
  endfacet
  facet normal 0 0.427445 -0.904041
    outer loop
      vertex -14.5 6.58753 21.2717
      vertex -12.5 6.66515 21.3084
      vertex -12.5 6.58753 21.2717
    endloop
  endfacet
  facet normal 0 0.427445 -0.904041
    outer loop
      vertex -12.5 6.66515 21.3084
      vertex -14.5 6.58753 21.2717
      vertex -14.5 6.66515 21.3084
    endloop
  endfacet
  facet normal 0 0.904121 -0.427276
    outer loop
      vertex -12.5 6.1916 20.8348
      vertex -14.5 6.22832 20.9125
      vertex -12.5 6.22832 20.9125
    endloop
  endfacet
  facet normal 0 0.904121 -0.427276
    outer loop
      vertex -14.5 6.22832 20.9125
      vertex -12.5 6.1916 20.8348
      vertex -14.5 6.1916 20.8348
    endloop
  endfacet
  facet normal 0 0.857596 0.514324
    outer loop
      vertex -12.5 6.27246 20.0139
      vertex -14.5 6.22832 20.0875
      vertex -12.5 6.22832 20.0875
    endloop
  endfacet
  facet normal 0 0.857596 0.514324
    outer loop
      vertex -14.5 6.22832 20.0875
      vertex -12.5 6.27246 20.0139
      vertex -14.5 6.27246 20.0139
    endloop
  endfacet
  facet normal -0 0.243357 0.969937
    outer loop
      vertex -14.5 6.8293 19.6418
      vertex -12.5 6.746 19.6627
      vertex -12.5 6.8293 19.6418
    endloop
  endfacet
  facet normal 0 0.243357 0.969937
    outer loop
      vertex -12.5 6.746 19.6627
      vertex -14.5 6.8293 19.6418
      vertex -14.5 6.746 19.6627
    endloop
  endfacet
  facet normal -0 0.427445 0.904041
    outer loop
      vertex -14.5 6.66515 19.6916
      vertex -12.5 6.58753 19.7283
      vertex -12.5 6.66515 19.6916
    endloop
  endfacet
  facet normal 0 0.427445 0.904041
    outer loop
      vertex -12.5 6.58753 19.7283
      vertex -14.5 6.66515 19.6916
      vertex -14.5 6.58753 19.7283
    endloop
  endfacet
  facet normal -0 0.595311 0.803495
    outer loop
      vertex -14.5 6.51388 19.7725
      vertex -12.5 6.44491 19.8236
      vertex -12.5 6.51388 19.7725
    endloop
  endfacet
  facet normal 0 0.595311 0.803495
    outer loop
      vertex -12.5 6.44491 19.8236
      vertex -14.5 6.51388 19.7725
      vertex -14.5 6.44491 19.8236
    endloop
  endfacet
  facet normal 0 0.740857 0.671663
    outer loop
      vertex -12.5 6.38128 19.8813
      vertex -14.5 6.32362 19.9449
      vertex -12.5 6.32362 19.9449
    endloop
  endfacet
  facet normal 0 0.740857 0.671663
    outer loop
      vertex -14.5 6.32362 19.9449
      vertex -12.5 6.38128 19.8813
      vertex -14.5 6.38128 19.8813
    endloop
  endfacet
  facet normal 0 0.514581 -0.857442
    outer loop
      vertex -14.5 6.51388 21.2275
      vertex -12.5 6.58753 21.2717
      vertex -12.5 6.51388 21.2275
    endloop
  endfacet
  facet normal 0 0.514581 -0.857442
    outer loop
      vertex -12.5 6.58753 21.2717
      vertex -14.5 6.51388 21.2275
      vertex -14.5 6.58753 21.2717
    endloop
  endfacet
  facet normal -0.595695 -0.80321 0
    outer loop
      vertex -15.95 2.61913 3.5
      vertex -15.7017 2.43498 17.5
      vertex -15.95 2.61913 17.5
    endloop
  endfacet
  facet normal -0.595695 -0.80321 -0
    outer loop
      vertex -15.7017 2.43498 17.5
      vertex -15.95 2.61913 3.5
      vertex -15.7017 2.43498 3.5
    endloop
  endfacet
  facet normal 0.33684 -0.941562 0
    outer loop
      vertex -18.9055 2.91022 3.5
      vertex -18.6144 3.01436 17.5
      vertex -18.9055 2.91022 17.5
    endloop
  endfacet
  facet normal 0.33684 -0.941562 0
    outer loop
      vertex -18.6144 3.01436 17.5
      vertex -18.9055 2.91022 3.5
      vertex -18.6144 3.01436 3.5
    endloop
  endfacet
  facet normal 0.904077 -0.42737 0
    outer loop
      vertex -20.6102 1.20545 17.5
      vertex -20.4781 1.4849 3.5
      vertex -20.4781 1.4849 17.5
    endloop
  endfacet
  facet normal 0.904077 -0.42737 0
    outer loop
      vertex -20.4781 1.4849 3.5
      vertex -20.6102 1.20545 17.5
      vertex -20.6102 1.20545 3.5
    endloop
  endfacet
  facet normal 0.904077 0.42737 0
    outer loop
      vertex -20.4781 -1.4849 17.5
      vertex -20.6102 -1.20545 3.5
      vertex -20.6102 -1.20545 17.5
    endloop
  endfacet
  facet normal 0.904077 0.42737 0
    outer loop
      vertex -20.6102 -1.20545 3.5
      vertex -20.4781 -1.4849 17.5
      vertex -20.4781 -1.4849 3.5
    endloop
  endfacet
  facet normal -0.941483 -0.33706 0
    outer loop
      vertex -14.6856 0.914396 3.5
      vertex -14.7898 1.20545 17.5
      vertex -14.7898 1.20545 3.5
    endloop
  endfacet
  facet normal -0.941483 -0.33706 0
    outer loop
      vertex -14.7898 1.20545 17.5
      vertex -14.6856 0.914396 3.5
      vertex -14.6856 0.914396 17.5
    endloop
  endfacet
  facet normal -0.740949 -0.671561 0
    outer loop
      vertex -15.265 1.99834 3.5
      vertex -15.4726 2.22739 17.5
      vertex -15.4726 2.22739 3.5
    endloop
  endfacet
  facet normal -0.740949 -0.671561 0
    outer loop
      vertex -15.4726 2.22739 17.5
      vertex -15.265 1.99834 3.5
      vertex -15.265 1.99834 17.5
    endloop
  endfacet
  facet normal -0.514163 -0.857693 0
    outer loop
      vertex -16.2151 2.77805 3.5
      vertex -15.95 2.61913 17.5
      vertex -16.2151 2.77805 17.5
    endloop
  endfacet
  facet normal -0.514163 -0.857693 -0
    outer loop
      vertex -15.95 2.61913 17.5
      vertex -16.2151 2.77805 3.5
      vertex -15.95 2.61913 3.5
    endloop
  endfacet
  facet normal -0.0490665 -0.998796 0
    outer loop
      vertex -17.7 3.15 3.5
      vertex -17.3912 3.13483 17.5
      vertex -17.7 3.15 17.5
    endloop
  endfacet
  facet normal -0.0490665 -0.998796 -0
    outer loop
      vertex -17.3912 3.13483 17.5
      vertex -17.7 3.15 3.5
      vertex -17.3912 3.13483 3.5
    endloop
  endfacet
  facet normal 0.595695 -0.80321 0
    outer loop
      vertex -19.6983 2.43498 3.5
      vertex -19.45 2.61913 17.5
      vertex -19.6983 2.43498 17.5
    endloop
  endfacet
  facet normal 0.595695 -0.80321 0
    outer loop
      vertex -19.45 2.61913 17.5
      vertex -19.6983 2.43498 3.5
      vertex -19.45 2.61913 3.5
    endloop
  endfacet
  facet normal -0.803276 0.595607 0
    outer loop
      vertex -15.265 -1.99834 3.5
      vertex -15.0809 -1.75005 17.5
      vertex -15.0809 -1.75005 3.5
    endloop
  endfacet
  facet normal -0.803276 0.595607 0
    outer loop
      vertex -15.0809 -1.75005 17.5
      vertex -15.265 -1.99834 3.5
      vertex -15.265 -1.99834 17.5
    endloop
  endfacet
  facet normal -0.33684 0.941562 0
    outer loop
      vertex -16.4945 -2.91022 3.5
      vertex -16.7856 -3.01436 17.5
      vertex -16.4945 -2.91022 17.5
    endloop
  endfacet
  facet normal -0.33684 0.941562 0
    outer loop
      vertex -16.7856 -3.01436 17.5
      vertex -16.4945 -2.91022 3.5
      vertex -16.7856 -3.01436 3.5
    endloop
  endfacet
  facet normal -0.740949 0.671561 0
    outer loop
      vertex -15.4726 -2.22739 3.5
      vertex -15.265 -1.99834 17.5
      vertex -15.265 -1.99834 3.5
    endloop
  endfacet
  facet normal -0.740949 0.671561 0
    outer loop
      vertex -15.265 -1.99834 17.5
      vertex -15.4726 -2.22739 3.5
      vertex -15.4726 -2.22739 17.5
    endloop
  endfacet
  facet normal 0.595695 0.80321 -0
    outer loop
      vertex -19.45 -2.61913 3.5
      vertex -19.6983 -2.43498 17.5
      vertex -19.45 -2.61913 17.5
    endloop
  endfacet
  facet normal 0.595695 0.80321 0
    outer loop
      vertex -19.6983 -2.43498 17.5
      vertex -19.45 -2.61913 3.5
      vertex -19.6983 -2.43498 3.5
    endloop
  endfacet
  facet normal -0.989204 -0.146546 0
    outer loop
      vertex -14.5652 0.308754 3.5
      vertex -14.6105 0.614534 17.5
      vertex -14.6105 0.614534 3.5
    endloop
  endfacet
  facet normal -0.989204 -0.146546 0
    outer loop
      vertex -14.6105 0.614534 17.5
      vertex -14.5652 0.308754 3.5
      vertex -14.5652 0.308754 17.5
    endloop
  endfacet
  facet normal -0.97004 -0.242945 0
    outer loop
      vertex -14.6105 0.614534 3.5
      vertex -14.6856 0.914396 17.5
      vertex -14.6856 0.914396 3.5
    endloop
  endfacet
  facet normal -0.97004 -0.242945 0
    outer loop
      vertex -14.6856 0.914396 17.5
      vertex -14.6105 0.614534 3.5
      vertex -14.6105 0.614534 17.5
    endloop
  endfacet
  facet normal -0.857621 -0.514282 0
    outer loop
      vertex -14.9219 1.4849 3.5
      vertex -15.0809 1.75005 17.5
      vertex -15.0809 1.75005 3.5
    endloop
  endfacet
  facet normal -0.857621 -0.514282 0
    outer loop
      vertex -15.0809 1.75005 17.5
      vertex -14.9219 1.4849 3.5
      vertex -14.9219 1.4849 17.5
    endloop
  endfacet
  facet normal -0.242947 -0.97004 0
    outer loop
      vertex -17.0855 3.08947 3.5
      vertex -16.7856 3.01436 17.5
      vertex -17.0855 3.08947 17.5
    endloop
  endfacet
  facet normal -0.242947 -0.97004 -0
    outer loop
      vertex -16.7856 3.01436 17.5
      vertex -17.0855 3.08947 3.5
      vertex -16.7856 3.01436 3.5
    endloop
  endfacet
  facet normal -0.33684 -0.941562 0
    outer loop
      vertex -16.7856 3.01436 3.5
      vertex -16.4945 2.91022 17.5
      vertex -16.7856 3.01436 17.5
    endloop
  endfacet
  facet normal -0.33684 -0.941562 -0
    outer loop
      vertex -16.4945 2.91022 17.5
      vertex -16.7856 3.01436 3.5
      vertex -16.4945 2.91022 3.5
    endloop
  endfacet
  facet normal -0.146774 -0.98917 0
    outer loop
      vertex -17.3912 3.13483 3.5
      vertex -17.0855 3.08947 17.5
      vertex -17.3912 3.13483 17.5
    endloop
  endfacet
  facet normal -0.146774 -0.98917 -0
    outer loop
      vertex -17.0855 3.08947 17.5
      vertex -17.3912 3.13483 3.5
      vertex -17.0855 3.08947 3.5
    endloop
  endfacet
  facet normal 0.970426 -0.241399 0
    outer loop
      vertex -20.7144 0.914396 17.5
      vertex -20.7242 0.875 10.5
      vertex -20.7144 0.914396 3.5
    endloop
  endfacet
  facet normal 0.967876 -0.251427 6.00069e-05
    outer loop
      vertex -20.7144 0.914396 17.5
      vertex -20.7253 0.870786 10.5858
      vertex -20.7242 0.875 10.5
    endloop
  endfacet
  facet normal 0.971002 -0.23907 -2.28609e-05
    outer loop
      vertex -20.7144 0.914396 17.5
      vertex -20.7284 0.858187 10.6707
      vertex -20.7253 0.870786 10.5858
    endloop
  endfacet
  facet normal 0.969257 -0.246052 3.8182e-05
    outer loop
      vertex -20.7144 0.914396 17.5
      vertex -20.7337 0.837322 10.754
      vertex -20.7284 0.858187 10.6707
    endloop
  endfacet
  facet normal 0.970384 -0.241568 -1.62759e-05
    outer loop
      vertex -20.7144 0.914396 17.5
      vertex -20.7409 0.808394 10.8348
      vertex -20.7337 0.837322 10.754
    endloop
  endfacet
  facet normal 0.970093 -0.242735 0
    outer loop
      vertex -20.75 0.77212 10.9115
      vertex -20.7144 0.914396 17.5
      vertex -20.75 0.77212 17.5
    endloop
  endfacet
  facet normal 0.96995 -0.243302 1.30303e-05
    outer loop
      vertex -20.7144 0.914396 17.5
      vertex -20.75 0.77212 10.9115
      vertex -20.7409 0.808394 10.8348
    endloop
  endfacet
  facet normal 0.967876 -0.251427 -6.00069e-05
    outer loop
      vertex -20.7253 0.870786 10.4142
      vertex -20.7144 0.914396 3.5
      vertex -20.7242 0.875 10.5
    endloop
  endfacet
  facet normal 0.971002 -0.23907 2.28609e-05
    outer loop
      vertex -20.7284 0.858187 10.3293
      vertex -20.7144 0.914396 3.5
      vertex -20.7253 0.870786 10.4142
    endloop
  endfacet
  facet normal 0.969257 -0.246052 -3.8182e-05
    outer loop
      vertex -20.7337 0.837322 10.246
      vertex -20.7144 0.914396 3.5
      vertex -20.7284 0.858187 10.3293
    endloop
  endfacet
  facet normal 0.970384 -0.241568 1.62759e-05
    outer loop
      vertex -20.7409 0.808394 10.1652
      vertex -20.7144 0.914396 3.5
      vertex -20.7337 0.837322 10.246
    endloop
  endfacet
  facet normal 0.96995 -0.243302 -1.30303e-05
    outer loop
      vertex -20.75 0.77212 10.0885
      vertex -20.7144 0.914396 3.5
      vertex -20.7409 0.808394 10.1652
    endloop
  endfacet
  facet normal 0.970093 -0.242735 0
    outer loop
      vertex -20.7144 0.914396 3.5
      vertex -20.75 0.77212 10.0885
      vertex -20.75 0.77212 3.5
    endloop
  endfacet
  facet normal 0.740949 -0.671561 0
    outer loop
      vertex -20.135 1.99834 17.5
      vertex -19.9274 2.22739 3.5
      vertex -19.9274 2.22739 17.5
    endloop
  endfacet
  facet normal 0.740949 -0.671561 0
    outer loop
      vertex -19.9274 2.22739 3.5
      vertex -20.135 1.99834 17.5
      vertex -20.135 1.99834 3.5
    endloop
  endfacet
  facet normal 0.803276 -0.595607 0
    outer loop
      vertex -20.3191 1.75005 17.5
      vertex -20.135 1.99834 3.5
      vertex -20.135 1.99834 17.5
    endloop
  endfacet
  facet normal 0.803276 -0.595607 0
    outer loop
      vertex -20.135 1.99834 3.5
      vertex -20.3191 1.75005 17.5
      vertex -20.3191 1.75005 3.5
    endloop
  endfacet
  facet normal 0.0490665 -0.998796 0
    outer loop
      vertex -18.0088 3.13483 3.5
      vertex -17.7 3.15 17.5
      vertex -18.0088 3.13483 17.5
    endloop
  endfacet
  facet normal 0.0490665 -0.998796 0
    outer loop
      vertex -17.7 3.15 17.5
      vertex -18.0088 3.13483 3.5
      vertex -17.7 3.15 3.5
    endloop
  endfacet
  facet normal 0.146774 -0.98917 0
    outer loop
      vertex -18.3145 3.08947 3.5
      vertex -18.0088 3.13483 17.5
      vertex -18.3145 3.08947 17.5
    endloop
  endfacet
  facet normal 0.146774 -0.98917 0
    outer loop
      vertex -18.0088 3.13483 17.5
      vertex -18.3145 3.08947 3.5
      vertex -18.0088 3.13483 3.5
    endloop
  endfacet
  facet normal 0.427618 -0.90396 0
    outer loop
      vertex -19.1849 2.77805 3.5
      vertex -18.9055 2.91022 17.5
      vertex -19.1849 2.77805 17.5
    endloop
  endfacet
  facet normal 0.427618 -0.90396 0
    outer loop
      vertex -18.9055 2.91022 17.5
      vertex -19.1849 2.77805 3.5
      vertex -18.9055 2.91022 3.5
    endloop
  endfacet
  facet normal 0.514163 -0.857693 0
    outer loop
      vertex -19.45 2.61913 3.5
      vertex -19.1849 2.77805 17.5
      vertex -19.45 2.61913 17.5
    endloop
  endfacet
  facet normal 0.514163 -0.857693 0
    outer loop
      vertex -19.1849 2.77805 17.5
      vertex -19.45 2.61913 3.5
      vertex -19.1849 2.77805 3.5
    endloop
  endfacet
  facet normal 0.671463 -0.741038 0
    outer loop
      vertex -19.9274 2.22739 3.5
      vertex -19.6983 2.43498 17.5
      vertex -19.9274 2.22739 17.5
    endloop
  endfacet
  facet normal 0.671463 -0.741038 0
    outer loop
      vertex -19.6983 2.43498 17.5
      vertex -19.9274 2.22739 3.5
      vertex -19.6983 2.43498 3.5
    endloop
  endfacet
  facet normal -0.99879 -0.0491706 0
    outer loop
      vertex -14.55 0 3.5
      vertex -14.5652 0.308754 17.5
      vertex -14.5652 0.308754 3.5
    endloop
  endfacet
  facet normal -0.99879 -0.0491706 0
    outer loop
      vertex -14.5652 0.308754 17.5
      vertex -14.55 0 3.5
      vertex -14.55 0 17.5
    endloop
  endfacet
  facet normal -0.0490665 0.998796 0
    outer loop
      vertex -17.3912 -3.13483 3.5
      vertex -17.7 -3.15 17.5
      vertex -17.3912 -3.13483 17.5
    endloop
  endfacet
  facet normal -0.0490665 0.998796 0
    outer loop
      vertex -17.7 -3.15 17.5
      vertex -17.3912 -3.13483 3.5
      vertex -17.7 -3.15 3.5
    endloop
  endfacet
  facet normal -0.514163 0.857693 0
    outer loop
      vertex -15.95 -2.61913 3.5
      vertex -16.2151 -2.77805 17.5
      vertex -15.95 -2.61913 17.5
    endloop
  endfacet
  facet normal -0.514163 0.857693 0
    outer loop
      vertex -16.2151 -2.77805 17.5
      vertex -15.95 -2.61913 3.5
      vertex -16.2151 -2.77805 3.5
    endloop
  endfacet
  facet normal -0.671463 0.741038 0
    outer loop
      vertex -15.4726 -2.22739 3.5
      vertex -15.7017 -2.43498 17.5
      vertex -15.4726 -2.22739 17.5
    endloop
  endfacet
  facet normal -0.671463 0.741038 0
    outer loop
      vertex -15.7017 -2.43498 17.5
      vertex -15.4726 -2.22739 3.5
      vertex -15.7017 -2.43498 3.5
    endloop
  endfacet
  facet normal 0.0490665 0.998796 -0
    outer loop
      vertex -17.7 -3.15 3.5
      vertex -18.0088 -3.13483 17.5
      vertex -17.7 -3.15 17.5
    endloop
  endfacet
  facet normal 0.0490665 0.998796 0
    outer loop
      vertex -18.0088 -3.13483 17.5
      vertex -17.7 -3.15 3.5
      vertex -18.0088 -3.13483 3.5
    endloop
  endfacet
  facet normal 0.33684 0.941562 -0
    outer loop
      vertex -18.6144 -3.01436 3.5
      vertex -18.9055 -2.91022 17.5
      vertex -18.6144 -3.01436 17.5
    endloop
  endfacet
  facet normal 0.33684 0.941562 0
    outer loop
      vertex -18.9055 -2.91022 17.5
      vertex -18.6144 -3.01436 3.5
      vertex -18.9055 -2.91022 3.5
    endloop
  endfacet
  facet normal 0.242947 0.97004 -0
    outer loop
      vertex -18.3145 -3.08947 3.5
      vertex -18.6144 -3.01436 17.5
      vertex -18.3145 -3.08947 17.5
    endloop
  endfacet
  facet normal 0.242947 0.97004 0
    outer loop
      vertex -18.6144 -3.01436 17.5
      vertex -18.3145 -3.08947 3.5
      vertex -18.6144 -3.01436 3.5
    endloop
  endfacet
  facet normal 0.146774 0.98917 -0
    outer loop
      vertex -18.0088 -3.13483 3.5
      vertex -18.3145 -3.08947 17.5
      vertex -18.0088 -3.13483 17.5
    endloop
  endfacet
  facet normal 0.146774 0.98917 0
    outer loop
      vertex -18.3145 -3.08947 17.5
      vertex -18.0088 -3.13483 3.5
      vertex -18.3145 -3.08947 3.5
    endloop
  endfacet
  facet normal 0.427618 0.90396 -0
    outer loop
      vertex -18.9055 -2.91022 3.5
      vertex -19.1849 -2.77805 17.5
      vertex -18.9055 -2.91022 17.5
    endloop
  endfacet
  facet normal 0.427618 0.90396 0
    outer loop
      vertex -19.1849 -2.77805 17.5
      vertex -18.9055 -2.91022 3.5
      vertex -19.1849 -2.77805 3.5
    endloop
  endfacet
  facet normal 0.671463 0.741038 -0
    outer loop
      vertex -19.6983 -2.43498 3.5
      vertex -19.9274 -2.22739 17.5
      vertex -19.6983 -2.43498 17.5
    endloop
  endfacet
  facet normal 0.671463 0.741038 0
    outer loop
      vertex -19.9274 -2.22739 17.5
      vertex -19.6983 -2.43498 3.5
      vertex -19.9274 -2.22739 3.5
    endloop
  endfacet
  facet normal 0.970093 0.242735 0
    outer loop
      vertex -20.7144 -0.914396 17.5
      vertex -20.75 -0.77212 10.9115
      vertex -20.75 -0.77212 17.5
    endloop
  endfacet
  facet normal 0.96995 0.243302 1.30303e-05
    outer loop
      vertex -20.75 -0.77212 10.9115
      vertex -20.7144 -0.914396 17.5
      vertex -20.7409 -0.808394 10.8348
    endloop
  endfacet
  facet normal 0.970384 0.241568 -1.62759e-05
    outer loop
      vertex -20.7409 -0.808394 10.8348
      vertex -20.7144 -0.914396 17.5
      vertex -20.7337 -0.837322 10.754
    endloop
  endfacet
  facet normal 0.969257 0.246052 3.8182e-05
    outer loop
      vertex -20.7337 -0.837322 10.754
      vertex -20.7144 -0.914396 17.5
      vertex -20.7284 -0.858187 10.6707
    endloop
  endfacet
  facet normal 0.971002 0.23907 -2.28609e-05
    outer loop
      vertex -20.7284 -0.858187 10.6707
      vertex -20.7144 -0.914396 17.5
      vertex -20.7253 -0.870786 10.5858
    endloop
  endfacet
  facet normal 0.967876 0.251427 6.00069e-05
    outer loop
      vertex -20.7253 -0.870786 10.5858
      vertex -20.7144 -0.914396 17.5
      vertex -20.7242 -0.875 10.5
    endloop
  endfacet
  facet normal 0.96995 0.243302 -1.30303e-05
    outer loop
      vertex -20.7144 -0.914396 3.5
      vertex -20.75 -0.77212 10.0885
      vertex -20.7409 -0.808394 10.1652
    endloop
  endfacet
  facet normal 0.970384 0.241568 1.62759e-05
    outer loop
      vertex -20.7144 -0.914396 3.5
      vertex -20.7409 -0.808394 10.1652
      vertex -20.7337 -0.837322 10.246
    endloop
  endfacet
  facet normal 0.969257 0.246052 -3.8182e-05
    outer loop
      vertex -20.7144 -0.914396 3.5
      vertex -20.7337 -0.837322 10.246
      vertex -20.7284 -0.858187 10.3293
    endloop
  endfacet
  facet normal 0.971002 0.23907 2.28609e-05
    outer loop
      vertex -20.7144 -0.914396 3.5
      vertex -20.7284 -0.858187 10.3293
      vertex -20.7253 -0.870786 10.4142
    endloop
  endfacet
  facet normal 0.967876 0.251427 -6.00069e-05
    outer loop
      vertex -20.7144 -0.914396 3.5
      vertex -20.7253 -0.870786 10.4142
      vertex -20.7242 -0.875 10.5
    endloop
  endfacet
  facet normal 0.970093 0.242735 0
    outer loop
      vertex -20.75 -0.77212 10.0885
      vertex -20.7144 -0.914396 3.5
      vertex -20.75 -0.77212 3.5
    endloop
  endfacet
  facet normal 0.970426 0.241399 -0
    outer loop
      vertex -20.7144 -0.914396 3.5
      vertex -20.7242 -0.875 10.5
      vertex -20.7144 -0.914396 17.5
    endloop
  endfacet
  facet normal 0.941483 0.33706 0
    outer loop
      vertex -20.6102 -1.20545 17.5
      vertex -20.7144 -0.914396 3.5
      vertex -20.7144 -0.914396 17.5
    endloop
  endfacet
  facet normal 0.941483 0.33706 0
    outer loop
      vertex -20.7144 -0.914396 3.5
      vertex -20.6102 -1.20545 17.5
      vertex -20.6102 -1.20545 3.5
    endloop
  endfacet
  facet normal 0.857621 0.514282 0
    outer loop
      vertex -20.3191 -1.75005 17.5
      vertex -20.4781 -1.4849 3.5
      vertex -20.4781 -1.4849 17.5
    endloop
  endfacet
  facet normal 0.857621 0.514282 0
    outer loop
      vertex -20.4781 -1.4849 3.5
      vertex -20.3191 -1.75005 17.5
      vertex -20.3191 -1.75005 3.5
    endloop
  endfacet
  facet normal 0.740949 0.671561 0
    outer loop
      vertex -19.9274 -2.22739 17.5
      vertex -20.135 -1.99834 3.5
      vertex -20.135 -1.99834 17.5
    endloop
  endfacet
  facet normal 0.740949 0.671561 0
    outer loop
      vertex -20.135 -1.99834 3.5
      vertex -19.9274 -2.22739 17.5
      vertex -19.9274 -2.22739 3.5
    endloop
  endfacet
  facet normal 0.803276 0.595607 0
    outer loop
      vertex -20.135 -1.99834 17.5
      vertex -20.3191 -1.75005 3.5
      vertex -20.3191 -1.75005 17.5
    endloop
  endfacet
  facet normal 0.803276 0.595607 0
    outer loop
      vertex -20.3191 -1.75005 3.5
      vertex -20.135 -1.99834 17.5
      vertex -20.135 -1.99834 3.5
    endloop
  endfacet
  facet normal -0.904077 -0.42737 0
    outer loop
      vertex -14.7898 1.20545 3.5
      vertex -14.9219 1.4849 17.5
      vertex -14.9219 1.4849 3.5
    endloop
  endfacet
  facet normal -0.904077 -0.42737 0
    outer loop
      vertex -14.9219 1.4849 17.5
      vertex -14.7898 1.20545 3.5
      vertex -14.7898 1.20545 17.5
    endloop
  endfacet
  facet normal -0.803276 -0.595607 0
    outer loop
      vertex -15.0809 1.75005 3.5
      vertex -15.265 1.99834 17.5
      vertex -15.265 1.99834 3.5
    endloop
  endfacet
  facet normal -0.803276 -0.595607 0
    outer loop
      vertex -15.265 1.99834 17.5
      vertex -15.0809 1.75005 3.5
      vertex -15.0809 1.75005 17.5
    endloop
  endfacet
  facet normal -0.671463 -0.741038 0
    outer loop
      vertex -15.7017 2.43498 3.5
      vertex -15.4726 2.22739 17.5
      vertex -15.7017 2.43498 17.5
    endloop
  endfacet
  facet normal -0.671463 -0.741038 -0
    outer loop
      vertex -15.4726 2.22739 17.5
      vertex -15.7017 2.43498 3.5
      vertex -15.4726 2.22739 3.5
    endloop
  endfacet
  facet normal -0.427618 -0.90396 0
    outer loop
      vertex -16.4945 2.91022 3.5
      vertex -16.2151 2.77805 17.5
      vertex -16.4945 2.91022 17.5
    endloop
  endfacet
  facet normal -0.427618 -0.90396 -0
    outer loop
      vertex -16.2151 2.77805 17.5
      vertex -16.4945 2.91022 3.5
      vertex -16.2151 2.77805 3.5
    endloop
  endfacet
  facet normal 0.941483 -0.33706 0
    outer loop
      vertex -20.7144 0.914396 17.5
      vertex -20.6102 1.20545 3.5
      vertex -20.6102 1.20545 17.5
    endloop
  endfacet
  facet normal 0.941483 -0.33706 0
    outer loop
      vertex -20.6102 1.20545 3.5
      vertex -20.7144 0.914396 17.5
      vertex -20.7144 0.914396 3.5
    endloop
  endfacet
  facet normal 0.857621 -0.514282 0
    outer loop
      vertex -20.4781 1.4849 17.5
      vertex -20.3191 1.75005 3.5
      vertex -20.3191 1.75005 17.5
    endloop
  endfacet
  facet normal 0.857621 -0.514282 0
    outer loop
      vertex -20.3191 1.75005 3.5
      vertex -20.4781 1.4849 17.5
      vertex -20.4781 1.4849 3.5
    endloop
  endfacet
  facet normal 0.242947 -0.97004 0
    outer loop
      vertex -18.6144 3.01436 3.5
      vertex -18.3145 3.08947 17.5
      vertex -18.6144 3.01436 17.5
    endloop
  endfacet
  facet normal 0.242947 -0.97004 0
    outer loop
      vertex -18.3145 3.08947 17.5
      vertex -18.6144 3.01436 3.5
      vertex -18.3145 3.08947 3.5
    endloop
  endfacet
  facet normal -0.989204 0.146546 0
    outer loop
      vertex -14.6105 -0.614534 3.5
      vertex -14.5652 -0.308754 17.5
      vertex -14.5652 -0.308754 3.5
    endloop
  endfacet
  facet normal -0.989204 0.146546 0
    outer loop
      vertex -14.5652 -0.308754 17.5
      vertex -14.6105 -0.614534 3.5
      vertex -14.6105 -0.614534 17.5
    endloop
  endfacet
  facet normal -0.99879 0.0491706 0
    outer loop
      vertex -14.5652 -0.308754 3.5
      vertex -14.55 0 17.5
      vertex -14.55 0 3.5
    endloop
  endfacet
  facet normal -0.99879 0.0491706 0
    outer loop
      vertex -14.55 0 17.5
      vertex -14.5652 -0.308754 3.5
      vertex -14.5652 -0.308754 17.5
    endloop
  endfacet
  facet normal -0.97004 0.242945 0
    outer loop
      vertex -14.6856 -0.914396 3.5
      vertex -14.6105 -0.614534 17.5
      vertex -14.6105 -0.614534 3.5
    endloop
  endfacet
  facet normal -0.97004 0.242945 0
    outer loop
      vertex -14.6105 -0.614534 17.5
      vertex -14.6856 -0.914396 3.5
      vertex -14.6856 -0.914396 17.5
    endloop
  endfacet
  facet normal -0.941483 0.33706 0
    outer loop
      vertex -14.7898 -1.20545 3.5
      vertex -14.6856 -0.914396 17.5
      vertex -14.6856 -0.914396 3.5
    endloop
  endfacet
  facet normal -0.941483 0.33706 0
    outer loop
      vertex -14.6856 -0.914396 17.5
      vertex -14.7898 -1.20545 3.5
      vertex -14.7898 -1.20545 17.5
    endloop
  endfacet
  facet normal -0.904077 0.42737 0
    outer loop
      vertex -14.9219 -1.4849 3.5
      vertex -14.7898 -1.20545 17.5
      vertex -14.7898 -1.20545 3.5
    endloop
  endfacet
  facet normal -0.904077 0.42737 0
    outer loop
      vertex -14.7898 -1.20545 17.5
      vertex -14.9219 -1.4849 3.5
      vertex -14.9219 -1.4849 17.5
    endloop
  endfacet
  facet normal -0.146774 0.98917 0
    outer loop
      vertex -17.0855 -3.08947 3.5
      vertex -17.3912 -3.13483 17.5
      vertex -17.0855 -3.08947 17.5
    endloop
  endfacet
  facet normal -0.146774 0.98917 0
    outer loop
      vertex -17.3912 -3.13483 17.5
      vertex -17.0855 -3.08947 3.5
      vertex -17.3912 -3.13483 3.5
    endloop
  endfacet
  facet normal -0.427618 0.90396 0
    outer loop
      vertex -16.2151 -2.77805 3.5
      vertex -16.4945 -2.91022 17.5
      vertex -16.2151 -2.77805 17.5
    endloop
  endfacet
  facet normal -0.427618 0.90396 0
    outer loop
      vertex -16.4945 -2.91022 17.5
      vertex -16.2151 -2.77805 3.5
      vertex -16.4945 -2.91022 3.5
    endloop
  endfacet
  facet normal -0.595695 0.80321 0
    outer loop
      vertex -15.7017 -2.43498 3.5
      vertex -15.95 -2.61913 17.5
      vertex -15.7017 -2.43498 17.5
    endloop
  endfacet
  facet normal -0.595695 0.80321 0
    outer loop
      vertex -15.95 -2.61913 17.5
      vertex -15.7017 -2.43498 3.5
      vertex -15.95 -2.61913 3.5
    endloop
  endfacet
  facet normal 0.514163 0.857693 -0
    outer loop
      vertex -19.1849 -2.77805 3.5
      vertex -19.45 -2.61913 17.5
      vertex -19.1849 -2.77805 17.5
    endloop
  endfacet
  facet normal 0.514163 0.857693 0
    outer loop
      vertex -19.45 -2.61913 17.5
      vertex -19.1849 -2.77805 3.5
      vertex -19.45 -2.61913 3.5
    endloop
  endfacet
  facet normal -0.857621 0.514282 0
    outer loop
      vertex -15.0809 -1.75005 3.5
      vertex -14.9219 -1.4849 17.5
      vertex -14.9219 -1.4849 3.5
    endloop
  endfacet
  facet normal -0.857621 0.514282 0
    outer loop
      vertex -14.9219 -1.4849 17.5
      vertex -15.0809 -1.75005 3.5
      vertex -15.0809 -1.75005 17.5
    endloop
  endfacet
  facet normal -0.242947 0.97004 0
    outer loop
      vertex -16.7856 -3.01436 3.5
      vertex -17.0855 -3.08947 17.5
      vertex -16.7856 -3.01436 17.5
    endloop
  endfacet
  facet normal -0.242947 0.97004 0
    outer loop
      vertex -17.0855 -3.08947 17.5
      vertex -16.7856 -3.01436 3.5
      vertex -17.0855 -3.08947 3.5
    endloop
  endfacet
  facet normal 0 -0.998796 -0.0490551
    outer loop
      vertex -20.75 0.875 10.5
      vertex -20.7253 0.870786 10.5858
      vertex -20.75 0.870786 10.5858
    endloop
  endfacet
  facet normal 0 -0.998796 -0.0490551
    outer loop
      vertex -20.7253 0.870786 10.5858
      vertex -20.75 0.875 10.5
      vertex -20.7242 0.875 10.5
    endloop
  endfacet
  facet normal 0 -0.94148 0.337069
    outer loop
      vertex -20.7409 0.808394 10.1652
      vertex -20.75 0.837322 10.246
      vertex -20.75 0.808394 10.1652
    endloop
  endfacet
  facet normal 0 -0.94148 0.337069
    outer loop
      vertex -20.75 0.837322 10.246
      vertex -20.7409 0.808394 10.1652
      vertex -20.7337 0.837322 10.246
    endloop
  endfacet
  facet normal 0 -0.904 -0.427532
    outer loop
      vertex -20.75 0.77212 10.9115
      vertex -20.75 0.808394 10.8348
      vertex -20.7409 0.808394 10.8348
    endloop
  endfacet
  facet normal 0 -0.989168 0.146791
    outer loop
      vertex -20.7284 0.858187 10.3293
      vertex -20.75 0.870786 10.4142
      vertex -20.75 0.858187 10.3293
    endloop
  endfacet
  facet normal 0 -0.989168 0.146791
    outer loop
      vertex -20.75 0.870786 10.4142
      vertex -20.7284 0.858187 10.3293
      vertex -20.7253 0.870786 10.4142
    endloop
  endfacet
  facet normal 0 0.970033 -0.242974
    outer loop
      vertex -20.75 -0.858187 10.6707
      vertex -20.7337 -0.837322 10.754
      vertex -20.7284 -0.858187 10.6707
    endloop
  endfacet
  facet normal 0 0.970033 -0.242974
    outer loop
      vertex -20.7337 -0.837322 10.754
      vertex -20.75 -0.858187 10.6707
      vertex -20.75 -0.837322 10.754
    endloop
  endfacet
  facet normal 0 0.94148 0.337069
    outer loop
      vertex -20.7409 -0.808394 10.1652
      vertex -20.75 -0.837322 10.246
      vertex -20.7337 -0.837322 10.246
    endloop
  endfacet
  facet normal 0 0.94148 0.337069
    outer loop
      vertex -20.75 -0.837322 10.246
      vertex -20.7409 -0.808394 10.1652
      vertex -20.75 -0.808394 10.1652
    endloop
  endfacet
  facet normal 0 -0.970033 -0.242974
    outer loop
      vertex -20.75 0.858187 10.6707
      vertex -20.7337 0.837322 10.754
      vertex -20.75 0.837322 10.754
    endloop
  endfacet
  facet normal 0 -0.970033 -0.242974
    outer loop
      vertex -20.7337 0.837322 10.754
      vertex -20.75 0.858187 10.6707
      vertex -20.7284 0.858187 10.6707
    endloop
  endfacet
  facet normal 0 -0.989168 -0.146791
    outer loop
      vertex -20.75 0.870786 10.5858
      vertex -20.7284 0.858187 10.6707
      vertex -20.75 0.858187 10.6707
    endloop
  endfacet
  facet normal 0 -0.989168 -0.146791
    outer loop
      vertex -20.7284 0.858187 10.6707
      vertex -20.75 0.870786 10.5858
      vertex -20.7253 0.870786 10.5858
    endloop
  endfacet
  facet normal 0 -0.998796 0.0490551
    outer loop
      vertex -20.7253 0.870786 10.4142
      vertex -20.75 0.875 10.5
      vertex -20.75 0.870786 10.4142
    endloop
  endfacet
  facet normal 0 -0.998796 0.0490551
    outer loop
      vertex -20.75 0.875 10.5
      vertex -20.7253 0.870786 10.4142
      vertex -20.7242 0.875 10.5
    endloop
  endfacet
  facet normal 0 0.998796 -0.0490551
    outer loop
      vertex -20.75 -0.875 10.5
      vertex -20.7253 -0.870786 10.5858
      vertex -20.7242 -0.875 10.5
    endloop
  endfacet
  facet normal 0 0.998796 -0.0490551
    outer loop
      vertex -20.7253 -0.870786 10.5858
      vertex -20.75 -0.875 10.5
      vertex -20.75 -0.870786 10.5858
    endloop
  endfacet
  facet normal 0 0.904 -0.427532
    outer loop
      vertex -20.75 -0.808394 10.8348
      vertex -20.75 -0.77212 10.9115
      vertex -20.7409 -0.808394 10.8348
    endloop
  endfacet
  facet normal 0 0.989168 0.146791
    outer loop
      vertex -20.7284 -0.858187 10.3293
      vertex -20.75 -0.870786 10.4142
      vertex -20.7253 -0.870786 10.4142
    endloop
  endfacet
  facet normal 0 0.989168 0.146791
    outer loop
      vertex -20.75 -0.870786 10.4142
      vertex -20.7284 -0.858187 10.3293
      vertex -20.75 -0.858187 10.3293
    endloop
  endfacet
  facet normal 0 -0.94148 -0.337069
    outer loop
      vertex -20.75 0.837322 10.754
      vertex -20.7409 0.808394 10.8348
      vertex -20.75 0.808394 10.8348
    endloop
  endfacet
  facet normal 0 -0.94148 -0.337069
    outer loop
      vertex -20.7409 0.808394 10.8348
      vertex -20.75 0.837322 10.754
      vertex -20.7337 0.837322 10.754
    endloop
  endfacet
  facet normal 0 -0.904 0.427532
    outer loop
      vertex -20.7409 0.808394 10.1652
      vertex -20.75 0.808394 10.1652
      vertex -20.75 0.77212 10.0885
    endloop
  endfacet
  facet normal 0 -0.970033 0.242974
    outer loop
      vertex -20.7337 0.837322 10.246
      vertex -20.75 0.858187 10.3293
      vertex -20.75 0.837322 10.246
    endloop
  endfacet
  facet normal 0 -0.970033 0.242974
    outer loop
      vertex -20.75 0.858187 10.3293
      vertex -20.7337 0.837322 10.246
      vertex -20.7284 0.858187 10.3293
    endloop
  endfacet
  facet normal 0 0.989168 -0.146791
    outer loop
      vertex -20.75 -0.870786 10.5858
      vertex -20.7284 -0.858187 10.6707
      vertex -20.7253 -0.870786 10.5858
    endloop
  endfacet
  facet normal 0 0.989168 -0.146791
    outer loop
      vertex -20.7284 -0.858187 10.6707
      vertex -20.75 -0.870786 10.5858
      vertex -20.75 -0.858187 10.6707
    endloop
  endfacet
  facet normal 0 0.94148 -0.337069
    outer loop
      vertex -20.75 -0.837322 10.754
      vertex -20.7409 -0.808394 10.8348
      vertex -20.7337 -0.837322 10.754
    endloop
  endfacet
  facet normal 0 0.94148 -0.337069
    outer loop
      vertex -20.7409 -0.808394 10.8348
      vertex -20.75 -0.837322 10.754
      vertex -20.75 -0.808394 10.8348
    endloop
  endfacet
  facet normal -0 0.904 0.427532
    outer loop
      vertex -20.75 -0.808394 10.1652
      vertex -20.7409 -0.808394 10.1652
      vertex -20.75 -0.77212 10.0885
    endloop
  endfacet
  facet normal 0 0.970033 0.242974
    outer loop
      vertex -20.7337 -0.837322 10.246
      vertex -20.75 -0.858187 10.3293
      vertex -20.7284 -0.858187 10.3293
    endloop
  endfacet
  facet normal 0 0.970033 0.242974
    outer loop
      vertex -20.75 -0.858187 10.3293
      vertex -20.7337 -0.837322 10.246
      vertex -20.75 -0.837322 10.246
    endloop
  endfacet
  facet normal 0 0.998796 0.0490551
    outer loop
      vertex -20.7253 -0.870786 10.4142
      vertex -20.75 -0.875 10.5
      vertex -20.7242 -0.875 10.5
    endloop
  endfacet
  facet normal 0 0.998796 0.0490551
    outer loop
      vertex -20.75 -0.875 10.5
      vertex -20.7253 -0.870786 10.4142
      vertex -20.75 -0.870786 10.4142
    endloop
  endfacet
  facet normal -0 0 1
    outer loop
      vertex 2.5 -9.15 9
      vertex 5 -10.74 9
      vertex 5 -9.15 9
    endloop
  endfacet
  facet normal 0 0 1
    outer loop
      vertex 5 -10.74 9
      vertex 2.5 -9.15 9
      vertex 3.99259 -14.65 9
    endloop
  endfacet
  facet normal 0 0 1
    outer loop
      vertex 2.5 -15.65 9
      vertex 3.99259 -14.65 9
      vertex 2.5 -9.15 9
    endloop
  endfacet
  facet normal 0 0 1
    outer loop
      vertex 3.99259 -14.65 9
      vertex 2.5 -15.65 9
      vertex 3.99259 -15.65 9
    endloop
  endfacet
  facet normal -0 0 1
    outer loop
      vertex 5 -10.74 9
      vertex 8.5 -14.65 9
      vertex 8.5 -10.74 9
    endloop
  endfacet
  facet normal 0 0 1
    outer loop
      vertex 8.5 -14.65 9
      vertex 5 -10.74 9
      vertex 3.99259 -14.65 9
    endloop
  endfacet
  facet normal 1 -0 0
    outer loop
      vertex 2.5 -15.65 10.6
      vertex 2.5 -9.15 9
      vertex 2.5 -9.15 10.6
    endloop
  endfacet
  facet normal 1 0 0
    outer loop
      vertex 2.5 -9.15 9
      vertex 2.5 -15.65 10.6
      vertex 2.5 -15.65 9
    endloop
  endfacet
  facet normal 0 0 -1
    outer loop
      vertex 4.79758 -15.65 10.6
      vertex 2.5 -15.65 10.6
      vertex 4.79758 -14.65 10.6
    endloop
  endfacet
  facet normal 0 0 -1
    outer loop
      vertex 8.5 -14.65 10.6
      vertex 5 -10.74 10.6
      vertex 8.5 -10.74 10.6
    endloop
  endfacet
  facet normal 0 0 -1
    outer loop
      vertex 4.79758 -14.65 10.6
      vertex 5 -10.74 10.6
      vertex 8.5 -14.65 10.6
    endloop
  endfacet
  facet normal 0 0 -1
    outer loop
      vertex 2.5 -15.65 10.6
      vertex 5 -10.74 10.6
      vertex 4.79758 -14.65 10.6
    endloop
  endfacet
  facet normal -0 0 -1
    outer loop
      vertex 5 -10.74 10.6
      vertex 2.5 -15.65 10.6
      vertex 2.5 -9.15 10.6
    endloop
  endfacet
  facet normal 0 0 -1
    outer loop
      vertex 5 -10.74 10.6
      vertex 2.5 -9.15 10.6
      vertex 5 -9.15 10.6
    endloop
  endfacet
  facet normal -1 0 0
    outer loop
      vertex 8.5 -14.65 9
      vertex 8.5 -10.74 10.6
      vertex 8.5 -10.74 9
    endloop
  endfacet
  facet normal -1 -0 0
    outer loop
      vertex 8.5 -10.74 10.6
      vertex 8.5 -14.65 9
      vertex 8.5 -14.65 10.6
    endloop
  endfacet
  facet normal 0 1 -0
    outer loop
      vertex 4.7847 -15.65 10.5486
      vertex 2.5 -15.65 10.6
      vertex 4.79758 -15.65 10.6
    endloop
  endfacet
  facet normal 0 1 -0
    outer loop
      vertex 4.6194 -15.65 10.0866
      vertex 2.5 -15.65 10.6
      vertex 4.7847 -15.65 10.5486
    endloop
  endfacet
  facet normal 0 1 -0
    outer loop
      vertex 4.40961 -15.65 9.64302
      vertex 2.5 -15.65 10.6
      vertex 4.6194 -15.65 10.0866
    endloop
  endfacet
  facet normal 0 1 -0
    outer loop
      vertex 4.15735 -15.65 9.22215
      vertex 2.5 -15.65 10.6
      vertex 4.40961 -15.65 9.64302
    endloop
  endfacet
  facet normal 0 1 0
    outer loop
      vertex 2.5 -15.65 9
      vertex 4.15735 -15.65 9.22215
      vertex 3.99259 -15.65 9
    endloop
  endfacet
  facet normal 0 1 0
    outer loop
      vertex 4.15735 -15.65 9.22215
      vertex 2.5 -15.65 9
      vertex 2.5 -15.65 10.6
    endloop
  endfacet
  facet normal -0 0 1
    outer loop
      vertex 2.5 -9.15 12
      vertex 5 -10.74 12
      vertex 5 -9.15 12
    endloop
  endfacet
  facet normal 0 0 1
    outer loop
      vertex 2.5 -15.65 12
      vertex 5 -10.74 12
      vertex 2.5 -9.15 12
    endloop
  endfacet
  facet normal 0 0 1
    outer loop
      vertex 5 -10.74 12
      vertex 2.5 -15.65 12
      vertex 5 -14.65 12
    endloop
  endfacet
  facet normal 0 0 1
    outer loop
      vertex 5 -14.65 12
      vertex 2.5 -15.65 12
      vertex 5 -15.65 12
    endloop
  endfacet
  facet normal -0 0 1
    outer loop
      vertex 5 -10.74 12
      vertex 8.5 -14.65 12
      vertex 8.5 -10.74 12
    endloop
  endfacet
  facet normal 0 0 1
    outer loop
      vertex 8.5 -14.65 12
      vertex 5 -10.74 12
      vertex 5 -14.65 12
    endloop
  endfacet
  facet normal 1 -0 0
    outer loop
      vertex 2.5 -15.65 13.6
      vertex 2.5 -9.15 12
      vertex 2.5 -9.15 13.6
    endloop
  endfacet
  facet normal 1 0 0
    outer loop
      vertex 2.5 -9.15 12
      vertex 2.5 -15.65 13.6
      vertex 2.5 -15.65 12
    endloop
  endfacet
  facet normal 0 0 -1
    outer loop
      vertex 4.73154 -15.65 13.6
      vertex 2.5 -15.65 13.6
      vertex 4.73154 -14.65 13.6
    endloop
  endfacet
  facet normal 0 0 -1
    outer loop
      vertex 8.5 -14.65 13.6
      vertex 5 -10.74 13.6
      vertex 8.5 -10.74 13.6
    endloop
  endfacet
  facet normal 0 0 -1
    outer loop
      vertex 4.73154 -14.65 13.6
      vertex 5 -10.74 13.6
      vertex 8.5 -14.65 13.6
    endloop
  endfacet
  facet normal 0 0 -1
    outer loop
      vertex 2.5 -15.65 13.6
      vertex 5 -10.74 13.6
      vertex 4.73154 -14.65 13.6
    endloop
  endfacet
  facet normal -0 0 -1
    outer loop
      vertex 5 -10.74 13.6
      vertex 2.5 -15.65 13.6
      vertex 2.5 -9.15 13.6
    endloop
  endfacet
  facet normal 0 0 -1
    outer loop
      vertex 5 -10.74 13.6
      vertex 2.5 -9.15 13.6
      vertex 5 -9.15 13.6
    endloop
  endfacet
  facet normal -1 0 0
    outer loop
      vertex 8.5 -14.65 12
      vertex 8.5 -10.74 13.6
      vertex 8.5 -10.74 12
    endloop
  endfacet
  facet normal -1 -0 0
    outer loop
      vertex 8.5 -10.74 13.6
      vertex 8.5 -14.65 12
      vertex 8.5 -14.65 13.6
    endloop
  endfacet
  facet normal 0 1 0
    outer loop
      vertex 4.7847 -15.65 13.4514
      vertex 2.5 -15.65 13.6
      vertex 4.73154 -15.65 13.6
    endloop
  endfacet
  facet normal 0 1 0
    outer loop
      vertex 4.90393 -15.65 12.9755
      vertex 2.5 -15.65 13.6
      vertex 4.7847 -15.65 13.4514
    endloop
  endfacet
  facet normal 0 1 0
    outer loop
      vertex 2.5 -15.65 12
      vertex 4.90393 -15.65 12.9755
      vertex 4.97592 -15.65 12.4901
    endloop
  endfacet
  facet normal 0 1 0
    outer loop
      vertex 2.5 -15.65 12
      vertex 4.97592 -15.65 12.4901
      vertex 5 -15.65 12
    endloop
  endfacet
  facet normal 0 1 0
    outer loop
      vertex 4.90393 -15.65 12.9755
      vertex 2.5 -15.65 12
      vertex 2.5 -15.65 13.6
    endloop
  endfacet
  facet normal -0 0 1
    outer loop
      vertex 2.5 -9.15 15
      vertex 5 -10.74 15
      vertex 5 -9.15 15
    endloop
  endfacet
  facet normal 0 0 1
    outer loop
      vertex 5 -10.74 15
      vertex 2.5 -9.15 15
      vertex 3.99259 -14.65 15
    endloop
  endfacet
  facet normal 0 0 1
    outer loop
      vertex 2.5 -15.65 15
      vertex 3.99259 -14.65 15
      vertex 2.5 -9.15 15
    endloop
  endfacet
  facet normal 0 0 1
    outer loop
      vertex 3.99259 -14.65 15
      vertex 2.5 -15.65 15
      vertex 3.99259 -15.65 15
    endloop
  endfacet
  facet normal -0 0 1
    outer loop
      vertex 5 -10.74 15
      vertex 8.5 -14.65 15
      vertex 8.5 -10.74 15
    endloop
  endfacet
  facet normal 0 0 1
    outer loop
      vertex 8.5 -14.65 15
      vertex 5 -10.74 15
      vertex 3.99259 -14.65 15
    endloop
  endfacet
  facet normal 1 0 0
    outer loop
      vertex 2.5 -14.65 16.3239
      vertex 2.5 -9.15 16.6
      vertex 2.5 -14.65 16.6
    endloop
  endfacet
  facet normal 1 0 0
    outer loop
      vertex 2.5 -9.15 16.6
      vertex 2.5 -14.65 16.3239
      vertex 2.5 -9.15 15
    endloop
  endfacet
  facet normal 1 0 0
    outer loop
      vertex 2.5 -15.65 15
      vertex 2.5 -14.65 16.3239
      vertex 2.5 -15.65 16.3239
    endloop
  endfacet
  facet normal 1 0 0
    outer loop
      vertex 2.5 -14.65 16.3239
      vertex 2.5 -15.65 15
      vertex 2.5 -9.15 15
    endloop
  endfacet
  facet normal 0 0 -1
    outer loop
      vertex 8.5 -14.65 16.6
      vertex 5 -10.74 16.6
      vertex 8.5 -10.74 16.6
    endloop
  endfacet
  facet normal 0 0 -1
    outer loop
      vertex 2.5 -14.65 16.6
      vertex 5 -10.74 16.6
      vertex 8.5 -14.65 16.6
    endloop
  endfacet
  facet normal 0 0 -1
    outer loop
      vertex 2.5 -9.15 16.6
      vertex 5 -10.74 16.6
      vertex 2.5 -14.65 16.6
    endloop
  endfacet
  facet normal 0 0 -1
    outer loop
      vertex 5 -10.74 16.6
      vertex 2.5 -9.15 16.6
      vertex 5 -9.15 16.6
    endloop
  endfacet
  facet normal -1 0 0
    outer loop
      vertex 8.5 -14.65 15
      vertex 8.5 -10.74 16.6
      vertex 8.5 -10.74 15
    endloop
  endfacet
  facet normal -1 -0 0
    outer loop
      vertex 8.5 -10.74 16.6
      vertex 8.5 -14.65 15
      vertex 8.5 -14.65 16.6
    endloop
  endfacet
  facet normal 0 1 0
    outer loop
      vertex 2.5 -15.65 15
      vertex 2.77785 -15.65 16.1573
      vertex 3.17197 -15.65 15.8651
    endloop
  endfacet
  facet normal 0 1 0
    outer loop
      vertex 2.5 -15.65 15
      vertex 3.17197 -15.65 15.8651
      vertex 3.53553 -15.65 15.5355
    endloop
  endfacet
  facet normal 0 1 0
    outer loop
      vertex 2.5 -15.65 15
      vertex 3.53553 -15.65 15.5355
      vertex 3.86505 -15.65 15.172
    endloop
  endfacet
  facet normal 0 1 0
    outer loop
      vertex 2.5 -15.65 15
      vertex 3.86505 -15.65 15.172
      vertex 3.99259 -15.65 15
    endloop
  endfacet
  facet normal 0 1 0
    outer loop
      vertex 2.77785 -15.65 16.1573
      vertex 2.5 -15.65 15
      vertex 2.5 -15.65 16.3239
    endloop
  endfacet
  facet normal 0 0 1
    outer loop
      vertex -9 0 2
      vertex -12.5 -7.15 2
      vertex -8.96629 -0.686119 2
    endloop
  endfacet
  facet normal 0 0 1
    outer loop
      vertex -8.96629 -0.686119 2
      vertex -12.5 -7.15 2
      vertex -10.5 -7.15 2
    endloop
  endfacet
  facet normal 0 0 1
    outer loop
      vertex 2.94975 4.94975 2
      vertex 10.5 7.15 2
      vertex 10.5 9.15 2
    endloop
  endfacet
  facet normal 0 -0 1
    outer loop
      vertex 5 0 2
      vertex 10.5 7.15 2
      vertex 4.96629 0.686119 2
    endloop
  endfacet
  facet normal -0 0 1
    outer loop
      vertex 4.96629 -0.686119 2
      vertex 10.5 -7.15 2
      vertex 5 0 2
    endloop
  endfacet
  facet normal 0 0 1
    outer loop
      vertex 10.5 7.15 2
      vertex 5 0 2
      vertex 10.5 -7.15 2
    endloop
  endfacet
  facet normal 0 0 1
    outer loop
      vertex 10.5 7.15 2
      vertex 4.8655 1.36563 2
      vertex 4.96629 0.686119 2
    endloop
  endfacet
  facet normal 0 0 1
    outer loop
      vertex 10.5 7.15 2
      vertex 4.69858 2.03199 2
      vertex 4.8655 1.36563 2
    endloop
  endfacet
  facet normal 0 0 1
    outer loop
      vertex 10.5 7.15 2
      vertex 4.46716 2.67878 2
      vertex 4.69858 2.03199 2
    endloop
  endfacet
  facet normal 0 0 1
    outer loop
      vertex 10.5 7.15 2
      vertex 4.17345 3.29978 2
      vertex 4.46716 2.67878 2
    endloop
  endfacet
  facet normal 0 0 1
    outer loop
      vertex 10.5 7.15 2
      vertex 3.82029 3.88899 2
      vertex 4.17345 3.29978 2
    endloop
  endfacet
  facet normal 0 0 1
    outer loop
      vertex 10.5 7.15 2
      vertex 3.41107 4.44075 2
      vertex 3.82029 3.88899 2
    endloop
  endfacet
  facet normal 0 0 1
    outer loop
      vertex 10.5 7.15 2
      vertex 2.94975 4.94975 2
      vertex 3.41107 4.44075 2
    endloop
  endfacet
  facet normal 0 0 1
    outer loop
      vertex 10.5 9.15 2
      vertex 2.44075 5.41107 2
      vertex 2.94975 4.94975 2
    endloop
  endfacet
  facet normal 0 0 1
    outer loop
      vertex 10.5 9.15 2
      vertex 1.88899 5.82029 2
      vertex 2.44075 5.41107 2
    endloop
  endfacet
  facet normal 0 0 1
    outer loop
      vertex 10.5 9.15 2
      vertex 1.29978 6.17345 2
      vertex 1.88899 5.82029 2
    endloop
  endfacet
  facet normal 0 0 1
    outer loop
      vertex 10.5 9.15 2
      vertex 0.678783 6.46716 2
      vertex 1.29978 6.17345 2
    endloop
  endfacet
  facet normal 0 0 1
    outer loop
      vertex 10.5 9.15 2
      vertex 0.031992 6.69858 2
      vertex 0.678783 6.46716 2
    endloop
  endfacet
  facet normal 0 0 1
    outer loop
      vertex 10.5 9.15 2
      vertex -0.634367 6.8655 2
      vertex 0.031992 6.69858 2
    endloop
  endfacet
  facet normal 0 0 1
    outer loop
      vertex 10.5 9.15 2
      vertex -1.31388 6.96629 2
      vertex -0.634367 6.8655 2
    endloop
  endfacet
  facet normal -0 0 1
    outer loop
      vertex -10.5 9.15 2
      vertex -1.31388 6.96629 2
      vertex 10.5 9.15 2
    endloop
  endfacet
  facet normal 0 0 1
    outer loop
      vertex -1.31388 6.96629 2
      vertex -10.5 9.15 2
      vertex -2 7 2
    endloop
  endfacet
  facet normal 0 0 1
    outer loop
      vertex -2 7 2
      vertex -10.5 9.15 2
      vertex -2.68612 6.96629 2
    endloop
  endfacet
  facet normal 0 0 1
    outer loop
      vertex -8.69858 2.03199 2
      vertex -12.5 7.15 2
      vertex -8.8655 1.36563 2
    endloop
  endfacet
  facet normal 0 0 1
    outer loop
      vertex -8.46716 2.67878 2
      vertex -12.5 7.15 2
      vertex -8.69858 2.03199 2
    endloop
  endfacet
  facet normal -0 0 1
    outer loop
      vertex -12.5 7.15 2
      vertex -8.46716 2.67878 2
      vertex -10.5 7.15 2
    endloop
  endfacet
  facet normal 0 0 1
    outer loop
      vertex -8.17345 3.29978 2
      vertex -10.5 7.15 2
      vertex -8.46716 2.67878 2
    endloop
  endfacet
  facet normal 0 0 1
    outer loop
      vertex -7.82029 3.88899 2
      vertex -10.5 7.15 2
      vertex -8.17345 3.29978 2
    endloop
  endfacet
  facet normal 0 0 1
    outer loop
      vertex -7.41107 4.44075 2
      vertex -10.5 7.15 2
      vertex -7.82029 3.88899 2
    endloop
  endfacet
  facet normal 0 0 1
    outer loop
      vertex -6.94975 4.94975 2
      vertex -10.5 7.15 2
      vertex -7.41107 4.44075 2
    endloop
  endfacet
  facet normal 0 0 1
    outer loop
      vertex -6.44075 5.41107 2
      vertex -10.5 7.15 2
      vertex -6.94975 4.94975 2
    endloop
  endfacet
  facet normal 0 0 1
    outer loop
      vertex -5.88899 5.82029 2
      vertex -10.5 7.15 2
      vertex -6.44075 5.41107 2
    endloop
  endfacet
  facet normal -0 0 1
    outer loop
      vertex -10.5 7.15 2
      vertex -5.88899 5.82029 2
      vertex -10.5 9.15 2
    endloop
  endfacet
  facet normal 0 0 1
    outer loop
      vertex -5.29978 6.17345 2
      vertex -10.5 9.15 2
      vertex -5.88899 5.82029 2
    endloop
  endfacet
  facet normal 0 0 1
    outer loop
      vertex -4.67878 6.46716 2
      vertex -10.5 9.15 2
      vertex -5.29978 6.17345 2
    endloop
  endfacet
  facet normal 0 0 1
    outer loop
      vertex -4.03199 6.69858 2
      vertex -10.5 9.15 2
      vertex -4.67878 6.46716 2
    endloop
  endfacet
  facet normal 0 0 1
    outer loop
      vertex -3.36563 6.8655 2
      vertex -10.5 9.15 2
      vertex -4.03199 6.69858 2
    endloop
  endfacet
  facet normal 0 0 1
    outer loop
      vertex -2.68612 6.96629 2
      vertex -10.5 9.15 2
      vertex -3.36563 6.8655 2
    endloop
  endfacet
  facet normal -0 0 1
    outer loop
      vertex 10.5 7.15 2
      vertex 12.5 -7.15 2
      vertex 12.5 7.15 2
    endloop
  endfacet
  facet normal 0 0 1
    outer loop
      vertex 12.5 -7.15 2
      vertex 10.5 7.15 2
      vertex 10.5 -7.15 2
    endloop
  endfacet
  facet normal -0 0 1
    outer loop
      vertex 4.8655 -1.36563 2
      vertex 10.5 -7.15 2
      vertex 4.96629 -0.686119 2
    endloop
  endfacet
  facet normal -0 0 1
    outer loop
      vertex 4.69858 -2.03199 2
      vertex 10.5 -7.15 2
      vertex 4.8655 -1.36563 2
    endloop
  endfacet
  facet normal -0 0 1
    outer loop
      vertex 4.46716 -2.67878 2
      vertex 10.5 -7.15 2
      vertex 4.69858 -2.03199 2
    endloop
  endfacet
  facet normal -0 0 1
    outer loop
      vertex 4.17345 -3.29978 2
      vertex 10.5 -7.15 2
      vertex 4.46716 -2.67878 2
    endloop
  endfacet
  facet normal -0 0 1
    outer loop
      vertex 3.82029 -3.88899 2
      vertex 10.5 -7.15 2
      vertex 4.17345 -3.29978 2
    endloop
  endfacet
  facet normal -0 0 1
    outer loop
      vertex 3.41107 -4.44075 2
      vertex 10.5 -7.15 2
      vertex 3.82029 -3.88899 2
    endloop
  endfacet
  facet normal -0 0 1
    outer loop
      vertex 2.94975 -4.94975 2
      vertex 10.5 -7.15 2
      vertex 3.41107 -4.44075 2
    endloop
  endfacet
  facet normal 0 0 1
    outer loop
      vertex 10.5 -7.15 2
      vertex 2.94975 -4.94975 2
      vertex 10.5 -9.15 2
    endloop
  endfacet
  facet normal -0 0 1
    outer loop
      vertex 2.44075 -5.41107 2
      vertex 10.5 -9.15 2
      vertex 2.94975 -4.94975 2
    endloop
  endfacet
  facet normal -0 0 1
    outer loop
      vertex 1.88899 -5.82029 2
      vertex 10.5 -9.15 2
      vertex 2.44075 -5.41107 2
    endloop
  endfacet
  facet normal -0 0 1
    outer loop
      vertex 1.29978 -6.17345 2
      vertex 10.5 -9.15 2
      vertex 1.88899 -5.82029 2
    endloop
  endfacet
  facet normal -0 0 1
    outer loop
      vertex 0.678783 -6.46716 2
      vertex 10.5 -9.15 2
      vertex 1.29978 -6.17345 2
    endloop
  endfacet
  facet normal -0 0 1
    outer loop
      vertex 0.031992 -6.69858 2
      vertex 10.5 -9.15 2
      vertex 0.678783 -6.46716 2
    endloop
  endfacet
  facet normal -0 0 1
    outer loop
      vertex -0.634367 -6.8655 2
      vertex 10.5 -9.15 2
      vertex 0.031992 -6.69858 2
    endloop
  endfacet
  facet normal -0 0 1
    outer loop
      vertex -1.31388 -6.96629 2
      vertex 10.5 -9.15 2
      vertex -0.634367 -6.8655 2
    endloop
  endfacet
  facet normal 0 0 1
    outer loop
      vertex -10.5 -9.15 2
      vertex -1.31388 -6.96629 2
      vertex -2 -7 2
    endloop
  endfacet
  facet normal 0 0 1
    outer loop
      vertex -10.5 -9.15 2
      vertex -2 -7 2
      vertex -2.68612 -6.96629 2
    endloop
  endfacet
  facet normal 0 0 1
    outer loop
      vertex -10.5 -9.15 2
      vertex -2.68612 -6.96629 2
      vertex -3.36563 -6.8655 2
    endloop
  endfacet
  facet normal 0 0 1
    outer loop
      vertex -8.8655 1.36563 2
      vertex -12.5 7.15 2
      vertex -8.96629 0.686119 2
    endloop
  endfacet
  facet normal 0 0 1
    outer loop
      vertex -8.96629 0.686119 2
      vertex -12.5 7.15 2
      vertex -9 0 2
    endloop
  endfacet
  facet normal 0 0 1
    outer loop
      vertex -12.5 -7.15 2
      vertex -9 0 2
      vertex -12.5 7.15 2
    endloop
  endfacet
  facet normal 0 0 1
    outer loop
      vertex -8.96629 -0.686119 2
      vertex -10.5 -7.15 2
      vertex -8.8655 -1.36563 2
    endloop
  endfacet
  facet normal 0 0 1
    outer loop
      vertex -10.5 -7.15 2
      vertex -8.69858 -2.03199 2
      vertex -8.8655 -1.36563 2
    endloop
  endfacet
  facet normal 0 0 1
    outer loop
      vertex -10.5 -7.15 2
      vertex -8.46716 -2.67878 2
      vertex -8.69858 -2.03199 2
    endloop
  endfacet
  facet normal 0 0 1
    outer loop
      vertex -10.5 -7.15 2
      vertex -8.17345 -3.29978 2
      vertex -8.46716 -2.67878 2
    endloop
  endfacet
  facet normal 0 0 1
    outer loop
      vertex -10.5 -7.15 2
      vertex -7.82029 -3.88899 2
      vertex -8.17345 -3.29978 2
    endloop
  endfacet
  facet normal 0 0 1
    outer loop
      vertex -10.5 -7.15 2
      vertex -7.41107 -4.44075 2
      vertex -7.82029 -3.88899 2
    endloop
  endfacet
  facet normal 0 0 1
    outer loop
      vertex -10.5 -7.15 2
      vertex -6.94975 -4.94975 2
      vertex -7.41107 -4.44075 2
    endloop
  endfacet
  facet normal 0 0 1
    outer loop
      vertex -10.5 -7.15 2
      vertex -6.44075 -5.41107 2
      vertex -6.94975 -4.94975 2
    endloop
  endfacet
  facet normal 0 0 1
    outer loop
      vertex -10.5 -7.15 2
      vertex -5.88899 -5.82029 2
      vertex -6.44075 -5.41107 2
    endloop
  endfacet
  facet normal 0 0 1
    outer loop
      vertex -10.5 -9.15 2
      vertex -5.88899 -5.82029 2
      vertex -10.5 -7.15 2
    endloop
  endfacet
  facet normal 0 0 1
    outer loop
      vertex -5.88899 -5.82029 2
      vertex -10.5 -9.15 2
      vertex -5.29978 -6.17345 2
    endloop
  endfacet
  facet normal 0 0 1
    outer loop
      vertex -5.29978 -6.17345 2
      vertex -10.5 -9.15 2
      vertex -4.67878 -6.46716 2
    endloop
  endfacet
  facet normal 0 0 1
    outer loop
      vertex -4.67878 -6.46716 2
      vertex -10.5 -9.15 2
      vertex -4.03199 -6.69858 2
    endloop
  endfacet
  facet normal 0 0 1
    outer loop
      vertex -4.03199 -6.69858 2
      vertex -10.5 -9.15 2
      vertex -3.36563 -6.8655 2
    endloop
  endfacet
  facet normal 0 0 1
    outer loop
      vertex -1.31388 -6.96629 2
      vertex -10.5 -9.15 2
      vertex 10.5 -9.15 2
    endloop
  endfacet
  facet normal 1 0 0
    outer loop
      vertex -12.5 -7.1707 19.6418
      vertex -12.5 -7.15 7
      vertex -12.5 -7.08576 19.6292
    endloop
  endfacet
  facet normal 1 0 0
    outer loop
      vertex -12.5 -9.15 7
      vertex -12.5 -7.1707 19.6418
      vertex -12.5 -7.254 19.6627
    endloop
  endfacet
  facet normal 1 0 0
    outer loop
      vertex -12.5 -9.15 7
      vertex -12.5 -7.254 19.6627
      vertex -12.5 -7.33485 19.6916
    endloop
  endfacet
  facet normal 1 0 0
    outer loop
      vertex -12.5 -9.15 7
      vertex -12.5 -7.33485 19.6916
      vertex -12.5 -7.41247 19.7283
    endloop
  endfacet
  facet normal 1 0 0
    outer loop
      vertex -12.5 -9.15 7
      vertex -12.5 -7.41247 19.7283
      vertex -12.5 -7.48612 19.7725
    endloop
  endfacet
  facet normal 1 0 0
    outer loop
      vertex -12.5 -9.15 7
      vertex -12.5 -7.48612 19.7725
      vertex -12.5 -7.55509 19.8236
    endloop
  endfacet
  facet normal 1 0 0
    outer loop
      vertex -12.5 -9.15 7
      vertex -12.5 -7.55509 19.8236
      vertex -12.5 -7.61872 19.8813
    endloop
  endfacet
  facet normal 1 0 0
    outer loop
      vertex -12.5 -9.15 7
      vertex -12.5 -7.61872 19.8813
      vertex -12.5 -7.67638 19.9449
    endloop
  endfacet
  facet normal 1 0 0
    outer loop
      vertex -12.5 -9.15 7
      vertex -12.5 -7.67638 19.9449
      vertex -12.5 -7.72754 20.0139
    endloop
  endfacet
  facet normal 1 0 0
    outer loop
      vertex -12.5 -9.15 7
      vertex -12.5 -7.72754 20.0139
      vertex -12.5 -7.77168 20.0875
    endloop
  endfacet
  facet normal 1 0 0
    outer loop
      vertex -12.5 -9.15 22
      vertex -12.5 -7.77168 20.0875
      vertex -12.5 -7.80839 20.1652
    endloop
  endfacet
  facet normal 1 0 0
    outer loop
      vertex -12.5 -9.15 22
      vertex -12.5 -7.80839 20.1652
      vertex -12.5 -7.83732 20.246
    endloop
  endfacet
  facet normal 1 0 0
    outer loop
      vertex -12.5 -9.15 22
      vertex -12.5 -7.83732 20.246
      vertex -12.5 -7.85819 20.3293
    endloop
  endfacet
  facet normal 1 0 0
    outer loop
      vertex -12.5 -9.15 22
      vertex -12.5 -7.85819 20.3293
      vertex -12.5 -7.87079 20.4142
    endloop
  endfacet
  facet normal 1 0 0
    outer loop
      vertex -12.5 -9.15 22
      vertex -12.5 -7.87079 20.4142
      vertex -12.5 -7.875 20.5
    endloop
  endfacet
  facet normal 1 0 0
    outer loop
      vertex -12.5 -7.77168 20.0875
      vertex -12.5 -9.15 22
      vertex -12.5 -9.15 7
    endloop
  endfacet
  facet normal 1 0 0
    outer loop
      vertex -12.5 -7.1707 19.6418
      vertex -12.5 -9.15 7
      vertex -12.5 -7.15 7
    endloop
  endfacet
  facet normal 1 0 0
    outer loop
      vertex -12.5 7.87079 20.4142
      vertex -12.5 9.15 22
      vertex -12.5 7.875 20.5
    endloop
  endfacet
  facet normal 1 0 0
    outer loop
      vertex -12.5 9.15 22
      vertex -12.5 7.87079 20.5858
      vertex -12.5 7.875 20.5
    endloop
  endfacet
  facet normal 1 0 0
    outer loop
      vertex -12.5 9.15 22
      vertex -12.5 7.85819 20.6707
      vertex -12.5 7.87079 20.5858
    endloop
  endfacet
  facet normal 1 0 0
    outer loop
      vertex -12.5 9.15 22
      vertex -12.5 7.83732 20.754
      vertex -12.5 7.85819 20.6707
    endloop
  endfacet
  facet normal 1 0 0
    outer loop
      vertex -12.5 9.15 22
      vertex -12.5 7.80839 20.8348
      vertex -12.5 7.83732 20.754
    endloop
  endfacet
  facet normal 1 0 0
    outer loop
      vertex -12.5 9.15 22
      vertex -12.5 7.77168 20.9125
      vertex -12.5 7.80839 20.8348
    endloop
  endfacet
  facet normal 1 0 0
    outer loop
      vertex -12.5 9.15 22
      vertex -12.5 7.72754 20.9861
      vertex -12.5 7.77168 20.9125
    endloop
  endfacet
  facet normal 1 0 0
    outer loop
      vertex -12.5 9.15 22
      vertex -12.5 7.67638 21.0551
      vertex -12.5 7.72754 20.9861
    endloop
  endfacet
  facet normal 1 0 0
    outer loop
      vertex -12.5 9.15 22
      vertex -12.5 7.61872 21.1187
      vertex -12.5 7.67638 21.0551
    endloop
  endfacet
  facet normal 1 0 0
    outer loop
      vertex -12.5 9.15 22
      vertex -12.5 7.55509 21.1764
      vertex -12.5 7.61872 21.1187
    endloop
  endfacet
  facet normal 1 0 0
    outer loop
      vertex -12.5 9.15 22
      vertex -12.5 7.48612 21.2275
      vertex -12.5 7.55509 21.1764
    endloop
  endfacet
  facet normal 1 0 0
    outer loop
      vertex -12.5 9.15 22
      vertex -12.5 7.41247 21.2717
      vertex -12.5 7.48612 21.2275
    endloop
  endfacet
  facet normal 1 0 0
    outer loop
      vertex -12.5 9.15 22
      vertex -12.5 7.33485 21.3084
      vertex -12.5 7.41247 21.2717
    endloop
  endfacet
  facet normal 1 0 0
    outer loop
      vertex -12.5 9.15 22
      vertex -12.5 7.254 21.3373
      vertex -12.5 7.33485 21.3084
    endloop
  endfacet
  facet normal 1 0 0
    outer loop
      vertex -12.5 9.15 22
      vertex -12.5 7.1707 21.3582
      vertex -12.5 7.254 21.3373
    endloop
  endfacet
  facet normal 1 0 0
    outer loop
      vertex -12.5 9.15 22
      vertex -12.5 7.08576 21.3708
      vertex -12.5 7.1707 21.3582
    endloop
  endfacet
  facet normal 1 0 0
    outer loop
      vertex -12.5 9.15 22
      vertex -12.5 7 21.375
      vertex -12.5 7.08576 21.3708
    endloop
  endfacet
  facet normal 1 0 0
    outer loop
      vertex -12.5 9.15 22
      vertex -12.5 6.91423 21.3708
      vertex -12.5 7 21.375
    endloop
  endfacet
  facet normal 1 0 0
    outer loop
      vertex -12.5 9.15 22
      vertex -12.5 6.8293 21.3582
      vertex -12.5 6.91423 21.3708
    endloop
  endfacet
  facet normal 1 0 0
    outer loop
      vertex -12.5 -6.8293 21.3582
      vertex -12.5 6.8293 21.3582
      vertex -12.5 9.15 22
    endloop
  endfacet
  facet normal 1 0 0
    outer loop
      vertex -12.5 6.12921 20.5858
      vertex -12.5 -6.125 20.5
      vertex -12.5 6.125 20.5
    endloop
  endfacet
  facet normal 1 0 0
    outer loop
      vertex -12.5 -6.12921 20.5858
      vertex -12.5 6.12921 20.5858
      vertex -12.5 6.14181 20.6707
    endloop
  endfacet
  facet normal 1 0 0
    outer loop
      vertex -12.5 -6.14181 20.6707
      vertex -12.5 6.14181 20.6707
      vertex -12.5 6.16268 20.754
    endloop
  endfacet
  facet normal 1 0 0
    outer loop
      vertex -12.5 -6.16268 20.754
      vertex -12.5 6.16268 20.754
      vertex -12.5 6.1916 20.8348
    endloop
  endfacet
  facet normal 1 0 0
    outer loop
      vertex -12.5 -6.1916 20.8348
      vertex -12.5 6.1916 20.8348
      vertex -12.5 6.22832 20.9125
    endloop
  endfacet
  facet normal 1 0 0
    outer loop
      vertex -12.5 -6.22832 20.9125
      vertex -12.5 6.22832 20.9125
      vertex -12.5 6.27246 20.9861
    endloop
  endfacet
  facet normal 1 0 0
    outer loop
      vertex -12.5 -6.27246 20.9861
      vertex -12.5 6.27246 20.9861
      vertex -12.5 6.32362 21.0551
    endloop
  endfacet
  facet normal 1 0 0
    outer loop
      vertex -12.5 -6.32362 21.0551
      vertex -12.5 6.32362 21.0551
      vertex -12.5 6.38128 21.1187
    endloop
  endfacet
  facet normal 1 0 0
    outer loop
      vertex -12.5 -6.38128 21.1187
      vertex -12.5 6.38128 21.1187
      vertex -12.5 6.44491 21.1764
    endloop
  endfacet
  facet normal 1 0 0
    outer loop
      vertex -12.5 -6.44491 21.1764
      vertex -12.5 6.44491 21.1764
      vertex -12.5 6.51388 21.2275
    endloop
  endfacet
  facet normal 1 0 0
    outer loop
      vertex -12.5 -6.51388 21.2275
      vertex -12.5 6.51388 21.2275
      vertex -12.5 6.58753 21.2717
    endloop
  endfacet
  facet normal 1 0 0
    outer loop
      vertex -12.5 -6.58753 21.2717
      vertex -12.5 6.58753 21.2717
      vertex -12.5 6.66515 21.3084
    endloop
  endfacet
  facet normal 1 0 0
    outer loop
      vertex -12.5 -6.66515 21.3084
      vertex -12.5 6.66515 21.3084
      vertex -12.5 6.746 21.3373
    endloop
  endfacet
  facet normal 1 0 0
    outer loop
      vertex -12.5 6.8293 21.3582
      vertex -12.5 -6.8293 21.3582
      vertex -12.5 6.746 21.3373
    endloop
  endfacet
  facet normal 1 0 0
    outer loop
      vertex -12.5 6.12921 20.5858
      vertex -12.5 -6.12921 20.5858
      vertex -12.5 -6.125 20.5
    endloop
  endfacet
  facet normal 1 0 0
    outer loop
      vertex -12.5 6.14181 20.6707
      vertex -12.5 -6.14181 20.6707
      vertex -12.5 -6.12921 20.5858
    endloop
  endfacet
  facet normal 1 0 0
    outer loop
      vertex -12.5 6.16268 20.754
      vertex -12.5 -6.16268 20.754
      vertex -12.5 -6.14181 20.6707
    endloop
  endfacet
  facet normal 1 0 0
    outer loop
      vertex -12.5 6.1916 20.8348
      vertex -12.5 -6.1916 20.8348
      vertex -12.5 -6.16268 20.754
    endloop
  endfacet
  facet normal 1 0 0
    outer loop
      vertex -12.5 6.22832 20.9125
      vertex -12.5 -6.22832 20.9125
      vertex -12.5 -6.1916 20.8348
    endloop
  endfacet
  facet normal 1 0 0
    outer loop
      vertex -12.5 6.27246 20.9861
      vertex -12.5 -6.27246 20.9861
      vertex -12.5 -6.22832 20.9125
    endloop
  endfacet
  facet normal 1 0 0
    outer loop
      vertex -12.5 6.32362 21.0551
      vertex -12.5 -6.32362 21.0551
      vertex -12.5 -6.27246 20.9861
    endloop
  endfacet
  facet normal 1 0 0
    outer loop
      vertex -12.5 6.38128 21.1187
      vertex -12.5 -6.38128 21.1187
      vertex -12.5 -6.32362 21.0551
    endloop
  endfacet
  facet normal 1 0 0
    outer loop
      vertex -12.5 6.44491 21.1764
      vertex -12.5 -6.44491 21.1764
      vertex -12.5 -6.38128 21.1187
    endloop
  endfacet
  facet normal 1 0 0
    outer loop
      vertex -12.5 6.51388 21.2275
      vertex -12.5 -6.51388 21.2275
      vertex -12.5 -6.44491 21.1764
    endloop
  endfacet
  facet normal 1 0 0
    outer loop
      vertex -12.5 6.58753 21.2717
      vertex -12.5 -6.58753 21.2717
      vertex -12.5 -6.51388 21.2275
    endloop
  endfacet
  facet normal 1 0 0
    outer loop
      vertex -12.5 6.66515 21.3084
      vertex -12.5 -6.66515 21.3084
      vertex -12.5 -6.58753 21.2717
    endloop
  endfacet
  facet normal 1 0 0
    outer loop
      vertex -12.5 6.746 21.3373
      vertex -12.5 -6.746 21.3373
      vertex -12.5 -6.66515 21.3084
    endloop
  endfacet
  facet normal 1 0 0
    outer loop
      vertex -12.5 6.746 21.3373
      vertex -12.5 -6.8293 21.3582
      vertex -12.5 -6.746 21.3373
    endloop
  endfacet
  facet normal 1 -0 0
    outer loop
      vertex -12.5 -9.15 22
      vertex -12.5 -6.8293 21.3582
      vertex -12.5 9.15 22
    endloop
  endfacet
  facet normal 1 0 0
    outer loop
      vertex -12.5 -6.8293 21.3582
      vertex -12.5 -9.15 22
      vertex -12.5 -6.91423 21.3708
    endloop
  endfacet
  facet normal 1 0 0
    outer loop
      vertex -12.5 -7.87079 20.5858
      vertex -12.5 -9.15 22
      vertex -12.5 -7.875 20.5
    endloop
  endfacet
  facet normal 1 0 0
    outer loop
      vertex -12.5 -7.85819 20.6707
      vertex -12.5 -9.15 22
      vertex -12.5 -7.87079 20.5858
    endloop
  endfacet
  facet normal 1 0 0
    outer loop
      vertex -12.5 -7.83732 20.754
      vertex -12.5 -9.15 22
      vertex -12.5 -7.85819 20.6707
    endloop
  endfacet
  facet normal 1 0 0
    outer loop
      vertex -12.5 -7.80839 20.8348
      vertex -12.5 -9.15 22
      vertex -12.5 -7.83732 20.754
    endloop
  endfacet
  facet normal 1 0 0
    outer loop
      vertex -12.5 -7.77168 20.9125
      vertex -12.5 -9.15 22
      vertex -12.5 -7.80839 20.8348
    endloop
  endfacet
  facet normal 1 0 0
    outer loop
      vertex -12.5 -7.72754 20.9861
      vertex -12.5 -9.15 22
      vertex -12.5 -7.77168 20.9125
    endloop
  endfacet
  facet normal 1 0 0
    outer loop
      vertex -12.5 -7.67638 21.0551
      vertex -12.5 -9.15 22
      vertex -12.5 -7.72754 20.9861
    endloop
  endfacet
  facet normal 1 0 0
    outer loop
      vertex -12.5 -7.61872 21.1187
      vertex -12.5 -9.15 22
      vertex -12.5 -7.67638 21.0551
    endloop
  endfacet
  facet normal 1 0 0
    outer loop
      vertex -12.5 -7.55509 21.1764
      vertex -12.5 -9.15 22
      vertex -12.5 -7.61872 21.1187
    endloop
  endfacet
  facet normal 1 0 0
    outer loop
      vertex -12.5 -7.48612 21.2275
      vertex -12.5 -9.15 22
      vertex -12.5 -7.55509 21.1764
    endloop
  endfacet
  facet normal 1 0 0
    outer loop
      vertex -12.5 -7.41247 21.2717
      vertex -12.5 -9.15 22
      vertex -12.5 -7.48612 21.2275
    endloop
  endfacet
  facet normal 1 0 0
    outer loop
      vertex -12.5 -7.33485 21.3084
      vertex -12.5 -9.15 22
      vertex -12.5 -7.41247 21.2717
    endloop
  endfacet
  facet normal 1 0 0
    outer loop
      vertex -12.5 -7.254 21.3373
      vertex -12.5 -9.15 22
      vertex -12.5 -7.33485 21.3084
    endloop
  endfacet
  facet normal 1 0 0
    outer loop
      vertex -12.5 -7.1707 21.3582
      vertex -12.5 -9.15 22
      vertex -12.5 -7.254 21.3373
    endloop
  endfacet
  facet normal 1 0 0
    outer loop
      vertex -12.5 -7.08576 21.3708
      vertex -12.5 -9.15 22
      vertex -12.5 -7.1707 21.3582
    endloop
  endfacet
  facet normal 1 0 0
    outer loop
      vertex -12.5 -7 21.375
      vertex -12.5 -9.15 22
      vertex -12.5 -7.08576 21.3708
    endloop
  endfacet
  facet normal 1 0 0
    outer loop
      vertex -12.5 -6.91423 21.3708
      vertex -12.5 -9.15 22
      vertex -12.5 -7 21.375
    endloop
  endfacet
  facet normal 1 0 0
    outer loop
      vertex -12.5 7.85819 20.3293
      vertex -12.5 9.15 22
      vertex -12.5 7.87079 20.4142
    endloop
  endfacet
  facet normal 1 0 0
    outer loop
      vertex -12.5 7.83732 20.246
      vertex -12.5 9.15 22
      vertex -12.5 7.85819 20.3293
    endloop
  endfacet
  facet normal 1 0 0
    outer loop
      vertex -12.5 7.80839 20.1652
      vertex -12.5 9.15 22
      vertex -12.5 7.83732 20.246
    endloop
  endfacet
  facet normal 1 0 0
    outer loop
      vertex -12.5 7.77168 20.0875
      vertex -12.5 9.15 22
      vertex -12.5 7.80839 20.1652
    endloop
  endfacet
  facet normal 1 0 0
    outer loop
      vertex -12.5 9.15 22
      vertex -12.5 7.77168 20.0875
      vertex -12.5 9.15 7
    endloop
  endfacet
  facet normal 1 -0 0
    outer loop
      vertex -12.5 7.72754 20.0139
      vertex -12.5 9.15 7
      vertex -12.5 7.77168 20.0875
    endloop
  endfacet
  facet normal 1 -0 0
    outer loop
      vertex -12.5 7.67638 19.9449
      vertex -12.5 9.15 7
      vertex -12.5 7.72754 20.0139
    endloop
  endfacet
  facet normal 1 -0 0
    outer loop
      vertex -12.5 7.61872 19.8813
      vertex -12.5 9.15 7
      vertex -12.5 7.67638 19.9449
    endloop
  endfacet
  facet normal 1 -0 0
    outer loop
      vertex -12.5 7.55509 19.8236
      vertex -12.5 9.15 7
      vertex -12.5 7.61872 19.8813
    endloop
  endfacet
  facet normal 1 -0 0
    outer loop
      vertex -12.5 7.48612 19.7725
      vertex -12.5 9.15 7
      vertex -12.5 7.55509 19.8236
    endloop
  endfacet
  facet normal 1 -0 0
    outer loop
      vertex -12.5 7.41247 19.7283
      vertex -12.5 9.15 7
      vertex -12.5 7.48612 19.7725
    endloop
  endfacet
  facet normal 1 -0 0
    outer loop
      vertex -12.5 7.33485 19.6916
      vertex -12.5 9.15 7
      vertex -12.5 7.41247 19.7283
    endloop
  endfacet
  facet normal 1 -0 0
    outer loop
      vertex -12.5 7.254 19.6627
      vertex -12.5 9.15 7
      vertex -12.5 7.33485 19.6916
    endloop
  endfacet
  facet normal 1 -0 0
    outer loop
      vertex -12.5 7.1707 19.6418
      vertex -12.5 9.15 7
      vertex -12.5 7.254 19.6627
    endloop
  endfacet
  facet normal 1 0 0
    outer loop
      vertex -12.5 7.1707 19.6418
      vertex -12.5 7.15 7
      vertex -12.5 9.15 7
    endloop
  endfacet
  facet normal 1 -0 0
    outer loop
      vertex -12.5 7.08576 19.6292
      vertex -12.5 7.15 7
      vertex -12.5 7.1707 19.6418
    endloop
  endfacet
  facet normal 1 -0 0
    outer loop
      vertex -12.5 7 19.625
      vertex -12.5 7.15 7
      vertex -12.5 7.08576 19.6292
    endloop
  endfacet
  facet normal 1 0 0
    outer loop
      vertex -12.5 6.91423 19.6292
      vertex -12.5 7.15 7
      vertex -12.5 7 19.625
    endloop
  endfacet
  facet normal 1 0 0
    outer loop
      vertex -12.5 6.8293 19.6418
      vertex -12.5 7.15 7
      vertex -12.5 6.91423 19.6292
    endloop
  endfacet
  facet normal 1 0 0
    outer loop
      vertex -12.5 6.746 19.6627
      vertex -12.5 7.15 7
      vertex -12.5 6.8293 19.6418
    endloop
  endfacet
  facet normal 1 0 0
    outer loop
      vertex -12.5 6.66515 19.6916
      vertex -12.5 7.15 7
      vertex -12.5 6.746 19.6627
    endloop
  endfacet
  facet normal 1 0 0
    outer loop
      vertex -12.5 6.58753 19.7283
      vertex -12.5 7.15 7
      vertex -12.5 6.66515 19.6916
    endloop
  endfacet
  facet normal 1 0 0
    outer loop
      vertex -12.5 6.51388 19.7725
      vertex -12.5 7.15 7
      vertex -12.5 6.58753 19.7283
    endloop
  endfacet
  facet normal 1 0 0
    outer loop
      vertex -12.5 6.44491 19.8236
      vertex -12.5 7.15 7
      vertex -12.5 6.51388 19.7725
    endloop
  endfacet
  facet normal 1 0 0
    outer loop
      vertex -12.5 6.38128 19.8813
      vertex -12.5 7.15 7
      vertex -12.5 6.44491 19.8236
    endloop
  endfacet
  facet normal 1 0 0
    outer loop
      vertex -12.5 7.15 7
      vertex -12.5 6.38128 19.8813
      vertex -12.5 -7.15 7
    endloop
  endfacet
  facet normal 1 0 0
    outer loop
      vertex -12.5 -6.38128 19.8813
      vertex -12.5 6.38128 19.8813
      vertex -12.5 6.32362 19.9449
    endloop
  endfacet
  facet normal 1 0 0
    outer loop
      vertex -12.5 -6.32362 19.9449
      vertex -12.5 6.32362 19.9449
      vertex -12.5 6.27246 20.0139
    endloop
  endfacet
  facet normal 1 0 0
    outer loop
      vertex -12.5 -6.27246 20.0139
      vertex -12.5 6.27246 20.0139
      vertex -12.5 6.22832 20.0875
    endloop
  endfacet
  facet normal 1 0 0
    outer loop
      vertex -12.5 -6.22832 20.0875
      vertex -12.5 6.22832 20.0875
      vertex -12.5 6.1916 20.1652
    endloop
  endfacet
  facet normal 1 0 0
    outer loop
      vertex -12.5 -6.1916 20.1652
      vertex -12.5 6.1916 20.1652
      vertex -12.5 6.16268 20.246
    endloop
  endfacet
  facet normal 1 0 0
    outer loop
      vertex -12.5 -6.16268 20.246
      vertex -12.5 6.16268 20.246
      vertex -12.5 6.14181 20.3293
    endloop
  endfacet
  facet normal 1 0 0
    outer loop
      vertex -12.5 -6.14181 20.3293
      vertex -12.5 6.14181 20.3293
      vertex -12.5 6.12921 20.4142
    endloop
  endfacet
  facet normal 1 -0 0
    outer loop
      vertex -12.5 -6.125 20.5
      vertex -12.5 6.12921 20.4142
      vertex -12.5 6.125 20.5
    endloop
  endfacet
  facet normal 1 0 0
    outer loop
      vertex -12.5 -6.12921 20.4142
      vertex -12.5 6.12921 20.4142
      vertex -12.5 -6.125 20.5
    endloop
  endfacet
  facet normal 1 0 0
    outer loop
      vertex -12.5 -6.14181 20.3293
      vertex -12.5 6.12921 20.4142
      vertex -12.5 -6.12921 20.4142
    endloop
  endfacet
  facet normal 1 0 0
    outer loop
      vertex -12.5 6.14181 20.3293
      vertex -12.5 -6.14181 20.3293
      vertex -12.5 -6.16268 20.246
    endloop
  endfacet
  facet normal 1 0 0
    outer loop
      vertex -12.5 6.16268 20.246
      vertex -12.5 -6.16268 20.246
      vertex -12.5 -6.1916 20.1652
    endloop
  endfacet
  facet normal 1 0 0
    outer loop
      vertex -12.5 6.1916 20.1652
      vertex -12.5 -6.1916 20.1652
      vertex -12.5 -6.22832 20.0875
    endloop
  endfacet
  facet normal 1 0 0
    outer loop
      vertex -12.5 6.22832 20.0875
      vertex -12.5 -6.22832 20.0875
      vertex -12.5 -6.27246 20.0139
    endloop
  endfacet
  facet normal 1 0 0
    outer loop
      vertex -12.5 6.27246 20.0139
      vertex -12.5 -6.27246 20.0139
      vertex -12.5 -6.32362 19.9449
    endloop
  endfacet
  facet normal 1 0 0
    outer loop
      vertex -12.5 6.32362 19.9449
      vertex -12.5 -6.32362 19.9449
      vertex -12.5 -6.38128 19.8813
    endloop
  endfacet
  facet normal 1 0 0
    outer loop
      vertex -12.5 6.38128 19.8813
      vertex -12.5 -6.38128 19.8813
      vertex -12.5 -7.15 7
    endloop
  endfacet
  facet normal 1 0 0
    outer loop
      vertex -12.5 -7.15 7
      vertex -12.5 -6.38128 19.8813
      vertex -12.5 -6.44491 19.8236
    endloop
  endfacet
  facet normal 1 0 0
    outer loop
      vertex -12.5 -7.15 7
      vertex -12.5 -6.44491 19.8236
      vertex -12.5 -6.51388 19.7725
    endloop
  endfacet
  facet normal 1 0 0
    outer loop
      vertex -12.5 -7.15 7
      vertex -12.5 -6.51388 19.7725
      vertex -12.5 -6.58753 19.7283
    endloop
  endfacet
  facet normal 1 0 0
    outer loop
      vertex -12.5 -7.15 7
      vertex -12.5 -6.58753 19.7283
      vertex -12.5 -6.66515 19.6916
    endloop
  endfacet
  facet normal 1 0 0
    outer loop
      vertex -12.5 -7.15 7
      vertex -12.5 -6.66515 19.6916
      vertex -12.5 -6.746 19.6627
    endloop
  endfacet
  facet normal 1 0 0
    outer loop
      vertex -12.5 -7.15 7
      vertex -12.5 -6.746 19.6627
      vertex -12.5 -6.8293 19.6418
    endloop
  endfacet
  facet normal 1 0 0
    outer loop
      vertex -12.5 -7.15 7
      vertex -12.5 -6.8293 19.6418
      vertex -12.5 -6.91423 19.6292
    endloop
  endfacet
  facet normal 1 0 0
    outer loop
      vertex -12.5 -7.15 7
      vertex -12.5 -6.91423 19.6292
      vertex -12.5 -7 19.625
    endloop
  endfacet
  facet normal 1 0 0
    outer loop
      vertex -12.5 -7.15 7
      vertex -12.5 -7 19.625
      vertex -12.5 -7.08576 19.6292
    endloop
  endfacet
  facet normal 1 0 0
    outer loop
      vertex -12.5 7.15 7
      vertex -12.5 -7.15 7
      vertex -12.5 7.15 2
    endloop
  endfacet
  facet normal 1 0 0
    outer loop
      vertex -12.5 7.15 2
      vertex -12.5 -7.15 7
      vertex -12.5 -7.15 2
    endloop
  endfacet
  facet normal 0 -1 0
    outer loop
      vertex 0 9.15 9.7
      vertex 10.5 9.15 2
      vertex 0.225439 9.15 9.71108
    endloop
  endfacet
  facet normal 0 -1 0
    outer loop
      vertex 0.225439 9.15 9.71108
      vertex 10.5 9.15 2
      vertex 10.5 9.15 7
    endloop
  endfacet
  facet normal 0 -1 0
    outer loop
      vertex 1.27781 9.15 13.9124
      vertex 4.90688 9.15 12.9454
      vertex 5 9.15 12.95
    endloop
  endfacet
  facet normal 0 -1 0
    outer loop
      vertex 1.91238 9.15 13.2778
      vertex 4.81466 9.15 12.9317
      vertex 4.90688 9.15 12.9454
    endloop
  endfacet
  facet normal 0 -1 0
    outer loop
      vertex 1.91238 9.15 13.2778
      vertex 4.72423 9.15 12.9091
      vertex 4.81466 9.15 12.9317
    endloop
  endfacet
  facet normal 0 -1 0
    outer loop
      vertex 4.32825 9.15 12.6718
      vertex 2.02842 9.15 13.0842
      vertex 2.12492 9.15 12.8802
    endloop
  endfacet
  facet normal 0 -1 0
    outer loop
      vertex 1.91238 9.15 13.2778
      vertex 4.63645 9.15 12.8777
      vertex 4.72423 9.15 12.9091
    endloop
  endfacet
  facet normal 0 -1 0
    outer loop
      vertex 1.91238 9.15 13.2778
      vertex 4.55217 9.15 12.8378
      vertex 4.63645 9.15 12.8777
    endloop
  endfacet
  facet normal 0 -1 0
    outer loop
      vertex 1.91238 9.15 13.2778
      vertex 4.47221 9.15 12.7899
      vertex 4.55217 9.15 12.8378
    endloop
  endfacet
  facet normal 0 -1 0
    outer loop
      vertex 1.91238 9.15 13.2778
      vertex 4.39733 9.15 12.7344
      vertex 4.47221 9.15 12.7899
    endloop
  endfacet
  facet normal 0 -1 0
    outer loop
      vertex 2.02842 9.15 13.0842
      vertex 4.32825 9.15 12.6718
      vertex 4.39733 9.15 12.7344
    endloop
  endfacet
  facet normal 0 -1 0
    outer loop
      vertex 4.2101 9.15 12.5278
      vertex 2.12492 9.15 12.8802
      vertex 2.20096 9.15 12.6677
    endloop
  endfacet
  facet normal 0 -1 0
    outer loop
      vertex 2.12492 9.15 12.8802
      vertex 4.26564 9.15 12.6027
      vertex 4.32825 9.15 12.6718
    endloop
  endfacet
  facet normal 0 -1 0
    outer loop
      vertex 2.12492 9.15 12.8802
      vertex 4.2101 9.15 12.5278
      vertex 4.26564 9.15 12.6027
    endloop
  endfacet
  facet normal 0 -1 0
    outer loop
      vertex 4.12231 9.15 12.3635
      vertex 2.20096 9.15 12.6677
      vertex 2.25581 9.15 12.4487
    endloop
  endfacet
  facet normal 0 -1 0
    outer loop
      vertex 2.20096 9.15 12.6677
      vertex 4.16217 9.15 12.4478
      vertex 4.2101 9.15 12.5278
    endloop
  endfacet
  facet normal 0 -1 0
    outer loop
      vertex 2.20096 9.15 12.6677
      vertex 4.12231 9.15 12.3635
      vertex 4.16217 9.15 12.4478
    endloop
  endfacet
  facet normal 0 -1 0
    outer loop
      vertex 2.25581 9.15 12.4487
      vertex 4.09091 9.15 12.2758
      vertex 4.12231 9.15 12.3635
    endloop
  endfacet
  facet normal 0 -1 0
    outer loop
      vertex 2.28892 9.15 12.2254
      vertex 4.09091 9.15 12.2758
      vertex 2.25581 9.15 12.4487
    endloop
  endfacet
  facet normal 0 -1 0
    outer loop
      vertex 2.28892 9.15 12.2254
      vertex 4.06825 9.15 12.1853
      vertex 4.09091 9.15 12.2758
    endloop
  endfacet
  facet normal 0 -1 0
    outer loop
      vertex 2.28892 9.15 12.2254
      vertex 4.05457 9.15 12.0931
      vertex 4.06825 9.15 12.1853
    endloop
  endfacet
  facet normal 0 -1 0
    outer loop
      vertex 2.3 9.15 12
      vertex 4.05457 9.15 12.0931
      vertex 2.28892 9.15 12.2254
    endloop
  endfacet
  facet normal 0 -1 0
    outer loop
      vertex 2.3 9.15 12
      vertex 4.05 9.15 12
      vertex 4.05457 9.15 12.0931
    endloop
  endfacet
  facet normal 0 -1 0
    outer loop
      vertex 2.3 9.15 12
      vertex 4.05457 9.15 11.9069
      vertex 4.05 9.15 12
    endloop
  endfacet
  facet normal 0 -1 0
    outer loop
      vertex 2.28892 9.15 11.7746
      vertex 4.05457 9.15 11.9069
      vertex 2.3 9.15 12
    endloop
  endfacet
  facet normal 0 -1 -0
    outer loop
      vertex 4.05457 9.15 11.9069
      vertex 2.28892 9.15 11.7746
      vertex 4.06825 9.15 11.8147
    endloop
  endfacet
  facet normal 0 -1 0
    outer loop
      vertex 2.28892 9.15 11.7746
      vertex 4.09091 9.15 11.7242
      vertex 4.06825 9.15 11.8147
    endloop
  endfacet
  facet normal 0 -1 0
    outer loop
      vertex 2.25581 9.15 11.5513
      vertex 4.09091 9.15 11.7242
      vertex 2.28892 9.15 11.7746
    endloop
  endfacet
  facet normal 0 -1 -0
    outer loop
      vertex 4.09091 9.15 11.7242
      vertex 2.25581 9.15 11.5513
      vertex 4.12231 9.15 11.6365
    endloop
  endfacet
  facet normal 0 -1 0
    outer loop
      vertex 2.20096 9.15 11.3323
      vertex 4.12231 9.15 11.6365
      vertex 2.25581 9.15 11.5513
    endloop
  endfacet
  facet normal 0 -1 -0
    outer loop
      vertex 4.12231 9.15 11.6365
      vertex 2.20096 9.15 11.3323
      vertex 4.16217 9.15 11.5522
    endloop
  endfacet
  facet normal 0 -1 -0
    outer loop
      vertex 4.16217 9.15 11.5522
      vertex 2.20096 9.15 11.3323
      vertex 4.2101 9.15 11.4722
    endloop
  endfacet
  facet normal 0 -1 0
    outer loop
      vertex 2.12492 9.15 11.1198
      vertex 4.2101 9.15 11.4722
      vertex 2.20096 9.15 11.3323
    endloop
  endfacet
  facet normal 0 -1 -0
    outer loop
      vertex 4.2101 9.15 11.4722
      vertex 2.12492 9.15 11.1198
      vertex 4.26564 9.15 11.3973
    endloop
  endfacet
  facet normal 0 -1 -0
    outer loop
      vertex 4.26564 9.15 11.3973
      vertex 2.12492 9.15 11.1198
      vertex 4.32825 9.15 11.3282
    endloop
  endfacet
  facet normal 0 -1 0
    outer loop
      vertex 2.02842 9.15 10.9158
      vertex 4.32825 9.15 11.3282
      vertex 2.12492 9.15 11.1198
    endloop
  endfacet
  facet normal 0 -1 -0
    outer loop
      vertex 4.32825 9.15 11.3282
      vertex 2.02842 9.15 10.9158
      vertex 4.39733 9.15 11.2656
    endloop
  endfacet
  facet normal 0 -1 0
    outer loop
      vertex 1.91238 9.15 10.7222
      vertex 4.39733 9.15 11.2656
      vertex 2.02842 9.15 10.9158
    endloop
  endfacet
  facet normal 0 -1 -0
    outer loop
      vertex 4.39733 9.15 11.2656
      vertex 1.91238 9.15 10.7222
      vertex 4.47221 9.15 11.2101
    endloop
  endfacet
  facet normal 0 -1 -0
    outer loop
      vertex 4.47221 9.15 11.2101
      vertex 1.91238 9.15 10.7222
      vertex 4.55217 9.15 11.1622
    endloop
  endfacet
  facet normal 0 -1 0
    outer loop
      vertex 1.77792 9.15 10.5409
      vertex 4.55217 9.15 11.1622
      vertex 1.91238 9.15 10.7222
    endloop
  endfacet
  facet normal 0 -1 -0
    outer loop
      vertex 4.55217 9.15 11.1622
      vertex 1.77792 9.15 10.5409
      vertex 4.63645 9.15 11.1223
    endloop
  endfacet
  facet normal 0 -1 0
    outer loop
      vertex 1.62634 9.15 10.3737
      vertex 4.63645 9.15 11.1223
      vertex 1.77792 9.15 10.5409
    endloop
  endfacet
  facet normal 0 -1 -0
    outer loop
      vertex 4.63645 9.15 11.1223
      vertex 1.62634 9.15 10.3737
      vertex 4.72423 9.15 11.0909
    endloop
  endfacet
  facet normal 0 -1 0
    outer loop
      vertex 1.4591 9.15 10.2221
      vertex 4.72423 9.15 11.0909
      vertex 1.62634 9.15 10.3737
    endloop
  endfacet
  facet normal 0 -1 -0
    outer loop
      vertex 4.72423 9.15 11.0909
      vertex 1.4591 9.15 10.2221
      vertex 4.81466 9.15 11.0683
    endloop
  endfacet
  facet normal 0 -1 -0
    outer loop
      vertex 4.81466 9.15 11.0683
      vertex 1.4591 9.15 10.2221
      vertex 4.90688 9.15 11.0546
    endloop
  endfacet
  facet normal 0 -1 0
    outer loop
      vertex 1.27781 9.15 10.0876
      vertex 4.90688 9.15 11.0546
      vertex 1.4591 9.15 10.2221
    endloop
  endfacet
  facet normal 0 -1 -0
    outer loop
      vertex 4.90688 9.15 11.0546
      vertex 1.27781 9.15 10.0876
      vertex 5 9.15 11.05
    endloop
  endfacet
  facet normal 0 -1 -0
    outer loop
      vertex 5 9.15 11.05
      vertex 1.27781 9.15 10.0876
      vertex 10.5 9.15 7
    endloop
  endfacet
  facet normal 0 -1 0
    outer loop
      vertex 10.5 9.15 7
      vertex 1.27781 9.15 10.0876
      vertex 1.08421 9.15 9.97158
    endloop
  endfacet
  facet normal 0 -1 0
    outer loop
      vertex 10.5 9.15 7
      vertex 1.08421 9.15 9.97158
      vertex 0.880172 9.15 9.87508
    endloop
  endfacet
  facet normal 0 -1 0
    outer loop
      vertex 10.5 9.15 7
      vertex 0.880172 9.15 9.87508
      vertex 0.667654 9.15 9.79904
    endloop
  endfacet
  facet normal 0 -1 0
    outer loop
      vertex 10.5 9.15 7
      vertex 0.667654 9.15 9.79904
      vertex 0.448708 9.15 9.74419
    endloop
  endfacet
  facet normal 0 -1 0
    outer loop
      vertex 10.5 9.15 7
      vertex 0.448708 9.15 9.74419
      vertex 0.225439 9.15 9.71108
    endloop
  endfacet
  facet normal 0 -1 -0
    outer loop
      vertex -0.448708 9.15 9.74419
      vertex -10.5 9.15 2
      vertex -0.225439 9.15 9.71108
    endloop
  endfacet
  facet normal 0 -1 -0
    outer loop
      vertex -0.225439 9.15 9.71108
      vertex -10.5 9.15 2
      vertex 0 9.15 9.7
    endloop
  endfacet
  facet normal 0 -1 0
    outer loop
      vertex 10.5 9.15 2
      vertex 0 9.15 9.7
      vertex -10.5 9.15 2
    endloop
  endfacet
  facet normal 0 -1 0
    outer loop
      vertex 5 9.15 11.05
      vertex 10.5 9.15 7
      vertex 12.5 9.15 11.05
    endloop
  endfacet
  facet normal 0 -1 -0
    outer loop
      vertex 12.5 9.15 11.05
      vertex 10.5 9.15 7
      vertex 12.5 9.15 7
    endloop
  endfacet
  facet normal 0 -1 0
    outer loop
      vertex -12.5 9.15 22
      vertex 0 9.15 14.3
      vertex 12.5 9.15 22
    endloop
  endfacet
  facet normal 0 -1 0
    outer loop
      vertex -12.5 9.15 22
      vertex -0.225439 9.15 14.2889
      vertex 0 9.15 14.3
    endloop
  endfacet
  facet normal 0 -1 0
    outer loop
      vertex -12.5 9.15 22
      vertex -0.448708 9.15 14.2558
      vertex -0.225439 9.15 14.2889
    endloop
  endfacet
  facet normal 0 -1 0
    outer loop
      vertex -12.5 9.15 22
      vertex -0.667654 9.15 14.201
      vertex -0.448708 9.15 14.2558
    endloop
  endfacet
  facet normal 0 -1 0
    outer loop
      vertex -12.5 9.15 22
      vertex -0.880172 9.15 14.1249
      vertex -0.667654 9.15 14.201
    endloop
  endfacet
  facet normal 0 -1 0
    outer loop
      vertex -12.5 9.15 22
      vertex -1.08421 9.15 14.0284
      vertex -0.880172 9.15 14.1249
    endloop
  endfacet
  facet normal 0 -1 0
    outer loop
      vertex -12.5 9.15 22
      vertex -1.27781 9.15 13.9124
      vertex -1.08421 9.15 14.0284
    endloop
  endfacet
  facet normal 0 -1 0
    outer loop
      vertex -12.5 9.15 22
      vertex -1.4591 9.15 13.7779
      vertex -1.27781 9.15 13.9124
    endloop
  endfacet
  facet normal 0 -1 0
    outer loop
      vertex -12.5 9.15 22
      vertex -1.62634 9.15 13.6263
      vertex -1.4591 9.15 13.7779
    endloop
  endfacet
  facet normal 0 -1 0
    outer loop
      vertex -12.5 9.15 22
      vertex -1.77792 9.15 13.4591
      vertex -1.62634 9.15 13.6263
    endloop
  endfacet
  facet normal 0 -1 0
    outer loop
      vertex -12.5 9.15 22
      vertex -1.91238 9.15 13.2778
      vertex -1.77792 9.15 13.4591
    endloop
  endfacet
  facet normal 0 -1 0
    outer loop
      vertex -12.5 9.15 22
      vertex -2.02842 9.15 13.0842
      vertex -1.91238 9.15 13.2778
    endloop
  endfacet
  facet normal 0 -1 0
    outer loop
      vertex -12.5 9.15 22
      vertex -2.12492 9.15 12.8802
      vertex -2.02842 9.15 13.0842
    endloop
  endfacet
  facet normal 0 -1 0
    outer loop
      vertex -12.5 9.15 22
      vertex -2.20096 9.15 12.6677
      vertex -2.12492 9.15 12.8802
    endloop
  endfacet
  facet normal 0 -1 0
    outer loop
      vertex -10.5 9.15 7
      vertex -2.20096 9.15 12.6677
      vertex -12.5 9.15 22
    endloop
  endfacet
  facet normal 0 -1 0
    outer loop
      vertex -10.5 9.15 7
      vertex -12.5 9.15 22
      vertex -12.5 9.15 7
    endloop
  endfacet
  facet normal 0 -1 0
    outer loop
      vertex -2.20096 9.15 12.6677
      vertex -10.5 9.15 7
      vertex -2.25581 9.15 12.4487
    endloop
  endfacet
  facet normal 0 -1 0
    outer loop
      vertex -2.25581 9.15 12.4487
      vertex -10.5 9.15 7
      vertex -2.28892 9.15 12.2254
    endloop
  endfacet
  facet normal 0 -1 0
    outer loop
      vertex -2.28892 9.15 12.2254
      vertex -10.5 9.15 7
      vertex -2.3 9.15 12
    endloop
  endfacet
  facet normal 0 -1 -0
    outer loop
      vertex -2.3 9.15 12
      vertex -10.5 9.15 7
      vertex -2.28892 9.15 11.7746
    endloop
  endfacet
  facet normal 0 -1 -0
    outer loop
      vertex -2.28892 9.15 11.7746
      vertex -10.5 9.15 7
      vertex -2.25581 9.15 11.5513
    endloop
  endfacet
  facet normal 0 -1 -0
    outer loop
      vertex -2.25581 9.15 11.5513
      vertex -10.5 9.15 7
      vertex -2.20096 9.15 11.3323
    endloop
  endfacet
  facet normal 0 -1 -0
    outer loop
      vertex -2.20096 9.15 11.3323
      vertex -10.5 9.15 7
      vertex -2.12492 9.15 11.1198
    endloop
  endfacet
  facet normal 0 -1 -0
    outer loop
      vertex -2.12492 9.15 11.1198
      vertex -10.5 9.15 7
      vertex -2.02842 9.15 10.9158
    endloop
  endfacet
  facet normal 0 -1 -0
    outer loop
      vertex -2.02842 9.15 10.9158
      vertex -10.5 9.15 7
      vertex -1.91238 9.15 10.7222
    endloop
  endfacet
  facet normal 0 -1 -0
    outer loop
      vertex -0.667654 9.15 9.79904
      vertex -10.5 9.15 2
      vertex -0.448708 9.15 9.74419
    endloop
  endfacet
  facet normal 0 -1 -0
    outer loop
      vertex -0.880172 9.15 9.87508
      vertex -10.5 9.15 2
      vertex -0.667654 9.15 9.79904
    endloop
  endfacet
  facet normal 0 -1 -0
    outer loop
      vertex -1.08421 9.15 9.97158
      vertex -10.5 9.15 2
      vertex -0.880172 9.15 9.87508
    endloop
  endfacet
  facet normal 0 -1 0
    outer loop
      vertex -10.5 9.15 2
      vertex -1.08421 9.15 9.97158
      vertex -10.5 9.15 7
    endloop
  endfacet
  facet normal 0 -1 -0
    outer loop
      vertex -1.27781 9.15 10.0876
      vertex -10.5 9.15 7
      vertex -1.08421 9.15 9.97158
    endloop
  endfacet
  facet normal 0 -1 -0
    outer loop
      vertex -1.4591 9.15 10.2221
      vertex -10.5 9.15 7
      vertex -1.27781 9.15 10.0876
    endloop
  endfacet
  facet normal 0 -1 -0
    outer loop
      vertex -1.62634 9.15 10.3737
      vertex -10.5 9.15 7
      vertex -1.4591 9.15 10.2221
    endloop
  endfacet
  facet normal 0 -1 -0
    outer loop
      vertex -1.77792 9.15 10.5409
      vertex -10.5 9.15 7
      vertex -1.62634 9.15 10.3737
    endloop
  endfacet
  facet normal 0 -1 -0
    outer loop
      vertex -1.91238 9.15 10.7222
      vertex -10.5 9.15 7
      vertex -1.77792 9.15 10.5409
    endloop
  endfacet
  facet normal 0 -1 0
    outer loop
      vertex 0.225439 9.15 14.2889
      vertex 12.5 9.15 22
      vertex 0 9.15 14.3
    endloop
  endfacet
  facet normal 0 -1 0
    outer loop
      vertex 0.448708 9.15 14.2558
      vertex 12.5 9.15 22
      vertex 0.225439 9.15 14.2889
    endloop
  endfacet
  facet normal 0 -1 0
    outer loop
      vertex 0.667654 9.15 14.201
      vertex 12.5 9.15 22
      vertex 0.448708 9.15 14.2558
    endloop
  endfacet
  facet normal 0 -1 0
    outer loop
      vertex 0.880172 9.15 14.1249
      vertex 12.5 9.15 22
      vertex 0.667654 9.15 14.201
    endloop
  endfacet
  facet normal 0 -1 0
    outer loop
      vertex 1.08421 9.15 14.0284
      vertex 12.5 9.15 22
      vertex 0.880172 9.15 14.1249
    endloop
  endfacet
  facet normal 0 -1 0
    outer loop
      vertex 5 9.15 12.95
      vertex 1.08421 9.15 14.0284
      vertex 1.27781 9.15 13.9124
    endloop
  endfacet
  facet normal 0 -1 0
    outer loop
      vertex 4.90688 9.15 12.9454
      vertex 1.27781 9.15 13.9124
      vertex 1.4591 9.15 13.7779
    endloop
  endfacet
  facet normal 0 -1 0
    outer loop
      vertex 4.90688 9.15 12.9454
      vertex 1.4591 9.15 13.7779
      vertex 1.62634 9.15 13.6263
    endloop
  endfacet
  facet normal 0 -1 0
    outer loop
      vertex 4.90688 9.15 12.9454
      vertex 1.62634 9.15 13.6263
      vertex 1.77792 9.15 13.4591
    endloop
  endfacet
  facet normal 0 -1 0
    outer loop
      vertex 4.90688 9.15 12.9454
      vertex 1.77792 9.15 13.4591
      vertex 1.91238 9.15 13.2778
    endloop
  endfacet
  facet normal 0 -1 0
    outer loop
      vertex 4.39733 9.15 12.7344
      vertex 1.91238 9.15 13.2778
      vertex 2.02842 9.15 13.0842
    endloop
  endfacet
  facet normal 0 -1 0
    outer loop
      vertex 1.08421 9.15 14.0284
      vertex 5 9.15 12.95
      vertex 12.5 9.15 22
    endloop
  endfacet
  facet normal 0 -1 -0
    outer loop
      vertex 12.5 9.15 22
      vertex 5 9.15 12.95
      vertex 12.5 9.15 12.95
    endloop
  endfacet
  facet normal -1 0 0
    outer loop
      vertex 12.5 7.15 2
      vertex 12.5 6.75 6
      vertex 12.5 7.15 7
    endloop
  endfacet
  facet normal -1 0 0
    outer loop
      vertex 12.5 7.15 2
      vertex 12.5 -6.75 6
      vertex 12.5 6.75 6
    endloop
  endfacet
  facet normal -1 0 0
    outer loop
      vertex 12.5 -7.15 2
      vertex 12.5 -6.75 6
      vertex 12.5 7.15 2
    endloop
  endfacet
  facet normal -1 0 0
    outer loop
      vertex 12.5 -7.15 7
      vertex 12.5 -6.75 6
      vertex 12.5 -7.15 2
    endloop
  endfacet
  facet normal -1 0 0
    outer loop
      vertex 12.5 -6.75 6
      vertex 12.5 -7.15 7
      vertex 12.5 -6.75 22
    endloop
  endfacet
  facet normal -1 0 0
    outer loop
      vertex 12.5 -9.15 22
      vertex 12.5 -7.15 7
      vertex 12.5 -9.15 7
    endloop
  endfacet
  facet normal -1 0 0
    outer loop
      vertex 12.5 -7.15 7
      vertex 12.5 -9.15 22
      vertex 12.5 -6.75 22
    endloop
  endfacet
  facet normal -1 0 0
    outer loop
      vertex 12.5 9.15 7
      vertex 12.5 8.15 11.05
      vertex 12.5 9.15 11.05
    endloop
  endfacet
  facet normal -1 -0 0
    outer loop
      vertex 12.5 8.15 11.05
      vertex 12.5 7.15 7
      vertex 12.5 8.15 12.95
    endloop
  endfacet
  facet normal -1 0 0
    outer loop
      vertex 12.5 7.15 7
      vertex 12.5 8.15 11.05
      vertex 12.5 9.15 7
    endloop
  endfacet
  facet normal -1 0 0
    outer loop
      vertex 12.5 8.15 12.95
      vertex 12.5 9.15 22
      vertex 12.5 9.15 12.95
    endloop
  endfacet
  facet normal -1 0 0
    outer loop
      vertex 12.5 6.75 6
      vertex 12.5 8.15 12.95
      vertex 12.5 7.15 7
    endloop
  endfacet
  facet normal -1 -0 0
    outer loop
      vertex 12.5 8.15 12.95
      vertex 12.5 6.75 6
      vertex 12.5 6.75 22
    endloop
  endfacet
  facet normal -1 0 0
    outer loop
      vertex 12.5 8.15 12.95
      vertex 12.5 6.75 22
      vertex 12.5 9.15 22
    endloop
  endfacet
  facet normal 0 1 0
    outer loop
      vertex 12.5 -9.15 22
      vertex 9 -9.15 7.5
      vertex 9 -9.15 22
    endloop
  endfacet
  facet normal 0 1 -0
    outer loop
      vertex 10.5 -9.15 7
      vertex 9 -9.15 7.5
      vertex 12.5 -9.15 7
    endloop
  endfacet
  facet normal 0 1 -0
    outer loop
      vertex 12.5 -9.15 7
      vertex 9 -9.15 7.5
      vertex 12.5 -9.15 22
    endloop
  endfacet
  facet normal 0 1 0
    outer loop
      vertex 5 -9.15 9
      vertex 5 -9.15 7.5
      vertex 2.5 -9.15 9
    endloop
  endfacet
  facet normal 0 1 0
    outer loop
      vertex 5 -9.15 12
      vertex 5 -9.15 10.6
      vertex 2.5 -9.15 12
    endloop
  endfacet
  facet normal 0 1 0
    outer loop
      vertex 5 -9.15 15
      vertex 5 -9.15 13.6
      vertex 2.5 -9.15 15
    endloop
  endfacet
  facet normal 0 1 0
    outer loop
      vertex 2.5 -9.15 16.6
      vertex 5 -9.15 22
      vertex 5 -9.15 16.6
    endloop
  endfacet
  facet normal 0 1 0
    outer loop
      vertex 5 -9.15 22
      vertex 2.5 -9.15 16.6
      vertex -12.5 -9.15 22
    endloop
  endfacet
  facet normal 0 1 -0
    outer loop
      vertex 2.5 -9.15 15
      vertex -12.5 -9.15 22
      vertex 2.5 -9.15 16.6
    endloop
  endfacet
  facet normal 0 1 0
    outer loop
      vertex 2.5 -9.15 13.6
      vertex 2.5 -9.15 15
      vertex 5 -9.15 13.6
    endloop
  endfacet
  facet normal 0 1 0
    outer loop
      vertex -10.5 -9.15 7
      vertex 2.5 -9.15 15
      vertex 2.5 -9.15 13.6
    endloop
  endfacet
  facet normal 0 1 0
    outer loop
      vertex -10.5 -9.15 7
      vertex 2.5 -9.15 13.6
      vertex 2.5 -9.15 12
    endloop
  endfacet
  facet normal 0 1 0
    outer loop
      vertex 2.5 -9.15 10.6
      vertex 2.5 -9.15 12
      vertex 5 -9.15 10.6
    endloop
  endfacet
  facet normal 0 1 0
    outer loop
      vertex -10.5 -9.15 7
      vertex 2.5 -9.15 12
      vertex 2.5 -9.15 10.6
    endloop
  endfacet
  facet normal 0 1 0
    outer loop
      vertex -10.5 -9.15 7
      vertex 2.5 -9.15 10.6
      vertex 2.5 -9.15 9
    endloop
  endfacet
  facet normal 0 1 -0
    outer loop
      vertex 10.5 -9.15 2
      vertex 9 -9.15 7.5
      vertex 10.5 -9.15 7
    endloop
  endfacet
  facet normal 0 1 0
    outer loop
      vertex 9 -9.15 7.5
      vertex 10.5 -9.15 2
      vertex 5 -9.15 7.5
    endloop
  endfacet
  facet normal 0 1 0
    outer loop
      vertex -10.5 -9.15 2
      vertex 2.5 -9.15 9
      vertex 5 -9.15 7.5
    endloop
  endfacet
  facet normal 0 1 0
    outer loop
      vertex 2.5 -9.15 15
      vertex -10.5 -9.15 7
      vertex -12.5 -9.15 22
    endloop
  endfacet
  facet normal 0 1 0
    outer loop
      vertex -12.5 -9.15 22
      vertex -10.5 -9.15 7
      vertex -12.5 -9.15 7
    endloop
  endfacet
  facet normal 0 1 0
    outer loop
      vertex -10.5 -9.15 2
      vertex 5 -9.15 7.5
      vertex 10.5 -9.15 2
    endloop
  endfacet
  facet normal 0 1 0
    outer loop
      vertex 2.5 -9.15 9
      vertex -10.5 -9.15 2
      vertex -10.5 -9.15 7
    endloop
  endfacet
  facet normal -0.998795 -0.049075 0
    outer loop
      vertex 3 0 0
      vertex 2.97592 0.490086 1.4
      vertex 2.97592 0.490086 0
    endloop
  endfacet
  facet normal -0.998795 -0.049075 0
    outer loop
      vertex 2.97592 0.490086 1.4
      vertex 3 0 0
      vertex 3 0 1.4
    endloop
  endfacet
  facet normal 0.998795 -0.049075 0
    outer loop
      vertex -7 0 1.4
      vertex -6.97592 0.490086 0
      vertex -6.97592 0.490086 1.4
    endloop
  endfacet
  facet normal 0.998795 -0.049075 0
    outer loop
      vertex -6.97592 0.490086 0
      vertex -7 0 1.4
      vertex -7 0 0
    endloop
  endfacet
  facet normal 0.0490746 0.998795 -0
    outer loop
      vertex -2 -5 0
      vertex -2.49009 -4.97592 1.4
      vertex -2 -5 1.4
    endloop
  endfacet
  facet normal 0.0490746 0.998795 0
    outer loop
      vertex -2.49009 -4.97592 1.4
      vertex -2 -5 0
      vertex -2.49009 -4.97592 0
    endloop
  endfacet
  facet normal 0.740943 0.671568 0
    outer loop
      vertex -5.53553 -3.53553 1.4
      vertex -5.86505 -3.17197 0
      vertex -5.86505 -3.17197 1.4
    endloop
  endfacet
  facet normal 0.740943 0.671568 0
    outer loop
      vertex -5.86505 -3.17197 0
      vertex -5.53553 -3.53553 1.4
      vertex -5.53553 -3.53553 0
    endloop
  endfacet
  facet normal 0.671568 -0.740943 0
    outer loop
      vertex -5.53553 3.53553 0
      vertex -5.17197 3.86505 1.4
      vertex -5.53553 3.53553 1.4
    endloop
  endfacet
  facet normal 0.671568 -0.740943 0
    outer loop
      vertex -5.17197 3.86505 1.4
      vertex -5.53553 3.53553 0
      vertex -5.17197 3.86505 0
    endloop
  endfacet
  facet normal 0.336879 -0.941548 0
    outer loop
      vertex -3.91342 4.6194 0
      vertex -3.45142 4.7847 1.4
      vertex -3.91342 4.6194 1.4
    endloop
  endfacet
  facet normal 0.336879 -0.941548 0
    outer loop
      vertex -3.45142 4.7847 1.4
      vertex -3.91342 4.6194 0
      vertex -3.45142 4.7847 0
    endloop
  endfacet
  facet normal 0.970028 0.242992 0
    outer loop
      vertex -6.7847 -1.45142 1.4
      vertex -6.90393 -0.975451 0
      vertex -6.90393 -0.975451 1.4
    endloop
  endfacet
  facet normal 0.970028 0.242992 0
    outer loop
      vertex -6.90393 -0.975451 0
      vertex -6.7847 -1.45142 1.4
      vertex -6.7847 -1.45142 0
    endloop
  endfacet
  facet normal -0.740943 -0.671568 0
    outer loop
      vertex 1.86505 3.17197 0
      vertex 1.53553 3.53553 1.4
      vertex 1.53553 3.53553 0
    endloop
  endfacet
  facet normal -0.740943 -0.671568 0
    outer loop
      vertex 1.53553 3.53553 1.4
      vertex 1.86505 3.17197 0
      vertex 1.86505 3.17197 1.4
    endloop
  endfacet
  facet normal -0.857728 -0.514103 0
    outer loop
      vertex 2.40961 2.35698 0
      vertex 2.15735 2.77785 1.4
      vertex 2.15735 2.77785 0
    endloop
  endfacet
  facet normal -0.857728 -0.514103 0
    outer loop
      vertex 2.15735 2.77785 1.4
      vertex 2.40961 2.35698 0
      vertex 2.40961 2.35698 1.4
    endloop
  endfacet
  facet normal -0.427554 -0.90399 0
    outer loop
      vertex -0.0865822 4.6194 0
      vertex 0.356983 4.40961 1.4
      vertex -0.0865822 4.6194 1.4
    endloop
  endfacet
  facet normal -0.427554 -0.90399 -0
    outer loop
      vertex 0.356983 4.40961 1.4
      vertex -0.0865822 4.6194 0
      vertex 0.356983 4.40961 0
    endloop
  endfacet
  facet normal 0.857728 -0.514103 0
    outer loop
      vertex -6.40961 2.35698 1.4
      vertex -6.15735 2.77785 0
      vertex -6.15735 2.77785 1.4
    endloop
  endfacet
  facet normal 0.857728 -0.514103 0
    outer loop
      vertex -6.15735 2.77785 0
      vertex -6.40961 2.35698 1.4
      vertex -6.40961 2.35698 0
    endloop
  endfacet
  facet normal 0.803207 -0.5957 0
    outer loop
      vertex -6.15735 2.77785 1.4
      vertex -5.86505 3.17197 0
      vertex -5.86505 3.17197 1.4
    endloop
  endfacet
  facet normal 0.803207 -0.5957 0
    outer loop
      vertex -5.86505 3.17197 0
      vertex -6.15735 2.77785 1.4
      vertex -6.15735 2.77785 0
    endloop
  endfacet
  facet normal 0.146718 -0.989178 0
    outer loop
      vertex -2.97545 4.90393 0
      vertex -2.49009 4.97592 1.4
      vertex -2.97545 4.90393 1.4
    endloop
  endfacet
  facet normal 0.146718 -0.989178 0
    outer loop
      vertex -2.49009 4.97592 1.4
      vertex -2.97545 4.90393 0
      vertex -2.49009 4.97592 0
    endloop
  endfacet
  facet normal -0.857728 0.514103 0
    outer loop
      vertex 2.15735 -2.77785 0
      vertex 2.40961 -2.35698 1.4
      vertex 2.40961 -2.35698 0
    endloop
  endfacet
  facet normal -0.857728 0.514103 0
    outer loop
      vertex 2.40961 -2.35698 1.4
      vertex 2.15735 -2.77785 0
      vertex 2.15735 -2.77785 1.4
    endloop
  endfacet
  facet normal -0.242989 0.970029 0
    outer loop
      vertex -0.548576 -4.7847 0
      vertex -1.02455 -4.90393 1.4
      vertex -0.548576 -4.7847 1.4
    endloop
  endfacet
  facet normal -0.242989 0.970029 0
    outer loop
      vertex -1.02455 -4.90393 1.4
      vertex -0.548576 -4.7847 0
      vertex -1.02455 -4.90393 0
    endloop
  endfacet
  facet normal -0.671568 0.740943 0
    outer loop
      vertex 1.53553 -3.53553 0
      vertex 1.17197 -3.86505 1.4
      vertex 1.53553 -3.53553 1.4
    endloop
  endfacet
  facet normal -0.671568 0.740943 0
    outer loop
      vertex 1.17197 -3.86505 1.4
      vertex 1.53553 -3.53553 0
      vertex 1.17197 -3.86505 0
    endloop
  endfacet
  facet normal -0.970028 0.242992 0
    outer loop
      vertex 2.7847 -1.45142 0
      vertex 2.90393 -0.975451 1.4
      vertex 2.90393 -0.975451 0
    endloop
  endfacet
  facet normal -0.970028 0.242992 0
    outer loop
      vertex 2.90393 -0.975451 1.4
      vertex 2.7847 -1.45142 0
      vertex 2.7847 -1.45142 1.4
    endloop
  endfacet
  facet normal 0.427558 0.903988 -0
    outer loop
      vertex -3.91342 -4.6194 0
      vertex -4.35698 -4.40961 1.4
      vertex -3.91342 -4.6194 1.4
    endloop
  endfacet
  facet normal 0.427558 0.903988 0
    outer loop
      vertex -4.35698 -4.40961 1.4
      vertex -3.91342 -4.6194 0
      vertex -4.35698 -4.40961 0
    endloop
  endfacet
  facet normal 0.336879 0.941548 -0
    outer loop
      vertex -3.45142 -4.7847 0
      vertex -3.91342 -4.6194 1.4
      vertex -3.45142 -4.7847 1.4
    endloop
  endfacet
  facet normal 0.336879 0.941548 0
    outer loop
      vertex -3.91342 -4.6194 1.4
      vertex -3.45142 -4.7847 0
      vertex -3.91342 -4.6194 0
    endloop
  endfacet
  facet normal 0.989179 0.146716 0
    outer loop
      vertex -6.90393 -0.975451 1.4
      vertex -6.97592 -0.490086 0
      vertex -6.97592 -0.490086 1.4
    endloop
  endfacet
  facet normal 0.989179 0.146716 0
    outer loop
      vertex -6.97592 -0.490086 0
      vertex -6.90393 -0.975451 1.4
      vertex -6.90393 -0.975451 0
    endloop
  endfacet
  facet normal -0.989179 -0.146716 0
    outer loop
      vertex 2.97592 0.490086 0
      vertex 2.90393 0.975451 1.4
      vertex 2.90393 0.975451 0
    endloop
  endfacet
  facet normal -0.989179 -0.146716 0
    outer loop
      vertex 2.90393 0.975451 1.4
      vertex 2.97592 0.490086 0
      vertex 2.97592 0.490086 1.4
    endloop
  endfacet
  facet normal -0.941548 -0.336879 0
    outer loop
      vertex 2.7847 1.45142 0
      vertex 2.6194 1.91342 1.4
      vertex 2.6194 1.91342 0
    endloop
  endfacet
  facet normal -0.941548 -0.336879 0
    outer loop
      vertex 2.6194 1.91342 1.4
      vertex 2.7847 1.45142 0
      vertex 2.7847 1.45142 1.4
    endloop
  endfacet
  facet normal -0.803207 -0.5957 0
    outer loop
      vertex 2.15735 2.77785 0
      vertex 1.86505 3.17197 1.4
      vertex 1.86505 3.17197 0
    endloop
  endfacet
  facet normal -0.803207 -0.5957 0
    outer loop
      vertex 1.86505 3.17197 1.4
      vertex 2.15735 2.77785 0
      vertex 2.15735 2.77785 1.4
    endloop
  endfacet
  facet normal -0.242989 -0.970029 0
    outer loop
      vertex -1.02455 4.90393 0
      vertex -0.548576 4.7847 1.4
      vertex -1.02455 4.90393 1.4
    endloop
  endfacet
  facet normal -0.242989 -0.970029 -0
    outer loop
      vertex -0.548576 4.7847 1.4
      vertex -1.02455 4.90393 0
      vertex -0.548576 4.7847 0
    endloop
  endfacet
  facet normal -0.336883 -0.941547 0
    outer loop
      vertex -0.548576 4.7847 0
      vertex -0.0865822 4.6194 1.4
      vertex -0.548576 4.7847 1.4
    endloop
  endfacet
  facet normal -0.336883 -0.941547 -0
    outer loop
      vertex -0.0865822 4.6194 1.4
      vertex -0.548576 4.7847 0
      vertex -0.0865822 4.6194 0
    endloop
  endfacet
  facet normal -0.146718 -0.989178 0
    outer loop
      vertex -1.50991 4.97592 0
      vertex -1.02455 4.90393 1.4
      vertex -1.50991 4.97592 1.4
    endloop
  endfacet
  facet normal -0.146718 -0.989178 -0
    outer loop
      vertex -1.02455 4.90393 1.4
      vertex -1.50991 4.97592 0
      vertex -1.02455 4.90393 0
    endloop
  endfacet
  facet normal -0.514105 -0.857727 0
    outer loop
      vertex 0.356983 4.40961 0
      vertex 0.777851 4.15735 1.4
      vertex 0.356983 4.40961 1.4
    endloop
  endfacet
  facet normal -0.514105 -0.857727 -0
    outer loop
      vertex 0.777851 4.15735 1.4
      vertex 0.356983 4.40961 0
      vertex 0.777851 4.15735 0
    endloop
  endfacet
  facet normal -0.671568 -0.740943 0
    outer loop
      vertex 1.17197 3.86505 0
      vertex 1.53553 3.53553 1.4
      vertex 1.17197 3.86505 1.4
    endloop
  endfacet
  facet normal -0.671568 -0.740943 -0
    outer loop
      vertex 1.53553 3.53553 1.4
      vertex 1.17197 3.86505 0
      vertex 1.53553 3.53553 0
    endloop
  endfacet
  facet normal 0.970028 -0.242992 0
    outer loop
      vertex -6.90393 0.975451 1.4
      vertex -6.7847 1.45142 0
      vertex -6.7847 1.45142 1.4
    endloop
  endfacet
  facet normal 0.970028 -0.242992 0
    outer loop
      vertex -6.7847 1.45142 0
      vertex -6.90393 0.975451 1.4
      vertex -6.90393 0.975451 0
    endloop
  endfacet
  facet normal 0.903988 -0.427558 0
    outer loop
      vertex -6.6194 1.91342 1.4
      vertex -6.40961 2.35698 0
      vertex -6.40961 2.35698 1.4
    endloop
  endfacet
  facet normal 0.903988 -0.427558 0
    outer loop
      vertex -6.40961 2.35698 0
      vertex -6.6194 1.91342 1.4
      vertex -6.6194 1.91342 0
    endloop
  endfacet
  facet normal 0.941548 -0.336879 0
    outer loop
      vertex -6.7847 1.45142 1.4
      vertex -6.6194 1.91342 0
      vertex -6.6194 1.91342 1.4
    endloop
  endfacet
  facet normal 0.941548 -0.336879 0
    outer loop
      vertex -6.6194 1.91342 0
      vertex -6.7847 1.45142 1.4
      vertex -6.7847 1.45142 0
    endloop
  endfacet
  facet normal 0.989179 -0.146716 0
    outer loop
      vertex -6.97592 0.490086 1.4
      vertex -6.90393 0.975451 0
      vertex -6.90393 0.975451 1.4
    endloop
  endfacet
  facet normal 0.989179 -0.146716 0
    outer loop
      vertex -6.90393 0.975451 0
      vertex -6.97592 0.490086 1.4
      vertex -6.97592 0.490086 0
    endloop
  endfacet
  facet normal 0.514103 -0.857728 0
    outer loop
      vertex -4.77785 4.15735 0
      vertex -4.35698 4.40961 1.4
      vertex -4.77785 4.15735 1.4
    endloop
  endfacet
  facet normal 0.514103 -0.857728 0
    outer loop
      vertex -4.35698 4.40961 1.4
      vertex -4.77785 4.15735 0
      vertex -4.35698 4.40961 0
    endloop
  endfacet
  facet normal 0.0490746 -0.998795 0
    outer loop
      vertex -2.49009 4.97592 0
      vertex -2 5 1.4
      vertex -2.49009 4.97592 1.4
    endloop
  endfacet
  facet normal 0.0490746 -0.998795 0
    outer loop
      vertex -2 5 1.4
      vertex -2.49009 4.97592 0
      vertex -2 5 0
    endloop
  endfacet
  facet normal -0.0490746 0.998795 0
    outer loop
      vertex -1.50991 -4.97592 0
      vertex -2 -5 1.4
      vertex -1.50991 -4.97592 1.4
    endloop
  endfacet
  facet normal -0.0490746 0.998795 0
    outer loop
      vertex -2 -5 1.4
      vertex -1.50991 -4.97592 0
      vertex -2 -5 0
    endloop
  endfacet
  facet normal -0.427554 0.90399 0
    outer loop
      vertex 0.356983 -4.40961 0
      vertex -0.0865822 -4.6194 1.4
      vertex 0.356983 -4.40961 1.4
    endloop
  endfacet
  facet normal -0.427554 0.90399 0
    outer loop
      vertex -0.0865822 -4.6194 1.4
      vertex 0.356983 -4.40961 0
      vertex -0.0865822 -4.6194 0
    endloop
  endfacet
  facet normal -0.595701 0.803206 0
    outer loop
      vertex 1.17197 -3.86505 0
      vertex 0.777851 -4.15735 1.4
      vertex 1.17197 -3.86505 1.4
    endloop
  endfacet
  facet normal -0.595701 0.803206 0
    outer loop
      vertex 0.777851 -4.15735 1.4
      vertex 1.17197 -3.86505 0
      vertex 0.777851 -4.15735 0
    endloop
  endfacet
  facet normal -0.740943 0.671568 0
    outer loop
      vertex 1.53553 -3.53553 0
      vertex 1.86505 -3.17197 1.4
      vertex 1.86505 -3.17197 0
    endloop
  endfacet
  facet normal -0.740943 0.671568 0
    outer loop
      vertex 1.86505 -3.17197 1.4
      vertex 1.53553 -3.53553 0
      vertex 1.53553 -3.53553 1.4
    endloop
  endfacet
  facet normal -0.803207 0.5957 0
    outer loop
      vertex 1.86505 -3.17197 0
      vertex 2.15735 -2.77785 1.4
      vertex 2.15735 -2.77785 0
    endloop
  endfacet
  facet normal -0.803207 0.5957 0
    outer loop
      vertex 2.15735 -2.77785 1.4
      vertex 1.86505 -3.17197 0
      vertex 1.86505 -3.17197 1.4
    endloop
  endfacet
  facet normal 0.242991 0.970029 -0
    outer loop
      vertex -2.97545 -4.90393 0
      vertex -3.45142 -4.7847 1.4
      vertex -2.97545 -4.90393 1.4
    endloop
  endfacet
  facet normal 0.242991 0.970029 0
    outer loop
      vertex -3.45142 -4.7847 1.4
      vertex -2.97545 -4.90393 0
      vertex -3.45142 -4.7847 0
    endloop
  endfacet
  facet normal 0.5957 0.803207 -0
    outer loop
      vertex -4.77785 -4.15735 0
      vertex -5.17197 -3.86505 1.4
      vertex -4.77785 -4.15735 1.4
    endloop
  endfacet
  facet normal 0.5957 0.803207 0
    outer loop
      vertex -5.17197 -3.86505 1.4
      vertex -4.77785 -4.15735 0
      vertex -5.17197 -3.86505 0
    endloop
  endfacet
  facet normal 0.514103 0.857728 -0
    outer loop
      vertex -4.35698 -4.40961 0
      vertex -4.77785 -4.15735 1.4
      vertex -4.35698 -4.40961 1.4
    endloop
  endfacet
  facet normal 0.514103 0.857728 0
    outer loop
      vertex -4.77785 -4.15735 1.4
      vertex -4.35698 -4.40961 0
      vertex -4.77785 -4.15735 0
    endloop
  endfacet
  facet normal 0.146718 0.989178 -0
    outer loop
      vertex -2.49009 -4.97592 0
      vertex -2.97545 -4.90393 1.4
      vertex -2.49009 -4.97592 1.4
    endloop
  endfacet
  facet normal 0.146718 0.989178 0
    outer loop
      vertex -2.97545 -4.90393 1.4
      vertex -2.49009 -4.97592 0
      vertex -2.97545 -4.90393 0
    endloop
  endfacet
  facet normal 0.903988 0.427558 0
    outer loop
      vertex -6.40961 -2.35698 1.4
      vertex -6.6194 -1.91342 0
      vertex -6.6194 -1.91342 1.4
    endloop
  endfacet
  facet normal 0.903988 0.427558 0
    outer loop
      vertex -6.6194 -1.91342 0
      vertex -6.40961 -2.35698 1.4
      vertex -6.40961 -2.35698 0
    endloop
  endfacet
  facet normal 0.857728 0.514103 0
    outer loop
      vertex -6.15735 -2.77785 1.4
      vertex -6.40961 -2.35698 0
      vertex -6.40961 -2.35698 1.4
    endloop
  endfacet
  facet normal 0.857728 0.514103 0
    outer loop
      vertex -6.40961 -2.35698 0
      vertex -6.15735 -2.77785 1.4
      vertex -6.15735 -2.77785 0
    endloop
  endfacet
  facet normal 0.941548 0.336879 0
    outer loop
      vertex -6.6194 -1.91342 1.4
      vertex -6.7847 -1.45142 0
      vertex -6.7847 -1.45142 1.4
    endloop
  endfacet
  facet normal 0.941548 0.336879 0
    outer loop
      vertex -6.7847 -1.45142 0
      vertex -6.6194 -1.91342 1.4
      vertex -6.6194 -1.91342 0
    endloop
  endfacet
  facet normal 0.998795 0.049075 0
    outer loop
      vertex -6.97592 -0.490086 1.4
      vertex -7 0 0
      vertex -7 0 1.4
    endloop
  endfacet
  facet normal 0.998795 0.049075 0
    outer loop
      vertex -7 0 0
      vertex -6.97592 -0.490086 1.4
      vertex -6.97592 -0.490086 0
    endloop
  endfacet
  facet normal -0.970028 -0.242992 0
    outer loop
      vertex 2.90393 0.975451 0
      vertex 2.7847 1.45142 1.4
      vertex 2.7847 1.45142 0
    endloop
  endfacet
  facet normal -0.970028 -0.242992 0
    outer loop
      vertex 2.7847 1.45142 1.4
      vertex 2.90393 0.975451 0
      vertex 2.90393 0.975451 1.4
    endloop
  endfacet
  facet normal -0.903988 -0.427558 0
    outer loop
      vertex 2.6194 1.91342 0
      vertex 2.40961 2.35698 1.4
      vertex 2.40961 2.35698 0
    endloop
  endfacet
  facet normal -0.903988 -0.427558 0
    outer loop
      vertex 2.40961 2.35698 1.4
      vertex 2.6194 1.91342 0
      vertex 2.6194 1.91342 1.4
    endloop
  endfacet
  facet normal -0.0490746 -0.998795 0
    outer loop
      vertex -2 5 0
      vertex -1.50991 4.97592 1.4
      vertex -2 5 1.4
    endloop
  endfacet
  facet normal -0.0490746 -0.998795 -0
    outer loop
      vertex -1.50991 4.97592 1.4
      vertex -2 5 0
      vertex -1.50991 4.97592 0
    endloop
  endfacet
  facet normal -0.595701 -0.803206 0
    outer loop
      vertex 0.777851 4.15735 0
      vertex 1.17197 3.86505 1.4
      vertex 0.777851 4.15735 1.4
    endloop
  endfacet
  facet normal -0.595701 -0.803206 -0
    outer loop
      vertex 1.17197 3.86505 1.4
      vertex 0.777851 4.15735 0
      vertex 1.17197 3.86505 0
    endloop
  endfacet
  facet normal 0.740943 -0.671568 0
    outer loop
      vertex -5.86505 3.17197 1.4
      vertex -5.53553 3.53553 0
      vertex -5.53553 3.53553 1.4
    endloop
  endfacet
  facet normal 0.740943 -0.671568 0
    outer loop
      vertex -5.53553 3.53553 0
      vertex -5.86505 3.17197 1.4
      vertex -5.86505 3.17197 0
    endloop
  endfacet
  facet normal 0.5957 -0.803207 0
    outer loop
      vertex -5.17197 3.86505 0
      vertex -4.77785 4.15735 1.4
      vertex -5.17197 3.86505 1.4
    endloop
  endfacet
  facet normal 0.5957 -0.803207 0
    outer loop
      vertex -4.77785 4.15735 1.4
      vertex -5.17197 3.86505 0
      vertex -4.77785 4.15735 0
    endloop
  endfacet
  facet normal 0.427558 -0.903988 0
    outer loop
      vertex -4.35698 4.40961 0
      vertex -3.91342 4.6194 1.4
      vertex -4.35698 4.40961 1.4
    endloop
  endfacet
  facet normal 0.427558 -0.903988 0
    outer loop
      vertex -3.91342 4.6194 1.4
      vertex -4.35698 4.40961 0
      vertex -3.91342 4.6194 0
    endloop
  endfacet
  facet normal 0.242991 -0.970029 0
    outer loop
      vertex -3.45142 4.7847 0
      vertex -2.97545 4.90393 1.4
      vertex -3.45142 4.7847 1.4
    endloop
  endfacet
  facet normal 0.242991 -0.970029 0
    outer loop
      vertex -2.97545 4.90393 1.4
      vertex -3.45142 4.7847 0
      vertex -2.97545 4.90393 0
    endloop
  endfacet
  facet normal -0.146718 0.989178 0
    outer loop
      vertex -1.02455 -4.90393 0
      vertex -1.50991 -4.97592 1.4
      vertex -1.02455 -4.90393 1.4
    endloop
  endfacet
  facet normal -0.146718 0.989178 0
    outer loop
      vertex -1.50991 -4.97592 1.4
      vertex -1.02455 -4.90393 0
      vertex -1.50991 -4.97592 0
    endloop
  endfacet
  facet normal -0.336883 0.941547 0
    outer loop
      vertex -0.0865822 -4.6194 0
      vertex -0.548576 -4.7847 1.4
      vertex -0.0865822 -4.6194 1.4
    endloop
  endfacet
  facet normal -0.336883 0.941547 0
    outer loop
      vertex -0.548576 -4.7847 1.4
      vertex -0.0865822 -4.6194 0
      vertex -0.548576 -4.7847 0
    endloop
  endfacet
  facet normal -0.514105 0.857727 0
    outer loop
      vertex 0.777851 -4.15735 0
      vertex 0.356983 -4.40961 1.4
      vertex 0.777851 -4.15735 1.4
    endloop
  endfacet
  facet normal -0.514105 0.857727 0
    outer loop
      vertex 0.356983 -4.40961 1.4
      vertex 0.777851 -4.15735 0
      vertex 0.356983 -4.40961 0
    endloop
  endfacet
  facet normal -0.941548 0.336879 0
    outer loop
      vertex 2.6194 -1.91342 0
      vertex 2.7847 -1.45142 1.4
      vertex 2.7847 -1.45142 0
    endloop
  endfacet
  facet normal -0.941548 0.336879 0
    outer loop
      vertex 2.7847 -1.45142 1.4
      vertex 2.6194 -1.91342 0
      vertex 2.6194 -1.91342 1.4
    endloop
  endfacet
  facet normal -0.989179 0.146716 0
    outer loop
      vertex 2.90393 -0.975451 0
      vertex 2.97592 -0.490086 1.4
      vertex 2.97592 -0.490086 0
    endloop
  endfacet
  facet normal -0.989179 0.146716 0
    outer loop
      vertex 2.97592 -0.490086 1.4
      vertex 2.90393 -0.975451 0
      vertex 2.90393 -0.975451 1.4
    endloop
  endfacet
  facet normal -0.998795 0.049075 0
    outer loop
      vertex 2.97592 -0.490086 0
      vertex 3 0 1.4
      vertex 3 0 0
    endloop
  endfacet
  facet normal -0.998795 0.049075 0
    outer loop
      vertex 3 0 1.4
      vertex 2.97592 -0.490086 0
      vertex 2.97592 -0.490086 1.4
    endloop
  endfacet
  facet normal 0.671568 0.740943 -0
    outer loop
      vertex -5.17197 -3.86505 0
      vertex -5.53553 -3.53553 1.4
      vertex -5.17197 -3.86505 1.4
    endloop
  endfacet
  facet normal 0.671568 0.740943 0
    outer loop
      vertex -5.53553 -3.53553 1.4
      vertex -5.17197 -3.86505 0
      vertex -5.53553 -3.53553 0
    endloop
  endfacet
  facet normal 0.803207 0.5957 0
    outer loop
      vertex -5.86505 -3.17197 1.4
      vertex -6.15735 -2.77785 0
      vertex -6.15735 -2.77785 1.4
    endloop
  endfacet
  facet normal 0.803207 0.5957 0
    outer loop
      vertex -6.15735 -2.77785 0
      vertex -5.86505 -3.17197 1.4
      vertex -5.86505 -3.17197 0
    endloop
  endfacet
  facet normal -0.903988 0.427558 0
    outer loop
      vertex 2.40961 -2.35698 0
      vertex 2.6194 -1.91342 1.4
      vertex 2.6194 -1.91342 0
    endloop
  endfacet
  facet normal -0.903988 0.427558 0
    outer loop
      vertex 2.6194 -1.91342 1.4
      vertex 2.40961 -2.35698 0
      vertex 2.40961 -2.35698 1.4
    endloop
  endfacet
  facet normal -0.998795 -0.0490722 0
    outer loop
      vertex 5 0 1.4
      vertex 4.96629 0.686119 2
      vertex 4.96629 0.686119 1.4
    endloop
  endfacet
  facet normal -0.998795 -0.0490722 0
    outer loop
      vertex 4.96629 0.686119 2
      vertex 5 0 1.4
      vertex 5 0 2
    endloop
  endfacet
  facet normal 0.998795 -0.0490722 0
    outer loop
      vertex -9 0 2
      vertex -8.96629 0.686119 1.4
      vertex -8.96629 0.686119 2
    endloop
  endfacet
  facet normal 0.998795 -0.0490722 0
    outer loop
      vertex -8.96629 0.686119 1.4
      vertex -9 0 2
      vertex -9 0 1.4
    endloop
  endfacet
  facet normal 0.0490722 0.998795 -0
    outer loop
      vertex -2 -7 1.4
      vertex -2.68612 -6.96629 2
      vertex -2 -7 2
    endloop
  endfacet
  facet normal 0.0490722 0.998795 0
    outer loop
      vertex -2.68612 -6.96629 2
      vertex -2 -7 1.4
      vertex -2.68612 -6.96629 1.4
    endloop
  endfacet
  facet normal 0.740959 0.67155 0
    outer loop
      vertex -6.94975 -4.94975 2
      vertex -7.41107 -4.44075 1.4
      vertex -7.41107 -4.44075 2
    endloop
  endfacet
  facet normal 0.740959 0.67155 0
    outer loop
      vertex -7.41107 -4.44075 1.4
      vertex -6.94975 -4.94975 2
      vertex -6.94975 -4.94975 1.4
    endloop
  endfacet
  facet normal 0.67155 -0.740959 0
    outer loop
      vertex -6.94975 4.94975 1.4
      vertex -6.44075 5.41107 2
      vertex -6.94975 4.94975 2
    endloop
  endfacet
  facet normal 0.67155 -0.740959 0
    outer loop
      vertex -6.44075 5.41107 2
      vertex -6.94975 4.94975 1.4
      vertex -6.44075 5.41107 1.4
    endloop
  endfacet
  facet normal 0.336883 -0.941546 0
    outer loop
      vertex -4.67878 6.46716 1.4
      vertex -4.03199 6.69858 2
      vertex -4.67878 6.46716 2
    endloop
  endfacet
  facet normal 0.336883 -0.941546 0
    outer loop
      vertex -4.03199 6.69858 2
      vertex -4.67878 6.46716 1.4
      vertex -4.03199 6.69858 1.4
    endloop
  endfacet
  facet normal 0.970029 0.242988 0
    outer loop
      vertex -8.69858 -2.03199 2
      vertex -8.8655 -1.36563 1.4
      vertex -8.8655 -1.36563 2
    endloop
  endfacet
  facet normal 0.970029 0.242988 0
    outer loop
      vertex -8.8655 -1.36563 1.4
      vertex -8.69858 -2.03199 2
      vertex -8.69858 -2.03199 1.4
    endloop
  endfacet
  facet normal -0.67155 -0.740959 0
    outer loop
      vertex 2.44075 5.41107 1.4
      vertex 2.94975 4.94975 2
      vertex 2.44075 5.41107 2
    endloop
  endfacet
  facet normal -0.67155 -0.740959 -0
    outer loop
      vertex 2.94975 4.94975 2
      vertex 2.44075 5.41107 1.4
      vertex 2.94975 4.94975 1.4
    endloop
  endfacet
  facet normal -0.514104 -0.857728 0
    outer loop
      vertex 1.29978 6.17345 1.4
      vertex 1.88899 5.82029 2
      vertex 1.29978 6.17345 2
    endloop
  endfacet
  facet normal -0.514104 -0.857728 -0
    outer loop
      vertex 1.88899 5.82029 2
      vertex 1.29978 6.17345 1.4
      vertex 1.88899 5.82029 1.4
    endloop
  endfacet
  facet normal 0.857728 -0.514104 0
    outer loop
      vertex -8.17345 3.29978 2
      vertex -7.82029 3.88899 1.4
      vertex -7.82029 3.88899 2
    endloop
  endfacet
  facet normal 0.857728 -0.514104 0
    outer loop
      vertex -7.82029 3.88899 1.4
      vertex -8.17345 3.29978 2
      vertex -8.17345 3.29978 1.4
    endloop
  endfacet
  facet normal 0.803203 -0.595706 0
    outer loop
      vertex -7.82029 3.88899 2
      vertex -7.41107 4.44075 1.4
      vertex -7.41107 4.44075 2
    endloop
  endfacet
  facet normal 0.803203 -0.595706 0
    outer loop
      vertex -7.41107 4.44075 1.4
      vertex -7.82029 3.88899 2
      vertex -7.82029 3.88899 1.4
    endloop
  endfacet
  facet normal 0.146722 -0.989178 0
    outer loop
      vertex -3.36563 6.8655 1.4
      vertex -2.68612 6.96629 2
      vertex -3.36563 6.8655 2
    endloop
  endfacet
  facet normal 0.146722 -0.989178 0
    outer loop
      vertex -2.68612 6.96629 2
      vertex -3.36563 6.8655 1.4
      vertex -2.68612 6.96629 1.4
    endloop
  endfacet
  facet normal -0.90399 0.427554 0
    outer loop
      vertex 4.17345 -3.29978 1.4
      vertex 4.46716 -2.67878 2
      vertex 4.46716 -2.67878 1.4
    endloop
  endfacet
  facet normal -0.90399 0.427554 0
    outer loop
      vertex 4.46716 -2.67878 2
      vertex 4.17345 -3.29978 1.4
      vertex 4.17345 -3.29978 2
    endloop
  endfacet
  facet normal -0.242988 0.970029 0
    outer loop
      vertex 0.031992 -6.69858 1.4
      vertex -0.634367 -6.8655 2
      vertex 0.031992 -6.69858 2
    endloop
  endfacet
  facet normal -0.242988 0.970029 0
    outer loop
      vertex -0.634367 -6.8655 2
      vertex 0.031992 -6.69858 1.4
      vertex -0.634367 -6.8655 1.4
    endloop
  endfacet
  facet normal 0 0 1
    outer loop
      vertex 3 0 1.4
      vertex 5 0 1.4
      vertex 4.96629 0.686119 1.4
    endloop
  endfacet
  facet normal 0 0 1
    outer loop
      vertex 2.97592 0.490086 1.4
      vertex 4.96629 0.686119 1.4
      vertex 4.8655 1.36563 1.4
    endloop
  endfacet
  facet normal 0 0 1
    outer loop
      vertex 5 0 1.4
      vertex 3 0 1.4
      vertex 4.96629 -0.686119 1.4
    endloop
  endfacet
  facet normal 0 0 1
    outer loop
      vertex 2.90393 0.975451 1.4
      vertex 4.8655 1.36563 1.4
      vertex 4.69858 2.03199 1.4
    endloop
  endfacet
  facet normal -0 0 1
    outer loop
      vertex 2.97592 -0.490086 1.4
      vertex 4.96629 -0.686119 1.4
      vertex 3 0 1.4
    endloop
  endfacet
  facet normal 0 0 1
    outer loop
      vertex 2.7847 1.45142 1.4
      vertex 4.69858 2.03199 1.4
      vertex 4.46716 2.67878 1.4
    endloop
  endfacet
  facet normal 0 0 1
    outer loop
      vertex 4.96629 -0.686119 1.4
      vertex 2.97592 -0.490086 1.4
      vertex 4.8655 -1.36563 1.4
    endloop
  endfacet
  facet normal 0 0 1
    outer loop
      vertex 2.6194 1.91342 1.4
      vertex 4.46716 2.67878 1.4
      vertex 4.17345 3.29978 1.4
    endloop
  endfacet
  facet normal -0 0 1
    outer loop
      vertex 2.90393 -0.975451 1.4
      vertex 4.8655 -1.36563 1.4
      vertex 2.97592 -0.490086 1.4
    endloop
  endfacet
  facet normal 0 0 1
    outer loop
      vertex 2.40961 2.35698 1.4
      vertex 4.17345 3.29978 1.4
      vertex 3.82029 3.88899 1.4
    endloop
  endfacet
  facet normal 0 0 1
    outer loop
      vertex 4.8655 -1.36563 1.4
      vertex 2.90393 -0.975451 1.4
      vertex 4.69858 -2.03199 1.4
    endloop
  endfacet
  facet normal 0 0 1
    outer loop
      vertex 2.15735 2.77785 1.4
      vertex 3.82029 3.88899 1.4
      vertex 3.41107 4.44075 1.4
    endloop
  endfacet
  facet normal -0 0 1
    outer loop
      vertex 2.7847 -1.45142 1.4
      vertex 4.69858 -2.03199 1.4
      vertex 2.90393 -0.975451 1.4
    endloop
  endfacet
  facet normal 0 0 1
    outer loop
      vertex 4.69858 -2.03199 1.4
      vertex 2.7847 -1.45142 1.4
      vertex 4.46716 -2.67878 1.4
    endloop
  endfacet
  facet normal 0 0 1
    outer loop
      vertex 4.96629 0.686119 1.4
      vertex 2.97592 0.490086 1.4
      vertex 3 0 1.4
    endloop
  endfacet
  facet normal 0 0 1
    outer loop
      vertex 1.86505 3.17197 1.4
      vertex 3.41107 4.44075 1.4
      vertex 2.94975 4.94975 1.4
    endloop
  endfacet
  facet normal 0 0 1
    outer loop
      vertex 4.8655 1.36563 1.4
      vertex 2.90393 0.975451 1.4
      vertex 2.97592 0.490086 1.4
    endloop
  endfacet
  facet normal 0 0 1
    outer loop
      vertex 4.69858 2.03199 1.4
      vertex 2.7847 1.45142 1.4
      vertex 2.90393 0.975451 1.4
    endloop
  endfacet
  facet normal 0 0 1
    outer loop
      vertex 4.46716 2.67878 1.4
      vertex 2.6194 1.91342 1.4
      vertex 2.7847 1.45142 1.4
    endloop
  endfacet
  facet normal 0 0 1
    outer loop
      vertex 1.53553 3.53553 1.4
      vertex 2.94975 4.94975 1.4
      vertex 2.44075 5.41107 1.4
    endloop
  endfacet
  facet normal 0 0 1
    outer loop
      vertex 4.17345 3.29978 1.4
      vertex 2.40961 2.35698 1.4
      vertex 2.6194 1.91342 1.4
    endloop
  endfacet
  facet normal 0 0 1
    outer loop
      vertex 3.82029 3.88899 1.4
      vertex 2.15735 2.77785 1.4
      vertex 2.40961 2.35698 1.4
    endloop
  endfacet
  facet normal 0 0 1
    outer loop
      vertex 1.17197 3.86505 1.4
      vertex 2.44075 5.41107 1.4
      vertex 1.88899 5.82029 1.4
    endloop
  endfacet
  facet normal 0 0 1
    outer loop
      vertex 3.41107 4.44075 1.4
      vertex 1.86505 3.17197 1.4
      vertex 2.15735 2.77785 1.4
    endloop
  endfacet
  facet normal 0 0 1
    outer loop
      vertex 2.94975 4.94975 1.4
      vertex 1.53553 3.53553 1.4
      vertex 1.86505 3.17197 1.4
    endloop
  endfacet
  facet normal 0 0 1
    outer loop
      vertex 0.777851 4.15735 1.4
      vertex 1.88899 5.82029 1.4
      vertex 1.29978 6.17345 1.4
    endloop
  endfacet
  facet normal 0 0 1
    outer loop
      vertex 2.44075 5.41107 1.4
      vertex 1.17197 3.86505 1.4
      vertex 1.53553 3.53553 1.4
    endloop
  endfacet
  facet normal 0 0 1
    outer loop
      vertex 1.88899 5.82029 1.4
      vertex 0.777851 4.15735 1.4
      vertex 1.17197 3.86505 1.4
    endloop
  endfacet
  facet normal 0 0 1
    outer loop
      vertex 0.356983 4.40961 1.4
      vertex 1.29978 6.17345 1.4
      vertex 0.678783 6.46716 1.4
    endloop
  endfacet
  facet normal 0 0 1
    outer loop
      vertex 1.29978 6.17345 1.4
      vertex 0.356983 4.40961 1.4
      vertex 0.777851 4.15735 1.4
    endloop
  endfacet
  facet normal 0 0 1
    outer loop
      vertex -0.0865822 4.6194 1.4
      vertex 0.678783 6.46716 1.4
      vertex 0.031992 6.69858 1.4
    endloop
  endfacet
  facet normal 0 0 1
    outer loop
      vertex 0.678783 6.46716 1.4
      vertex -0.0865822 4.6194 1.4
      vertex 0.356983 4.40961 1.4
    endloop
  endfacet
  facet normal 0 0 1
    outer loop
      vertex 0.031992 6.69858 1.4
      vertex -0.548576 4.7847 1.4
      vertex -0.0865822 4.6194 1.4
    endloop
  endfacet
  facet normal 0 0 1
    outer loop
      vertex -0.634367 6.8655 1.4
      vertex -0.548576 4.7847 1.4
      vertex 0.031992 6.69858 1.4
    endloop
  endfacet
  facet normal 0 0 1
    outer loop
      vertex -0.634367 6.8655 1.4
      vertex -1.02455 4.90393 1.4
      vertex -0.548576 4.7847 1.4
    endloop
  endfacet
  facet normal 0 0 1
    outer loop
      vertex -1.31388 6.96629 1.4
      vertex -1.02455 4.90393 1.4
      vertex -0.634367 6.8655 1.4
    endloop
  endfacet
  facet normal 0 0 1
    outer loop
      vertex -1.31388 6.96629 1.4
      vertex -1.50991 4.97592 1.4
      vertex -1.02455 4.90393 1.4
    endloop
  endfacet
  facet normal 0 0 1
    outer loop
      vertex -2 7 1.4
      vertex -1.50991 4.97592 1.4
      vertex -1.31388 6.96629 1.4
    endloop
  endfacet
  facet normal 0 0 1
    outer loop
      vertex -2 7 1.4
      vertex -2 5 1.4
      vertex -1.50991 4.97592 1.4
    endloop
  endfacet
  facet normal 0 0 1
    outer loop
      vertex -2 7 1.4
      vertex -2.49009 4.97592 1.4
      vertex -2 5 1.4
    endloop
  endfacet
  facet normal -0 0 1
    outer loop
      vertex -2.68612 6.96629 1.4
      vertex -2.49009 4.97592 1.4
      vertex -2 7 1.4
    endloop
  endfacet
  facet normal 0 0 1
    outer loop
      vertex -2.68612 6.96629 1.4
      vertex -2.97545 4.90393 1.4
      vertex -2.49009 4.97592 1.4
    endloop
  endfacet
  facet normal -0 0 1
    outer loop
      vertex -3.36563 6.8655 1.4
      vertex -2.97545 4.90393 1.4
      vertex -2.68612 6.96629 1.4
    endloop
  endfacet
  facet normal 0 0 1
    outer loop
      vertex -3.36563 6.8655 1.4
      vertex -3.45142 4.7847 1.4
      vertex -2.97545 4.90393 1.4
    endloop
  endfacet
  facet normal -0 0 1
    outer loop
      vertex -4.03199 6.69858 1.4
      vertex -3.45142 4.7847 1.4
      vertex -3.36563 6.8655 1.4
    endloop
  endfacet
  facet normal 0 0 1
    outer loop
      vertex -3.45142 4.7847 1.4
      vertex -4.03199 6.69858 1.4
      vertex -3.91342 4.6194 1.4
    endloop
  endfacet
  facet normal -0 0 1
    outer loop
      vertex -4.67878 6.46716 1.4
      vertex -3.91342 4.6194 1.4
      vertex -4.03199 6.69858 1.4
    endloop
  endfacet
  facet normal 0 0 1
    outer loop
      vertex -3.91342 4.6194 1.4
      vertex -4.67878 6.46716 1.4
      vertex -4.35698 4.40961 1.4
    endloop
  endfacet
  facet normal -0 0 1
    outer loop
      vertex -5.29978 6.17345 1.4
      vertex -4.35698 4.40961 1.4
      vertex -4.67878 6.46716 1.4
    endloop
  endfacet
  facet normal 0 0 1
    outer loop
      vertex -4.35698 4.40961 1.4
      vertex -5.29978 6.17345 1.4
      vertex -4.77785 4.15735 1.4
    endloop
  endfacet
  facet normal -0 0 1
    outer loop
      vertex -5.88899 5.82029 1.4
      vertex -4.77785 4.15735 1.4
      vertex -5.29978 6.17345 1.4
    endloop
  endfacet
  facet normal 0 0 1
    outer loop
      vertex -4.77785 4.15735 1.4
      vertex -5.88899 5.82029 1.4
      vertex -5.17197 3.86505 1.4
    endloop
  endfacet
  facet normal -0 0 1
    outer loop
      vertex -6.44075 5.41107 1.4
      vertex -5.17197 3.86505 1.4
      vertex -5.88899 5.82029 1.4
    endloop
  endfacet
  facet normal 0 0 1
    outer loop
      vertex -5.17197 3.86505 1.4
      vertex -6.44075 5.41107 1.4
      vertex -5.53553 3.53553 1.4
    endloop
  endfacet
  facet normal -0 0 1
    outer loop
      vertex -6.94975 4.94975 1.4
      vertex -5.53553 3.53553 1.4
      vertex -6.44075 5.41107 1.4
    endloop
  endfacet
  facet normal 0 0 1
    outer loop
      vertex -5.53553 3.53553 1.4
      vertex -6.94975 4.94975 1.4
      vertex -5.86505 3.17197 1.4
    endloop
  endfacet
  facet normal -0 0 1
    outer loop
      vertex -7.41107 4.44075 1.4
      vertex -5.86505 3.17197 1.4
      vertex -6.94975 4.94975 1.4
    endloop
  endfacet
  facet normal 0 0 1
    outer loop
      vertex -5.86505 3.17197 1.4
      vertex -7.41107 4.44075 1.4
      vertex -6.15735 2.77785 1.4
    endloop
  endfacet
  facet normal -0 0 1
    outer loop
      vertex -7.82029 3.88899 1.4
      vertex -6.15735 2.77785 1.4
      vertex -7.41107 4.44075 1.4
    endloop
  endfacet
  facet normal 0 0 1
    outer loop
      vertex -6.15735 2.77785 1.4
      vertex -7.82029 3.88899 1.4
      vertex -6.40961 2.35698 1.4
    endloop
  endfacet
  facet normal -0 0 1
    outer loop
      vertex -8.17345 3.29978 1.4
      vertex -6.40961 2.35698 1.4
      vertex -7.82029 3.88899 1.4
    endloop
  endfacet
  facet normal 0 0 1
    outer loop
      vertex -6.40961 2.35698 1.4
      vertex -8.17345 3.29978 1.4
      vertex -6.6194 1.91342 1.4
    endloop
  endfacet
  facet normal -0 0 1
    outer loop
      vertex -8.46716 2.67878 1.4
      vertex -6.6194 1.91342 1.4
      vertex -8.17345 3.29978 1.4
    endloop
  endfacet
  facet normal 0 0 1
    outer loop
      vertex -6.6194 1.91342 1.4
      vertex -8.46716 2.67878 1.4
      vertex -6.7847 1.45142 1.4
    endloop
  endfacet
  facet normal -0 0 1
    outer loop
      vertex 2.6194 -1.91342 1.4
      vertex 4.46716 -2.67878 1.4
      vertex 2.7847 -1.45142 1.4
    endloop
  endfacet
  facet normal 0 0 1
    outer loop
      vertex 4.46716 -2.67878 1.4
      vertex 2.6194 -1.91342 1.4
      vertex 4.17345 -3.29978 1.4
    endloop
  endfacet
  facet normal -0 0 1
    outer loop
      vertex 2.40961 -2.35698 1.4
      vertex 4.17345 -3.29978 1.4
      vertex 2.6194 -1.91342 1.4
    endloop
  endfacet
  facet normal 0 0 1
    outer loop
      vertex 4.17345 -3.29978 1.4
      vertex 2.40961 -2.35698 1.4
      vertex 3.82029 -3.88899 1.4
    endloop
  endfacet
  facet normal -0 0 1
    outer loop
      vertex 2.15735 -2.77785 1.4
      vertex 3.82029 -3.88899 1.4
      vertex 2.40961 -2.35698 1.4
    endloop
  endfacet
  facet normal 0 0 1
    outer loop
      vertex 3.82029 -3.88899 1.4
      vertex 2.15735 -2.77785 1.4
      vertex 3.41107 -4.44075 1.4
    endloop
  endfacet
  facet normal -0 0 1
    outer loop
      vertex 1.86505 -3.17197 1.4
      vertex 3.41107 -4.44075 1.4
      vertex 2.15735 -2.77785 1.4
    endloop
  endfacet
  facet normal 0 0 1
    outer loop
      vertex 3.41107 -4.44075 1.4
      vertex 1.86505 -3.17197 1.4
      vertex 2.94975 -4.94975 1.4
    endloop
  endfacet
  facet normal -0 0 1
    outer loop
      vertex 1.53553 -3.53553 1.4
      vertex 2.94975 -4.94975 1.4
      vertex 1.86505 -3.17197 1.4
    endloop
  endfacet
  facet normal 0 0 1
    outer loop
      vertex 2.94975 -4.94975 1.4
      vertex 1.53553 -3.53553 1.4
      vertex 2.44075 -5.41107 1.4
    endloop
  endfacet
  facet normal -0 0 1
    outer loop
      vertex 1.17197 -3.86505 1.4
      vertex 2.44075 -5.41107 1.4
      vertex 1.53553 -3.53553 1.4
    endloop
  endfacet
  facet normal 0 0 1
    outer loop
      vertex 2.44075 -5.41107 1.4
      vertex 1.17197 -3.86505 1.4
      vertex 1.88899 -5.82029 1.4
    endloop
  endfacet
  facet normal -0 0 1
    outer loop
      vertex 0.777851 -4.15735 1.4
      vertex 1.88899 -5.82029 1.4
      vertex 1.17197 -3.86505 1.4
    endloop
  endfacet
  facet normal 0 0 1
    outer loop
      vertex 1.88899 -5.82029 1.4
      vertex 0.777851 -4.15735 1.4
      vertex 1.29978 -6.17345 1.4
    endloop
  endfacet
  facet normal -0 0 1
    outer loop
      vertex 0.356983 -4.40961 1.4
      vertex 1.29978 -6.17345 1.4
      vertex 0.777851 -4.15735 1.4
    endloop
  endfacet
  facet normal 0 0 1
    outer loop
      vertex 1.29978 -6.17345 1.4
      vertex 0.356983 -4.40961 1.4
      vertex 0.678783 -6.46716 1.4
    endloop
  endfacet
  facet normal -0 0 1
    outer loop
      vertex -0.0865822 -4.6194 1.4
      vertex 0.678783 -6.46716 1.4
      vertex 0.356983 -4.40961 1.4
    endloop
  endfacet
  facet normal 0 0 1
    outer loop
      vertex 0.678783 -6.46716 1.4
      vertex -0.0865822 -4.6194 1.4
      vertex 0.031992 -6.69858 1.4
    endloop
  endfacet
  facet normal -0 0 1
    outer loop
      vertex -0.548576 -4.7847 1.4
      vertex 0.031992 -6.69858 1.4
      vertex -0.0865822 -4.6194 1.4
    endloop
  endfacet
  facet normal 0 0 1
    outer loop
      vertex -0.548576 -4.7847 1.4
      vertex -0.634367 -6.8655 1.4
      vertex 0.031992 -6.69858 1.4
    endloop
  endfacet
  facet normal -0 0 1
    outer loop
      vertex -1.02455 -4.90393 1.4
      vertex -0.634367 -6.8655 1.4
      vertex -0.548576 -4.7847 1.4
    endloop
  endfacet
  facet normal 0 0 1
    outer loop
      vertex -1.02455 -4.90393 1.4
      vertex -1.31388 -6.96629 1.4
      vertex -0.634367 -6.8655 1.4
    endloop
  endfacet
  facet normal -0 0 1
    outer loop
      vertex -1.50991 -4.97592 1.4
      vertex -1.31388 -6.96629 1.4
      vertex -1.02455 -4.90393 1.4
    endloop
  endfacet
  facet normal -0 0 1
    outer loop
      vertex -2 -5 1.4
      vertex -1.31388 -6.96629 1.4
      vertex -1.50991 -4.97592 1.4
    endloop
  endfacet
  facet normal 0 0 1
    outer loop
      vertex -2 -5 1.4
      vertex -2 -7 1.4
      vertex -1.31388 -6.96629 1.4
    endloop
  endfacet
  facet normal 0 0 1
    outer loop
      vertex -2.49009 -4.97592 1.4
      vertex -2 -7 1.4
      vertex -2 -5 1.4
    endloop
  endfacet
  facet normal 0 0 1
    outer loop
      vertex -2.49009 -4.97592 1.4
      vertex -2.68612 -6.96629 1.4
      vertex -2 -7 1.4
    endloop
  endfacet
  facet normal 0 0 1
    outer loop
      vertex -2.97545 -4.90393 1.4
      vertex -2.68612 -6.96629 1.4
      vertex -2.49009 -4.97592 1.4
    endloop
  endfacet
  facet normal 0 0 1
    outer loop
      vertex -2.97545 -4.90393 1.4
      vertex -3.36563 -6.8655 1.4
      vertex -2.68612 -6.96629 1.4
    endloop
  endfacet
  facet normal 0 0 1
    outer loop
      vertex -3.45142 -4.7847 1.4
      vertex -3.36563 -6.8655 1.4
      vertex -2.97545 -4.90393 1.4
    endloop
  endfacet
  facet normal 0 0 1
    outer loop
      vertex -4.03199 -6.69858 1.4
      vertex -3.45142 -4.7847 1.4
      vertex -3.91342 -4.6194 1.4
    endloop
  endfacet
  facet normal 0 0 1
    outer loop
      vertex -3.45142 -4.7847 1.4
      vertex -4.03199 -6.69858 1.4
      vertex -3.36563 -6.8655 1.4
    endloop
  endfacet
  facet normal 0 0 1
    outer loop
      vertex -4.67878 -6.46716 1.4
      vertex -3.91342 -4.6194 1.4
      vertex -4.35698 -4.40961 1.4
    endloop
  endfacet
  facet normal 0 0 1
    outer loop
      vertex -3.91342 -4.6194 1.4
      vertex -4.67878 -6.46716 1.4
      vertex -4.03199 -6.69858 1.4
    endloop
  endfacet
  facet normal 0 0 1
    outer loop
      vertex -5.29978 -6.17345 1.4
      vertex -4.35698 -4.40961 1.4
      vertex -4.77785 -4.15735 1.4
    endloop
  endfacet
  facet normal 0 0 1
    outer loop
      vertex -5.88899 -5.82029 1.4
      vertex -4.77785 -4.15735 1.4
      vertex -5.17197 -3.86505 1.4
    endloop
  endfacet
  facet normal 0 0 1
    outer loop
      vertex -4.35698 -4.40961 1.4
      vertex -5.29978 -6.17345 1.4
      vertex -4.67878 -6.46716 1.4
    endloop
  endfacet
  facet normal 0 0 1
    outer loop
      vertex -6.44075 -5.41107 1.4
      vertex -5.17197 -3.86505 1.4
      vertex -5.53553 -3.53553 1.4
    endloop
  endfacet
  facet normal 0 0 1
    outer loop
      vertex -6.94975 -4.94975 1.4
      vertex -5.53553 -3.53553 1.4
      vertex -5.86505 -3.17197 1.4
    endloop
  endfacet
  facet normal 0 0 1
    outer loop
      vertex -4.77785 -4.15735 1.4
      vertex -5.88899 -5.82029 1.4
      vertex -5.29978 -6.17345 1.4
    endloop
  endfacet
  facet normal 0 0 1
    outer loop
      vertex -7.41107 -4.44075 1.4
      vertex -5.86505 -3.17197 1.4
      vertex -6.15735 -2.77785 1.4
    endloop
  endfacet
  facet normal 0 0 1
    outer loop
      vertex -7.82029 -3.88899 1.4
      vertex -6.15735 -2.77785 1.4
      vertex -6.40961 -2.35698 1.4
    endloop
  endfacet
  facet normal 0 0 1
    outer loop
      vertex -5.17197 -3.86505 1.4
      vertex -6.44075 -5.41107 1.4
      vertex -5.88899 -5.82029 1.4
    endloop
  endfacet
  facet normal 0 0 1
    outer loop
      vertex -8.17345 -3.29978 1.4
      vertex -6.40961 -2.35698 1.4
      vertex -6.6194 -1.91342 1.4
    endloop
  endfacet
  facet normal 0 0 1
    outer loop
      vertex -8.46716 -2.67878 1.4
      vertex -6.6194 -1.91342 1.4
      vertex -6.7847 -1.45142 1.4
    endloop
  endfacet
  facet normal 0 0 1
    outer loop
      vertex -8.69858 -2.03199 1.4
      vertex -6.7847 -1.45142 1.4
      vertex -6.90393 -0.975451 1.4
    endloop
  endfacet
  facet normal 0 0 1
    outer loop
      vertex -5.53553 -3.53553 1.4
      vertex -6.94975 -4.94975 1.4
      vertex -6.44075 -5.41107 1.4
    endloop
  endfacet
  facet normal 0 0 1
    outer loop
      vertex -8.8655 -1.36563 1.4
      vertex -6.90393 -0.975451 1.4
      vertex -6.97592 -0.490086 1.4
    endloop
  endfacet
  facet normal 0 0 1
    outer loop
      vertex -8.96629 -0.686119 1.4
      vertex -6.97592 -0.490086 1.4
      vertex -7 0 1.4
    endloop
  endfacet
  facet normal -0 0 1
    outer loop
      vertex -8.69858 2.03199 1.4
      vertex -6.7847 1.45142 1.4
      vertex -8.46716 2.67878 1.4
    endloop
  endfacet
  facet normal 0 0 1
    outer loop
      vertex -5.86505 -3.17197 1.4
      vertex -7.41107 -4.44075 1.4
      vertex -6.94975 -4.94975 1.4
    endloop
  endfacet
  facet normal 0 0 1
    outer loop
      vertex -6.7847 1.45142 1.4
      vertex -8.69858 2.03199 1.4
      vertex -6.90393 0.975451 1.4
    endloop
  endfacet
  facet normal 0 0 1
    outer loop
      vertex -6.15735 -2.77785 1.4
      vertex -7.82029 -3.88899 1.4
      vertex -7.41107 -4.44075 1.4
    endloop
  endfacet
  facet normal -0 0 1
    outer loop
      vertex -8.8655 1.36563 1.4
      vertex -6.90393 0.975451 1.4
      vertex -8.69858 2.03199 1.4
    endloop
  endfacet
  facet normal 0 0 1
    outer loop
      vertex -6.40961 -2.35698 1.4
      vertex -8.17345 -3.29978 1.4
      vertex -7.82029 -3.88899 1.4
    endloop
  endfacet
  facet normal 0 0 1
    outer loop
      vertex -6.90393 0.975451 1.4
      vertex -8.8655 1.36563 1.4
      vertex -6.97592 0.490086 1.4
    endloop
  endfacet
  facet normal 0 0 1
    outer loop
      vertex -6.6194 -1.91342 1.4
      vertex -8.46716 -2.67878 1.4
      vertex -8.17345 -3.29978 1.4
    endloop
  endfacet
  facet normal -0 0 1
    outer loop
      vertex -8.96629 0.686119 1.4
      vertex -6.97592 0.490086 1.4
      vertex -8.8655 1.36563 1.4
    endloop
  endfacet
  facet normal 0 0 1
    outer loop
      vertex -6.7847 -1.45142 1.4
      vertex -8.69858 -2.03199 1.4
      vertex -8.46716 -2.67878 1.4
    endloop
  endfacet
  facet normal 0 0 1
    outer loop
      vertex -6.97592 0.490086 1.4
      vertex -8.96629 0.686119 1.4
      vertex -7 0 1.4
    endloop
  endfacet
  facet normal 0 0 1
    outer loop
      vertex -6.90393 -0.975451 1.4
      vertex -8.8655 -1.36563 1.4
      vertex -8.69858 -2.03199 1.4
    endloop
  endfacet
  facet normal 0 0 1
    outer loop
      vertex -9 0 1.4
      vertex -7 0 1.4
      vertex -8.96629 0.686119 1.4
    endloop
  endfacet
  facet normal 0 0 1
    outer loop
      vertex -6.97592 -0.490086 1.4
      vertex -8.96629 -0.686119 1.4
      vertex -8.8655 -1.36563 1.4
    endloop
  endfacet
  facet normal 0 0 1
    outer loop
      vertex -7 0 1.4
      vertex -9 0 1.4
      vertex -8.96629 -0.686119 1.4
    endloop
  endfacet
  facet normal -0.740959 0.67155 0
    outer loop
      vertex 2.94975 -4.94975 1.4
      vertex 3.41107 -4.44075 2
      vertex 3.41107 -4.44075 1.4
    endloop
  endfacet
  facet normal -0.740959 0.67155 0
    outer loop
      vertex 3.41107 -4.44075 2
      vertex 2.94975 -4.94975 1.4
      vertex 2.94975 -4.94975 2
    endloop
  endfacet
  facet normal -0.970029 0.242988 0
    outer loop
      vertex 4.69858 -2.03199 1.4
      vertex 4.8655 -1.36563 2
      vertex 4.8655 -1.36563 1.4
    endloop
  endfacet
  facet normal -0.970029 0.242988 0
    outer loop
      vertex 4.8655 -1.36563 2
      vertex 4.69858 -2.03199 1.4
      vertex 4.69858 -2.03199 2
    endloop
  endfacet
  facet normal 0.427554 0.90399 -0
    outer loop
      vertex -4.67878 -6.46716 1.4
      vertex -5.29978 -6.17345 2
      vertex -4.67878 -6.46716 2
    endloop
  endfacet
  facet normal 0.427554 0.90399 0
    outer loop
      vertex -5.29978 -6.17345 2
      vertex -4.67878 -6.46716 1.4
      vertex -5.29978 -6.17345 1.4
    endloop
  endfacet
  facet normal 0.336883 0.941546 -0
    outer loop
      vertex -4.03199 -6.69858 1.4
      vertex -4.67878 -6.46716 2
      vertex -4.03199 -6.69858 2
    endloop
  endfacet
  facet normal 0.336883 0.941546 0
    outer loop
      vertex -4.67878 -6.46716 2
      vertex -4.03199 -6.69858 1.4
      vertex -4.67878 -6.46716 1.4
    endloop
  endfacet
  facet normal 0.989178 0.146722 0
    outer loop
      vertex -8.8655 -1.36563 2
      vertex -8.96629 -0.686119 1.4
      vertex -8.96629 -0.686119 2
    endloop
  endfacet
  facet normal 0.989178 0.146722 0
    outer loop
      vertex -8.96629 -0.686119 1.4
      vertex -8.8655 -1.36563 2
      vertex -8.8655 -1.36563 1.4
    endloop
  endfacet
  facet normal -0.989178 -0.146722 0
    outer loop
      vertex 4.96629 0.686119 1.4
      vertex 4.8655 1.36563 2
      vertex 4.8655 1.36563 1.4
    endloop
  endfacet
  facet normal -0.989178 -0.146722 0
    outer loop
      vertex 4.8655 1.36563 2
      vertex 4.96629 0.686119 1.4
      vertex 4.96629 0.686119 2
    endloop
  endfacet
  facet normal -0.941546 -0.336883 0
    outer loop
      vertex 4.69858 2.03199 1.4
      vertex 4.46716 2.67878 2
      vertex 4.46716 2.67878 1.4
    endloop
  endfacet
  facet normal -0.941546 -0.336883 0
    outer loop
      vertex 4.46716 2.67878 2
      vertex 4.69858 2.03199 1.4
      vertex 4.69858 2.03199 2
    endloop
  endfacet
  facet normal -0.803203 -0.595706 0
    outer loop
      vertex 3.82029 3.88899 1.4
      vertex 3.41107 4.44075 2
      vertex 3.41107 4.44075 1.4
    endloop
  endfacet
  facet normal -0.803203 -0.595706 0
    outer loop
      vertex 3.41107 4.44075 2
      vertex 3.82029 3.88899 1.4
      vertex 3.82029 3.88899 2
    endloop
  endfacet
  facet normal -0.740959 -0.67155 0
    outer loop
      vertex 3.41107 4.44075 1.4
      vertex 2.94975 4.94975 2
      vertex 2.94975 4.94975 1.4
    endloop
  endfacet
  facet normal -0.740959 -0.67155 0
    outer loop
      vertex 2.94975 4.94975 2
      vertex 3.41107 4.44075 1.4
      vertex 3.41107 4.44075 2
    endloop
  endfacet
  facet normal -0.857728 -0.514104 0
    outer loop
      vertex 4.17345 3.29978 1.4
      vertex 3.82029 3.88899 2
      vertex 3.82029 3.88899 1.4
    endloop
  endfacet
  facet normal -0.857728 -0.514104 0
    outer loop
      vertex 3.82029 3.88899 2
      vertex 4.17345 3.29978 1.4
      vertex 4.17345 3.29978 2
    endloop
  endfacet
  facet normal -0.242988 -0.970029 0
    outer loop
      vertex -0.634367 6.8655 1.4
      vertex 0.031992 6.69858 2
      vertex -0.634367 6.8655 2
    endloop
  endfacet
  facet normal -0.242988 -0.970029 -0
    outer loop
      vertex 0.031992 6.69858 2
      vertex -0.634367 6.8655 1.4
      vertex 0.031992 6.69858 1.4
    endloop
  endfacet
  facet normal -0.336883 -0.941547 0
    outer loop
      vertex 0.031992 6.69858 1.4
      vertex 0.678783 6.46716 2
      vertex 0.031992 6.69858 2
    endloop
  endfacet
  facet normal -0.336883 -0.941547 -0
    outer loop
      vertex 0.678783 6.46716 2
      vertex 0.031992 6.69858 1.4
      vertex 0.678783 6.46716 1.4
    endloop
  endfacet
  facet normal -0.146722 -0.989178 0
    outer loop
      vertex -1.31388 6.96629 1.4
      vertex -0.634367 6.8655 2
      vertex -1.31388 6.96629 2
    endloop
  endfacet
  facet normal -0.146722 -0.989178 -0
    outer loop
      vertex -0.634367 6.8655 2
      vertex -1.31388 6.96629 1.4
      vertex -0.634367 6.8655 1.4
    endloop
  endfacet
  facet normal -0.427555 -0.903989 0
    outer loop
      vertex 0.678783 6.46716 1.4
      vertex 1.29978 6.17345 2
      vertex 0.678783 6.46716 2
    endloop
  endfacet
  facet normal -0.427555 -0.903989 -0
    outer loop
      vertex 1.29978 6.17345 2
      vertex 0.678783 6.46716 1.4
      vertex 1.29978 6.17345 1.4
    endloop
  endfacet
  facet normal -0.595706 -0.803203 0
    outer loop
      vertex 1.88899 5.82029 1.4
      vertex 2.44075 5.41107 2
      vertex 1.88899 5.82029 2
    endloop
  endfacet
  facet normal -0.595706 -0.803203 -0
    outer loop
      vertex 2.44075 5.41107 2
      vertex 1.88899 5.82029 1.4
      vertex 2.44075 5.41107 1.4
    endloop
  endfacet
  facet normal 0.970029 -0.242988 0
    outer loop
      vertex -8.8655 1.36563 2
      vertex -8.69858 2.03199 1.4
      vertex -8.69858 2.03199 2
    endloop
  endfacet
  facet normal 0.970029 -0.242988 0
    outer loop
      vertex -8.69858 2.03199 1.4
      vertex -8.8655 1.36563 2
      vertex -8.8655 1.36563 1.4
    endloop
  endfacet
  facet normal 0.740959 -0.67155 0
    outer loop
      vertex -7.41107 4.44075 2
      vertex -6.94975 4.94975 1.4
      vertex -6.94975 4.94975 2
    endloop
  endfacet
  facet normal 0.740959 -0.67155 0
    outer loop
      vertex -6.94975 4.94975 1.4
      vertex -7.41107 4.44075 2
      vertex -7.41107 4.44075 1.4
    endloop
  endfacet
  facet normal 0.90399 -0.427554 0
    outer loop
      vertex -8.46716 2.67878 2
      vertex -8.17345 3.29978 1.4
      vertex -8.17345 3.29978 2
    endloop
  endfacet
  facet normal 0.90399 -0.427554 0
    outer loop
      vertex -8.17345 3.29978 1.4
      vertex -8.46716 2.67878 2
      vertex -8.46716 2.67878 1.4
    endloop
  endfacet
  facet normal 0.941546 -0.336883 0
    outer loop
      vertex -8.69858 2.03199 2
      vertex -8.46716 2.67878 1.4
      vertex -8.46716 2.67878 2
    endloop
  endfacet
  facet normal 0.941546 -0.336883 0
    outer loop
      vertex -8.46716 2.67878 1.4
      vertex -8.69858 2.03199 2
      vertex -8.69858 2.03199 1.4
    endloop
  endfacet
  facet normal 0.989178 -0.146722 0
    outer loop
      vertex -8.96629 0.686119 2
      vertex -8.8655 1.36563 1.4
      vertex -8.8655 1.36563 2
    endloop
  endfacet
  facet normal 0.989178 -0.146722 0
    outer loop
      vertex -8.8655 1.36563 1.4
      vertex -8.96629 0.686119 2
      vertex -8.96629 0.686119 1.4
    endloop
  endfacet
  facet normal 0.427554 -0.90399 0
    outer loop
      vertex -5.29978 6.17345 1.4
      vertex -4.67878 6.46716 2
      vertex -5.29978 6.17345 2
    endloop
  endfacet
  facet normal 0.427554 -0.90399 0
    outer loop
      vertex -4.67878 6.46716 2
      vertex -5.29978 6.17345 1.4
      vertex -4.67878 6.46716 1.4
    endloop
  endfacet
  facet normal 0.514104 -0.857728 0
    outer loop
      vertex -5.88899 5.82029 1.4
      vertex -5.29978 6.17345 2
      vertex -5.88899 5.82029 2
    endloop
  endfacet
  facet normal 0.514104 -0.857728 0
    outer loop
      vertex -5.29978 6.17345 2
      vertex -5.88899 5.82029 1.4
      vertex -5.29978 6.17345 1.4
    endloop
  endfacet
  facet normal 0.595706 -0.803203 0
    outer loop
      vertex -6.44075 5.41107 1.4
      vertex -5.88899 5.82029 2
      vertex -6.44075 5.41107 2
    endloop
  endfacet
  facet normal 0.595706 -0.803203 0
    outer loop
      vertex -5.88899 5.82029 2
      vertex -6.44075 5.41107 1.4
      vertex -5.88899 5.82029 1.4
    endloop
  endfacet
  facet normal 0.242988 -0.970029 0
    outer loop
      vertex -4.03199 6.69858 1.4
      vertex -3.36563 6.8655 2
      vertex -4.03199 6.69858 2
    endloop
  endfacet
  facet normal 0.242988 -0.970029 0
    outer loop
      vertex -3.36563 6.8655 2
      vertex -4.03199 6.69858 1.4
      vertex -3.36563 6.8655 1.4
    endloop
  endfacet
  facet normal 0.0490722 -0.998795 0
    outer loop
      vertex -2.68612 6.96629 1.4
      vertex -2 7 2
      vertex -2.68612 6.96629 2
    endloop
  endfacet
  facet normal 0.0490722 -0.998795 0
    outer loop
      vertex -2 7 2
      vertex -2.68612 6.96629 1.4
      vertex -2 7 1.4
    endloop
  endfacet
  facet normal -0.0490722 0.998795 0
    outer loop
      vertex -1.31388 -6.96629 1.4
      vertex -2 -7 2
      vertex -1.31388 -6.96629 2
    endloop
  endfacet
  facet normal -0.0490722 0.998795 0
    outer loop
      vertex -2 -7 2
      vertex -1.31388 -6.96629 1.4
      vertex -2 -7 1.4
    endloop
  endfacet
  facet normal -0.514104 0.857728 0
    outer loop
      vertex 1.88899 -5.82029 1.4
      vertex 1.29978 -6.17345 2
      vertex 1.88899 -5.82029 2
    endloop
  endfacet
  facet normal -0.514104 0.857728 0
    outer loop
      vertex 1.29978 -6.17345 2
      vertex 1.88899 -5.82029 1.4
      vertex 1.29978 -6.17345 1.4
    endloop
  endfacet
  facet normal -0.67155 0.740959 0
    outer loop
      vertex 2.94975 -4.94975 1.4
      vertex 2.44075 -5.41107 2
      vertex 2.94975 -4.94975 2
    endloop
  endfacet
  facet normal -0.67155 0.740959 0
    outer loop
      vertex 2.44075 -5.41107 2
      vertex 2.94975 -4.94975 1.4
      vertex 2.44075 -5.41107 1.4
    endloop
  endfacet
  facet normal -0.595706 0.803203 0
    outer loop
      vertex 2.44075 -5.41107 1.4
      vertex 1.88899 -5.82029 2
      vertex 2.44075 -5.41107 2
    endloop
  endfacet
  facet normal -0.595706 0.803203 0
    outer loop
      vertex 1.88899 -5.82029 2
      vertex 2.44075 -5.41107 1.4
      vertex 1.88899 -5.82029 1.4
    endloop
  endfacet
  facet normal -0.803203 0.595706 0
    outer loop
      vertex 3.41107 -4.44075 1.4
      vertex 3.82029 -3.88899 2
      vertex 3.82029 -3.88899 1.4
    endloop
  endfacet
  facet normal -0.803203 0.595706 0
    outer loop
      vertex 3.82029 -3.88899 2
      vertex 3.41107 -4.44075 1.4
      vertex 3.41107 -4.44075 2
    endloop
  endfacet
  facet normal -0.857728 0.514104 0
    outer loop
      vertex 3.82029 -3.88899 1.4
      vertex 4.17345 -3.29978 2
      vertex 4.17345 -3.29978 1.4
    endloop
  endfacet
  facet normal -0.857728 0.514104 0
    outer loop
      vertex 4.17345 -3.29978 2
      vertex 3.82029 -3.88899 1.4
      vertex 3.82029 -3.88899 2
    endloop
  endfacet
  facet normal 0.242988 0.970029 -0
    outer loop
      vertex -3.36563 -6.8655 1.4
      vertex -4.03199 -6.69858 2
      vertex -3.36563 -6.8655 2
    endloop
  endfacet
  facet normal 0.242988 0.970029 0
    outer loop
      vertex -4.03199 -6.69858 2
      vertex -3.36563 -6.8655 1.4
      vertex -4.03199 -6.69858 1.4
    endloop
  endfacet
  facet normal 0.595706 0.803203 -0
    outer loop
      vertex -5.88899 -5.82029 1.4
      vertex -6.44075 -5.41107 2
      vertex -5.88899 -5.82029 2
    endloop
  endfacet
  facet normal 0.595706 0.803203 0
    outer loop
      vertex -6.44075 -5.41107 2
      vertex -5.88899 -5.82029 1.4
      vertex -6.44075 -5.41107 1.4
    endloop
  endfacet
  facet normal 0.514104 0.857728 -0
    outer loop
      vertex -5.29978 -6.17345 1.4
      vertex -5.88899 -5.82029 2
      vertex -5.29978 -6.17345 2
    endloop
  endfacet
  facet normal 0.514104 0.857728 0
    outer loop
      vertex -5.88899 -5.82029 2
      vertex -5.29978 -6.17345 1.4
      vertex -5.88899 -5.82029 1.4
    endloop
  endfacet
  facet normal 0.146722 0.989178 -0
    outer loop
      vertex -2.68612 -6.96629 1.4
      vertex -3.36563 -6.8655 2
      vertex -2.68612 -6.96629 2
    endloop
  endfacet
  facet normal 0.146722 0.989178 0
    outer loop
      vertex -3.36563 -6.8655 2
      vertex -2.68612 -6.96629 1.4
      vertex -3.36563 -6.8655 1.4
    endloop
  endfacet
  facet normal 0.90399 0.427554 0
    outer loop
      vertex -8.17345 -3.29978 2
      vertex -8.46716 -2.67878 1.4
      vertex -8.46716 -2.67878 2
    endloop
  endfacet
  facet normal 0.90399 0.427554 0
    outer loop
      vertex -8.46716 -2.67878 1.4
      vertex -8.17345 -3.29978 2
      vertex -8.17345 -3.29978 1.4
    endloop
  endfacet
  facet normal 0.857728 0.514104 0
    outer loop
      vertex -7.82029 -3.88899 2
      vertex -8.17345 -3.29978 1.4
      vertex -8.17345 -3.29978 2
    endloop
  endfacet
  facet normal 0.857728 0.514104 0
    outer loop
      vertex -8.17345 -3.29978 1.4
      vertex -7.82029 -3.88899 2
      vertex -7.82029 -3.88899 1.4
    endloop
  endfacet
  facet normal 0.941546 0.336883 0
    outer loop
      vertex -8.46716 -2.67878 2
      vertex -8.69858 -2.03199 1.4
      vertex -8.69858 -2.03199 2
    endloop
  endfacet
  facet normal 0.941546 0.336883 0
    outer loop
      vertex -8.69858 -2.03199 1.4
      vertex -8.46716 -2.67878 2
      vertex -8.46716 -2.67878 1.4
    endloop
  endfacet
  facet normal 0.998795 0.0490722 0
    outer loop
      vertex -8.96629 -0.686119 2
      vertex -9 0 1.4
      vertex -9 0 2
    endloop
  endfacet
  facet normal 0.998795 0.0490722 0
    outer loop
      vertex -9 0 1.4
      vertex -8.96629 -0.686119 2
      vertex -8.96629 -0.686119 1.4
    endloop
  endfacet
  facet normal -0.970029 -0.242988 0
    outer loop
      vertex 4.8655 1.36563 1.4
      vertex 4.69858 2.03199 2
      vertex 4.69858 2.03199 1.4
    endloop
  endfacet
  facet normal -0.970029 -0.242988 0
    outer loop
      vertex 4.69858 2.03199 2
      vertex 4.8655 1.36563 1.4
      vertex 4.8655 1.36563 2
    endloop
  endfacet
  facet normal -0.90399 -0.427554 0
    outer loop
      vertex 4.46716 2.67878 1.4
      vertex 4.17345 3.29978 2
      vertex 4.17345 3.29978 1.4
    endloop
  endfacet
  facet normal -0.90399 -0.427554 0
    outer loop
      vertex 4.17345 3.29978 2
      vertex 4.46716 2.67878 1.4
      vertex 4.46716 2.67878 2
    endloop
  endfacet
  facet normal -0.0490722 -0.998795 0
    outer loop
      vertex -2 7 1.4
      vertex -1.31388 6.96629 2
      vertex -2 7 2
    endloop
  endfacet
  facet normal -0.0490722 -0.998795 -0
    outer loop
      vertex -1.31388 6.96629 2
      vertex -2 7 1.4
      vertex -1.31388 6.96629 1.4
    endloop
  endfacet
  facet normal -0.146722 0.989178 0
    outer loop
      vertex -0.634367 -6.8655 1.4
      vertex -1.31388 -6.96629 2
      vertex -0.634367 -6.8655 2
    endloop
  endfacet
  facet normal -0.146722 0.989178 0
    outer loop
      vertex -1.31388 -6.96629 2
      vertex -0.634367 -6.8655 1.4
      vertex -1.31388 -6.96629 1.4
    endloop
  endfacet
  facet normal -0.427555 0.903989 0
    outer loop
      vertex 1.29978 -6.17345 1.4
      vertex 0.678783 -6.46716 2
      vertex 1.29978 -6.17345 2
    endloop
  endfacet
  facet normal -0.427555 0.903989 0
    outer loop
      vertex 0.678783 -6.46716 2
      vertex 1.29978 -6.17345 1.4
      vertex 0.678783 -6.46716 1.4
    endloop
  endfacet
  facet normal -0.941546 0.336883 0
    outer loop
      vertex 4.46716 -2.67878 1.4
      vertex 4.69858 -2.03199 2
      vertex 4.69858 -2.03199 1.4
    endloop
  endfacet
  facet normal -0.941546 0.336883 0
    outer loop
      vertex 4.69858 -2.03199 2
      vertex 4.46716 -2.67878 1.4
      vertex 4.46716 -2.67878 2
    endloop
  endfacet
  facet normal -0.989178 0.146722 0
    outer loop
      vertex 4.8655 -1.36563 1.4
      vertex 4.96629 -0.686119 2
      vertex 4.96629 -0.686119 1.4
    endloop
  endfacet
  facet normal -0.989178 0.146722 0
    outer loop
      vertex 4.96629 -0.686119 2
      vertex 4.8655 -1.36563 1.4
      vertex 4.8655 -1.36563 2
    endloop
  endfacet
  facet normal -0.998795 0.0490722 0
    outer loop
      vertex 4.96629 -0.686119 1.4
      vertex 5 0 2
      vertex 5 0 1.4
    endloop
  endfacet
  facet normal -0.998795 0.0490722 0
    outer loop
      vertex 5 0 2
      vertex 4.96629 -0.686119 1.4
      vertex 4.96629 -0.686119 2
    endloop
  endfacet
  facet normal 0.67155 0.740959 -0
    outer loop
      vertex -6.44075 -5.41107 1.4
      vertex -6.94975 -4.94975 2
      vertex -6.44075 -5.41107 2
    endloop
  endfacet
  facet normal 0.67155 0.740959 0
    outer loop
      vertex -6.94975 -4.94975 2
      vertex -6.44075 -5.41107 1.4
      vertex -6.94975 -4.94975 1.4
    endloop
  endfacet
  facet normal 0.803203 0.595706 0
    outer loop
      vertex -7.41107 -4.44075 2
      vertex -7.82029 -3.88899 1.4
      vertex -7.82029 -3.88899 2
    endloop
  endfacet
  facet normal 0.803203 0.595706 0
    outer loop
      vertex -7.82029 -3.88899 1.4
      vertex -7.41107 -4.44075 2
      vertex -7.41107 -4.44075 1.4
    endloop
  endfacet
  facet normal -0.336883 0.941547 0
    outer loop
      vertex 0.678783 -6.46716 1.4
      vertex 0.031992 -6.69858 2
      vertex 0.678783 -6.46716 2
    endloop
  endfacet
  facet normal -0.336883 0.941547 0
    outer loop
      vertex 0.031992 -6.69858 2
      vertex 0.678783 -6.46716 1.4
      vertex 0.031992 -6.69858 1.4
    endloop
  endfacet
  facet normal -0.0493821 0 -0.99878
    outer loop
      vertex 0 -16.14 13.3
      vertex 0.127421 -9.66 13.2937
      vertex 0.127421 -16.14 13.2937
    endloop
  endfacet
  facet normal -0.0493821 0 -0.99878
    outer loop
      vertex 0.127421 -9.66 13.2937
      vertex 0 -16.14 13.3
      vertex 0 -9.66 13.3
    endloop
  endfacet
  facet normal -0.0493821 0 0.99878
    outer loop
      vertex 0 -9.66 10.7
      vertex 0.127421 -16.14 10.7063
      vertex 0.127421 -9.66 10.7063
    endloop
  endfacet
  facet normal -0.0493821 0 0.99878
    outer loop
      vertex 0.127421 -16.14 10.7063
      vertex 0 -9.66 10.7
      vertex 0 -16.14 10.7
    endloop
  endfacet
  facet normal -0.998795 0 -0.0490774
    outer loop
      vertex 1.3 -16.14 12
      vertex 1.29374 -9.66 12.1274
      vertex 1.3 -9.66 12
    endloop
  endfacet
  facet normal -0.998795 -0 -0.0490774
    outer loop
      vertex 1.29374 -9.66 12.1274
      vertex 1.3 -16.14 12
      vertex 1.29374 -16.14 12.1274
    endloop
  endfacet
  facet normal 0.998795 -0 0.0490774
    outer loop
      vertex -1.3 -16.14 12
      vertex -1.29374 -9.66 11.8726
      vertex -1.3 -9.66 12
    endloop
  endfacet
  facet normal 0.998795 0 0.0490774
    outer loop
      vertex -1.29374 -9.66 11.8726
      vertex -1.3 -16.14 12
      vertex -1.29374 -16.14 11.8726
    endloop
  endfacet
  facet normal -0.740865 0 -0.671654
    outer loop
      vertex 1.00491 -16.14 12.8247
      vertex 0.919238 -9.66 12.9192
      vertex 1.00491 -9.66 12.8247
    endloop
  endfacet
  facet normal -0.740865 -0 -0.671654
    outer loop
      vertex 0.919238 -9.66 12.9192
      vertex 1.00491 -16.14 12.8247
      vertex 0.919238 -16.14 12.9192
    endloop
  endfacet
  facet normal -0.740865 0 0.671654
    outer loop
      vertex 0.919238 -16.14 11.0808
      vertex 1.00491 -9.66 11.1753
      vertex 0.919238 -9.66 11.0808
    endloop
  endfacet
  facet normal -0.740865 0 0.671654
    outer loop
      vertex 1.00491 -9.66 11.1753
      vertex 0.919238 -16.14 11.0808
      vertex 1.00491 -16.14 11.1753
    endloop
  endfacet
  facet normal -0.941525 0 0.336942
    outer loop
      vertex 1.20104 -16.14 11.5025
      vertex 1.24402 -9.66 11.6226
      vertex 1.20104 -9.66 11.5025
    endloop
  endfacet
  facet normal -0.941525 0 0.336942
    outer loop
      vertex 1.24402 -9.66 11.6226
      vertex 1.20104 -16.14 11.5025
      vertex 1.24402 -16.14 11.6226
    endloop
  endfacet
  facet normal 0.242991 0 0.970029
    outer loop
      vertex -0.37737 -9.66 10.756
      vertex -0.253617 -16.14 10.725
      vertex -0.253617 -9.66 10.725
    endloop
  endfacet
  facet normal 0.242991 0 0.970029
    outer loop
      vertex -0.253617 -16.14 10.725
      vertex -0.37737 -9.66 10.756
      vertex -0.37737 -16.14 10.756
    endloop
  endfacet
  facet normal -0.427263 0 -0.904127
    outer loop
      vertex 0.497488 -16.14 13.201
      vertex 0.612815 -9.66 13.1465
      vertex 0.612815 -16.14 13.1465
    endloop
  endfacet
  facet normal -0.427263 0 -0.904127
    outer loop
      vertex 0.612815 -9.66 13.1465
      vertex 0.497488 -16.14 13.201
      vertex 0.497488 -9.66 13.201
    endloop
  endfacet
  facet normal -0.941525 0 -0.336942
    outer loop
      vertex 1.24402 -16.14 12.3774
      vertex 1.20104 -9.66 12.4975
      vertex 1.24402 -9.66 12.3774
    endloop
  endfacet
  facet normal -0.941525 -0 -0.336942
    outer loop
      vertex 1.20104 -9.66 12.4975
      vertex 1.24402 -16.14 12.3774
      vertex 1.20104 -16.14 12.4975
    endloop
  endfacet
  facet normal -0.97005 0 -0.242904
    outer loop
      vertex 1.27502 -16.14 12.2536
      vertex 1.24402 -9.66 12.3774
      vertex 1.27502 -9.66 12.2536
    endloop
  endfacet
  facet normal -0.97005 -0 -0.242904
    outer loop
      vertex 1.24402 -9.66 12.3774
      vertex 1.27502 -16.14 12.2536
      vertex 1.24402 -16.14 12.3774
    endloop
  endfacet
  facet normal -0.514179 0 0.857683
    outer loop
      vertex 0.612815 -9.66 10.8535
      vertex 0.72224 -16.14 10.9191
      vertex 0.72224 -9.66 10.9191
    endloop
  endfacet
  facet normal -0.514179 0 0.857683
    outer loop
      vertex 0.72224 -16.14 10.9191
      vertex 0.612815 -9.66 10.8535
      vertex 0.612815 -16.14 10.8535
    endloop
  endfacet
  facet normal -0.595711 0 0.803199
    outer loop
      vertex 0.72224 -9.66 10.9191
      vertex 0.824711 -16.14 10.9951
      vertex 0.824711 -9.66 10.9951
    endloop
  endfacet
  facet normal -0.595711 0 0.803199
    outer loop
      vertex 0.824711 -16.14 10.9951
      vertex 0.72224 -9.66 10.9191
      vertex 0.72224 -16.14 10.9191
    endloop
  endfacet
  facet normal -0.989177 0 0.14673
    outer loop
      vertex 1.27502 -16.14 11.7464
      vertex 1.29374 -9.66 11.8726
      vertex 1.27502 -9.66 11.7464
    endloop
  endfacet
  facet normal -0.989177 0 0.14673
    outer loop
      vertex 1.29374 -9.66 11.8726
      vertex 1.27502 -16.14 11.7464
      vertex 1.29374 -16.14 11.8726
    endloop
  endfacet
  facet normal 0.427263 0 -0.904127
    outer loop
      vertex -0.612815 -16.14 13.1465
      vertex -0.497488 -9.66 13.201
      vertex -0.497488 -16.14 13.201
    endloop
  endfacet
  facet normal 0.427263 0 -0.904127
    outer loop
      vertex -0.497488 -9.66 13.201
      vertex -0.612815 -16.14 13.1465
      vertex -0.612815 -9.66 13.1465
    endloop
  endfacet
  facet normal 0.97005 0 -0.242904
    outer loop
      vertex -1.24402 -16.14 12.3774
      vertex -1.27502 -9.66 12.2536
      vertex -1.24402 -9.66 12.3774
    endloop
  endfacet
  facet normal 0.97005 0 -0.242904
    outer loop
      vertex -1.27502 -9.66 12.2536
      vertex -1.24402 -16.14 12.3774
      vertex -1.27502 -16.14 12.2536
    endloop
  endfacet
  facet normal 0.67167 0 -0.740851
    outer loop
      vertex -0.919238 -16.14 12.9192
      vertex -0.824711 -9.66 13.0049
      vertex -0.824711 -16.14 13.0049
    endloop
  endfacet
  facet normal 0.67167 0 -0.740851
    outer loop
      vertex -0.824711 -9.66 13.0049
      vertex -0.919238 -16.14 12.9192
      vertex -0.919238 -9.66 12.9192
    endloop
  endfacet
  facet normal 0.242991 0 -0.970029
    outer loop
      vertex -0.37737 -16.14 13.244
      vertex -0.253617 -9.66 13.275
      vertex -0.253617 -16.14 13.275
    endloop
  endfacet
  facet normal 0.242991 0 -0.970029
    outer loop
      vertex -0.253617 -9.66 13.275
      vertex -0.37737 -16.14 13.244
      vertex -0.37737 -9.66 13.244
    endloop
  endfacet
  facet normal 0.941525 -0 0.336942
    outer loop
      vertex -1.24402 -16.14 11.6226
      vertex -1.20104 -9.66 11.5025
      vertex -1.24402 -9.66 11.6226
    endloop
  endfacet
  facet normal 0.941525 0 0.336942
    outer loop
      vertex -1.20104 -9.66 11.5025
      vertex -1.24402 -16.14 11.6226
      vertex -1.20104 -16.14 11.5025
    endloop
  endfacet
  facet normal 0.595711 0 0.803199
    outer loop
      vertex -0.824711 -9.66 10.9951
      vertex -0.72224 -16.14 10.9191
      vertex -0.72224 -9.66 10.9191
    endloop
  endfacet
  facet normal 0.595711 0 0.803199
    outer loop
      vertex -0.72224 -16.14 10.9191
      vertex -0.824711 -9.66 10.9951
      vertex -0.824711 -16.14 10.9951
    endloop
  endfacet
  facet normal -0.242991 0 -0.970029
    outer loop
      vertex 0.253617 -16.14 13.275
      vertex 0.37737 -9.66 13.244
      vertex 0.37737 -16.14 13.244
    endloop
  endfacet
  facet normal -0.242991 0 -0.970029
    outer loop
      vertex 0.37737 -9.66 13.244
      vertex 0.253617 -16.14 13.275
      vertex 0.253617 -9.66 13.275
    endloop
  endfacet
  facet normal -0.146582 0 -0.989199
    outer loop
      vertex 0.127421 -16.14 13.2937
      vertex 0.253617 -9.66 13.275
      vertex 0.253617 -16.14 13.275
    endloop
  endfacet
  facet normal -0.146582 0 -0.989199
    outer loop
      vertex 0.253617 -9.66 13.275
      vertex 0.127421 -16.14 13.2937
      vertex 0.127421 -9.66 13.2937
    endloop
  endfacet
  facet normal -0.337036 0 -0.941492
    outer loop
      vertex 0.37737 -16.14 13.244
      vertex 0.497488 -9.66 13.201
      vertex 0.497488 -16.14 13.201
    endloop
  endfacet
  facet normal -0.337036 0 -0.941492
    outer loop
      vertex 0.497488 -9.66 13.201
      vertex 0.37737 -16.14 13.244
      vertex 0.37737 -9.66 13.244
    endloop
  endfacet
  facet normal -0.595711 0 -0.803199
    outer loop
      vertex 0.72224 -16.14 13.0809
      vertex 0.824711 -9.66 13.0049
      vertex 0.824711 -16.14 13.0049
    endloop
  endfacet
  facet normal -0.595711 0 -0.803199
    outer loop
      vertex 0.824711 -9.66 13.0049
      vertex 0.72224 -16.14 13.0809
      vertex 0.72224 -9.66 13.0809
    endloop
  endfacet
  facet normal -0.514179 0 -0.857683
    outer loop
      vertex 0.612815 -16.14 13.1465
      vertex 0.72224 -9.66 13.0809
      vertex 0.72224 -16.14 13.0809
    endloop
  endfacet
  facet normal -0.514179 0 -0.857683
    outer loop
      vertex 0.72224 -9.66 13.0809
      vertex 0.612815 -16.14 13.1465
      vertex 0.612815 -9.66 13.1465
    endloop
  endfacet
  facet normal -0.989177 0 -0.14673
    outer loop
      vertex 1.29374 -16.14 12.1274
      vertex 1.27502 -9.66 12.2536
      vertex 1.29374 -9.66 12.1274
    endloop
  endfacet
  facet normal -0.989177 -0 -0.14673
    outer loop
      vertex 1.27502 -9.66 12.2536
      vertex 1.29374 -16.14 12.1274
      vertex 1.27502 -16.14 12.2536
    endloop
  endfacet
  facet normal -0.857666 0 -0.514208
    outer loop
      vertex 1.1465 -16.14 12.6128
      vertex 1.08091 -9.66 12.7222
      vertex 1.1465 -9.66 12.6128
    endloop
  endfacet
  facet normal -0.857666 -0 -0.514208
    outer loop
      vertex 1.08091 -9.66 12.7222
      vertex 1.1465 -16.14 12.6128
      vertex 1.08091 -16.14 12.7222
    endloop
  endfacet
  facet normal -0.803279 0 -0.595602
    outer loop
      vertex 1.08091 -16.14 12.7222
      vertex 1.00491 -9.66 12.8247
      vertex 1.08091 -9.66 12.7222
    endloop
  endfacet
  facet normal -0.803279 -0 -0.595602
    outer loop
      vertex 1.00491 -9.66 12.8247
      vertex 1.08091 -16.14 12.7222
      vertex 1.00491 -16.14 12.8247
    endloop
  endfacet
  facet normal -0.242991 0 0.970029
    outer loop
      vertex 0.253617 -9.66 10.725
      vertex 0.37737 -16.14 10.756
      vertex 0.37737 -9.66 10.756
    endloop
  endfacet
  facet normal -0.242991 0 0.970029
    outer loop
      vertex 0.37737 -16.14 10.756
      vertex 0.253617 -9.66 10.725
      vertex 0.253617 -16.14 10.725
    endloop
  endfacet
  facet normal -0.67167 0 0.740851
    outer loop
      vertex 0.824711 -9.66 10.9951
      vertex 0.919238 -16.14 11.0808
      vertex 0.919238 -9.66 11.0808
    endloop
  endfacet
  facet normal -0.67167 0 0.740851
    outer loop
      vertex 0.919238 -16.14 11.0808
      vertex 0.824711 -9.66 10.9951
      vertex 0.824711 -16.14 10.9951
    endloop
  endfacet
  facet normal -0.427263 0 0.904127
    outer loop
      vertex 0.497488 -9.66 10.799
      vertex 0.612815 -16.14 10.8535
      vertex 0.612815 -9.66 10.8535
    endloop
  endfacet
  facet normal -0.427263 0 0.904127
    outer loop
      vertex 0.612815 -16.14 10.8535
      vertex 0.497488 -9.66 10.799
      vertex 0.497488 -16.14 10.799
    endloop
  endfacet
  facet normal -0.337036 0 0.941492
    outer loop
      vertex 0.37737 -9.66 10.756
      vertex 0.497488 -16.14 10.799
      vertex 0.497488 -9.66 10.799
    endloop
  endfacet
  facet normal -0.337036 0 0.941492
    outer loop
      vertex 0.497488 -16.14 10.799
      vertex 0.37737 -9.66 10.756
      vertex 0.37737 -16.14 10.756
    endloop
  endfacet
  facet normal -0.146582 0 0.989199
    outer loop
      vertex 0.127421 -9.66 10.7063
      vertex 0.253617 -16.14 10.725
      vertex 0.253617 -9.66 10.725
    endloop
  endfacet
  facet normal -0.146582 0 0.989199
    outer loop
      vertex 0.253617 -16.14 10.725
      vertex 0.127421 -9.66 10.7063
      vertex 0.127421 -16.14 10.7063
    endloop
  endfacet
  facet normal 0 -1 0
    outer loop
      vertex -0.127421 -9.66 13.2937
      vertex 0.127421 -9.66 13.2937
      vertex 0 -9.66 13.3
    endloop
  endfacet
  facet normal 0 -1 0
    outer loop
      vertex -0.253617 -9.66 13.275
      vertex 0.127421 -9.66 13.2937
      vertex -0.127421 -9.66 13.2937
    endloop
  endfacet
  facet normal 0 -1 0
    outer loop
      vertex -0.253617 -9.66 13.275
      vertex 0.253617 -9.66 13.275
      vertex 0.127421 -9.66 13.2937
    endloop
  endfacet
  facet normal 0 -1 0
    outer loop
      vertex -0.37737 -9.66 13.244
      vertex 0.253617 -9.66 13.275
      vertex -0.253617 -9.66 13.275
    endloop
  endfacet
  facet normal 0 -1 0
    outer loop
      vertex -0.37737 -9.66 13.244
      vertex 0.37737 -9.66 13.244
      vertex 0.253617 -9.66 13.275
    endloop
  endfacet
  facet normal 0 -1 0
    outer loop
      vertex -0.497488 -9.66 13.201
      vertex 0.37737 -9.66 13.244
      vertex -0.37737 -9.66 13.244
    endloop
  endfacet
  facet normal 0 -1 0
    outer loop
      vertex -0.497488 -9.66 13.201
      vertex 0.497488 -9.66 13.201
      vertex 0.37737 -9.66 13.244
    endloop
  endfacet
  facet normal 0 -1 0
    outer loop
      vertex -0.612815 -9.66 13.1465
      vertex 0.497488 -9.66 13.201
      vertex -0.497488 -9.66 13.201
    endloop
  endfacet
  facet normal 0 -1 0
    outer loop
      vertex -0.612815 -9.66 13.1465
      vertex 0.612815 -9.66 13.1465
      vertex 0.497488 -9.66 13.201
    endloop
  endfacet
  facet normal 0 -1 0
    outer loop
      vertex -0.72224 -9.66 13.0809
      vertex 0.612815 -9.66 13.1465
      vertex -0.612815 -9.66 13.1465
    endloop
  endfacet
  facet normal 0 -1 0
    outer loop
      vertex -0.72224 -9.66 13.0809
      vertex 0.72224 -9.66 13.0809
      vertex 0.612815 -9.66 13.1465
    endloop
  endfacet
  facet normal 0 -1 0
    outer loop
      vertex -0.824711 -9.66 13.0049
      vertex 0.72224 -9.66 13.0809
      vertex -0.72224 -9.66 13.0809
    endloop
  endfacet
  facet normal 0 -1 0
    outer loop
      vertex -0.824711 -9.66 13.0049
      vertex 0.824711 -9.66 13.0049
      vertex 0.72224 -9.66 13.0809
    endloop
  endfacet
  facet normal 0 -1 0
    outer loop
      vertex -0.919238 -9.66 12.9192
      vertex 0.824711 -9.66 13.0049
      vertex -0.824711 -9.66 13.0049
    endloop
  endfacet
  facet normal 0 -1 0
    outer loop
      vertex -0.919238 -9.66 12.9192
      vertex 0.919238 -9.66 12.9192
      vertex 0.824711 -9.66 13.0049
    endloop
  endfacet
  facet normal 0 -1 0
    outer loop
      vertex -1.00491 -9.66 12.8247
      vertex 0.919238 -9.66 12.9192
      vertex -0.919238 -9.66 12.9192
    endloop
  endfacet
  facet normal 0 -1 0
    outer loop
      vertex -1.00491 -9.66 12.8247
      vertex 1.00491 -9.66 12.8247
      vertex 0.919238 -9.66 12.9192
    endloop
  endfacet
  facet normal 0 -1 0
    outer loop
      vertex -1.08091 -9.66 12.7222
      vertex 1.00491 -9.66 12.8247
      vertex -1.00491 -9.66 12.8247
    endloop
  endfacet
  facet normal 0 -1 0
    outer loop
      vertex -1.08091 -9.66 12.7222
      vertex 1.08091 -9.66 12.7222
      vertex 1.00491 -9.66 12.8247
    endloop
  endfacet
  facet normal 0 -1 0
    outer loop
      vertex -1.1465 -9.66 12.6128
      vertex 1.08091 -9.66 12.7222
      vertex -1.08091 -9.66 12.7222
    endloop
  endfacet
  facet normal 0 -1 0
    outer loop
      vertex -1.1465 -9.66 12.6128
      vertex 1.1465 -9.66 12.6128
      vertex 1.08091 -9.66 12.7222
    endloop
  endfacet
  facet normal 0 -1 0
    outer loop
      vertex -1.20104 -9.66 12.4975
      vertex 1.1465 -9.66 12.6128
      vertex -1.1465 -9.66 12.6128
    endloop
  endfacet
  facet normal 0 -1 0
    outer loop
      vertex -1.20104 -9.66 12.4975
      vertex 1.20104 -9.66 12.4975
      vertex 1.1465 -9.66 12.6128
    endloop
  endfacet
  facet normal 0 -1 0
    outer loop
      vertex -1.24402 -9.66 12.3774
      vertex 1.20104 -9.66 12.4975
      vertex -1.20104 -9.66 12.4975
    endloop
  endfacet
  facet normal 0 -1 0
    outer loop
      vertex -1.24402 -9.66 12.3774
      vertex 1.24402 -9.66 12.3774
      vertex 1.20104 -9.66 12.4975
    endloop
  endfacet
  facet normal 0 -1 0
    outer loop
      vertex -1.27502 -9.66 12.2536
      vertex 1.24402 -9.66 12.3774
      vertex -1.24402 -9.66 12.3774
    endloop
  endfacet
  facet normal 0 -1 0
    outer loop
      vertex -1.27502 -9.66 12.2536
      vertex 1.27502 -9.66 12.2536
      vertex 1.24402 -9.66 12.3774
    endloop
  endfacet
  facet normal 0 -1 0
    outer loop
      vertex -1.29374 -9.66 12.1274
      vertex 1.27502 -9.66 12.2536
      vertex -1.27502 -9.66 12.2536
    endloop
  endfacet
  facet normal 0 -1 0
    outer loop
      vertex -1.29374 -9.66 12.1274
      vertex 1.29374 -9.66 12.1274
      vertex 1.27502 -9.66 12.2536
    endloop
  endfacet
  facet normal 0 -1 0
    outer loop
      vertex -1.3 -9.66 12
      vertex 1.29374 -9.66 12.1274
      vertex -1.29374 -9.66 12.1274
    endloop
  endfacet
  facet normal 0 -1 0
    outer loop
      vertex -1.3 -9.66 12
      vertex 1.3 -9.66 12
      vertex 1.29374 -9.66 12.1274
    endloop
  endfacet
  facet normal 0 -1 0
    outer loop
      vertex -1.29374 -9.66 11.8726
      vertex 1.3 -9.66 12
      vertex -1.3 -9.66 12
    endloop
  endfacet
  facet normal 0 -1 0
    outer loop
      vertex -1.29374 -9.66 11.8726
      vertex 1.29374 -9.66 11.8726
      vertex 1.3 -9.66 12
    endloop
  endfacet
  facet normal 0 -1 0
    outer loop
      vertex -1.27502 -9.66 11.7464
      vertex 1.29374 -9.66 11.8726
      vertex -1.29374 -9.66 11.8726
    endloop
  endfacet
  facet normal 0 -1 0
    outer loop
      vertex -1.27502 -9.66 11.7464
      vertex 1.27502 -9.66 11.7464
      vertex 1.29374 -9.66 11.8726
    endloop
  endfacet
  facet normal 0 -1 0
    outer loop
      vertex -1.24402 -9.66 11.6226
      vertex 1.27502 -9.66 11.7464
      vertex -1.27502 -9.66 11.7464
    endloop
  endfacet
  facet normal 0 -1 0
    outer loop
      vertex -1.24402 -9.66 11.6226
      vertex 1.24402 -9.66 11.6226
      vertex 1.27502 -9.66 11.7464
    endloop
  endfacet
  facet normal 0 -1 0
    outer loop
      vertex -1.20104 -9.66 11.5025
      vertex 1.24402 -9.66 11.6226
      vertex -1.24402 -9.66 11.6226
    endloop
  endfacet
  facet normal 0 -1 0
    outer loop
      vertex -1.20104 -9.66 11.5025
      vertex 1.20104 -9.66 11.5025
      vertex 1.24402 -9.66 11.6226
    endloop
  endfacet
  facet normal 0 -1 0
    outer loop
      vertex -1.1465 -9.66 11.3872
      vertex 1.20104 -9.66 11.5025
      vertex -1.20104 -9.66 11.5025
    endloop
  endfacet
  facet normal 0 -1 0
    outer loop
      vertex -1.1465 -9.66 11.3872
      vertex 1.1465 -9.66 11.3872
      vertex 1.20104 -9.66 11.5025
    endloop
  endfacet
  facet normal 0 -1 0
    outer loop
      vertex -1.08091 -9.66 11.2778
      vertex 1.1465 -9.66 11.3872
      vertex -1.1465 -9.66 11.3872
    endloop
  endfacet
  facet normal 0 -1 0
    outer loop
      vertex -1.08091 -9.66 11.2778
      vertex 1.08091 -9.66 11.2778
      vertex 1.1465 -9.66 11.3872
    endloop
  endfacet
  facet normal 0 -1 0
    outer loop
      vertex -1.00491 -9.66 11.1753
      vertex 1.08091 -9.66 11.2778
      vertex -1.08091 -9.66 11.2778
    endloop
  endfacet
  facet normal 0 -1 0
    outer loop
      vertex -1.00491 -9.66 11.1753
      vertex 1.00491 -9.66 11.1753
      vertex 1.08091 -9.66 11.2778
    endloop
  endfacet
  facet normal 0 -1 0
    outer loop
      vertex -0.919238 -9.66 11.0808
      vertex 1.00491 -9.66 11.1753
      vertex -1.00491 -9.66 11.1753
    endloop
  endfacet
  facet normal 0 -1 0
    outer loop
      vertex -0.919238 -9.66 11.0808
      vertex 0.919238 -9.66 11.0808
      vertex 1.00491 -9.66 11.1753
    endloop
  endfacet
  facet normal 0 -1 0
    outer loop
      vertex -0.824711 -9.66 10.9951
      vertex 0.919238 -9.66 11.0808
      vertex -0.919238 -9.66 11.0808
    endloop
  endfacet
  facet normal 0 -1 0
    outer loop
      vertex -0.824711 -9.66 10.9951
      vertex 0.824711 -9.66 10.9951
      vertex 0.919238 -9.66 11.0808
    endloop
  endfacet
  facet normal 0 -1 0
    outer loop
      vertex -0.72224 -9.66 10.9191
      vertex 0.824711 -9.66 10.9951
      vertex -0.824711 -9.66 10.9951
    endloop
  endfacet
  facet normal 0 -1 0
    outer loop
      vertex -0.72224 -9.66 10.9191
      vertex 0.72224 -9.66 10.9191
      vertex 0.824711 -9.66 10.9951
    endloop
  endfacet
  facet normal 0 -1 0
    outer loop
      vertex -0.612815 -9.66 10.8535
      vertex 0.72224 -9.66 10.9191
      vertex -0.72224 -9.66 10.9191
    endloop
  endfacet
  facet normal 0 -1 0
    outer loop
      vertex -0.612815 -9.66 10.8535
      vertex 0.612815 -9.66 10.8535
      vertex 0.72224 -9.66 10.9191
    endloop
  endfacet
  facet normal 0 -1 0
    outer loop
      vertex -0.497488 -9.66 10.799
      vertex 0.612815 -9.66 10.8535
      vertex -0.612815 -9.66 10.8535
    endloop
  endfacet
  facet normal 0 -1 0
    outer loop
      vertex -0.497488 -9.66 10.799
      vertex 0.497488 -9.66 10.799
      vertex 0.612815 -9.66 10.8535
    endloop
  endfacet
  facet normal 0 -1 0
    outer loop
      vertex -0.37737 -9.66 10.756
      vertex 0.497488 -9.66 10.799
      vertex -0.497488 -9.66 10.799
    endloop
  endfacet
  facet normal 0 -1 0
    outer loop
      vertex -0.37737 -9.66 10.756
      vertex 0.37737 -9.66 10.756
      vertex 0.497488 -9.66 10.799
    endloop
  endfacet
  facet normal 0 -1 0
    outer loop
      vertex -0.253617 -9.66 10.725
      vertex 0.37737 -9.66 10.756
      vertex -0.37737 -9.66 10.756
    endloop
  endfacet
  facet normal 0 -1 0
    outer loop
      vertex -0.253617 -9.66 10.725
      vertex 0.253617 -9.66 10.725
      vertex 0.37737 -9.66 10.756
    endloop
  endfacet
  facet normal 0 -1 0
    outer loop
      vertex -0.127421 -9.66 10.7063
      vertex 0.253617 -9.66 10.725
      vertex -0.253617 -9.66 10.725
    endloop
  endfacet
  facet normal 0 -1 0
    outer loop
      vertex -0.127421 -9.66 10.7063
      vertex 0.127421 -9.66 10.7063
      vertex 0.253617 -9.66 10.725
    endloop
  endfacet
  facet normal -0 -1 0
    outer loop
      vertex 0.127421 -9.66 10.7063
      vertex -0.127421 -9.66 10.7063
      vertex 0 -9.66 10.7
    endloop
  endfacet
  facet normal -0.903968 0 0.427601
    outer loop
      vertex 1.1465 -16.14 11.3872
      vertex 1.20104 -9.66 11.5025
      vertex 1.1465 -9.66 11.3872
    endloop
  endfacet
  facet normal -0.903968 0 0.427601
    outer loop
      vertex 1.20104 -9.66 11.5025
      vertex 1.1465 -16.14 11.3872
      vertex 1.20104 -16.14 11.5025
    endloop
  endfacet
  facet normal -0.857666 0 0.514208
    outer loop
      vertex 1.08091 -16.14 11.2778
      vertex 1.1465 -9.66 11.3872
      vertex 1.08091 -9.66 11.2778
    endloop
  endfacet
  facet normal -0.857666 0 0.514208
    outer loop
      vertex 1.1465 -9.66 11.3872
      vertex 1.08091 -16.14 11.2778
      vertex 1.1465 -16.14 11.3872
    endloop
  endfacet
  facet normal -0.803279 0 0.595602
    outer loop
      vertex 1.00491 -16.14 11.1753
      vertex 1.08091 -9.66 11.2778
      vertex 1.00491 -9.66 11.1753
    endloop
  endfacet
  facet normal -0.803279 0 0.595602
    outer loop
      vertex 1.08091 -9.66 11.2778
      vertex 1.00491 -16.14 11.1753
      vertex 1.08091 -16.14 11.2778
    endloop
  endfacet
  facet normal -0.97005 0 0.242904
    outer loop
      vertex 1.24402 -16.14 11.6226
      vertex 1.27502 -9.66 11.7464
      vertex 1.24402 -9.66 11.6226
    endloop
  endfacet
  facet normal -0.97005 0 0.242904
    outer loop
      vertex 1.27502 -9.66 11.7464
      vertex 1.24402 -16.14 11.6226
      vertex 1.27502 -16.14 11.7464
    endloop
  endfacet
  facet normal -0.998795 0 0.0490774
    outer loop
      vertex 1.29374 -16.14 11.8726
      vertex 1.3 -9.66 12
      vertex 1.29374 -9.66 11.8726
    endloop
  endfacet
  facet normal -0.998795 0 0.0490774
    outer loop
      vertex 1.3 -9.66 12
      vertex 1.29374 -16.14 11.8726
      vertex 1.3 -16.14 12
    endloop
  endfacet
  facet normal 0.0493821 0 -0.99878
    outer loop
      vertex -0.127421 -16.14 13.2937
      vertex 0 -9.66 13.3
      vertex 0 -16.14 13.3
    endloop
  endfacet
  facet normal 0.0493821 0 -0.99878
    outer loop
      vertex 0 -9.66 13.3
      vertex -0.127421 -16.14 13.2937
      vertex -0.127421 -9.66 13.2937
    endloop
  endfacet
  facet normal 0.998795 0 -0.0490774
    outer loop
      vertex -1.29374 -16.14 12.1274
      vertex -1.3 -9.66 12
      vertex -1.29374 -9.66 12.1274
    endloop
  endfacet
  facet normal 0.998795 0 -0.0490774
    outer loop
      vertex -1.3 -9.66 12
      vertex -1.29374 -16.14 12.1274
      vertex -1.3 -16.14 12
    endloop
  endfacet
  facet normal 0.740865 0 -0.671654
    outer loop
      vertex -0.919238 -16.14 12.9192
      vertex -1.00491 -9.66 12.8247
      vertex -0.919238 -9.66 12.9192
    endloop
  endfacet
  facet normal 0.740865 0 -0.671654
    outer loop
      vertex -1.00491 -9.66 12.8247
      vertex -0.919238 -16.14 12.9192
      vertex -1.00491 -16.14 12.8247
    endloop
  endfacet
  facet normal 0.595711 0 -0.803199
    outer loop
      vertex -0.824711 -16.14 13.0049
      vertex -0.72224 -9.66 13.0809
      vertex -0.72224 -16.14 13.0809
    endloop
  endfacet
  facet normal 0.595711 0 -0.803199
    outer loop
      vertex -0.72224 -9.66 13.0809
      vertex -0.824711 -16.14 13.0049
      vertex -0.824711 -9.66 13.0049
    endloop
  endfacet
  facet normal 0.514179 0 -0.857683
    outer loop
      vertex -0.72224 -16.14 13.0809
      vertex -0.612815 -9.66 13.1465
      vertex -0.612815 -16.14 13.1465
    endloop
  endfacet
  facet normal 0.514179 0 -0.857683
    outer loop
      vertex -0.612815 -9.66 13.1465
      vertex -0.72224 -16.14 13.0809
      vertex -0.72224 -9.66 13.0809
    endloop
  endfacet
  facet normal 0.740865 -0 0.671654
    outer loop
      vertex -1.00491 -16.14 11.1753
      vertex -0.919238 -9.66 11.0808
      vertex -1.00491 -9.66 11.1753
    endloop
  endfacet
  facet normal 0.740865 0 0.671654
    outer loop
      vertex -0.919238 -9.66 11.0808
      vertex -1.00491 -16.14 11.1753
      vertex -0.919238 -16.14 11.0808
    endloop
  endfacet
  facet normal 0.803279 -0 0.595602
    outer loop
      vertex -1.08091 -16.14 11.2778
      vertex -1.00491 -9.66 11.1753
      vertex -1.08091 -9.66 11.2778
    endloop
  endfacet
  facet normal 0.803279 0 0.595602
    outer loop
      vertex -1.00491 -9.66 11.1753
      vertex -1.08091 -16.14 11.2778
      vertex -1.00491 -16.14 11.1753
    endloop
  endfacet
  facet normal 0.857666 -0 0.514208
    outer loop
      vertex -1.1465 -16.14 11.3872
      vertex -1.08091 -9.66 11.2778
      vertex -1.1465 -9.66 11.3872
    endloop
  endfacet
  facet normal 0.857666 0 0.514208
    outer loop
      vertex -1.08091 -9.66 11.2778
      vertex -1.1465 -16.14 11.3872
      vertex -1.08091 -16.14 11.2778
    endloop
  endfacet
  facet normal 0.989177 -0 0.14673
    outer loop
      vertex -1.29374 -16.14 11.8726
      vertex -1.27502 -9.66 11.7464
      vertex -1.29374 -9.66 11.8726
    endloop
  endfacet
  facet normal 0.989177 0 0.14673
    outer loop
      vertex -1.27502 -9.66 11.7464
      vertex -1.29374 -16.14 11.8726
      vertex -1.27502 -16.14 11.7464
    endloop
  endfacet
  facet normal 0.427263 0 0.904127
    outer loop
      vertex -0.612815 -9.66 10.8535
      vertex -0.497488 -16.14 10.799
      vertex -0.497488 -9.66 10.799
    endloop
  endfacet
  facet normal 0.427263 0 0.904127
    outer loop
      vertex -0.497488 -16.14 10.799
      vertex -0.612815 -9.66 10.8535
      vertex -0.612815 -16.14 10.8535
    endloop
  endfacet
  facet normal 0.514179 0 0.857683
    outer loop
      vertex -0.72224 -9.66 10.9191
      vertex -0.612815 -16.14 10.8535
      vertex -0.612815 -9.66 10.8535
    endloop
  endfacet
  facet normal 0.514179 0 0.857683
    outer loop
      vertex -0.612815 -16.14 10.8535
      vertex -0.72224 -9.66 10.9191
      vertex -0.72224 -16.14 10.9191
    endloop
  endfacet
  facet normal 0.337036 0 0.941492
    outer loop
      vertex -0.497488 -9.66 10.799
      vertex -0.37737 -16.14 10.756
      vertex -0.37737 -9.66 10.756
    endloop
  endfacet
  facet normal 0.337036 0 0.941492
    outer loop
      vertex -0.37737 -16.14 10.756
      vertex -0.497488 -9.66 10.799
      vertex -0.497488 -16.14 10.799
    endloop
  endfacet
  facet normal 0.0493821 0 0.99878
    outer loop
      vertex -0.127421 -9.66 10.7063
      vertex 0 -16.14 10.7
      vertex 0 -9.66 10.7
    endloop
  endfacet
  facet normal 0.0493821 0 0.99878
    outer loop
      vertex 0 -16.14 10.7
      vertex -0.127421 -9.66 10.7063
      vertex -0.127421 -16.14 10.7063
    endloop
  endfacet
  facet normal -0.67167 0 -0.740851
    outer loop
      vertex 0.824711 -16.14 13.0049
      vertex 0.919238 -9.66 12.9192
      vertex 0.919238 -16.14 12.9192
    endloop
  endfacet
  facet normal -0.67167 0 -0.740851
    outer loop
      vertex 0.919238 -9.66 12.9192
      vertex 0.824711 -16.14 13.0049
      vertex 0.824711 -9.66 13.0049
    endloop
  endfacet
  facet normal -0.903968 0 -0.427601
    outer loop
      vertex 1.20104 -16.14 12.4975
      vertex 1.1465 -9.66 12.6128
      vertex 1.20104 -9.66 12.4975
    endloop
  endfacet
  facet normal -0.903968 -0 -0.427601
    outer loop
      vertex 1.1465 -9.66 12.6128
      vertex 1.20104 -16.14 12.4975
      vertex 1.1465 -16.14 12.6128
    endloop
  endfacet
  facet normal 0.989177 0 -0.14673
    outer loop
      vertex -1.27502 -16.14 12.2536
      vertex -1.29374 -9.66 12.1274
      vertex -1.27502 -9.66 12.2536
    endloop
  endfacet
  facet normal 0.989177 0 -0.14673
    outer loop
      vertex -1.29374 -9.66 12.1274
      vertex -1.27502 -16.14 12.2536
      vertex -1.29374 -16.14 12.1274
    endloop
  endfacet
  facet normal 0.941525 0 -0.336942
    outer loop
      vertex -1.20104 -16.14 12.4975
      vertex -1.24402 -9.66 12.3774
      vertex -1.20104 -9.66 12.4975
    endloop
  endfacet
  facet normal 0.941525 0 -0.336942
    outer loop
      vertex -1.24402 -9.66 12.3774
      vertex -1.20104 -16.14 12.4975
      vertex -1.24402 -16.14 12.3774
    endloop
  endfacet
  facet normal 0.903968 0 -0.427601
    outer loop
      vertex -1.1465 -16.14 12.6128
      vertex -1.20104 -9.66 12.4975
      vertex -1.1465 -9.66 12.6128
    endloop
  endfacet
  facet normal 0.903968 0 -0.427601
    outer loop
      vertex -1.20104 -9.66 12.4975
      vertex -1.1465 -16.14 12.6128
      vertex -1.20104 -16.14 12.4975
    endloop
  endfacet
  facet normal 0.803279 0 -0.595602
    outer loop
      vertex -1.00491 -16.14 12.8247
      vertex -1.08091 -9.66 12.7222
      vertex -1.00491 -9.66 12.8247
    endloop
  endfacet
  facet normal 0.803279 0 -0.595602
    outer loop
      vertex -1.08091 -9.66 12.7222
      vertex -1.00491 -16.14 12.8247
      vertex -1.08091 -16.14 12.7222
    endloop
  endfacet
  facet normal 0.337036 0 -0.941492
    outer loop
      vertex -0.497488 -16.14 13.201
      vertex -0.37737 -9.66 13.244
      vertex -0.37737 -16.14 13.244
    endloop
  endfacet
  facet normal 0.337036 0 -0.941492
    outer loop
      vertex -0.37737 -9.66 13.244
      vertex -0.497488 -16.14 13.201
      vertex -0.497488 -9.66 13.201
    endloop
  endfacet
  facet normal 0.146582 0 -0.989199
    outer loop
      vertex -0.253617 -16.14 13.275
      vertex -0.127421 -9.66 13.2937
      vertex -0.127421 -16.14 13.2937
    endloop
  endfacet
  facet normal 0.146582 0 -0.989199
    outer loop
      vertex -0.127421 -9.66 13.2937
      vertex -0.253617 -16.14 13.275
      vertex -0.253617 -9.66 13.275
    endloop
  endfacet
  facet normal 0.903968 -0 0.427601
    outer loop
      vertex -1.20104 -16.14 11.5025
      vertex -1.1465 -9.66 11.3872
      vertex -1.20104 -9.66 11.5025
    endloop
  endfacet
  facet normal 0.903968 0 0.427601
    outer loop
      vertex -1.1465 -9.66 11.3872
      vertex -1.20104 -16.14 11.5025
      vertex -1.1465 -16.14 11.3872
    endloop
  endfacet
  facet normal 0.97005 -0 0.242904
    outer loop
      vertex -1.27502 -16.14 11.7464
      vertex -1.24402 -9.66 11.6226
      vertex -1.27502 -9.66 11.7464
    endloop
  endfacet
  facet normal 0.97005 0 0.242904
    outer loop
      vertex -1.24402 -9.66 11.6226
      vertex -1.27502 -16.14 11.7464
      vertex -1.24402 -16.14 11.6226
    endloop
  endfacet
  facet normal 0.67167 0 0.740851
    outer loop
      vertex -0.919238 -9.66 11.0808
      vertex -0.824711 -16.14 10.9951
      vertex -0.824711 -9.66 10.9951
    endloop
  endfacet
  facet normal 0.67167 0 0.740851
    outer loop
      vertex -0.824711 -16.14 10.9951
      vertex -0.919238 -9.66 11.0808
      vertex -0.919238 -16.14 11.0808
    endloop
  endfacet
  facet normal 0.146582 0 0.989199
    outer loop
      vertex -0.253617 -9.66 10.725
      vertex -0.127421 -16.14 10.7063
      vertex -0.127421 -9.66 10.7063
    endloop
  endfacet
  facet normal 0.146582 0 0.989199
    outer loop
      vertex -0.127421 -16.14 10.7063
      vertex -0.253617 -9.66 10.725
      vertex -0.253617 -16.14 10.725
    endloop
  endfacet
  facet normal 0.857666 0 -0.514208
    outer loop
      vertex -1.08091 -16.14 12.7222
      vertex -1.1465 -9.66 12.6128
      vertex -1.08091 -9.66 12.7222
    endloop
  endfacet
  facet normal 0.857666 0 -0.514208
    outer loop
      vertex -1.1465 -9.66 12.6128
      vertex -1.08091 -16.14 12.7222
      vertex -1.1465 -16.14 12.6128
    endloop
  endfacet
  facet normal -0 0 1
    outer loop
      vertex 12.5 6.75 6
      vertex 14.5 -6.75 6
      vertex 14.5 6.75 6
    endloop
  endfacet
  facet normal 0 0 1
    outer loop
      vertex 14.5 -6.75 6
      vertex 12.5 6.75 6
      vertex 12.5 -6.75 6
    endloop
  endfacet
  facet normal 0 -1 0
    outer loop
      vertex 12.5 6.75 6
      vertex 14.5 6.75 22
      vertex 12.5 6.75 22
    endloop
  endfacet
  facet normal 0 -1 -0
    outer loop
      vertex 14.5 6.75 22
      vertex 12.5 6.75 6
      vertex 14.5 6.75 6
    endloop
  endfacet
  facet normal 0 1 -0
    outer loop
      vertex 14.5 -6.75 6
      vertex 12.5 -6.75 22
      vertex 14.5 -6.75 22
    endloop
  endfacet
  facet normal 0 1 0
    outer loop
      vertex 12.5 -6.75 22
      vertex 14.5 -6.75 6
      vertex 12.5 -6.75 6
    endloop
  endfacet
  facet normal -0 0 1
    outer loop
      vertex 5 -9.15 7.5
      vertex 9 -10.74 7.5
      vertex 9 -9.15 7.5
    endloop
  endfacet
  facet normal 0 0 1
    outer loop
      vertex 9 -10.74 7.5
      vertex 5 -9.15 7.5
      vertex 5 -10.74 7.5
    endloop
  endfacet
  facet normal 1 -0 0
    outer loop
      vertex 5 -10.74 9
      vertex 5 -9.15 7.5
      vertex 5 -9.15 9
    endloop
  endfacet
  facet normal 1 0 0
    outer loop
      vertex 5 -9.15 7.5
      vertex 5 -10.74 9
      vertex 5 -10.74 7.5
    endloop
  endfacet
  facet normal 1 -0 0
    outer loop
      vertex 5 -10.74 22
      vertex 5 -9.15 16.6
      vertex 5 -9.15 22
    endloop
  endfacet
  facet normal 1 0 0
    outer loop
      vertex 5 -9.15 16.6
      vertex 5 -10.74 22
      vertex 5 -10.74 16.6
    endloop
  endfacet
  facet normal 1 -0 0
    outer loop
      vertex 5 -10.74 12
      vertex 5 -9.15 10.6
      vertex 5 -9.15 12
    endloop
  endfacet
  facet normal 1 0 0
    outer loop
      vertex 5 -9.15 10.6
      vertex 5 -10.74 12
      vertex 5 -10.74 10.6
    endloop
  endfacet
  facet normal 1 -0 0
    outer loop
      vertex 5 -10.74 15
      vertex 5 -9.15 13.6
      vertex 5 -9.15 15
    endloop
  endfacet
  facet normal 1 0 0
    outer loop
      vertex 5 -9.15 13.6
      vertex 5 -10.74 15
      vertex 5 -10.74 13.6
    endloop
  endfacet
  facet normal -1 0 0
    outer loop
      vertex 9 -10.74 7.5
      vertex 9 -9.15 22
      vertex 9 -9.15 7.5
    endloop
  endfacet
  facet normal -1 -0 0
    outer loop
      vertex 9 -9.15 22
      vertex 9 -10.74 7.5
      vertex 9 -10.74 22
    endloop
  endfacet
  facet normal 0 1 0
    outer loop
      vertex 9 -10.74 22
      vertex 8.5 -10.74 16.6
      vertex 5 -10.74 22
    endloop
  endfacet
  facet normal 0 1 0
    outer loop
      vertex 9 -10.74 22
      vertex 8.5 -10.74 15
      vertex 8.5 -10.74 16.6
    endloop
  endfacet
  facet normal 0 1 0
    outer loop
      vertex 8.5 -10.74 15
      vertex 8.5 -10.74 13.6
      vertex 5 -10.74 15
    endloop
  endfacet
  facet normal 0 1 -0
    outer loop
      vertex 9 -10.74 7.5
      vertex 8.5 -10.74 15
      vertex 9 -10.74 22
    endloop
  endfacet
  facet normal 0 1 0
    outer loop
      vertex 8.5 -10.74 15
      vertex 9 -10.74 7.5
      vertex 8.5 -10.74 13.6
    endloop
  endfacet
  facet normal 0 1 0
    outer loop
      vertex 8.5 -10.74 12
      vertex 8.5 -10.74 10.6
      vertex 5 -10.74 12
    endloop
  endfacet
  facet normal 0 1 0
    outer loop
      vertex 8.5 -10.74 13.6
      vertex 9 -10.74 7.5
      vertex 8.5 -10.74 12
    endloop
  endfacet
  facet normal 0 1 0
    outer loop
      vertex 8.5 -10.74 12
      vertex 9 -10.74 7.5
      vertex 8.5 -10.74 10.6
    endloop
  endfacet
  facet normal 0 1 0
    outer loop
      vertex 8.5 -10.74 10.6
      vertex 9 -10.74 7.5
      vertex 8.5 -10.74 9
    endloop
  endfacet
  facet normal 0 1 0
    outer loop
      vertex 5 -10.74 7.5
      vertex 8.5 -10.74 9
      vertex 9 -10.74 7.5
    endloop
  endfacet
  facet normal 0 1 0
    outer loop
      vertex 8.5 -10.74 9
      vertex 5 -10.74 7.5
      vertex 5 -10.74 9
    endloop
  endfacet
  facet normal 0 1 0
    outer loop
      vertex 5 -10.74 22
      vertex 8.5 -10.74 16.6
      vertex 5 -10.74 16.6
    endloop
  endfacet
  facet normal 0 1 0
    outer loop
      vertex 5 -10.74 15
      vertex 8.5 -10.74 13.6
      vertex 5 -10.74 13.6
    endloop
  endfacet
  facet normal 0 1 0
    outer loop
      vertex 5 -10.74 12
      vertex 8.5 -10.74 10.6
      vertex 5 -10.74 10.6
    endloop
  endfacet
  facet normal -1 0 0
    outer loop
      vertex 10.5 -9.15 2
      vertex 10.5 -7.15 7
      vertex 10.5 -7.15 2
    endloop
  endfacet
  facet normal -1 -0 0
    outer loop
      vertex 10.5 -7.15 7
      vertex 10.5 -9.15 2
      vertex 10.5 -9.15 7
    endloop
  endfacet
  facet normal -0 0 1
    outer loop
      vertex 10.5 -7.15 7
      vertex 12.5 -9.15 7
      vertex 12.5 -7.15 7
    endloop
  endfacet
  facet normal 0 0 1
    outer loop
      vertex 12.5 -9.15 7
      vertex 10.5 -7.15 7
      vertex 10.5 -9.15 7
    endloop
  endfacet
  facet normal 0 1 -0
    outer loop
      vertex 12.5 -7.15 2
      vertex 10.5 -7.15 7
      vertex 12.5 -7.15 7
    endloop
  endfacet
  facet normal 0 1 0
    outer loop
      vertex 10.5 -7.15 7
      vertex 12.5 -7.15 2
      vertex 10.5 -7.15 2
    endloop
  endfacet
  facet normal -0 0 1
    outer loop
      vertex -12.5 -7.15 7
      vertex -10.5 -9.15 7
      vertex -10.5 -7.15 7
    endloop
  endfacet
  facet normal 0 0 1
    outer loop
      vertex -10.5 -9.15 7
      vertex -12.5 -7.15 7
      vertex -12.5 -9.15 7
    endloop
  endfacet
  facet normal 1 -0 0
    outer loop
      vertex -10.5 -9.15 7
      vertex -10.5 -7.15 2
      vertex -10.5 -7.15 7
    endloop
  endfacet
  facet normal 1 0 0
    outer loop
      vertex -10.5 -7.15 2
      vertex -10.5 -9.15 7
      vertex -10.5 -9.15 2
    endloop
  endfacet
  facet normal 0 1 -0
    outer loop
      vertex -10.5 -7.15 2
      vertex -12.5 -7.15 7
      vertex -10.5 -7.15 7
    endloop
  endfacet
  facet normal 0 1 0
    outer loop
      vertex -12.5 -7.15 7
      vertex -10.5 -7.15 2
      vertex -12.5 -7.15 2
    endloop
  endfacet
  facet normal -1 0 0
    outer loop
      vertex 10.5 7.15 2
      vertex 10.5 9.15 7
      vertex 10.5 9.15 2
    endloop
  endfacet
  facet normal -1 -0 0
    outer loop
      vertex 10.5 9.15 7
      vertex 10.5 7.15 2
      vertex 10.5 7.15 7
    endloop
  endfacet
  facet normal -0 0 1
    outer loop
      vertex 10.5 9.15 7
      vertex 12.5 7.15 7
      vertex 12.5 9.15 7
    endloop
  endfacet
  facet normal 0 0 1
    outer loop
      vertex 12.5 7.15 7
      vertex 10.5 9.15 7
      vertex 10.5 7.15 7
    endloop
  endfacet
  facet normal 0 -1 0
    outer loop
      vertex 10.5 7.15 2
      vertex 12.5 7.15 7
      vertex 10.5 7.15 7
    endloop
  endfacet
  facet normal 0 -1 -0
    outer loop
      vertex 12.5 7.15 7
      vertex 10.5 7.15 2
      vertex 12.5 7.15 2
    endloop
  endfacet
  facet normal -0 0 1
    outer loop
      vertex -12.5 9.15 7
      vertex -10.5 7.15 7
      vertex -10.5 9.15 7
    endloop
  endfacet
  facet normal 0 0 1
    outer loop
      vertex -10.5 7.15 7
      vertex -12.5 9.15 7
      vertex -12.5 7.15 7
    endloop
  endfacet
  facet normal 1 -0 0
    outer loop
      vertex -10.5 7.15 7
      vertex -10.5 9.15 2
      vertex -10.5 9.15 7
    endloop
  endfacet
  facet normal 1 0 0
    outer loop
      vertex -10.5 9.15 2
      vertex -10.5 7.15 7
      vertex -10.5 7.15 2
    endloop
  endfacet
  facet normal 0 -1 0
    outer loop
      vertex -12.5 7.15 2
      vertex -10.5 7.15 7
      vertex -12.5 7.15 7
    endloop
  endfacet
  facet normal 0 -1 -0
    outer loop
      vertex -10.5 7.15 7
      vertex -12.5 7.15 2
      vertex -10.5 7.15 2
    endloop
  endfacet
endsolid OpenSCAD_Model
