solid OpenSCAD_Model
  facet normal 0.998796 0.0490576 0
    outer loop
      vertex 28 0 3.5
      vertex 27.8652 2.74448 0
      vertex 27.8652 2.74448 3.5
    endloop
  endfacet
  facet normal 0.998796 0.0490576 0
    outer loop
      vertex 27.8652 2.74448 0
      vertex 28 0 3.5
      vertex 28 0 0
    endloop
  endfacet
  facet normal -0.998796 0.0490576 0
    outer loop
      vertex -28 0 0
      vertex -27.8652 2.74448 3.5
      vertex -27.8652 2.74448 0
    endloop
  endfacet
  facet normal -0.998796 0.0490576 0
    outer loop
      vertex -27.8652 2.74448 3.5
      vertex -28 0 0
      vertex -28 0 3.5
    endloop
  endfacet
  facet normal 0.0490576 0.998796 -0
    outer loop
      vertex 2.74448 27.8652 0
      vertex 0 28 3.5
      vertex 2.74448 27.8652 3.5
    endloop
  endfacet
  facet normal 0.0490576 0.998796 0
    outer loop
      vertex 0 28 3.5
      vertex 2.74448 27.8652 0
      vertex 0 28 0
    endloop
  endfacet
  facet normal 0.671554 0.740955 -0
    outer loop
      vertex 19.799 19.799 0
      vertex 17.763 21.6443 3.5
      vertex 19.799 19.799 3.5
    endloop
  endfacet
  facet normal 0.671554 0.740955 0
    outer loop
      vertex 17.763 21.6443 3.5
      vertex 19.799 19.799 0
      vertex 17.763 21.6443 0
    endloop
  endfacet
  facet normal -0.671554 0.740955 0
    outer loop
      vertex -17.763 21.6443 0
      vertex -19.799 19.799 3.5
      vertex -17.763 21.6443 3.5
    endloop
  endfacet
  facet normal -0.671554 0.740955 0
    outer loop
      vertex -19.799 19.799 3.5
      vertex -17.763 21.6443 0
      vertex -19.799 19.799 0
    endloop
  endfacet
  facet normal -0.336893 0.941543 0
    outer loop
      vertex -8.12797 26.7943 0
      vertex -10.7151 25.8686 3.5
      vertex -8.12797 26.7943 3.5
    endloop
  endfacet
  facet normal -0.336893 0.941543 0
    outer loop
      vertex -10.7151 25.8686 3.5
      vertex -8.12797 26.7943 0
      vertex -10.7151 25.8686 0
    endloop
  endfacet
  facet normal 0.903996 0.427542 0
    outer loop
      vertex 25.8686 10.7151 3.5
      vertex 24.6938 13.1991 0
      vertex 24.6938 13.1991 3.5
    endloop
  endfacet
  facet normal 0.903996 0.427542 0
    outer loop
      vertex 24.6938 13.1991 0
      vertex 25.8686 10.7151 3.5
      vertex 25.8686 10.7151 0
    endloop
  endfacet
  facet normal 0.427542 0.903996 -0
    outer loop
      vertex 13.1991 24.6938 0
      vertex 10.7151 25.8686 3.5
      vertex 13.1991 24.6938 3.5
    endloop
  endfacet
  facet normal 0.427542 0.903996 0
    outer loop
      vertex 10.7151 25.8686 3.5
      vertex 13.1991 24.6938 0
      vertex 10.7151 25.8686 0
    endloop
  endfacet
  facet normal 0.595694 0.803211 -0
    outer loop
      vertex 17.763 21.6443 0
      vertex 15.556 23.2811 3.5
      vertex 17.763 21.6443 3.5
    endloop
  endfacet
  facet normal 0.595694 0.803211 0
    outer loop
      vertex 15.556 23.2811 3.5
      vertex 17.763 21.6443 0
      vertex 15.556 23.2811 0
    endloop
  endfacet
  facet normal -0.903996 0.427542 0
    outer loop
      vertex -25.8686 10.7151 0
      vertex -24.6938 13.1991 3.5
      vertex -24.6938 13.1991 0
    endloop
  endfacet
  facet normal -0.903996 0.427542 0
    outer loop
      vertex -24.6938 13.1991 3.5
      vertex -25.8686 10.7151 0
      vertex -25.8686 10.7151 3.5
    endloop
  endfacet
  facet normal -0.146736 0.989176 0
    outer loop
      vertex -2.74448 27.8652 0
      vertex -5.46253 27.462 3.5
      vertex -2.74448 27.8652 3.5
    endloop
  endfacet
  facet normal -0.146736 0.989176 0
    outer loop
      vertex -5.46253 27.462 3.5
      vertex -2.74448 27.8652 0
      vertex -5.46253 27.462 0
    endloop
  endfacet
  facet normal 0.941543 -0.336893 0
    outer loop
      vertex 25.8686 -10.7151 3.5
      vertex 26.7943 -8.12797 0
      vertex 26.7943 -8.12797 3.5
    endloop
  endfacet
  facet normal 0.941543 -0.336893 0
    outer loop
      vertex 26.7943 -8.12797 0
      vertex 25.8686 -10.7151 3.5
      vertex 25.8686 -10.7151 0
    endloop
  endfacet
  facet normal 0 0 -1
    outer loop
      vertex -23.2811 15.556 0
      vertex -8.97987 6.00016 0
      vertex -9.52475 5.09108 0
    endloop
  endfacet
  facet normal 0 0 -1
    outer loop
      vertex -24.6938 13.1991 0
      vertex -9.52475 5.09108 0
      vertex -9.9779 4.13298 0
    endloop
  endfacet
  facet normal 0 0 -1
    outer loop
      vertex -25.8686 10.7151 0
      vertex -9.9779 4.13298 0
      vertex -10.335 3.13507 0
    endloop
  endfacet
  facet normal 0 0 -1
    outer loop
      vertex -26.7943 8.12797 0
      vertex -10.335 3.13507 0
      vertex -10.5925 2.10697 0
    endloop
  endfacet
  facet normal 0 0 -1
    outer loop
      vertex -8.97987 6.00016 0
      vertex -10.6928 16.9205 0
      vertex -9.30718 17.7205 0
    endloop
  endfacet
  facet normal 0 0 -1
    outer loop
      vertex -27.462 5.46253 0
      vertex -10.5925 2.10697 0
      vertex -10.748 1.05858 0
    endloop
  endfacet
  facet normal 0 0 -1
    outer loop
      vertex -27.8652 2.74448 0
      vertex -10.748 1.05858 0
      vertex -10.8 0 0
    endloop
  endfacet
  facet normal 0 0 -1
    outer loop
      vertex -26.7943 -8.12797 0
      vertex -10.335 -3.13507 0
      vertex -25.8686 -10.7151 0
    endloop
  endfacet
  facet normal -0 0 -1
    outer loop
      vertex -10.748 -1.05858 0
      vertex -27.8652 -2.74448 0
      vertex -10.8 0 0
    endloop
  endfacet
  facet normal -0 0 -1
    outer loop
      vertex -8.34851 -6.85145 0
      vertex -10.6928 -16.9205 0
      vertex -8.97987 -6.00016 0
    endloop
  endfacet
  facet normal 0 0 -1
    outer loop
      vertex -23.2811 -15.556 0
      vertex -8.97987 -6.00016 0
      vertex -10.6928 -16.9205 0
    endloop
  endfacet
  facet normal -0 0 -1
    outer loop
      vertex -8.97987 -6.00016 0
      vertex -23.2811 -15.556 0
      vertex -9.52475 -5.09108 0
    endloop
  endfacet
  facet normal 0 0 -1
    outer loop
      vertex -24.6938 -13.1991 0
      vertex -9.52475 -5.09108 0
      vertex -23.2811 -15.556 0
    endloop
  endfacet
  facet normal 0 0 -1
    outer loop
      vertex -23.2811 -15.556 0
      vertex -10.6928 -16.9205 0
      vertex -12.6928 -20.3846 0
    endloop
  endfacet
  facet normal -0 0 -1
    outer loop
      vertex -9.52475 -5.09108 0
      vertex -24.6938 -13.1991 0
      vertex -9.9779 -4.13298 0
    endloop
  endfacet
  facet normal 0 0 -1
    outer loop
      vertex -25.8686 -10.7151 0
      vertex -9.9779 -4.13298 0
      vertex -24.6938 -13.1991 0
    endloop
  endfacet
  facet normal -0 0 -1
    outer loop
      vertex -9.9779 -4.13298 0
      vertex -25.8686 -10.7151 0
      vertex -10.335 -3.13507 0
    endloop
  endfacet
  facet normal -0 0 -1
    outer loop
      vertex 26.7943 8.12797 0
      vertex 10.335 3.13507 0
      vertex 25.8686 10.7151 0
    endloop
  endfacet
  facet normal 0 0 -1
    outer loop
      vertex 23.2811 -15.556 0
      vertex 10.748 -1.05858 0
      vertex 10.8 0 0
    endloop
  endfacet
  facet normal 0 0 -1
    outer loop
      vertex 8.97987 -6.00016 0
      vertex 23.2811 -15.556 0
      vertex 10.6928 -16.9205 0
    endloop
  endfacet
  facet normal 0 0 -1
    outer loop
      vertex 23.2811 -15.556 0
      vertex 10.5925 -2.10697 0
      vertex 10.748 -1.05858 0
    endloop
  endfacet
  facet normal 0 0 -1
    outer loop
      vertex 23.2811 -15.556 0
      vertex 10.335 -3.13507 0
      vertex 10.5925 -2.10697 0
    endloop
  endfacet
  facet normal 0 0 -1
    outer loop
      vertex 23.2811 -15.556 0
      vertex 9.9779 -4.13298 0
      vertex 10.335 -3.13507 0
    endloop
  endfacet
  facet normal 0 0 -1
    outer loop
      vertex 23.2811 -15.556 0
      vertex 9.52475 -5.09108 0
      vertex 9.9779 -4.13298 0
    endloop
  endfacet
  facet normal 0 0 -1
    outer loop
      vertex 5.09108 -9.52475 0
      vertex 10.6928 -16.9205 0
      vertex 9.30718 -17.7205 0
    endloop
  endfacet
  facet normal 0 0 -1
    outer loop
      vertex 23.2811 -15.556 0
      vertex 8.97987 -6.00016 0
      vertex 9.52475 -5.09108 0
    endloop
  endfacet
  facet normal 0 0 -1
    outer loop
      vertex 27.462 -5.46253 0
      vertex 10.8 0 0
      vertex 27.8652 -2.74448 0
    endloop
  endfacet
  facet normal 0 0 -1
    outer loop
      vertex 26.7943 -8.12797 0
      vertex 10.8 0 0
      vertex 27.462 -5.46253 0
    endloop
  endfacet
  facet normal 0 0 -1
    outer loop
      vertex 27.8652 -2.74448 0
      vertex 10.8 0 0
      vertex 28 0 0
    endloop
  endfacet
  facet normal 0 0 -1
    outer loop
      vertex 25.8686 -10.7151 0
      vertex 10.8 0 0
      vertex 26.7943 -8.12797 0
    endloop
  endfacet
  facet normal 0 0 -1
    outer loop
      vertex 10.8 0 0
      vertex 27.8652 2.74448 0
      vertex 28 0 0
    endloop
  endfacet
  facet normal 0 0 -1
    outer loop
      vertex 24.6938 -13.1991 0
      vertex 10.8 0 0
      vertex 25.8686 -10.7151 0
    endloop
  endfacet
  facet normal 0 0 -1
    outer loop
      vertex 10.748 1.05858 0
      vertex 27.8652 2.74448 0
      vertex 10.8 0 0
    endloop
  endfacet
  facet normal 0 0 -1
    outer loop
      vertex 23.2811 -15.556 0
      vertex 10.8 0 0
      vertex 24.6938 -13.1991 0
    endloop
  endfacet
  facet normal -0 0 -1
    outer loop
      vertex 27.8652 2.74448 0
      vertex 10.748 1.05858 0
      vertex 27.462 5.46253 0
    endloop
  endfacet
  facet normal 0 0 -1
    outer loop
      vertex 21.6443 -17.763 0
      vertex 10.6928 -16.9205 0
      vertex 23.2811 -15.556 0
    endloop
  endfacet
  facet normal 0 0 -1
    outer loop
      vertex 10.5925 2.10697 0
      vertex 27.462 5.46253 0
      vertex 10.748 1.05858 0
    endloop
  endfacet
  facet normal 0 0 -1
    outer loop
      vertex 19.799 -19.799 0
      vertex 10.6928 -16.9205 0
      vertex 21.6443 -17.763 0
    endloop
  endfacet
  facet normal -0 0 -1
    outer loop
      vertex 27.462 5.46253 0
      vertex 10.5925 2.10697 0
      vertex 26.7943 8.12797 0
    endloop
  endfacet
  facet normal 0 0 -1
    outer loop
      vertex 10.6928 -16.9205 0
      vertex 19.799 -19.799 0
      vertex 12.6928 -20.3846 0
    endloop
  endfacet
  facet normal 0 0 -1
    outer loop
      vertex 10.335 3.13507 0
      vertex 26.7943 8.12797 0
      vertex 10.5925 2.10697 0
    endloop
  endfacet
  facet normal 0 0 -1
    outer loop
      vertex 12.6928 -20.3846 0
      vertex 19.799 -19.799 0
      vertex 17.763 -21.6443 0
    endloop
  endfacet
  facet normal 0 0 -1
    outer loop
      vertex 23.2811 15.556 0
      vertex 12.6928 20.3846 0
      vertex 21.6443 17.763 0
    endloop
  endfacet
  facet normal 0 0 -1
    outer loop
      vertex 12.6928 -20.3846 0
      vertex 17.763 -21.6443 0
      vertex 15.556 -23.2811 0
    endloop
  endfacet
  facet normal 0 0 -1
    outer loop
      vertex 21.6443 17.763 0
      vertex 12.6928 20.3846 0
      vertex 19.799 19.799 0
    endloop
  endfacet
  facet normal 0 0 -1
    outer loop
      vertex 12.6928 -20.3846 0
      vertex 15.556 -23.2811 0
      vertex 13.1991 -24.6938 0
    endloop
  endfacet
  facet normal 0 0 -1
    outer loop
      vertex 19.799 19.799 0
      vertex 12.6928 20.3846 0
      vertex 17.763 21.6443 0
    endloop
  endfacet
  facet normal -0 0 -1
    outer loop
      vertex 17.763 21.6443 0
      vertex 12.6928 20.3846 0
      vertex 15.556 23.2811 0
    endloop
  endfacet
  facet normal 0 0 -1
    outer loop
      vertex 13.1991 -24.6938 0
      vertex 11.3072 -21.1846 0
      vertex 12.6928 -20.3846 0
    endloop
  endfacet
  facet normal 0 0 -1
    outer loop
      vertex 10.7151 -25.8686 0
      vertex 11.3072 -21.1846 0
      vertex 13.1991 -24.6938 0
    endloop
  endfacet
  facet normal 0 0 -1
    outer loop
      vertex 8.12797 -26.7943 0
      vertex 11.3072 -21.1846 0
      vertex 10.7151 -25.8686 0
    endloop
  endfacet
  facet normal 0 0 -1
    outer loop
      vertex 10.6928 -16.9205 0
      vertex 8.34851 -6.85145 0
      vertex 8.97987 -6.00016 0
    endloop
  endfacet
  facet normal -0 0 -1
    outer loop
      vertex 11.3072 -21.1846 0
      vertex 8.12797 -26.7943 0
      vertex 9.30718 -17.7205 0
    endloop
  endfacet
  facet normal 0 0 -1
    outer loop
      vertex 5.46253 -27.462 0
      vertex 9.30718 -17.7205 0
      vertex 8.12797 -26.7943 0
    endloop
  endfacet
  facet normal 0 0 -1
    outer loop
      vertex 10.6928 -16.9205 0
      vertex 7.63675 -7.63675 0
      vertex 8.34851 -6.85145 0
    endloop
  endfacet
  facet normal 0 0 -1
    outer loop
      vertex 10.6928 -16.9205 0
      vertex 6.85145 -8.34851 0
      vertex 7.63675 -7.63675 0
    endloop
  endfacet
  facet normal 0 0 -1
    outer loop
      vertex 10.6928 -16.9205 0
      vertex 6.00016 -8.97987 0
      vertex 6.85145 -8.34851 0
    endloop
  endfacet
  facet normal 0 0 -1
    outer loop
      vertex 2.74448 -27.8652 0
      vertex 9.30718 -17.7205 0
      vertex 5.46253 -27.462 0
    endloop
  endfacet
  facet normal 0 0 -1
    outer loop
      vertex 10.6928 -16.9205 0
      vertex 5.09108 -9.52475 0
      vertex 6.00016 -8.97987 0
    endloop
  endfacet
  facet normal 0 0 -1
    outer loop
      vertex 9.30718 -17.7205 0
      vertex 4.13298 -9.9779 0
      vertex 5.09108 -9.52475 0
    endloop
  endfacet
  facet normal 0 0 -1
    outer loop
      vertex 9.30718 -17.7205 0
      vertex 3.13507 -10.335 0
      vertex 4.13298 -9.9779 0
    endloop
  endfacet
  facet normal 0 0 -1
    outer loop
      vertex 0 -28 0
      vertex 9.30718 -17.7205 0
      vertex 2.74448 -27.8652 0
    endloop
  endfacet
  facet normal 0 0 -1
    outer loop
      vertex 9.30718 -17.7205 0
      vertex 2.10697 -10.5925 0
      vertex 3.13507 -10.335 0
    endloop
  endfacet
  facet normal 0 0 -1
    outer loop
      vertex 9.30718 -17.7205 0
      vertex 1.05858 -10.748 0
      vertex 2.10697 -10.5925 0
    endloop
  endfacet
  facet normal 0 0 -1
    outer loop
      vertex 0 -10.8 0
      vertex 9.30718 -17.7205 0
      vertex 0 -28 0
    endloop
  endfacet
  facet normal 0 0 -1
    outer loop
      vertex 9.30718 -17.7205 0
      vertex 0 -10.8 0
      vertex 1.05858 -10.748 0
    endloop
  endfacet
  facet normal 0 0 -1
    outer loop
      vertex -9.30718 -17.7205 0
      vertex 0 -10.8 0
      vertex 0 -28 0
    endloop
  endfacet
  facet normal -0 0 -1
    outer loop
      vertex 0 -10.8 0
      vertex -9.30718 -17.7205 0
      vertex -1.05858 -10.748 0
    endloop
  endfacet
  facet normal 0 0 -1
    outer loop
      vertex -9.30718 -17.7205 0
      vertex 0 -28 0
      vertex -2.74448 -27.8652 0
    endloop
  endfacet
  facet normal -0 0 -1
    outer loop
      vertex -1.05858 -10.748 0
      vertex -9.30718 -17.7205 0
      vertex -2.10697 -10.5925 0
    endloop
  endfacet
  facet normal -0 0 -1
    outer loop
      vertex -2.10697 -10.5925 0
      vertex -9.30718 -17.7205 0
      vertex -3.13507 -10.335 0
    endloop
  endfacet
  facet normal -0 0 -1
    outer loop
      vertex -3.13507 -10.335 0
      vertex -9.30718 -17.7205 0
      vertex -4.13298 -9.9779 0
    endloop
  endfacet
  facet normal 0 0 -1
    outer loop
      vertex -9.30718 -17.7205 0
      vertex -2.74448 -27.8652 0
      vertex -5.46253 -27.462 0
    endloop
  endfacet
  facet normal -0 0 -1
    outer loop
      vertex -4.13298 -9.9779 0
      vertex -9.30718 -17.7205 0
      vertex -5.09108 -9.52475 0
    endloop
  endfacet
  facet normal 0 0 -1
    outer loop
      vertex -10.6928 -16.9205 0
      vertex -5.09108 -9.52475 0
      vertex -9.30718 -17.7205 0
    endloop
  endfacet
  facet normal -0 0 -1
    outer loop
      vertex -5.09108 -9.52475 0
      vertex -10.6928 -16.9205 0
      vertex -6.00016 -8.97987 0
    endloop
  endfacet
  facet normal 0 0 -1
    outer loop
      vertex -9.30718 -17.7205 0
      vertex -5.46253 -27.462 0
      vertex -8.12797 -26.7943 0
    endloop
  endfacet
  facet normal -0 0 -1
    outer loop
      vertex -6.00016 -8.97987 0
      vertex -10.6928 -16.9205 0
      vertex -6.85145 -8.34851 0
    endloop
  endfacet
  facet normal -0 0 -1
    outer loop
      vertex -6.85145 -8.34851 0
      vertex -10.6928 -16.9205 0
      vertex -7.63675 -7.63675 0
    endloop
  endfacet
  facet normal -0 0 -1
    outer loop
      vertex -7.63675 -7.63675 0
      vertex -10.6928 -16.9205 0
      vertex -8.34851 -6.85145 0
    endloop
  endfacet
  facet normal 0 0 -1
    outer loop
      vertex -11.3072 -21.1846 0
      vertex -8.12797 -26.7943 0
      vertex -10.7151 -25.8686 0
    endloop
  endfacet
  facet normal 0 0 -1
    outer loop
      vertex -8.12797 -26.7943 0
      vertex -11.3072 -21.1846 0
      vertex -9.30718 -17.7205 0
    endloop
  endfacet
  facet normal 0 0 -1
    outer loop
      vertex -13.1991 -24.6938 0
      vertex -11.3072 -21.1846 0
      vertex -10.7151 -25.8686 0
    endloop
  endfacet
  facet normal 0 0 -1
    outer loop
      vertex -15.556 -23.2811 0
      vertex -12.6928 -20.3846 0
      vertex -13.1991 -24.6938 0
    endloop
  endfacet
  facet normal -0 0 -1
    outer loop
      vertex -11.3072 -21.1846 0
      vertex -13.1991 -24.6938 0
      vertex -12.6928 -20.3846 0
    endloop
  endfacet
  facet normal -0 0 -1
    outer loop
      vertex 15.556 23.2811 0
      vertex 12.6928 20.3846 0
      vertex 13.1991 24.6938 0
    endloop
  endfacet
  facet normal 0 0 -1
    outer loop
      vertex 11.3072 21.1846 0
      vertex 13.1991 24.6938 0
      vertex 12.6928 20.3846 0
    endloop
  endfacet
  facet normal 0 0 -1
    outer loop
      vertex 11.3072 21.1846 0
      vertex 10.7151 25.8686 0
      vertex 13.1991 24.6938 0
    endloop
  endfacet
  facet normal 0 0 -1
    outer loop
      vertex 8.12797 26.7943 0
      vertex 11.3072 21.1846 0
      vertex 9.30718 17.7205 0
    endloop
  endfacet
  facet normal 0 0 -1
    outer loop
      vertex 7.63675 7.63675 0
      vertex 10.6928 16.9205 0
      vertex 8.34851 6.85145 0
    endloop
  endfacet
  facet normal 0 0 -1
    outer loop
      vertex 11.3072 21.1846 0
      vertex 8.12797 26.7943 0
      vertex 10.7151 25.8686 0
    endloop
  endfacet
  facet normal 0 0 -1
    outer loop
      vertex 6.85145 8.34851 0
      vertex 10.6928 16.9205 0
      vertex 7.63675 7.63675 0
    endloop
  endfacet
  facet normal 0 0 -1
    outer loop
      vertex 6.00016 8.97987 0
      vertex 10.6928 16.9205 0
      vertex 6.85145 8.34851 0
    endloop
  endfacet
  facet normal 0 0 -1
    outer loop
      vertex 5.09108 9.52475 0
      vertex 10.6928 16.9205 0
      vertex 6.00016 8.97987 0
    endloop
  endfacet
  facet normal -0 0 -1
    outer loop
      vertex 10.6928 16.9205 0
      vertex 5.09108 9.52475 0
      vertex 9.30718 17.7205 0
    endloop
  endfacet
  facet normal 0 0 -1
    outer loop
      vertex 4.13298 9.9779 0
      vertex 9.30718 17.7205 0
      vertex 5.09108 9.52475 0
    endloop
  endfacet
  facet normal 0 0 -1
    outer loop
      vertex 3.13507 10.335 0
      vertex 9.30718 17.7205 0
      vertex 4.13298 9.9779 0
    endloop
  endfacet
  facet normal 0 0 -1
    outer loop
      vertex 2.10697 10.5925 0
      vertex 9.30718 17.7205 0
      vertex 3.13507 10.335 0
    endloop
  endfacet
  facet normal 0 0 -1
    outer loop
      vertex 9.30718 17.7205 0
      vertex 5.46253 27.462 0
      vertex 8.12797 26.7943 0
    endloop
  endfacet
  facet normal 0 0 -1
    outer loop
      vertex 1.05858 10.748 0
      vertex 9.30718 17.7205 0
      vertex 2.10697 10.5925 0
    endloop
  endfacet
  facet normal 0 0 -1
    outer loop
      vertex 9.30718 17.7205 0
      vertex 2.74448 27.8652 0
      vertex 5.46253 27.462 0
    endloop
  endfacet
  facet normal 0 0 -1
    outer loop
      vertex 0 10.8 0
      vertex 9.30718 17.7205 0
      vertex 1.05858 10.748 0
    endloop
  endfacet
  facet normal 0 0 -1
    outer loop
      vertex 0 28 0
      vertex 9.30718 17.7205 0
      vertex 0 10.8 0
    endloop
  endfacet
  facet normal 0 0 -1
    outer loop
      vertex 9.30718 17.7205 0
      vertex 0 28 0
      vertex 2.74448 27.8652 0
    endloop
  endfacet
  facet normal 0 0 -1
    outer loop
      vertex -9.30718 17.7205 0
      vertex 0 10.8 0
      vertex -1.05858 10.748 0
    endloop
  endfacet
  facet normal 0 0 -1
    outer loop
      vertex -9.30718 17.7205 0
      vertex -1.05858 10.748 0
      vertex -2.10697 10.5925 0
    endloop
  endfacet
  facet normal 0 0 -1
    outer loop
      vertex 0 10.8 0
      vertex -9.30718 17.7205 0
      vertex 0 28 0
    endloop
  endfacet
  facet normal 0 0 -1
    outer loop
      vertex -9.30718 17.7205 0
      vertex -2.10697 10.5925 0
      vertex -3.13507 10.335 0
    endloop
  endfacet
  facet normal 0 0 -1
    outer loop
      vertex -9.30718 17.7205 0
      vertex -3.13507 10.335 0
      vertex -4.13298 9.9779 0
    endloop
  endfacet
  facet normal 0 0 -1
    outer loop
      vertex -9.30718 17.7205 0
      vertex -4.13298 9.9779 0
      vertex -5.09108 9.52475 0
    endloop
  endfacet
  facet normal 0 0 -1
    outer loop
      vertex 0 28 0
      vertex -9.30718 17.7205 0
      vertex -2.74448 27.8652 0
    endloop
  endfacet
  facet normal 0 0 -1
    outer loop
      vertex -9.30718 17.7205 0
      vertex -5.09108 9.52475 0
      vertex -6.00016 8.97987 0
    endloop
  endfacet
  facet normal 0 0 -1
    outer loop
      vertex -9.30718 17.7205 0
      vertex -6.00016 8.97987 0
      vertex -6.85145 8.34851 0
    endloop
  endfacet
  facet normal 0 0 -1
    outer loop
      vertex -9.30718 17.7205 0
      vertex -6.85145 8.34851 0
      vertex -7.63675 7.63675 0
    endloop
  endfacet
  facet normal 0 0 -1
    outer loop
      vertex -2.74448 27.8652 0
      vertex -9.30718 17.7205 0
      vertex -5.46253 27.462 0
    endloop
  endfacet
  facet normal 0 0 -1
    outer loop
      vertex -9.30718 17.7205 0
      vertex -7.63675 7.63675 0
      vertex -8.34851 6.85145 0
    endloop
  endfacet
  facet normal 0 0 -1
    outer loop
      vertex -9.30718 17.7205 0
      vertex -8.34851 6.85145 0
      vertex -8.97987 6.00016 0
    endloop
  endfacet
  facet normal 0 0 -1
    outer loop
      vertex -5.46253 27.462 0
      vertex -9.30718 17.7205 0
      vertex -8.12797 26.7943 0
    endloop
  endfacet
  facet normal 0 0 -1
    outer loop
      vertex -11.3072 21.1846 0
      vertex -8.12797 26.7943 0
      vertex -9.30718 17.7205 0
    endloop
  endfacet
  facet normal 0 0 -1
    outer loop
      vertex -8.12797 26.7943 0
      vertex -11.3072 21.1846 0
      vertex -10.7151 25.8686 0
    endloop
  endfacet
  facet normal 0 0 -1
    outer loop
      vertex -13.1991 24.6938 0
      vertex -11.3072 21.1846 0
      vertex -12.6928 20.3846 0
    endloop
  endfacet
  facet normal 0 0 -1
    outer loop
      vertex -11.3072 21.1846 0
      vertex -13.1991 24.6938 0
      vertex -10.7151 25.8686 0
    endloop
  endfacet
  facet normal 0 0 -1
    outer loop
      vertex -17.763 -21.6443 0
      vertex -12.6928 -20.3846 0
      vertex -15.556 -23.2811 0
    endloop
  endfacet
  facet normal 0 0 -1
    outer loop
      vertex -19.799 -19.799 0
      vertex -12.6928 -20.3846 0
      vertex -17.763 -21.6443 0
    endloop
  endfacet
  facet normal 0 0 -1
    outer loop
      vertex -12.6928 20.3846 0
      vertex -15.556 23.2811 0
      vertex -13.1991 24.6938 0
    endloop
  endfacet
  facet normal 0 0 -1
    outer loop
      vertex -21.6443 -17.763 0
      vertex -12.6928 -20.3846 0
      vertex -19.799 -19.799 0
    endloop
  endfacet
  facet normal 0 0 -1
    outer loop
      vertex -12.6928 20.3846 0
      vertex -17.763 21.6443 0
      vertex -15.556 23.2811 0
    endloop
  endfacet
  facet normal 0 0 -1
    outer loop
      vertex -23.2811 -15.556 0
      vertex -12.6928 -20.3846 0
      vertex -21.6443 -17.763 0
    endloop
  endfacet
  facet normal -0 0 -1
    outer loop
      vertex -12.6928 20.3846 0
      vertex -19.799 19.799 0
      vertex -17.763 21.6443 0
    endloop
  endfacet
  facet normal -0 0 -1
    outer loop
      vertex -10.335 -3.13507 0
      vertex -26.7943 -8.12797 0
      vertex -10.5925 -2.10697 0
    endloop
  endfacet
  facet normal 0 0 -1
    outer loop
      vertex -10.6928 16.9205 0
      vertex -19.799 19.799 0
      vertex -12.6928 20.3846 0
    endloop
  endfacet
  facet normal 0 0 -1
    outer loop
      vertex -27.462 -5.46253 0
      vertex -10.5925 -2.10697 0
      vertex -26.7943 -8.12797 0
    endloop
  endfacet
  facet normal 0 -0 -1
    outer loop
      vertex -19.799 19.799 0
      vertex -10.6928 16.9205 0
      vertex -21.6443 17.763 0
    endloop
  endfacet
  facet normal -0 0 -1
    outer loop
      vertex -10.5925 -2.10697 0
      vertex -27.462 -5.46253 0
      vertex -10.748 -1.05858 0
    endloop
  endfacet
  facet normal 0 -0 -1
    outer loop
      vertex -21.6443 17.763 0
      vertex -10.6928 16.9205 0
      vertex -23.2811 15.556 0
    endloop
  endfacet
  facet normal 0 0 -1
    outer loop
      vertex -27.8652 -2.74448 0
      vertex -10.748 -1.05858 0
      vertex -27.462 -5.46253 0
    endloop
  endfacet
  facet normal 0 0 -1
    outer loop
      vertex -8.97987 6.00016 0
      vertex -23.2811 15.556 0
      vertex -10.6928 16.9205 0
    endloop
  endfacet
  facet normal 0 0 -1
    outer loop
      vertex -28 0 0
      vertex -10.8 0 0
      vertex -27.8652 -2.74448 0
    endloop
  endfacet
  facet normal 0 0 -1
    outer loop
      vertex -9.52475 5.09108 0
      vertex -24.6938 13.1991 0
      vertex -23.2811 15.556 0
    endloop
  endfacet
  facet normal 0 -0 -1
    outer loop
      vertex -27.8652 2.74448 0
      vertex -10.8 0 0
      vertex -28 0 0
    endloop
  endfacet
  facet normal 0 0 -1
    outer loop
      vertex -9.9779 4.13298 0
      vertex -25.8686 10.7151 0
      vertex -24.6938 13.1991 0
    endloop
  endfacet
  facet normal 0 0 -1
    outer loop
      vertex -10.748 1.05858 0
      vertex -27.8652 2.74448 0
      vertex -27.462 5.46253 0
    endloop
  endfacet
  facet normal 0 0 -1
    outer loop
      vertex -10.335 3.13507 0
      vertex -26.7943 8.12797 0
      vertex -25.8686 10.7151 0
    endloop
  endfacet
  facet normal 0 0 -1
    outer loop
      vertex -10.5925 2.10697 0
      vertex -27.462 5.46253 0
      vertex -26.7943 8.12797 0
    endloop
  endfacet
  facet normal 0 0 -1
    outer loop
      vertex 9.9779 4.13298 0
      vertex 25.8686 10.7151 0
      vertex 10.335 3.13507 0
    endloop
  endfacet
  facet normal -0 0 -1
    outer loop
      vertex 25.8686 10.7151 0
      vertex 9.9779 4.13298 0
      vertex 24.6938 13.1991 0
    endloop
  endfacet
  facet normal 0 0 -1
    outer loop
      vertex 9.52475 5.09108 0
      vertex 24.6938 13.1991 0
      vertex 9.9779 4.13298 0
    endloop
  endfacet
  facet normal 0 0 -1
    outer loop
      vertex 23.2811 15.556 0
      vertex 10.6928 16.9205 0
      vertex 12.6928 20.3846 0
    endloop
  endfacet
  facet normal -0 0 -1
    outer loop
      vertex 24.6938 13.1991 0
      vertex 9.52475 5.09108 0
      vertex 23.2811 15.556 0
    endloop
  endfacet
  facet normal 0 0 -1
    outer loop
      vertex 8.97987 6.00016 0
      vertex 23.2811 15.556 0
      vertex 9.52475 5.09108 0
    endloop
  endfacet
  facet normal -0 0 -1
    outer loop
      vertex 23.2811 15.556 0
      vertex 8.97987 6.00016 0
      vertex 10.6928 16.9205 0
    endloop
  endfacet
  facet normal 0 0 -1
    outer loop
      vertex 8.34851 6.85145 0
      vertex 10.6928 16.9205 0
      vertex 8.97987 6.00016 0
    endloop
  endfacet
  facet normal 0.970028 0.242995 0
    outer loop
      vertex 27.462 5.46253 3.5
      vertex 26.7943 8.12797 0
      vertex 26.7943 8.12797 3.5
    endloop
  endfacet
  facet normal 0.970028 0.242995 0
    outer loop
      vertex 26.7943 8.12797 0
      vertex 27.462 5.46253 3.5
      vertex 27.462 5.46253 0
    endloop
  endfacet
  facet normal 0.989176 0.146736 0
    outer loop
      vertex 27.8652 2.74448 3.5
      vertex 27.462 5.46253 0
      vertex 27.462 5.46253 3.5
    endloop
  endfacet
  facet normal 0.989176 0.146736 0
    outer loop
      vertex 27.462 5.46253 0
      vertex 27.8652 2.74448 3.5
      vertex 27.8652 2.74448 0
    endloop
  endfacet
  facet normal 0.941543 0.336893 0
    outer loop
      vertex 26.7943 8.12797 3.5
      vertex 25.8686 10.7151 0
      vertex 25.8686 10.7151 3.5
    endloop
  endfacet
  facet normal 0.941543 0.336893 0
    outer loop
      vertex 25.8686 10.7151 0
      vertex 26.7943 8.12797 3.5
      vertex 26.7943 8.12797 0
    endloop
  endfacet
  facet normal 0.803211 0.595694 0
    outer loop
      vertex 23.2811 15.556 3.5
      vertex 21.6443 17.763 0
      vertex 21.6443 17.763 3.5
    endloop
  endfacet
  facet normal 0.803211 0.595694 0
    outer loop
      vertex 21.6443 17.763 0
      vertex 23.2811 15.556 3.5
      vertex 23.2811 15.556 0
    endloop
  endfacet
  facet normal 0.740955 0.671554 0
    outer loop
      vertex 21.6443 17.763 3.5
      vertex 19.799 19.799 0
      vertex 19.799 19.799 3.5
    endloop
  endfacet
  facet normal 0.740955 0.671554 0
    outer loop
      vertex 19.799 19.799 0
      vertex 21.6443 17.763 3.5
      vertex 21.6443 17.763 0
    endloop
  endfacet
  facet normal 0.857724 0.51411 0
    outer loop
      vertex 24.6938 13.1991 3.5
      vertex 23.2811 15.556 0
      vertex 23.2811 15.556 3.5
    endloop
  endfacet
  facet normal 0.857724 0.51411 0
    outer loop
      vertex 23.2811 15.556 0
      vertex 24.6938 13.1991 3.5
      vertex 24.6938 13.1991 0
    endloop
  endfacet
  facet normal 0.242995 0.970028 -0
    outer loop
      vertex 8.12797 26.7943 0
      vertex 5.46253 27.462 3.5
      vertex 8.12797 26.7943 3.5
    endloop
  endfacet
  facet normal 0.242995 0.970028 0
    outer loop
      vertex 5.46253 27.462 3.5
      vertex 8.12797 26.7943 0
      vertex 5.46253 27.462 0
    endloop
  endfacet
  facet normal 0.336893 0.941543 -0
    outer loop
      vertex 10.7151 25.8686 0
      vertex 8.12797 26.7943 3.5
      vertex 10.7151 25.8686 3.5
    endloop
  endfacet
  facet normal 0.336893 0.941543 0
    outer loop
      vertex 8.12797 26.7943 3.5
      vertex 10.7151 25.8686 0
      vertex 8.12797 26.7943 0
    endloop
  endfacet
  facet normal 0.146736 0.989176 -0
    outer loop
      vertex 5.46253 27.462 0
      vertex 2.74448 27.8652 3.5
      vertex 5.46253 27.462 3.5
    endloop
  endfacet
  facet normal 0.146736 0.989176 0
    outer loop
      vertex 2.74448 27.8652 3.5
      vertex 5.46253 27.462 0
      vertex 2.74448 27.8652 0
    endloop
  endfacet
  facet normal 0.51411 0.857724 -0
    outer loop
      vertex 15.556 23.2811 0
      vertex 13.1991 24.6938 3.5
      vertex 15.556 23.2811 3.5
    endloop
  endfacet
  facet normal 0.51411 0.857724 0
    outer loop
      vertex 13.1991 24.6938 3.5
      vertex 15.556 23.2811 0
      vertex 13.1991 24.6938 0
    endloop
  endfacet
  facet normal -0.970028 0.242995 0
    outer loop
      vertex -27.462 5.46253 0
      vertex -26.7943 8.12797 3.5
      vertex -26.7943 8.12797 0
    endloop
  endfacet
  facet normal -0.970028 0.242995 0
    outer loop
      vertex -26.7943 8.12797 3.5
      vertex -27.462 5.46253 0
      vertex -27.462 5.46253 3.5
    endloop
  endfacet
  facet normal -0.803211 0.595694 0
    outer loop
      vertex -23.2811 15.556 0
      vertex -21.6443 17.763 3.5
      vertex -21.6443 17.763 0
    endloop
  endfacet
  facet normal -0.803211 0.595694 0
    outer loop
      vertex -21.6443 17.763 3.5
      vertex -23.2811 15.556 0
      vertex -23.2811 15.556 3.5
    endloop
  endfacet
  facet normal -0.740955 0.671554 0
    outer loop
      vertex -21.6443 17.763 0
      vertex -19.799 19.799 3.5
      vertex -19.799 19.799 0
    endloop
  endfacet
  facet normal -0.740955 0.671554 0
    outer loop
      vertex -19.799 19.799 3.5
      vertex -21.6443 17.763 0
      vertex -21.6443 17.763 3.5
    endloop
  endfacet
  facet normal -0.857724 0.51411 0
    outer loop
      vertex -24.6938 13.1991 0
      vertex -23.2811 15.556 3.5
      vertex -23.2811 15.556 0
    endloop
  endfacet
  facet normal -0.857724 0.51411 0
    outer loop
      vertex -23.2811 15.556 3.5
      vertex -24.6938 13.1991 0
      vertex -24.6938 13.1991 3.5
    endloop
  endfacet
  facet normal -0.941543 0.336893 0
    outer loop
      vertex -26.7943 8.12797 0
      vertex -25.8686 10.7151 3.5
      vertex -25.8686 10.7151 0
    endloop
  endfacet
  facet normal -0.941543 0.336893 0
    outer loop
      vertex -25.8686 10.7151 3.5
      vertex -26.7943 8.12797 0
      vertex -26.7943 8.12797 3.5
    endloop
  endfacet
  facet normal -0.989176 0.146736 0
    outer loop
      vertex -27.8652 2.74448 0
      vertex -27.462 5.46253 3.5
      vertex -27.462 5.46253 0
    endloop
  endfacet
  facet normal -0.989176 0.146736 0
    outer loop
      vertex -27.462 5.46253 3.5
      vertex -27.8652 2.74448 0
      vertex -27.8652 2.74448 3.5
    endloop
  endfacet
  facet normal 0 0 1
    outer loop
      vertex 1.94008 -2.90354 3.5
      vertex 0.945425 -4.90688 3.5
      vertex 0.95 -5 3.5
    endloop
  endfacet
  facet normal 0 0 1
    outer loop
      vertex 1.01369 -3.34169 3.5
      vertex 0.931746 -4.81466 3.5
      vertex 0.945425 -4.90688 3.5
    endloop
  endfacet
  facet normal 0 0 1
    outer loop
      vertex 1.01369 -3.34169 3.5
      vertex 0.909093 -4.72423 3.5
      vertex 0.931746 -4.81466 3.5
    endloop
  endfacet
  facet normal 0 0 1
    outer loop
      vertex 1.01369 -3.34169 3.5
      vertex 0.877686 -4.63645 3.5
      vertex 0.909093 -4.72423 3.5
    endloop
  endfacet
  facet normal 0 0 1
    outer loop
      vertex 1.01369 -3.34169 3.5
      vertex 0.837825 -4.55217 3.5
      vertex 0.877686 -4.63645 3.5
    endloop
  endfacet
  facet normal 0 0 1
    outer loop
      vertex 1.01369 -3.34169 3.5
      vertex 0.789896 -4.47221 3.5
      vertex 0.837825 -4.55217 3.5
    endloop
  endfacet
  facet normal 0 0 1
    outer loop
      vertex 1.01369 -3.34169 3.5
      vertex 0.73436 -4.39733 3.5
      vertex 0.789896 -4.47221 3.5
    endloop
  endfacet
  facet normal 0 0 1
    outer loop
      vertex 0.602674 -4.26564 3.5
      vertex 1.01224 -3.34205 3.5
      vertex 0.681265 -3.42495 3.5
    endloop
  endfacet
  facet normal 0 0 1
    outer loop
      vertex 1.01224 -3.34205 3.5
      vertex 0.671751 -4.32825 3.5
      vertex 0.73436 -4.39733 3.5
    endloop
  endfacet
  facet normal 0 0 1
    outer loop
      vertex 1.01224 -3.34205 3.5
      vertex 0.602674 -4.26564 3.5
      vertex 0.671751 -4.32825 3.5
    endloop
  endfacet
  facet normal 0 0 1
    outer loop
      vertex 0.681265 -3.42495 3.5
      vertex 0.527791 -4.2101 3.5
      vertex 0.602674 -4.26564 3.5
    endloop
  endfacet
  facet normal 0 0 1
    outer loop
      vertex 0.681265 -3.42495 3.5
      vertex 0.447826 -4.16217 3.5
      vertex 0.527791 -4.2101 3.5
    endloop
  endfacet
  facet normal 0 0 1
    outer loop
      vertex 0.681265 -3.42495 3.5
      vertex 0.363549 -4.12231 3.5
      vertex 0.447826 -4.16217 3.5
    endloop
  endfacet
  facet normal -0 0 1
    outer loop
      vertex 0.343759 -3.47502 3.5
      vertex 0.363549 -4.12231 3.5
      vertex 0.681265 -3.42495 3.5
    endloop
  endfacet
  facet normal 0 0 1
    outer loop
      vertex 0.27577 -4.09091 3.5
      vertex 0.343759 -3.47502 3.5
      vertex 0.342281 -3.47524 3.5
    endloop
  endfacet
  facet normal 0 0 1
    outer loop
      vertex 0.343759 -3.47502 3.5
      vertex 0.27577 -4.09091 3.5
      vertex 0.363549 -4.12231 3.5
    endloop
  endfacet
  facet normal 0 0 1
    outer loop
      vertex 0.342281 -3.47524 3.5
      vertex 0.185335 -4.06825 3.5
      vertex 0.27577 -4.09091 3.5
    endloop
  endfacet
  facet normal 0 0 1
    outer loop
      vertex 0.342281 -3.47524 3.5
      vertex 0.0931158 -4.05457 3.5
      vertex 0.185335 -4.06825 3.5
    endloop
  endfacet
  facet normal -0 0 1
    outer loop
      vertex 0.00149287 -3.49198 3.5
      vertex 0.0931158 -4.05457 3.5
      vertex 0.342281 -3.47524 3.5
    endloop
  endfacet
  facet normal 0 0 1
    outer loop
      vertex 0 -4.05 3.5
      vertex 0.00149287 -3.49198 3.5
      vertex 0 -3.49205 3.5
    endloop
  endfacet
  facet normal 0 0 1
    outer loop
      vertex 0.00149287 -3.49198 3.5
      vertex 0 -4.05 3.5
      vertex 0.0931158 -4.05457 3.5
    endloop
  endfacet
  facet normal 0 0 1
    outer loop
      vertex -0.00149287 -3.49198 3.5
      vertex 0 -4.05 3.5
      vertex 0 -3.49205 3.5
    endloop
  endfacet
  facet normal 0 0 1
    outer loop
      vertex -0.00149287 -3.49198 3.5
      vertex -0.0931158 -4.05457 3.5
      vertex 0 -4.05 3.5
    endloop
  endfacet
  facet normal 0 0 1
    outer loop
      vertex -0.00149287 -3.49198 3.5
      vertex -0.185335 -4.06825 3.5
      vertex -0.0931158 -4.05457 3.5
    endloop
  endfacet
  facet normal 0 0 1
    outer loop
      vertex -0.342281 -3.47524 3.5
      vertex -0.185335 -4.06825 3.5
      vertex -0.00149287 -3.49198 3.5
    endloop
  endfacet
  facet normal 0 0 1
    outer loop
      vertex -0.185335 -4.06825 3.5
      vertex -0.342281 -3.47524 3.5
      vertex -0.27577 -4.09091 3.5
    endloop
  endfacet
  facet normal 0 0 1
    outer loop
      vertex -0.343759 -3.47502 3.5
      vertex -0.27577 -4.09091 3.5
      vertex -0.342281 -3.47524 3.5
    endloop
  endfacet
  facet normal 0 0 1
    outer loop
      vertex -0.343759 -3.47502 3.5
      vertex -0.363549 -4.12231 3.5
      vertex -0.27577 -4.09091 3.5
    endloop
  endfacet
  facet normal 0 0 1
    outer loop
      vertex -0.681265 -3.42495 3.5
      vertex -0.363549 -4.12231 3.5
      vertex -0.343759 -3.47502 3.5
    endloop
  endfacet
  facet normal 0 0 1
    outer loop
      vertex -0.363549 -4.12231 3.5
      vertex -0.681265 -3.42495 3.5
      vertex -0.447826 -4.16217 3.5
    endloop
  endfacet
  facet normal 0 0 1
    outer loop
      vertex -0.447826 -4.16217 3.5
      vertex -0.681265 -3.42495 3.5
      vertex -0.527791 -4.2101 3.5
    endloop
  endfacet
  facet normal 0 0 1
    outer loop
      vertex -0.527791 -4.2101 3.5
      vertex -0.681265 -3.42495 3.5
      vertex -0.602674 -4.26564 3.5
    endloop
  endfacet
  facet normal 0 0 1
    outer loop
      vertex -1.01224 -3.34205 3.5
      vertex -0.602674 -4.26564 3.5
      vertex -0.681265 -3.42495 3.5
    endloop
  endfacet
  facet normal 0 0 1
    outer loop
      vertex -0.602674 -4.26564 3.5
      vertex -1.01224 -3.34205 3.5
      vertex -0.671751 -4.32825 3.5
    endloop
  endfacet
  facet normal 0 0 1
    outer loop
      vertex -0.671751 -4.32825 3.5
      vertex -1.01224 -3.34205 3.5
      vertex -0.73436 -4.39733 3.5
    endloop
  endfacet
  facet normal 0 0 1
    outer loop
      vertex -1.01369 -3.34169 3.5
      vertex -0.73436 -4.39733 3.5
      vertex -1.01224 -3.34205 3.5
    endloop
  endfacet
  facet normal 0 0 1
    outer loop
      vertex -1.0151 -3.34118 3.5
      vertex -0.73436 -4.39733 3.5
      vertex -1.01369 -3.34169 3.5
    endloop
  endfacet
  facet normal 0 0 1
    outer loop
      vertex -0.73436 -4.39733 3.5
      vertex -1.0151 -3.34118 3.5
      vertex -0.789896 -4.47221 3.5
    endloop
  endfacet
  facet normal 0 0 1
    outer loop
      vertex -1.33635 -3.22624 3.5
      vertex -0.789896 -4.47221 3.5
      vertex -1.0151 -3.34118 3.5
    endloop
  endfacet
  facet normal 0 0 1
    outer loop
      vertex -0.789896 -4.47221 3.5
      vertex -1.33635 -3.22624 3.5
      vertex -0.837825 -4.55217 3.5
    endloop
  endfacet
  facet normal 0 0 1
    outer loop
      vertex -0.837825 -4.55217 3.5
      vertex -1.33635 -3.22624 3.5
      vertex -0.877686 -4.63645 3.5
    endloop
  endfacet
  facet normal 0 0 1
    outer loop
      vertex -1.64479 -3.08036 3.5
      vertex -0.877686 -4.63645 3.5
      vertex -1.33635 -3.22624 3.5
    endloop
  endfacet
  facet normal 0 0 1
    outer loop
      vertex -0.877686 -4.63645 3.5
      vertex -1.64479 -3.08036 3.5
      vertex -0.909093 -4.72423 3.5
    endloop
  endfacet
  facet normal 0 0 1
    outer loop
      vertex -1.64614 -3.07972 3.5
      vertex -0.909093 -4.72423 3.5
      vertex -1.64479 -3.08036 3.5
    endloop
  endfacet
  facet normal 0 0 1
    outer loop
      vertex -0.909093 -4.72423 3.5
      vertex -1.64614 -3.07972 3.5
      vertex -0.931746 -4.81466 3.5
    endloop
  endfacet
  facet normal 0 0 1
    outer loop
      vertex -1.9388 -2.9043 3.5
      vertex -0.931746 -4.81466 3.5
      vertex -1.64614 -3.07972 3.5
    endloop
  endfacet
  facet normal 0 0 1
    outer loop
      vertex -0.931746 -4.81466 3.5
      vertex -1.9388 -2.9043 3.5
      vertex -0.945425 -4.90688 3.5
    endloop
  endfacet
  facet normal 0 0 1
    outer loop
      vertex -1.94008 -2.90354 3.5
      vertex -0.945425 -4.90688 3.5
      vertex -1.9388 -2.9043 3.5
    endloop
  endfacet
  facet normal 0 0 1
    outer loop
      vertex -0.945425 -4.90688 3.5
      vertex -1.94008 -2.90354 3.5
      vertex -0.95 -5 3.5
    endloop
  endfacet
  facet normal 0 0 1
    outer loop
      vertex -1.94128 -2.90265 3.5
      vertex -0.95 -5 3.5
      vertex -1.94008 -2.90354 3.5
    endloop
  endfacet
  facet normal 0 0 1
    outer loop
      vertex -2.21533 -2.69939 3.5
      vertex -0.95 -5 3.5
      vertex -1.94128 -2.90265 3.5
    endloop
  endfacet
  facet normal 0 0 1
    outer loop
      vertex -2.46815 -2.47026 3.5
      vertex -0.95 -5 3.5
      vertex -2.21533 -2.69939 3.5
    endloop
  endfacet
  facet normal 0 0 1
    outer loop
      vertex -2.46925 -2.46925 3.5
      vertex -0.95 -5 3.5
      vertex -2.46815 -2.47026 3.5
    endloop
  endfacet
  facet normal 0 0 1
    outer loop
      vertex -0.95 -5 3.5
      vertex -2.46925 -2.46925 3.5
      vertex -0.95 -8.15 3.5
    endloop
  endfacet
  facet normal 0 0 1
    outer loop
      vertex -5 -0.95 3.5
      vertex -2.46925 -2.46925 3.5
      vertex -2.47026 -2.46815 3.5
    endloop
  endfacet
  facet normal 0 0 1
    outer loop
      vertex -5 -0.95 3.5
      vertex -2.47026 -2.46815 3.5
      vertex -2.69939 -2.21533 3.5
    endloop
  endfacet
  facet normal 0 0 1
    outer loop
      vertex -5 -0.95 3.5
      vertex -2.69939 -2.21533 3.5
      vertex -2.90265 -1.94128 3.5
    endloop
  endfacet
  facet normal 0 0 1
    outer loop
      vertex -5 -0.95 3.5
      vertex -2.90265 -1.94128 3.5
      vertex -2.90354 -1.94008 3.5
    endloop
  endfacet
  facet normal 0 0 1
    outer loop
      vertex -4.90688 -0.945425 3.5
      vertex -2.90354 -1.94008 3.5
      vertex -2.9043 -1.9388 3.5
    endloop
  endfacet
  facet normal 0 0 1
    outer loop
      vertex -4.81466 -0.931746 3.5
      vertex -2.9043 -1.9388 3.5
      vertex -3.07972 -1.64614 3.5
    endloop
  endfacet
  facet normal 0 0 1
    outer loop
      vertex -4.72423 -0.909093 3.5
      vertex -3.07972 -1.64614 3.5
      vertex -3.08036 -1.64479 3.5
    endloop
  endfacet
  facet normal 0 0 1
    outer loop
      vertex -4.63645 -0.877686 3.5
      vertex -3.08036 -1.64479 3.5
      vertex -3.22624 -1.33635 3.5
    endloop
  endfacet
  facet normal 0 0 1
    outer loop
      vertex -4.47221 -0.789896 3.5
      vertex -3.22624 -1.33635 3.5
      vertex -3.34118 -1.0151 3.5
    endloop
  endfacet
  facet normal 0 0 1
    outer loop
      vertex -4.39733 -0.73436 3.5
      vertex -3.34118 -1.0151 3.5
      vertex -3.34169 -1.01369 3.5
    endloop
  endfacet
  facet normal 0 0 1
    outer loop
      vertex -4.09091 -0.27577 3.5
      vertex -3.47502 -0.343759 3.5
      vertex -3.47524 -0.342281 3.5
    endloop
  endfacet
  facet normal -0 0 1
    outer loop
      vertex -4.05 0 3.5
      vertex -3.49198 -0.00149287 3.5
      vertex -3.49205 0 3.5
    endloop
  endfacet
  facet normal 0 0 1
    outer loop
      vertex -4.05457 -0.0931158 3.5
      vertex -3.49198 -0.00149287 3.5
      vertex -4.05 0 3.5
    endloop
  endfacet
  facet normal 0 0 1
    outer loop
      vertex -3.49198 -0.00149287 3.5
      vertex -4.05457 -0.0931158 3.5
      vertex -3.47524 -0.342281 3.5
    endloop
  endfacet
  facet normal -0 0 1
    outer loop
      vertex -4.06825 -0.185335 3.5
      vertex -3.47524 -0.342281 3.5
      vertex -4.05457 -0.0931158 3.5
    endloop
  endfacet
  facet normal -0 0 1
    outer loop
      vertex -4.09091 -0.27577 3.5
      vertex -3.47524 -0.342281 3.5
      vertex -4.06825 -0.185335 3.5
    endloop
  endfacet
  facet normal 0 0 1
    outer loop
      vertex -3.47502 -0.343759 3.5
      vertex -4.09091 -0.27577 3.5
      vertex -4.12231 -0.363549 3.5
    endloop
  endfacet
  facet normal 0 0 1
    outer loop
      vertex -3.47502 -0.343759 3.5
      vertex -4.12231 -0.363549 3.5
      vertex -3.42495 -0.681265 3.5
    endloop
  endfacet
  facet normal -0 0 1
    outer loop
      vertex -4.16217 -0.447826 3.5
      vertex -3.42495 -0.681265 3.5
      vertex -4.12231 -0.363549 3.5
    endloop
  endfacet
  facet normal -0 0 1
    outer loop
      vertex -4.2101 -0.527791 3.5
      vertex -3.42495 -0.681265 3.5
      vertex -4.16217 -0.447826 3.5
    endloop
  endfacet
  facet normal -0 0 1
    outer loop
      vertex -4.26564 -0.602674 3.5
      vertex -3.42495 -0.681265 3.5
      vertex -4.2101 -0.527791 3.5
    endloop
  endfacet
  facet normal 0 0 1
    outer loop
      vertex -3.42495 -0.681265 3.5
      vertex -4.26564 -0.602674 3.5
      vertex -3.34205 -1.01224 3.5
    endloop
  endfacet
  facet normal -0 0 1
    outer loop
      vertex -4.32825 -0.671751 3.5
      vertex -3.34205 -1.01224 3.5
      vertex -4.26564 -0.602674 3.5
    endloop
  endfacet
  facet normal 0 0 1
    outer loop
      vertex -3.34205 -1.01224 3.5
      vertex -4.32825 -0.671751 3.5
      vertex -3.34169 -1.01369 3.5
    endloop
  endfacet
  facet normal -0 0 1
    outer loop
      vertex -4.39733 -0.73436 3.5
      vertex -3.34169 -1.01369 3.5
      vertex -4.32825 -0.671751 3.5
    endloop
  endfacet
  facet normal 0 0 1
    outer loop
      vertex -3.34118 -1.0151 3.5
      vertex -4.39733 -0.73436 3.5
      vertex -4.47221 -0.789896 3.5
    endloop
  endfacet
  facet normal 0 0 1
    outer loop
      vertex -3.22624 -1.33635 3.5
      vertex -4.47221 -0.789896 3.5
      vertex -4.55217 -0.837825 3.5
    endloop
  endfacet
  facet normal 0 0 1
    outer loop
      vertex -3.22624 -1.33635 3.5
      vertex -4.55217 -0.837825 3.5
      vertex -4.63645 -0.877686 3.5
    endloop
  endfacet
  facet normal 0 0 1
    outer loop
      vertex -3.08036 -1.64479 3.5
      vertex -4.63645 -0.877686 3.5
      vertex -4.72423 -0.909093 3.5
    endloop
  endfacet
  facet normal 0 0 1
    outer loop
      vertex -3.07972 -1.64614 3.5
      vertex -4.72423 -0.909093 3.5
      vertex -4.81466 -0.931746 3.5
    endloop
  endfacet
  facet normal 0 0 1
    outer loop
      vertex -2.9043 -1.9388 3.5
      vertex -4.81466 -0.931746 3.5
      vertex -4.90688 -0.945425 3.5
    endloop
  endfacet
  facet normal 0 0 1
    outer loop
      vertex -2.90354 -1.94008 3.5
      vertex -4.90688 -0.945425 3.5
      vertex -5 -0.95 3.5
    endloop
  endfacet
  facet normal 0 0 1
    outer loop
      vertex -2.46925 -2.46925 3.5
      vertex -5 -0.95 3.5
      vertex -0.95 -8.15 3.5
    endloop
  endfacet
  facet normal 0 0 1
    outer loop
      vertex -13 -8.15 3.5
      vertex -5 -0.95 3.5
      vertex -9.5 -0.95 3.5
    endloop
  endfacet
  facet normal 0 0 1
    outer loop
      vertex -13 -8.15 3.5
      vertex -9.5 -0.95 3.5
      vertex -9.59312 -0.945425 3.5
    endloop
  endfacet
  facet normal 0 0 1
    outer loop
      vertex -13 -8.15 3.5
      vertex -9.59312 -0.945425 3.5
      vertex -9.68534 -0.931746 3.5
    endloop
  endfacet
  facet normal 0 0 1
    outer loop
      vertex -13 -8.15 3.5
      vertex -9.68534 -0.931746 3.5
      vertex -9.77577 -0.909093 3.5
    endloop
  endfacet
  facet normal 0 0 1
    outer loop
      vertex -13 -8.15 3.5
      vertex -9.77577 -0.909093 3.5
      vertex -9.86355 -0.877686 3.5
    endloop
  endfacet
  facet normal 0 0 1
    outer loop
      vertex -13 -8.15 3.5
      vertex -9.86355 -0.877686 3.5
      vertex -9.94783 -0.837825 3.5
    endloop
  endfacet
  facet normal 0 0 1
    outer loop
      vertex -13 -8.15 3.5
      vertex -9.94783 -0.837825 3.5
      vertex -10.0278 -0.789896 3.5
    endloop
  endfacet
  facet normal 0 0 1
    outer loop
      vertex -13 -8.15 3.5
      vertex -10.0278 -0.789896 3.5
      vertex -10.1027 -0.73436 3.5
    endloop
  endfacet
  facet normal 0 0 1
    outer loop
      vertex -10.4091 0.27577 3.5
      vertex -27.8652 2.74448 3.5
      vertex -10.4317 0.185335 3.5
    endloop
  endfacet
  facet normal 0 0 1
    outer loop
      vertex -10.4317 0.185335 3.5
      vertex -27.8652 2.74448 3.5
      vertex -10.4454 0.0931158 3.5
    endloop
  endfacet
  facet normal 0 0 1
    outer loop
      vertex -5 -0.95 3.5
      vertex -13 -8.15 3.5
      vertex -0.95 -8.15 3.5
    endloop
  endfacet
  facet normal 0 0 1
    outer loop
      vertex -10.1718 -0.671751 3.5
      vertex -13 -8.15 3.5
      vertex -10.1027 -0.73436 3.5
    endloop
  endfacet
  facet normal 0 0 1
    outer loop
      vertex -10.2344 -0.602674 3.5
      vertex -13 -8.15 3.5
      vertex -10.1718 -0.671751 3.5
    endloop
  endfacet
  facet normal 0 0 1
    outer loop
      vertex -10.2899 -0.527791 3.5
      vertex -13 -8.15 3.5
      vertex -10.2344 -0.602674 3.5
    endloop
  endfacet
  facet normal 0 0 1
    outer loop
      vertex -10.3378 -0.447826 3.5
      vertex -13 -8.15 3.5
      vertex -10.2899 -0.527791 3.5
    endloop
  endfacet
  facet normal 0 0 1
    outer loop
      vertex -10.3777 -0.363549 3.5
      vertex -13 -8.15 3.5
      vertex -10.3378 -0.447826 3.5
    endloop
  endfacet
  facet normal 0 0 1
    outer loop
      vertex -10.4091 -0.27577 3.5
      vertex -13 -8.15 3.5
      vertex -10.3777 -0.363549 3.5
    endloop
  endfacet
  facet normal 0 0 1
    outer loop
      vertex -10.4317 -0.185335 3.5
      vertex -13 -8.15 3.5
      vertex -10.4091 -0.27577 3.5
    endloop
  endfacet
  facet normal 0 0 1
    outer loop
      vertex -28 0 3.5
      vertex -10.4454 0.0931158 3.5
      vertex -27.8652 2.74448 3.5
    endloop
  endfacet
  facet normal 0 0 1
    outer loop
      vertex 28 0 3.5
      vertex 10.4454 -0.0931158 3.5
      vertex 27.8652 -2.74448 3.5
    endloop
  endfacet
  facet normal 0 0 1
    outer loop
      vertex 26.7943 8.12797 3.5
      vertex 10.4454 0.0931158 3.5
      vertex 10.45 0 3.5
    endloop
  endfacet
  facet normal 0 0 1
    outer loop
      vertex 26.7943 8.12797 3.5
      vertex 10.4317 0.185335 3.5
      vertex 10.4454 0.0931158 3.5
    endloop
  endfacet
  facet normal 0 0 1
    outer loop
      vertex 26.7943 8.12797 3.5
      vertex 10.4091 0.27577 3.5
      vertex 10.4317 0.185335 3.5
    endloop
  endfacet
  facet normal 0 0 1
    outer loop
      vertex 26.7943 8.12797 3.5
      vertex 10.3777 0.363549 3.5
      vertex 10.4091 0.27577 3.5
    endloop
  endfacet
  facet normal 0 0 1
    outer loop
      vertex 26.7943 8.12797 3.5
      vertex 10.3378 0.447826 3.5
      vertex 10.3777 0.363549 3.5
    endloop
  endfacet
  facet normal 0 0 1
    outer loop
      vertex 26.7943 8.12797 3.5
      vertex 10.2899 0.527791 3.5
      vertex 10.3378 0.447826 3.5
    endloop
  endfacet
  facet normal 0 0 1
    outer loop
      vertex 13 12.95 3.5
      vertex 10.2344 0.602674 3.5
      vertex 10.2899 0.527791 3.5
    endloop
  endfacet
  facet normal 0 0 1
    outer loop
      vertex 13 12.95 3.5
      vertex 10.1718 0.671751 3.5
      vertex 10.2344 0.602674 3.5
    endloop
  endfacet
  facet normal 0 0 1
    outer loop
      vertex 13 12.95 3.5
      vertex 10.1027 0.73436 3.5
      vertex 10.1718 0.671751 3.5
    endloop
  endfacet
  facet normal 0 0 1
    outer loop
      vertex 13 12.95 3.5
      vertex 10.0278 0.789896 3.5
      vertex 10.1027 0.73436 3.5
    endloop
  endfacet
  facet normal 0 0 1
    outer loop
      vertex 13 12.95 3.5
      vertex 9.94783 0.837825 3.5
      vertex 10.0278 0.789896 3.5
    endloop
  endfacet
  facet normal 0 0 1
    outer loop
      vertex 13 12.95 3.5
      vertex 9.86355 0.877686 3.5
      vertex 9.94783 0.837825 3.5
    endloop
  endfacet
  facet normal 0 0 1
    outer loop
      vertex 13 12.95 3.5
      vertex 9.77577 0.909093 3.5
      vertex 9.86355 0.877686 3.5
    endloop
  endfacet
  facet normal 0 0 1
    outer loop
      vertex 13 12.95 3.5
      vertex 9.68534 0.931746 3.5
      vertex 9.77577 0.909093 3.5
    endloop
  endfacet
  facet normal 0 0 1
    outer loop
      vertex 13 12.95 3.5
      vertex 9.59312 0.945425 3.5
      vertex 9.68534 0.931746 3.5
    endloop
  endfacet
  facet normal 0 0 1
    outer loop
      vertex 13 12.95 3.5
      vertex 9.5 0.95 3.5
      vertex 9.59312 0.945425 3.5
    endloop
  endfacet
  facet normal -0 0 1
    outer loop
      vertex 0.95 9.5 3.5
      vertex 9.5 0.95 3.5
      vertex 13 12.95 3.5
    endloop
  endfacet
  facet normal 0 0 1
    outer loop
      vertex 9.5 0.95 3.5
      vertex 0.95 9.5 3.5
      vertex 5 0.95 3.5
    endloop
  endfacet
  facet normal -0 0 1
    outer loop
      vertex 0.95 5 3.5
      vertex 5 0.95 3.5
      vertex 0.95 9.5 3.5
    endloop
  endfacet
  facet normal -0 -0 1
    outer loop
      vertex 2.46925 2.46925 3.5
      vertex 5 0.95 3.5
      vertex 0.95 5 3.5
    endloop
  endfacet
  facet normal -0 -0 1
    outer loop
      vertex 2.47026 2.46815 3.5
      vertex 5 0.95 3.5
      vertex 2.46925 2.46925 3.5
    endloop
  endfacet
  facet normal -0 -0 1
    outer loop
      vertex 2.69939 2.21533 3.5
      vertex 5 0.95 3.5
      vertex 2.47026 2.46815 3.5
    endloop
  endfacet
  facet normal 0 0 1
    outer loop
      vertex 5 0.95 3.5
      vertex 2.90354 1.94008 3.5
      vertex 4.90688 0.945425 3.5
    endloop
  endfacet
  facet normal -0 -0 1
    outer loop
      vertex 3.07972 1.64614 3.5
      vertex 4.81466 0.931746 3.5
      vertex 2.9043 1.9388 3.5
    endloop
  endfacet
  facet normal 0 0 1
    outer loop
      vertex 4.81466 0.931746 3.5
      vertex 3.07972 1.64614 3.5
      vertex 4.72423 0.909093 3.5
    endloop
  endfacet
  facet normal -0 -0 1
    outer loop
      vertex 3.08036 1.64479 3.5
      vertex 4.72423 0.909093 3.5
      vertex 3.07972 1.64614 3.5
    endloop
  endfacet
  facet normal -0 -0 1
    outer loop
      vertex 3.22624 1.33635 3.5
      vertex 4.63645 0.877686 3.5
      vertex 3.08036 1.64479 3.5
    endloop
  endfacet
  facet normal -0 0 1
    outer loop
      vertex 3.49198 0.00149287 3.5
      vertex 4.05 0 3.5
      vertex 4.05457 0.0931158 3.5
    endloop
  endfacet
  facet normal 0 0 1
    outer loop
      vertex 3.49198 0.00149287 3.5
      vertex 4.05457 0.0931158 3.5
      vertex 4.06825 0.185335 3.5
    endloop
  endfacet
  facet normal 0 0 1
    outer loop
      vertex 3.47524 0.342281 3.5
      vertex 4.06825 0.185335 3.5
      vertex 4.09091 0.27577 3.5
    endloop
  endfacet
  facet normal -0 0 1
    outer loop
      vertex 3.47502 0.343759 3.5
      vertex 4.09091 0.27577 3.5
      vertex 4.12231 0.363549 3.5
    endloop
  endfacet
  facet normal 0 0 1
    outer loop
      vertex 3.42495 0.681265 3.5
      vertex 4.12231 0.363549 3.5
      vertex 4.16217 0.447826 3.5
    endloop
  endfacet
  facet normal 0 0 1
    outer loop
      vertex 3.42495 0.681265 3.5
      vertex 4.16217 0.447826 3.5
      vertex 4.2101 0.527791 3.5
    endloop
  endfacet
  facet normal 0 0 1
    outer loop
      vertex 4.55217 0.837825 3.5
      vertex 3.22624 1.33635 3.5
      vertex 4.47221 0.789896 3.5
    endloop
  endfacet
  facet normal 0 0 1
    outer loop
      vertex 4.05 0 3.5
      vertex 3.49198 0.00149287 3.5
      vertex 3.49205 0 3.5
    endloop
  endfacet
  facet normal 0 0 1
    outer loop
      vertex 4.06825 0.185335 3.5
      vertex 3.47524 0.342281 3.5
      vertex 3.49198 0.00149287 3.5
    endloop
  endfacet
  facet normal 0 0 1
    outer loop
      vertex 4.09091 0.27577 3.5
      vertex 3.47502 0.343759 3.5
      vertex 3.47524 0.342281 3.5
    endloop
  endfacet
  facet normal 0 0 1
    outer loop
      vertex 4.12231 0.363549 3.5
      vertex 3.42495 0.681265 3.5
      vertex 3.47502 0.343759 3.5
    endloop
  endfacet
  facet normal 0 0 1
    outer loop
      vertex 4.26564 0.602674 3.5
      vertex 3.42495 0.681265 3.5
      vertex 4.2101 0.527791 3.5
    endloop
  endfacet
  facet normal -0 -0 1
    outer loop
      vertex 3.42495 0.681265 3.5
      vertex 4.26564 0.602674 3.5
      vertex 3.34205 1.01224 3.5
    endloop
  endfacet
  facet normal 0 0 1
    outer loop
      vertex 4.32825 0.671751 3.5
      vertex 3.34205 1.01224 3.5
      vertex 4.26564 0.602674 3.5
    endloop
  endfacet
  facet normal -0 -0 1
    outer loop
      vertex 3.34205 1.01224 3.5
      vertex 4.32825 0.671751 3.5
      vertex 3.34169 1.01369 3.5
    endloop
  endfacet
  facet normal 0 0 1
    outer loop
      vertex 4.39733 0.73436 3.5
      vertex 3.34169 1.01369 3.5
      vertex 4.32825 0.671751 3.5
    endloop
  endfacet
  facet normal -0 -0 1
    outer loop
      vertex 3.34169 1.01369 3.5
      vertex 4.39733 0.73436 3.5
      vertex 3.34118 1.0151 3.5
    endloop
  endfacet
  facet normal 0 0 1
    outer loop
      vertex 4.47221 0.789896 3.5
      vertex 3.34118 1.0151 3.5
      vertex 4.39733 0.73436 3.5
    endloop
  endfacet
  facet normal -0 -0 1
    outer loop
      vertex 3.34118 1.0151 3.5
      vertex 4.47221 0.789896 3.5
      vertex 3.22624 1.33635 3.5
    endloop
  endfacet
  facet normal 0 0 1
    outer loop
      vertex 4.63645 0.877686 3.5
      vertex 3.22624 1.33635 3.5
      vertex 4.55217 0.837825 3.5
    endloop
  endfacet
  facet normal 0 0 1
    outer loop
      vertex 4.72423 0.909093 3.5
      vertex 3.08036 1.64479 3.5
      vertex 4.63645 0.877686 3.5
    endloop
  endfacet
  facet normal 0 0 1
    outer loop
      vertex 4.90688 0.945425 3.5
      vertex 2.9043 1.9388 3.5
      vertex 4.81466 0.931746 3.5
    endloop
  endfacet
  facet normal -0 -0 1
    outer loop
      vertex 2.9043 1.9388 3.5
      vertex 4.90688 0.945425 3.5
      vertex 2.90354 1.94008 3.5
    endloop
  endfacet
  facet normal -0 -0 1
    outer loop
      vertex 2.90354 1.94008 3.5
      vertex 5 0.95 3.5
      vertex 2.90265 1.94128 3.5
    endloop
  endfacet
  facet normal -0 -0 1
    outer loop
      vertex 2.90265 1.94128 3.5
      vertex 5 0.95 3.5
      vertex 2.69939 2.21533 3.5
    endloop
  endfacet
  facet normal 0 0 1
    outer loop
      vertex 2.46925 2.46925 3.5
      vertex 0.95 5 3.5
      vertex 2.46815 2.47026 3.5
    endloop
  endfacet
  facet normal 0 0 1
    outer loop
      vertex 2.21533 2.69939 3.5
      vertex 0.95 5 3.5
      vertex 1.94128 2.90265 3.5
    endloop
  endfacet
  facet normal 0 0 1
    outer loop
      vertex 1.94128 2.90265 3.5
      vertex 0.95 5 3.5
      vertex 1.94008 2.90354 3.5
    endloop
  endfacet
  facet normal -0 0 1
    outer loop
      vertex 0.945425 4.90688 3.5
      vertex 1.94008 2.90354 3.5
      vertex 0.95 5 3.5
    endloop
  endfacet
  facet normal 0 0 1
    outer loop
      vertex 1.94008 2.90354 3.5
      vertex 0.945425 4.90688 3.5
      vertex 1.9388 2.9043 3.5
    endloop
  endfacet
  facet normal -0 0 1
    outer loop
      vertex 0.931746 4.81466 3.5
      vertex 1.9388 2.9043 3.5
      vertex 0.945425 4.90688 3.5
    endloop
  endfacet
  facet normal 0 0 1
    outer loop
      vertex 1.9388 2.9043 3.5
      vertex 0.931746 4.81466 3.5
      vertex 1.64614 3.07972 3.5
    endloop
  endfacet
  facet normal -0 0 1
    outer loop
      vertex 0.909093 4.72423 3.5
      vertex 1.64614 3.07972 3.5
      vertex 0.931746 4.81466 3.5
    endloop
  endfacet
  facet normal 0 0 1
    outer loop
      vertex 1.64614 3.07972 3.5
      vertex 0.909093 4.72423 3.5
      vertex 1.64479 3.08036 3.5
    endloop
  endfacet
  facet normal 0 0 1
    outer loop
      vertex 2.46815 2.47026 3.5
      vertex 0.95 5 3.5
      vertex 2.21533 2.69939 3.5
    endloop
  endfacet
  facet normal 0 0 1
    outer loop
      vertex 13 12.95 3.5
      vertex 0.945425 9.59312 3.5
      vertex 0.95 9.5 3.5
    endloop
  endfacet
  facet normal 0 0 1
    outer loop
      vertex 13 12.95 3.5
      vertex 0.931746 9.68534 3.5
      vertex 0.945425 9.59312 3.5
    endloop
  endfacet
  facet normal 0 0 1
    outer loop
      vertex 13 12.95 3.5
      vertex 0.909093 9.77577 3.5
      vertex 0.931746 9.68534 3.5
    endloop
  endfacet
  facet normal 0 0 1
    outer loop
      vertex 13 12.95 3.5
      vertex 0.877686 9.86355 3.5
      vertex 0.909093 9.77577 3.5
    endloop
  endfacet
  facet normal 0 0 1
    outer loop
      vertex 13 12.95 3.5
      vertex 0.837825 9.94783 3.5
      vertex 0.877686 9.86355 3.5
    endloop
  endfacet
  facet normal 0 0 1
    outer loop
      vertex 13 12.95 3.5
      vertex 0.789896 10.0278 3.5
      vertex 0.837825 9.94783 3.5
    endloop
  endfacet
  facet normal 0 0 1
    outer loop
      vertex 13 12.95 3.5
      vertex 0.73436 10.1027 3.5
      vertex 0.789896 10.0278 3.5
    endloop
  endfacet
  facet normal 0 0 1
    outer loop
      vertex 13 12.95 3.5
      vertex 0.671751 10.1718 3.5
      vertex 0.73436 10.1027 3.5
    endloop
  endfacet
  facet normal 0 0 1
    outer loop
      vertex 13 12.95 3.5
      vertex 0.602674 10.2344 3.5
      vertex 0.671751 10.1718 3.5
    endloop
  endfacet
  facet normal 0 0 1
    outer loop
      vertex 13 12.95 3.5
      vertex 0.527791 10.2899 3.5
      vertex 0.602674 10.2344 3.5
    endloop
  endfacet
  facet normal 0 0 1
    outer loop
      vertex 13 12.95 3.5
      vertex 0.447826 10.3378 3.5
      vertex 0.527791 10.2899 3.5
    endloop
  endfacet
  facet normal 0 0 1
    outer loop
      vertex 13 12.95 3.5
      vertex 0.363549 10.3777 3.5
      vertex 0.447826 10.3378 3.5
    endloop
  endfacet
  facet normal 0 0 1
    outer loop
      vertex 13 12.95 3.5
      vertex 0.27577 10.4091 3.5
      vertex 0.363549 10.3777 3.5
    endloop
  endfacet
  facet normal 0 0 1
    outer loop
      vertex 13 12.95 3.5
      vertex 0.185335 10.4317 3.5
      vertex 0.27577 10.4091 3.5
    endloop
  endfacet
  facet normal 0 0 1
    outer loop
      vertex 13 12.95 3.5
      vertex 0.0931158 10.4454 3.5
      vertex 0.185335 10.4317 3.5
    endloop
  endfacet
  facet normal 0 0 1
    outer loop
      vertex 13 12.95 3.5
      vertex 0 10.45 3.5
      vertex 0.0931158 10.4454 3.5
    endloop
  endfacet
  facet normal -0 0 1
    outer loop
      vertex -13 12.95 3.5
      vertex 0 10.45 3.5
      vertex 13 12.95 3.5
    endloop
  endfacet
  facet normal 0 0 1
    outer loop
      vertex 0 10.45 3.5
      vertex -13 12.95 3.5
      vertex -0.0931158 10.4454 3.5
    endloop
  endfacet
  facet normal 0 0 1
    outer loop
      vertex -5 0.95 3.5
      vertex -0.95 5 3.5
      vertex -0.95 9.5 3.5
    endloop
  endfacet
  facet normal 0 0 1
    outer loop
      vertex -0.95 5 3.5
      vertex -1.01369 3.34169 3.5
      vertex -1.01224 3.34205 3.5
    endloop
  endfacet
  facet normal 0 0 1
    outer loop
      vertex -0.95 5 3.5
      vertex -1.0151 3.34118 3.5
      vertex -1.01369 3.34169 3.5
    endloop
  endfacet
  facet normal 0 0 1
    outer loop
      vertex -0.95 5 3.5
      vertex -1.33635 3.22624 3.5
      vertex -1.0151 3.34118 3.5
    endloop
  endfacet
  facet normal 0 0 1
    outer loop
      vertex -13 12.95 3.5
      vertex -0.95 9.5 3.5
      vertex -0.945425 9.59312 3.5
    endloop
  endfacet
  facet normal 0 0 1
    outer loop
      vertex -0.95 5 3.5
      vertex -1.64479 3.08036 3.5
      vertex -1.33635 3.22624 3.5
    endloop
  endfacet
  facet normal 0 0 1
    outer loop
      vertex -0.95 5 3.5
      vertex -1.64614 3.07972 3.5
      vertex -1.64479 3.08036 3.5
    endloop
  endfacet
  facet normal 0 0 1
    outer loop
      vertex -0.95 5 3.5
      vertex -1.9388 2.9043 3.5
      vertex -1.64614 3.07972 3.5
    endloop
  endfacet
  facet normal 0 0 1
    outer loop
      vertex -13 12.95 3.5
      vertex -0.945425 9.59312 3.5
      vertex -0.931746 9.68534 3.5
    endloop
  endfacet
  facet normal 0 0 1
    outer loop
      vertex -0.95 5 3.5
      vertex -1.94008 2.90354 3.5
      vertex -1.9388 2.9043 3.5
    endloop
  endfacet
  facet normal 0 0 1
    outer loop
      vertex -0.95 5 3.5
      vertex -1.94128 2.90265 3.5
      vertex -1.94008 2.90354 3.5
    endloop
  endfacet
  facet normal 0 0 1
    outer loop
      vertex -0.95 5 3.5
      vertex -2.21533 2.69939 3.5
      vertex -1.94128 2.90265 3.5
    endloop
  endfacet
  facet normal 0 0 1
    outer loop
      vertex -0.95 5 3.5
      vertex -2.46815 2.47026 3.5
      vertex -2.21533 2.69939 3.5
    endloop
  endfacet
  facet normal 0 0 1
    outer loop
      vertex -0.95 5 3.5
      vertex -2.46925 2.46925 3.5
      vertex -2.46815 2.47026 3.5
    endloop
  endfacet
  facet normal 0 0 1
    outer loop
      vertex -0.95 5 3.5
      vertex -5 0.95 3.5
      vertex -2.46925 2.46925 3.5
    endloop
  endfacet
  facet normal 0 0 1
    outer loop
      vertex -2.46925 2.46925 3.5
      vertex -5 0.95 3.5
      vertex -2.47026 2.46815 3.5
    endloop
  endfacet
  facet normal 0 0 1
    outer loop
      vertex -2.47026 2.46815 3.5
      vertex -5 0.95 3.5
      vertex -2.69939 2.21533 3.5
    endloop
  endfacet
  facet normal 0 0 1
    outer loop
      vertex -13 12.95 3.5
      vertex -0.931746 9.68534 3.5
      vertex -0.909093 9.77577 3.5
    endloop
  endfacet
  facet normal 0 0 1
    outer loop
      vertex -2.69939 2.21533 3.5
      vertex -5 0.95 3.5
      vertex -2.90265 1.94128 3.5
    endloop
  endfacet
  facet normal 0 0 1
    outer loop
      vertex -2.90265 1.94128 3.5
      vertex -5 0.95 3.5
      vertex -2.90354 1.94008 3.5
    endloop
  endfacet
  facet normal 0 -0 1
    outer loop
      vertex -4.90688 0.945425 3.5
      vertex -2.90354 1.94008 3.5
      vertex -5 0.95 3.5
    endloop
  endfacet
  facet normal 0 0 1
    outer loop
      vertex -2.90354 1.94008 3.5
      vertex -4.90688 0.945425 3.5
      vertex -2.9043 1.9388 3.5
    endloop
  endfacet
  facet normal 0 -0 1
    outer loop
      vertex -4.81466 0.931746 3.5
      vertex -2.9043 1.9388 3.5
      vertex -4.90688 0.945425 3.5
    endloop
  endfacet
  facet normal 0 0 1
    outer loop
      vertex -2.9043 1.9388 3.5
      vertex -4.81466 0.931746 3.5
      vertex -3.07972 1.64614 3.5
    endloop
  endfacet
  facet normal 0 0 1
    outer loop
      vertex -3.07972 1.64614 3.5
      vertex -4.72423 0.909093 3.5
      vertex -3.08036 1.64479 3.5
    endloop
  endfacet
  facet normal -0 0 1
    outer loop
      vertex -4.12231 0.363549 3.5
      vertex -3.47502 0.343759 3.5
      vertex -3.42495 0.681265 3.5
    endloop
  endfacet
  facet normal 0 0 1
    outer loop
      vertex -3.49198 0.00149287 3.5
      vertex -4.05 0 3.5
      vertex -3.49205 0 3.5
    endloop
  endfacet
  facet normal -0 0 1
    outer loop
      vertex -4.05457 0.0931158 3.5
      vertex -3.49198 0.00149287 3.5
      vertex -3.47524 0.342281 3.5
    endloop
  endfacet
  facet normal 0 -0 1
    outer loop
      vertex -4.09091 0.27577 3.5
      vertex -3.47502 0.343759 3.5
      vertex -4.12231 0.363549 3.5
    endloop
  endfacet
  facet normal 0 0 1
    outer loop
      vertex -4.26564 0.602674 3.5
      vertex -3.42495 0.681265 3.5
      vertex -3.34205 1.01224 3.5
    endloop
  endfacet
  facet normal 0 0 1
    outer loop
      vertex -4.32825 0.671751 3.5
      vertex -3.34205 1.01224 3.5
      vertex -3.34169 1.01369 3.5
    endloop
  endfacet
  facet normal 0 -0 1
    outer loop
      vertex -4.63645 0.877686 3.5
      vertex -3.08036 1.64479 3.5
      vertex -4.72423 0.909093 3.5
    endloop
  endfacet
  facet normal 0 0 1
    outer loop
      vertex -3.49198 0.00149287 3.5
      vertex -4.05457 0.0931158 3.5
      vertex -4.05 0 3.5
    endloop
  endfacet
  facet normal 0 0 1
    outer loop
      vertex -3.47524 0.342281 3.5
      vertex -4.06825 0.185335 3.5
      vertex -4.05457 0.0931158 3.5
    endloop
  endfacet
  facet normal 0 0 1
    outer loop
      vertex -3.47524 0.342281 3.5
      vertex -4.09091 0.27577 3.5
      vertex -4.06825 0.185335 3.5
    endloop
  endfacet
  facet normal 0 0 1
    outer loop
      vertex -3.47502 0.343759 3.5
      vertex -4.09091 0.27577 3.5
      vertex -3.47524 0.342281 3.5
    endloop
  endfacet
  facet normal 0 0 1
    outer loop
      vertex -3.42495 0.681265 3.5
      vertex -4.16217 0.447826 3.5
      vertex -4.12231 0.363549 3.5
    endloop
  endfacet
  facet normal 0 0 1
    outer loop
      vertex -3.42495 0.681265 3.5
      vertex -4.2101 0.527791 3.5
      vertex -4.16217 0.447826 3.5
    endloop
  endfacet
  facet normal 0 0 1
    outer loop
      vertex -3.42495 0.681265 3.5
      vertex -4.26564 0.602674 3.5
      vertex -4.2101 0.527791 3.5
    endloop
  endfacet
  facet normal 0 0 1
    outer loop
      vertex -13 12.95 3.5
      vertex -0.909093 9.77577 3.5
      vertex -0.877686 9.86355 3.5
    endloop
  endfacet
  facet normal 0 0 1
    outer loop
      vertex -3.34205 1.01224 3.5
      vertex -4.32825 0.671751 3.5
      vertex -4.26564 0.602674 3.5
    endloop
  endfacet
  facet normal 0 0 1
    outer loop
      vertex -3.34169 1.01369 3.5
      vertex -4.39733 0.73436 3.5
      vertex -4.32825 0.671751 3.5
    endloop
  endfacet
  facet normal 0 0 1
    outer loop
      vertex -3.34118 1.0151 3.5
      vertex -4.39733 0.73436 3.5
      vertex -3.34169 1.01369 3.5
    endloop
  endfacet
  facet normal 0 -0 1
    outer loop
      vertex -4.39733 0.73436 3.5
      vertex -3.34118 1.0151 3.5
      vertex -4.47221 0.789896 3.5
    endloop
  endfacet
  facet normal 0 0 1
    outer loop
      vertex -3.22624 1.33635 3.5
      vertex -4.47221 0.789896 3.5
      vertex -3.34118 1.0151 3.5
    endloop
  endfacet
  facet normal 0 -0 1
    outer loop
      vertex -4.47221 0.789896 3.5
      vertex -3.22624 1.33635 3.5
      vertex -4.55217 0.837825 3.5
    endloop
  endfacet
  facet normal 0 -0 1
    outer loop
      vertex -4.55217 0.837825 3.5
      vertex -3.22624 1.33635 3.5
      vertex -4.63645 0.877686 3.5
    endloop
  endfacet
  facet normal 0 0 1
    outer loop
      vertex -3.08036 1.64479 3.5
      vertex -4.63645 0.877686 3.5
      vertex -3.22624 1.33635 3.5
    endloop
  endfacet
  facet normal 0 -0 1
    outer loop
      vertex -4.72423 0.909093 3.5
      vertex -3.07972 1.64614 3.5
      vertex -4.81466 0.931746 3.5
    endloop
  endfacet
  facet normal 0 0 1
    outer loop
      vertex -0.95 9.5 3.5
      vertex -9.5 0.95 3.5
      vertex -5 0.95 3.5
    endloop
  endfacet
  facet normal 0 0 1
    outer loop
      vertex -13 12.95 3.5
      vertex -0.877686 9.86355 3.5
      vertex -0.837825 9.94783 3.5
    endloop
  endfacet
  facet normal 0 0 1
    outer loop
      vertex -13 12.95 3.5
      vertex -0.837825 9.94783 3.5
      vertex -0.789896 10.0278 3.5
    endloop
  endfacet
  facet normal 0 0 1
    outer loop
      vertex -13 12.95 3.5
      vertex -0.789896 10.0278 3.5
      vertex -0.73436 10.1027 3.5
    endloop
  endfacet
  facet normal 0 0 1
    outer loop
      vertex -13 12.95 3.5
      vertex -0.73436 10.1027 3.5
      vertex -0.671751 10.1718 3.5
    endloop
  endfacet
  facet normal 0 0 1
    outer loop
      vertex -0.95 9.5 3.5
      vertex -13 12.95 3.5
      vertex -9.5 0.95 3.5
    endloop
  endfacet
  facet normal 0 0 1
    outer loop
      vertex -9.5 0.95 3.5
      vertex -13 12.95 3.5
      vertex -9.59312 0.945425 3.5
    endloop
  endfacet
  facet normal 0 0 1
    outer loop
      vertex -9.59312 0.945425 3.5
      vertex -13 12.95 3.5
      vertex -9.68534 0.931746 3.5
    endloop
  endfacet
  facet normal 0 0 1
    outer loop
      vertex -9.68534 0.931746 3.5
      vertex -13 12.95 3.5
      vertex -9.77577 0.909093 3.5
    endloop
  endfacet
  facet normal 0 0 1
    outer loop
      vertex -9.77577 0.909093 3.5
      vertex -13 12.95 3.5
      vertex -9.86355 0.877686 3.5
    endloop
  endfacet
  facet normal 0 0 1
    outer loop
      vertex -9.86355 0.877686 3.5
      vertex -13 12.95 3.5
      vertex -9.94783 0.837825 3.5
    endloop
  endfacet
  facet normal 0 0 1
    outer loop
      vertex -9.94783 0.837825 3.5
      vertex -13 12.95 3.5
      vertex -10.0278 0.789896 3.5
    endloop
  endfacet
  facet normal 0 0 1
    outer loop
      vertex -10.0278 0.789896 3.5
      vertex -13 12.95 3.5
      vertex -10.1027 0.73436 3.5
    endloop
  endfacet
  facet normal -0 0 1
    outer loop
      vertex -27.8652 2.74448 3.5
      vertex -10.4091 0.27577 3.5
      vertex -27.462 5.46253 3.5
    endloop
  endfacet
  facet normal 0 0 1
    outer loop
      vertex -10.3777 0.363549 3.5
      vertex -27.462 5.46253 3.5
      vertex -10.4091 0.27577 3.5
    endloop
  endfacet
  facet normal 0 0 1
    outer loop
      vertex -10.3378 0.447826 3.5
      vertex -27.462 5.46253 3.5
      vertex -10.3777 0.363549 3.5
    endloop
  endfacet
  facet normal -0 0 1
    outer loop
      vertex -27.462 5.46253 3.5
      vertex -10.3378 0.447826 3.5
      vertex -26.7943 8.12797 3.5
    endloop
  endfacet
  facet normal 0 0 1
    outer loop
      vertex -10.2899 0.527791 3.5
      vertex -26.7943 8.12797 3.5
      vertex -10.3378 0.447826 3.5
    endloop
  endfacet
  facet normal -0 0 1
    outer loop
      vertex -26.7943 8.12797 3.5
      vertex -10.2899 0.527791 3.5
      vertex -13 12.95 3.5
    endloop
  endfacet
  facet normal 0 0 1
    outer loop
      vertex -10.2344 0.602674 3.5
      vertex -13 12.95 3.5
      vertex -10.2899 0.527791 3.5
    endloop
  endfacet
  facet normal 0 0 1
    outer loop
      vertex -10.1718 0.671751 3.5
      vertex -13 12.95 3.5
      vertex -10.2344 0.602674 3.5
    endloop
  endfacet
  facet normal 0 0 1
    outer loop
      vertex -10.1027 0.73436 3.5
      vertex -13 12.95 3.5
      vertex -10.1718 0.671751 3.5
    endloop
  endfacet
  facet normal 0 0 1
    outer loop
      vertex -0.602674 10.2344 3.5
      vertex -13 12.95 3.5
      vertex -0.671751 10.1718 3.5
    endloop
  endfacet
  facet normal 0 0 1
    outer loop
      vertex -0.527791 10.2899 3.5
      vertex -13 12.95 3.5
      vertex -0.602674 10.2344 3.5
    endloop
  endfacet
  facet normal 0 0 1
    outer loop
      vertex -0.447826 10.3378 3.5
      vertex -13 12.95 3.5
      vertex -0.527791 10.2899 3.5
    endloop
  endfacet
  facet normal 0 0 1
    outer loop
      vertex -0.363549 10.3777 3.5
      vertex -13 12.95 3.5
      vertex -0.447826 10.3378 3.5
    endloop
  endfacet
  facet normal 0 0 1
    outer loop
      vertex -0.27577 10.4091 3.5
      vertex -13 12.95 3.5
      vertex -0.363549 10.3777 3.5
    endloop
  endfacet
  facet normal 0 0 1
    outer loop
      vertex -0.185335 10.4317 3.5
      vertex -13 12.95 3.5
      vertex -0.27577 10.4091 3.5
    endloop
  endfacet
  facet normal 0 0 1
    outer loop
      vertex -0.0931158 10.4454 3.5
      vertex -13 12.95 3.5
      vertex -0.185335 10.4317 3.5
    endloop
  endfacet
  facet normal 0 0 1
    outer loop
      vertex 10.45 0 3.5
      vertex 28 0 3.5
      vertex 27.8652 2.74448 3.5
    endloop
  endfacet
  facet normal 0 0 1
    outer loop
      vertex 10.45 0 3.5
      vertex 27.8652 2.74448 3.5
      vertex 27.462 5.46253 3.5
    endloop
  endfacet
  facet normal 0 0 1
    outer loop
      vertex 10.4454 -0.0931158 3.5
      vertex 28 0 3.5
      vertex 10.45 0 3.5
    endloop
  endfacet
  facet normal 0 0 1
    outer loop
      vertex 10.2899 0.527791 3.5
      vertex 26.7943 8.12797 3.5
      vertex 13 12.95 3.5
    endloop
  endfacet
  facet normal 0 0 1
    outer loop
      vertex 27.8652 -2.74448 3.5
      vertex 13 -8.15 3.5
      vertex 27.462 -5.46253 3.5
    endloop
  endfacet
  facet normal 0 0 1
    outer loop
      vertex 13 12.95 3.5
      vertex 26.7943 8.12797 3.5
      vertex 25.8686 10.7151 3.5
    endloop
  endfacet
  facet normal 0 0 1
    outer loop
      vertex 27.462 -5.46253 3.5
      vertex 13 -8.15 3.5
      vertex 26.7943 -8.12797 3.5
    endloop
  endfacet
  facet normal -0 0 1
    outer loop
      vertex 13 12.95 3.5
      vertex 25.8686 10.7151 3.5
      vertex 24.6938 13.1991 3.5
    endloop
  endfacet
  facet normal 0 0 1
    outer loop
      vertex 26.7943 -8.12797 3.5
      vertex 13 -8.15 3.5
      vertex 25.8686 -10.7151 3.5
    endloop
  endfacet
  facet normal 0 0 1
    outer loop
      vertex 13 12.95 3.5
      vertex 24.6938 13.1991 3.5
      vertex 23.2811 15.556 3.5
    endloop
  endfacet
  facet normal 0 0 1
    outer loop
      vertex 25.8686 -10.7151 3.5
      vertex 13 -8.15 3.5
      vertex 24.6938 -13.1991 3.5
    endloop
  endfacet
  facet normal 0 0 1
    outer loop
      vertex 13 12.95 3.5
      vertex 23.2811 15.556 3.5
      vertex 21.6443 17.763 3.5
    endloop
  endfacet
  facet normal 0 0 1
    outer loop
      vertex 24.6938 -13.1991 3.5
      vertex 13 -8.15 3.5
      vertex 23.2811 -15.556 3.5
    endloop
  endfacet
  facet normal 0 0 1
    outer loop
      vertex 13 12.95 3.5
      vertex 21.6443 17.763 3.5
      vertex 19.799 19.799 3.5
    endloop
  endfacet
  facet normal 0 0 1
    outer loop
      vertex 23.2811 -15.556 3.5
      vertex 13 -8.15 3.5
      vertex 21.6443 -17.763 3.5
    endloop
  endfacet
  facet normal 0 0 1
    outer loop
      vertex 13 12.95 3.5
      vertex 19.799 19.799 3.5
      vertex 17.763 21.6443 3.5
    endloop
  endfacet
  facet normal 0 0 1
    outer loop
      vertex 13 -19.15 3.5
      vertex 21.6443 -17.763 3.5
      vertex 13 -8.15 3.5
    endloop
  endfacet
  facet normal 0 0 1
    outer loop
      vertex 13 12.95 3.5
      vertex 17.763 21.6443 3.5
      vertex 15.556 23.2811 3.5
    endloop
  endfacet
  facet normal 0 0 1
    outer loop
      vertex 26.7943 8.12797 3.5
      vertex 10.45 0 3.5
      vertex 27.462 5.46253 3.5
    endloop
  endfacet
  facet normal -0 0 1
    outer loop
      vertex 13 23.95 3.5
      vertex 15.556 23.2811 3.5
      vertex 13.1991 24.6938 3.5
    endloop
  endfacet
  facet normal 0 0 1
    outer loop
      vertex 21.6443 -17.763 3.5
      vertex 13 -19.15 3.5
      vertex 19.799 -19.799 3.5
    endloop
  endfacet
  facet normal 0 0 1
    outer loop
      vertex 15.556 23.2811 3.5
      vertex 13 23.95 3.5
      vertex 13 12.95 3.5
    endloop
  endfacet
  facet normal 0 0 1
    outer loop
      vertex 10.7151 25.8686 3.5
      vertex 13 23.95 3.5
      vertex 13.1991 24.6938 3.5
    endloop
  endfacet
  facet normal 0 0 1
    outer loop
      vertex 8.12797 26.7943 3.5
      vertex 13 23.95 3.5
      vertex 10.7151 25.8686 3.5
    endloop
  endfacet
  facet normal 0 0 1
    outer loop
      vertex 5.46253 27.462 3.5
      vertex 13 23.95 3.5
      vertex 8.12797 26.7943 3.5
    endloop
  endfacet
  facet normal 0 0 1
    outer loop
      vertex 2.74448 27.8652 3.5
      vertex 13 23.95 3.5
      vertex 5.46253 27.462 3.5
    endloop
  endfacet
  facet normal 0 0 1
    outer loop
      vertex 0 28 3.5
      vertex 13 23.95 3.5
      vertex 2.74448 27.8652 3.5
    endloop
  endfacet
  facet normal 0 0 1
    outer loop
      vertex -13 23.95 3.5
      vertex 0 28 3.5
      vertex -2.74448 27.8652 3.5
    endloop
  endfacet
  facet normal 0 0 1
    outer loop
      vertex -13 23.95 3.5
      vertex -2.74448 27.8652 3.5
      vertex -5.46253 27.462 3.5
    endloop
  endfacet
  facet normal 0 0 1
    outer loop
      vertex -13 23.95 3.5
      vertex -5.46253 27.462 3.5
      vertex -8.12797 26.7943 3.5
    endloop
  endfacet
  facet normal 0 0 1
    outer loop
      vertex -13 23.95 3.5
      vertex -8.12797 26.7943 3.5
      vertex -10.7151 25.8686 3.5
    endloop
  endfacet
  facet normal 0 0 1
    outer loop
      vertex 0 28 3.5
      vertex -13 23.95 3.5
      vertex 13 23.95 3.5
    endloop
  endfacet
  facet normal -0 0 1
    outer loop
      vertex -15.556 23.2811 3.5
      vertex -13 12.95 3.5
      vertex -13 23.95 3.5
    endloop
  endfacet
  facet normal -0 0 1
    outer loop
      vertex -21.6443 17.763 3.5
      vertex -13 12.95 3.5
      vertex -19.799 19.799 3.5
    endloop
  endfacet
  facet normal 0 0 1
    outer loop
      vertex -15.556 23.2811 3.5
      vertex -13 23.95 3.5
      vertex -13.1991 24.6938 3.5
    endloop
  endfacet
  facet normal -0 0 1
    outer loop
      vertex -13.1991 24.6938 3.5
      vertex -13 23.95 3.5
      vertex -10.7151 25.8686 3.5
    endloop
  endfacet
  facet normal 0 0 1
    outer loop
      vertex 19.799 -19.799 3.5
      vertex 13 -19.15 3.5
      vertex 17.763 -21.6443 3.5
    endloop
  endfacet
  facet normal 0 0 1
    outer loop
      vertex 17.763 -21.6443 3.5
      vertex 13 -19.15 3.5
      vertex 15.556 -23.2811 3.5
    endloop
  endfacet
  facet normal 0 0 1
    outer loop
      vertex 15.556 -23.2811 3.5
      vertex 13 -19.15 3.5
      vertex 13.1991 -24.6938 3.5
    endloop
  endfacet
  facet normal 0 0 1
    outer loop
      vertex 13 -19.15 3.5
      vertex 10.7151 -25.8686 3.5
      vertex 13.1991 -24.6938 3.5
    endloop
  endfacet
  facet normal 0 0 1
    outer loop
      vertex 13 -19.15 3.5
      vertex 8.12797 -26.7943 3.5
      vertex 10.7151 -25.8686 3.5
    endloop
  endfacet
  facet normal 0 0 1
    outer loop
      vertex 13 -19.15 3.5
      vertex 5.46253 -27.462 3.5
      vertex 8.12797 -26.7943 3.5
    endloop
  endfacet
  facet normal 0 0 1
    outer loop
      vertex 13 -19.15 3.5
      vertex 2.74448 -27.8652 3.5
      vertex 5.46253 -27.462 3.5
    endloop
  endfacet
  facet normal 0 0 1
    outer loop
      vertex 13 -19.15 3.5
      vertex 0 -28 3.5
      vertex 2.74448 -27.8652 3.5
    endloop
  endfacet
  facet normal -0 0 1
    outer loop
      vertex -13 -19.15 3.5
      vertex 0 -28 3.5
      vertex 13 -19.15 3.5
    endloop
  endfacet
  facet normal 0 0 1
    outer loop
      vertex 0 -28 3.5
      vertex -13 -19.15 3.5
      vertex -2.74448 -27.8652 3.5
    endloop
  endfacet
  facet normal 0 0 1
    outer loop
      vertex -2.74448 -27.8652 3.5
      vertex -13 -19.15 3.5
      vertex -5.46253 -27.462 3.5
    endloop
  endfacet
  facet normal 0 0 1
    outer loop
      vertex -5.46253 -27.462 3.5
      vertex -13 -19.15 3.5
      vertex -8.12797 -26.7943 3.5
    endloop
  endfacet
  facet normal 0 0 1
    outer loop
      vertex -8.12797 -26.7943 3.5
      vertex -13 -19.15 3.5
      vertex -10.7151 -25.8686 3.5
    endloop
  endfacet
  facet normal 0 0 1
    outer loop
      vertex -13 -19.15 3.5
      vertex -13.1991 -24.6938 3.5
      vertex -10.7151 -25.8686 3.5
    endloop
  endfacet
  facet normal 0 0 1
    outer loop
      vertex -13 12.95 3.5
      vertex -15.556 23.2811 3.5
      vertex -17.763 21.6443 3.5
    endloop
  endfacet
  facet normal 0 0 1
    outer loop
      vertex -13 12.95 3.5
      vertex -17.763 21.6443 3.5
      vertex -19.799 19.799 3.5
    endloop
  endfacet
  facet normal 0 0 1
    outer loop
      vertex -13 -19.15 3.5
      vertex -15.556 -23.2811 3.5
      vertex -13.1991 -24.6938 3.5
    endloop
  endfacet
  facet normal -0 0 1
    outer loop
      vertex -23.2811 15.556 3.5
      vertex -13 12.95 3.5
      vertex -21.6443 17.763 3.5
    endloop
  endfacet
  facet normal 0 0 1
    outer loop
      vertex -13 -19.15 3.5
      vertex -17.763 -21.6443 3.5
      vertex -15.556 -23.2811 3.5
    endloop
  endfacet
  facet normal -0 0 1
    outer loop
      vertex -24.6938 13.1991 3.5
      vertex -13 12.95 3.5
      vertex -23.2811 15.556 3.5
    endloop
  endfacet
  facet normal 0 0 1
    outer loop
      vertex -13 -19.15 3.5
      vertex -19.799 -19.799 3.5
      vertex -17.763 -21.6443 3.5
    endloop
  endfacet
  facet normal 0 0 1
    outer loop
      vertex -25.8686 10.7151 3.5
      vertex -13 12.95 3.5
      vertex -24.6938 13.1991 3.5
    endloop
  endfacet
  facet normal 0 0 1
    outer loop
      vertex -13 -19.15 3.5
      vertex -21.6443 -17.763 3.5
      vertex -19.799 -19.799 3.5
    endloop
  endfacet
  facet normal 0 0 1
    outer loop
      vertex -26.7943 8.12797 3.5
      vertex -13 12.95 3.5
      vertex -25.8686 10.7151 3.5
    endloop
  endfacet
  facet normal 0 0 1
    outer loop
      vertex -13 -8.15 3.5
      vertex -21.6443 -17.763 3.5
      vertex -13 -19.15 3.5
    endloop
  endfacet
  facet normal 0 0 1
    outer loop
      vertex -10.4454 0.0931158 3.5
      vertex -28 0 3.5
      vertex -10.45 0 3.5
    endloop
  endfacet
  facet normal 0 -0 1
    outer loop
      vertex -21.6443 -17.763 3.5
      vertex -13 -8.15 3.5
      vertex -23.2811 -15.556 3.5
    endloop
  endfacet
  facet normal 0 0 1
    outer loop
      vertex -10.45 0 3.5
      vertex -28 0 3.5
      vertex -10.4454 -0.0931158 3.5
    endloop
  endfacet
  facet normal 0 -0 1
    outer loop
      vertex -23.2811 -15.556 3.5
      vertex -13 -8.15 3.5
      vertex -24.6938 -13.1991 3.5
    endloop
  endfacet
  facet normal 0 -0 1
    outer loop
      vertex -27.8652 -2.74448 3.5
      vertex -10.4454 -0.0931158 3.5
      vertex -28 0 3.5
    endloop
  endfacet
  facet normal 0 -0 1
    outer loop
      vertex -24.6938 -13.1991 3.5
      vertex -13 -8.15 3.5
      vertex -25.8686 -10.7151 3.5
    endloop
  endfacet
  facet normal 0 0 1
    outer loop
      vertex -10.4454 -0.0931158 3.5
      vertex -27.8652 -2.74448 3.5
      vertex -10.4317 -0.185335 3.5
    endloop
  endfacet
  facet normal 0 -0 1
    outer loop
      vertex -25.8686 -10.7151 3.5
      vertex -13 -8.15 3.5
      vertex -26.7943 -8.12797 3.5
    endloop
  endfacet
  facet normal 0 0 1
    outer loop
      vertex -10.4317 -0.185335 3.5
      vertex -27.8652 -2.74448 3.5
      vertex -13 -8.15 3.5
    endloop
  endfacet
  facet normal -0 -0 1
    outer loop
      vertex -26.7943 -8.12797 3.5
      vertex -13 -8.15 3.5
      vertex -27.462 -5.46253 3.5
    endloop
  endfacet
  facet normal -0 -0 1
    outer loop
      vertex -27.462 -5.46253 3.5
      vertex -13 -8.15 3.5
      vertex -27.8652 -2.74448 3.5
    endloop
  endfacet
  facet normal -0 0 1
    outer loop
      vertex 10.4317 -0.185335 3.5
      vertex 27.8652 -2.74448 3.5
      vertex 10.4454 -0.0931158 3.5
    endloop
  endfacet
  facet normal 0 0 1
    outer loop
      vertex 27.8652 -2.74448 3.5
      vertex 10.4317 -0.185335 3.5
      vertex 13 -8.15 3.5
    endloop
  endfacet
  facet normal -0 0 1
    outer loop
      vertex 10.4091 -0.27577 3.5
      vertex 13 -8.15 3.5
      vertex 10.4317 -0.185335 3.5
    endloop
  endfacet
  facet normal -0 0 1
    outer loop
      vertex 10.3777 -0.363549 3.5
      vertex 13 -8.15 3.5
      vertex 10.4091 -0.27577 3.5
    endloop
  endfacet
  facet normal -0 0 1
    outer loop
      vertex 10.3378 -0.447826 3.5
      vertex 13 -8.15 3.5
      vertex 10.3777 -0.363549 3.5
    endloop
  endfacet
  facet normal -0 0 1
    outer loop
      vertex 10.2899 -0.527791 3.5
      vertex 13 -8.15 3.5
      vertex 10.3378 -0.447826 3.5
    endloop
  endfacet
  facet normal -0 0 1
    outer loop
      vertex 10.2344 -0.602674 3.5
      vertex 13 -8.15 3.5
      vertex 10.2899 -0.527791 3.5
    endloop
  endfacet
  facet normal -0 0 1
    outer loop
      vertex 10.1718 -0.671751 3.5
      vertex 13 -8.15 3.5
      vertex 10.2344 -0.602674 3.5
    endloop
  endfacet
  facet normal -0 0 1
    outer loop
      vertex 10.1027 -0.73436 3.5
      vertex 13 -8.15 3.5
      vertex 10.1718 -0.671751 3.5
    endloop
  endfacet
  facet normal -0 0 1
    outer loop
      vertex 10.0278 -0.789896 3.5
      vertex 13 -8.15 3.5
      vertex 10.1027 -0.73436 3.5
    endloop
  endfacet
  facet normal -0 0 1
    outer loop
      vertex 9.94783 -0.837825 3.5
      vertex 13 -8.15 3.5
      vertex 10.0278 -0.789896 3.5
    endloop
  endfacet
  facet normal -0 0 1
    outer loop
      vertex 9.86355 -0.877686 3.5
      vertex 13 -8.15 3.5
      vertex 9.94783 -0.837825 3.5
    endloop
  endfacet
  facet normal -0 0 1
    outer loop
      vertex 9.77577 -0.909093 3.5
      vertex 13 -8.15 3.5
      vertex 9.86355 -0.877686 3.5
    endloop
  endfacet
  facet normal -0 0 1
    outer loop
      vertex 9.68534 -0.931746 3.5
      vertex 13 -8.15 3.5
      vertex 9.77577 -0.909093 3.5
    endloop
  endfacet
  facet normal -0 0 1
    outer loop
      vertex 9.59312 -0.945425 3.5
      vertex 13 -8.15 3.5
      vertex 9.68534 -0.931746 3.5
    endloop
  endfacet
  facet normal -0 0 1
    outer loop
      vertex 9.5 -0.95 3.5
      vertex 13 -8.15 3.5
      vertex 9.59312 -0.945425 3.5
    endloop
  endfacet
  facet normal -0 0 1
    outer loop
      vertex 5 -0.95 3.5
      vertex 13 -8.15 3.5
      vertex 9.5 -0.95 3.5
    endloop
  endfacet
  facet normal 0 0 1
    outer loop
      vertex 2.90354 -1.94008 3.5
      vertex 5 -0.95 3.5
      vertex 4.90688 -0.945425 3.5
    endloop
  endfacet
  facet normal 0 0 1
    outer loop
      vertex 2.9043 -1.9388 3.5
      vertex 4.90688 -0.945425 3.5
      vertex 4.81466 -0.931746 3.5
    endloop
  endfacet
  facet normal 0 0 1
    outer loop
      vertex 3.07972 -1.64614 3.5
      vertex 4.81466 -0.931746 3.5
      vertex 4.72423 -0.909093 3.5
    endloop
  endfacet
  facet normal 0 0 1
    outer loop
      vertex 3.08036 -1.64479 3.5
      vertex 4.72423 -0.909093 3.5
      vertex 4.63645 -0.877686 3.5
    endloop
  endfacet
  facet normal 0 0 1
    outer loop
      vertex 3.22624 -1.33635 3.5
      vertex 4.63645 -0.877686 3.5
      vertex 4.55217 -0.837825 3.5
    endloop
  endfacet
  facet normal 0 0 1
    outer loop
      vertex 3.22624 -1.33635 3.5
      vertex 4.55217 -0.837825 3.5
      vertex 4.47221 -0.789896 3.5
    endloop
  endfacet
  facet normal 0 0 1
    outer loop
      vertex 3.34118 -1.0151 3.5
      vertex 4.47221 -0.789896 3.5
      vertex 4.39733 -0.73436 3.5
    endloop
  endfacet
  facet normal 0 0 1
    outer loop
      vertex 3.49198 -0.00149287 3.5
      vertex 4.05 0 3.5
      vertex 3.49205 0 3.5
    endloop
  endfacet
  facet normal 0 0 1
    outer loop
      vertex 4.05 0 3.5
      vertex 3.49198 -0.00149287 3.5
      vertex 4.05457 -0.0931158 3.5
    endloop
  endfacet
  facet normal 0 0 1
    outer loop
      vertex 4.05457 -0.0931158 3.5
      vertex 3.49198 -0.00149287 3.5
      vertex 4.06825 -0.185335 3.5
    endloop
  endfacet
  facet normal 0 0 1
    outer loop
      vertex 3.47524 -0.342281 3.5
      vertex 4.06825 -0.185335 3.5
      vertex 3.49198 -0.00149287 3.5
    endloop
  endfacet
  facet normal 0 0 1
    outer loop
      vertex 4.06825 -0.185335 3.5
      vertex 3.47524 -0.342281 3.5
      vertex 4.09091 -0.27577 3.5
    endloop
  endfacet
  facet normal 0 0 1
    outer loop
      vertex 3.47502 -0.343759 3.5
      vertex 4.09091 -0.27577 3.5
      vertex 3.47524 -0.342281 3.5
    endloop
  endfacet
  facet normal 0 0 1
    outer loop
      vertex 4.09091 -0.27577 3.5
      vertex 3.47502 -0.343759 3.5
      vertex 4.12231 -0.363549 3.5
    endloop
  endfacet
  facet normal 0 0 1
    outer loop
      vertex 3.42495 -0.681265 3.5
      vertex 4.12231 -0.363549 3.5
      vertex 3.47502 -0.343759 3.5
    endloop
  endfacet
  facet normal 0 0 1
    outer loop
      vertex 4.12231 -0.363549 3.5
      vertex 3.42495 -0.681265 3.5
      vertex 4.16217 -0.447826 3.5
    endloop
  endfacet
  facet normal 0 0 1
    outer loop
      vertex 4.16217 -0.447826 3.5
      vertex 3.42495 -0.681265 3.5
      vertex 4.2101 -0.527791 3.5
    endloop
  endfacet
  facet normal 0 0 1
    outer loop
      vertex 4.2101 -0.527791 3.5
      vertex 3.42495 -0.681265 3.5
      vertex 4.26564 -0.602674 3.5
    endloop
  endfacet
  facet normal 0 0 1
    outer loop
      vertex 3.34205 -1.01224 3.5
      vertex 4.26564 -0.602674 3.5
      vertex 3.42495 -0.681265 3.5
    endloop
  endfacet
  facet normal 0 0 1
    outer loop
      vertex 4.26564 -0.602674 3.5
      vertex 3.34205 -1.01224 3.5
      vertex 4.32825 -0.671751 3.5
    endloop
  endfacet
  facet normal 0 0 1
    outer loop
      vertex 4.32825 -0.671751 3.5
      vertex 3.34205 -1.01224 3.5
      vertex 4.39733 -0.73436 3.5
    endloop
  endfacet
  facet normal 0 0 1
    outer loop
      vertex 3.34169 -1.01369 3.5
      vertex 4.39733 -0.73436 3.5
      vertex 3.34205 -1.01224 3.5
    endloop
  endfacet
  facet normal 0 0 1
    outer loop
      vertex 3.34118 -1.0151 3.5
      vertex 4.39733 -0.73436 3.5
      vertex 3.34169 -1.01369 3.5
    endloop
  endfacet
  facet normal 0 0 1
    outer loop
      vertex 4.47221 -0.789896 3.5
      vertex 3.34118 -1.0151 3.5
      vertex 3.22624 -1.33635 3.5
    endloop
  endfacet
  facet normal 0 0 1
    outer loop
      vertex 4.63645 -0.877686 3.5
      vertex 3.22624 -1.33635 3.5
      vertex 3.08036 -1.64479 3.5
    endloop
  endfacet
  facet normal 0 0 1
    outer loop
      vertex 4.72423 -0.909093 3.5
      vertex 3.08036 -1.64479 3.5
      vertex 3.07972 -1.64614 3.5
    endloop
  endfacet
  facet normal 0 0 1
    outer loop
      vertex 4.81466 -0.931746 3.5
      vertex 3.07972 -1.64614 3.5
      vertex 2.9043 -1.9388 3.5
    endloop
  endfacet
  facet normal 0 0 1
    outer loop
      vertex 4.90688 -0.945425 3.5
      vertex 2.9043 -1.9388 3.5
      vertex 2.90354 -1.94008 3.5
    endloop
  endfacet
  facet normal 0 0 1
    outer loop
      vertex 5 -0.95 3.5
      vertex 2.90354 -1.94008 3.5
      vertex 2.90265 -1.94128 3.5
    endloop
  endfacet
  facet normal 0 0 1
    outer loop
      vertex 5 -0.95 3.5
      vertex 2.90265 -1.94128 3.5
      vertex 2.69939 -2.21533 3.5
    endloop
  endfacet
  facet normal 0 0 1
    outer loop
      vertex 5 -0.95 3.5
      vertex 2.69939 -2.21533 3.5
      vertex 2.47026 -2.46815 3.5
    endloop
  endfacet
  facet normal 0 0 1
    outer loop
      vertex 5 -0.95 3.5
      vertex 2.47026 -2.46815 3.5
      vertex 2.46925 -2.46925 3.5
    endloop
  endfacet
  facet normal 0 0 1
    outer loop
      vertex 5 -0.95 3.5
      vertex 2.46925 -2.46925 3.5
      vertex 0.95 -8.15 3.5
    endloop
  endfacet
  facet normal 0 0 1
    outer loop
      vertex 0.95 -5 3.5
      vertex 2.46925 -2.46925 3.5
      vertex 2.46815 -2.47026 3.5
    endloop
  endfacet
  facet normal 0 0 1
    outer loop
      vertex 0.95 -5 3.5
      vertex 2.46815 -2.47026 3.5
      vertex 2.21533 -2.69939 3.5
    endloop
  endfacet
  facet normal 0 0 1
    outer loop
      vertex 0.95 -5 3.5
      vertex 2.21533 -2.69939 3.5
      vertex 1.94128 -2.90265 3.5
    endloop
  endfacet
  facet normal 0 0 1
    outer loop
      vertex 0.95 -5 3.5
      vertex 1.94128 -2.90265 3.5
      vertex 1.94008 -2.90354 3.5
    endloop
  endfacet
  facet normal 0 0 1
    outer loop
      vertex 0.945425 -4.90688 3.5
      vertex 1.94008 -2.90354 3.5
      vertex 1.9388 -2.9043 3.5
    endloop
  endfacet
  facet normal 0 0 1
    outer loop
      vertex 0.945425 -4.90688 3.5
      vertex 1.9388 -2.9043 3.5
      vertex 1.64614 -3.07972 3.5
    endloop
  endfacet
  facet normal 0 0 1
    outer loop
      vertex 0.945425 -4.90688 3.5
      vertex 1.64614 -3.07972 3.5
      vertex 1.64479 -3.08036 3.5
    endloop
  endfacet
  facet normal 0 0 1
    outer loop
      vertex 0.945425 -4.90688 3.5
      vertex 1.64479 -3.08036 3.5
      vertex 1.33635 -3.22624 3.5
    endloop
  endfacet
  facet normal 0 0 1
    outer loop
      vertex 0.945425 -4.90688 3.5
      vertex 1.33635 -3.22624 3.5
      vertex 1.0151 -3.34118 3.5
    endloop
  endfacet
  facet normal 0 0 1
    outer loop
      vertex 0.945425 -4.90688 3.5
      vertex 1.0151 -3.34118 3.5
      vertex 1.01369 -3.34169 3.5
    endloop
  endfacet
  facet normal 0 0 1
    outer loop
      vertex 0.73436 -4.39733 3.5
      vertex 1.01369 -3.34169 3.5
      vertex 1.01224 -3.34205 3.5
    endloop
  endfacet
  facet normal 0 0 1
    outer loop
      vertex 2.46925 -2.46925 3.5
      vertex 0.95 -5 3.5
      vertex 0.95 -8.15 3.5
    endloop
  endfacet
  facet normal 0 0 1
    outer loop
      vertex 5 -0.95 3.5
      vertex 0.95 -8.15 3.5
      vertex 13 -8.15 3.5
    endloop
  endfacet
  facet normal -0 0 1
    outer loop
      vertex 0.877686 4.63645 3.5
      vertex 1.64479 3.08036 3.5
      vertex 0.909093 4.72423 3.5
    endloop
  endfacet
  facet normal 0 0 1
    outer loop
      vertex 1.64479 3.08036 3.5
      vertex 0.877686 4.63645 3.5
      vertex 1.33635 3.22624 3.5
    endloop
  endfacet
  facet normal -0 0 1
    outer loop
      vertex 0.837825 4.55217 3.5
      vertex 1.33635 3.22624 3.5
      vertex 0.877686 4.63645 3.5
    endloop
  endfacet
  facet normal -0 0 1
    outer loop
      vertex 0.789896 4.47221 3.5
      vertex 1.33635 3.22624 3.5
      vertex 0.837825 4.55217 3.5
    endloop
  endfacet
  facet normal 0 0 1
    outer loop
      vertex 1.33635 3.22624 3.5
      vertex 0.789896 4.47221 3.5
      vertex 1.0151 3.34118 3.5
    endloop
  endfacet
  facet normal -0 0 1
    outer loop
      vertex 0.73436 4.39733 3.5
      vertex 1.0151 3.34118 3.5
      vertex 0.789896 4.47221 3.5
    endloop
  endfacet
  facet normal 0 0 1
    outer loop
      vertex 1.0151 3.34118 3.5
      vertex 0.73436 4.39733 3.5
      vertex 1.01369 3.34169 3.5
    endloop
  endfacet
  facet normal 0 0 1
    outer loop
      vertex 1.01369 3.34169 3.5
      vertex 0.73436 4.39733 3.5
      vertex 1.01224 3.34205 3.5
    endloop
  endfacet
  facet normal -0 0 1
    outer loop
      vertex 0.671751 4.32825 3.5
      vertex 1.01224 3.34205 3.5
      vertex 0.73436 4.39733 3.5
    endloop
  endfacet
  facet normal -0 0 1
    outer loop
      vertex 0.602674 4.26564 3.5
      vertex 1.01224 3.34205 3.5
      vertex 0.671751 4.32825 3.5
    endloop
  endfacet
  facet normal 0 0 1
    outer loop
      vertex 1.01224 3.34205 3.5
      vertex 0.602674 4.26564 3.5
      vertex 0.681265 3.42495 3.5
    endloop
  endfacet
  facet normal -0 0 1
    outer loop
      vertex 0.527791 4.2101 3.5
      vertex 0.681265 3.42495 3.5
      vertex 0.602674 4.26564 3.5
    endloop
  endfacet
  facet normal -0 0 1
    outer loop
      vertex 0.447826 4.16217 3.5
      vertex 0.681265 3.42495 3.5
      vertex 0.527791 4.2101 3.5
    endloop
  endfacet
  facet normal -0 0 1
    outer loop
      vertex 0.363549 4.12231 3.5
      vertex 0.681265 3.42495 3.5
      vertex 0.447826 4.16217 3.5
    endloop
  endfacet
  facet normal 0 0 1
    outer loop
      vertex 0.363549 4.12231 3.5
      vertex 0.343759 3.47502 3.5
      vertex 0.681265 3.42495 3.5
    endloop
  endfacet
  facet normal -0 0 1
    outer loop
      vertex 0.27577 4.09091 3.5
      vertex 0.343759 3.47502 3.5
      vertex 0.363549 4.12231 3.5
    endloop
  endfacet
  facet normal 0 0 1
    outer loop
      vertex 0.343759 3.47502 3.5
      vertex 0.27577 4.09091 3.5
      vertex 0.342281 3.47524 3.5
    endloop
  endfacet
  facet normal -0 0 1
    outer loop
      vertex 0.185335 4.06825 3.5
      vertex 0.342281 3.47524 3.5
      vertex 0.27577 4.09091 3.5
    endloop
  endfacet
  facet normal -0 0 1
    outer loop
      vertex 0.0931158 4.05457 3.5
      vertex 0.342281 3.47524 3.5
      vertex 0.185335 4.06825 3.5
    endloop
  endfacet
  facet normal 0 0 1
    outer loop
      vertex 0.0931158 4.05457 3.5
      vertex 0.00149287 3.49198 3.5
      vertex 0.342281 3.47524 3.5
    endloop
  endfacet
  facet normal -0 0 1
    outer loop
      vertex 0 4.05 3.5
      vertex 0.00149287 3.49198 3.5
      vertex 0.0931158 4.05457 3.5
    endloop
  endfacet
  facet normal 0 0 1
    outer loop
      vertex 0 4.05 3.5
      vertex 0 3.49205 3.5
      vertex 0.00149287 3.49198 3.5
    endloop
  endfacet
  facet normal 0 0 1
    outer loop
      vertex 0 4.05 3.5
      vertex -0.00149287 3.49198 3.5
      vertex 0 3.49205 3.5
    endloop
  endfacet
  facet normal 0 0 1
    outer loop
      vertex -0.0931158 4.05457 3.5
      vertex -0.00149287 3.49198 3.5
      vertex 0 4.05 3.5
    endloop
  endfacet
  facet normal 0 0 1
    outer loop
      vertex -0.185335 4.06825 3.5
      vertex -0.00149287 3.49198 3.5
      vertex -0.0931158 4.05457 3.5
    endloop
  endfacet
  facet normal 0 0 1
    outer loop
      vertex -0.342281 3.47524 3.5
      vertex -0.185335 4.06825 3.5
      vertex -0.27577 4.09091 3.5
    endloop
  endfacet
  facet normal 0 0 1
    outer loop
      vertex -0.185335 4.06825 3.5
      vertex -0.342281 3.47524 3.5
      vertex -0.00149287 3.49198 3.5
    endloop
  endfacet
  facet normal 0 0 1
    outer loop
      vertex -0.27577 4.09091 3.5
      vertex -0.343759 3.47502 3.5
      vertex -0.342281 3.47524 3.5
    endloop
  endfacet
  facet normal 0 0 1
    outer loop
      vertex -0.363549 4.12231 3.5
      vertex -0.343759 3.47502 3.5
      vertex -0.27577 4.09091 3.5
    endloop
  endfacet
  facet normal 0 0 1
    outer loop
      vertex -0.681265 3.42495 3.5
      vertex -0.363549 4.12231 3.5
      vertex -0.447826 4.16217 3.5
    endloop
  endfacet
  facet normal 0 0 1
    outer loop
      vertex -0.681265 3.42495 3.5
      vertex -0.447826 4.16217 3.5
      vertex -0.527791 4.2101 3.5
    endloop
  endfacet
  facet normal 0 0 1
    outer loop
      vertex -0.681265 3.42495 3.5
      vertex -0.527791 4.2101 3.5
      vertex -0.602674 4.26564 3.5
    endloop
  endfacet
  facet normal 0 0 1
    outer loop
      vertex -1.01224 3.34205 3.5
      vertex -0.602674 4.26564 3.5
      vertex -0.671751 4.32825 3.5
    endloop
  endfacet
  facet normal 0 0 1
    outer loop
      vertex -0.363549 4.12231 3.5
      vertex -0.681265 3.42495 3.5
      vertex -0.343759 3.47502 3.5
    endloop
  endfacet
  facet normal 0 0 1
    outer loop
      vertex -1.01224 3.34205 3.5
      vertex -0.671751 4.32825 3.5
      vertex -0.73436 4.39733 3.5
    endloop
  endfacet
  facet normal 0 0 1
    outer loop
      vertex -1.01224 3.34205 3.5
      vertex -0.73436 4.39733 3.5
      vertex -0.789896 4.47221 3.5
    endloop
  endfacet
  facet normal 0 0 1
    outer loop
      vertex -1.01224 3.34205 3.5
      vertex -0.789896 4.47221 3.5
      vertex -0.837825 4.55217 3.5
    endloop
  endfacet
  facet normal 0 0 1
    outer loop
      vertex -1.01224 3.34205 3.5
      vertex -0.837825 4.55217 3.5
      vertex -0.877686 4.63645 3.5
    endloop
  endfacet
  facet normal 0 0 1
    outer loop
      vertex -1.01224 3.34205 3.5
      vertex -0.877686 4.63645 3.5
      vertex -0.909093 4.72423 3.5
    endloop
  endfacet
  facet normal 0 0 1
    outer loop
      vertex -1.01224 3.34205 3.5
      vertex -0.909093 4.72423 3.5
      vertex -0.931746 4.81466 3.5
    endloop
  endfacet
  facet normal 0 0 1
    outer loop
      vertex -0.602674 4.26564 3.5
      vertex -1.01224 3.34205 3.5
      vertex -0.681265 3.42495 3.5
    endloop
  endfacet
  facet normal 0 0 1
    outer loop
      vertex -0.945425 4.90688 3.5
      vertex -1.01224 3.34205 3.5
      vertex -0.931746 4.81466 3.5
    endloop
  endfacet
  facet normal 0 0 1
    outer loop
      vertex -1.01224 3.34205 3.5
      vertex -0.945425 4.90688 3.5
      vertex -0.95 5 3.5
    endloop
  endfacet
  facet normal -0.51411 0.857724 0
    outer loop
      vertex -13.1991 24.6938 0
      vertex -15.556 23.2811 3.5
      vertex -13.1991 24.6938 3.5
    endloop
  endfacet
  facet normal -0.51411 0.857724 0
    outer loop
      vertex -15.556 23.2811 3.5
      vertex -13.1991 24.6938 0
      vertex -15.556 23.2811 0
    endloop
  endfacet
  facet normal -0.427542 0.903996 0
    outer loop
      vertex -10.7151 25.8686 0
      vertex -13.1991 24.6938 3.5
      vertex -10.7151 25.8686 3.5
    endloop
  endfacet
  facet normal -0.427542 0.903996 0
    outer loop
      vertex -13.1991 24.6938 3.5
      vertex -10.7151 25.8686 0
      vertex -13.1991 24.6938 0
    endloop
  endfacet
  facet normal -0.595694 0.803211 0
    outer loop
      vertex -15.556 23.2811 0
      vertex -17.763 21.6443 3.5
      vertex -15.556 23.2811 3.5
    endloop
  endfacet
  facet normal -0.595694 0.803211 0
    outer loop
      vertex -17.763 21.6443 3.5
      vertex -15.556 23.2811 0
      vertex -17.763 21.6443 0
    endloop
  endfacet
  facet normal -0.242995 0.970028 0
    outer loop
      vertex -5.46253 27.462 0
      vertex -8.12797 26.7943 3.5
      vertex -5.46253 27.462 3.5
    endloop
  endfacet
  facet normal -0.242995 0.970028 0
    outer loop
      vertex -8.12797 26.7943 3.5
      vertex -5.46253 27.462 0
      vertex -8.12797 26.7943 0
    endloop
  endfacet
  facet normal -0.0490576 0.998796 0
    outer loop
      vertex 0 28 0
      vertex -2.74448 27.8652 3.5
      vertex 0 28 3.5
    endloop
  endfacet
  facet normal -0.0490576 0.998796 0
    outer loop
      vertex -2.74448 27.8652 3.5
      vertex 0 28 0
      vertex -2.74448 27.8652 0
    endloop
  endfacet
  facet normal 0.998796 -0.0490576 0
    outer loop
      vertex 27.8652 -2.74448 3.5
      vertex 28 0 0
      vertex 28 0 3.5
    endloop
  endfacet
  facet normal 0.998796 -0.0490576 0
    outer loop
      vertex 28 0 0
      vertex 27.8652 -2.74448 3.5
      vertex 27.8652 -2.74448 0
    endloop
  endfacet
  facet normal 0.0490576 -0.998796 0
    outer loop
      vertex 0 -28 0
      vertex 2.74448 -27.8652 3.5
      vertex 0 -28 3.5
    endloop
  endfacet
  facet normal 0.0490576 -0.998796 0
    outer loop
      vertex 2.74448 -27.8652 3.5
      vertex 0 -28 0
      vertex 2.74448 -27.8652 0
    endloop
  endfacet
  facet normal 0.671554 -0.740955 0
    outer loop
      vertex 17.763 -21.6443 0
      vertex 19.799 -19.799 3.5
      vertex 17.763 -21.6443 3.5
    endloop
  endfacet
  facet normal 0.671554 -0.740955 0
    outer loop
      vertex 19.799 -19.799 3.5
      vertex 17.763 -21.6443 0
      vertex 19.799 -19.799 0
    endloop
  endfacet
  facet normal 0.51411 -0.857724 0
    outer loop
      vertex 13.1991 -24.6938 0
      vertex 15.556 -23.2811 3.5
      vertex 13.1991 -24.6938 3.5
    endloop
  endfacet
  facet normal 0.51411 -0.857724 0
    outer loop
      vertex 15.556 -23.2811 3.5
      vertex 13.1991 -24.6938 0
      vertex 15.556 -23.2811 0
    endloop
  endfacet
  facet normal 0.803211 -0.595694 0
    outer loop
      vertex 21.6443 -17.763 3.5
      vertex 23.2811 -15.556 0
      vertex 23.2811 -15.556 3.5
    endloop
  endfacet
  facet normal 0.803211 -0.595694 0
    outer loop
      vertex 23.2811 -15.556 0
      vertex 21.6443 -17.763 3.5
      vertex 21.6443 -17.763 0
    endloop
  endfacet
  facet normal 0.903996 -0.427542 0
    outer loop
      vertex 24.6938 -13.1991 3.5
      vertex 25.8686 -10.7151 0
      vertex 25.8686 -10.7151 3.5
    endloop
  endfacet
  facet normal 0.903996 -0.427542 0
    outer loop
      vertex 25.8686 -10.7151 0
      vertex 24.6938 -13.1991 3.5
      vertex 24.6938 -13.1991 0
    endloop
  endfacet
  facet normal -0.671554 -0.740955 0
    outer loop
      vertex -19.799 -19.799 0
      vertex -17.763 -21.6443 3.5
      vertex -19.799 -19.799 3.5
    endloop
  endfacet
  facet normal -0.671554 -0.740955 -0
    outer loop
      vertex -17.763 -21.6443 3.5
      vertex -19.799 -19.799 0
      vertex -17.763 -21.6443 0
    endloop
  endfacet
  facet normal -0.51411 -0.857724 0
    outer loop
      vertex -15.556 -23.2811 0
      vertex -13.1991 -24.6938 3.5
      vertex -15.556 -23.2811 3.5
    endloop
  endfacet
  facet normal -0.51411 -0.857724 -0
    outer loop
      vertex -13.1991 -24.6938 3.5
      vertex -15.556 -23.2811 0
      vertex -13.1991 -24.6938 0
    endloop
  endfacet
  facet normal -0.336893 -0.941543 0
    outer loop
      vertex -10.7151 -25.8686 0
      vertex -8.12797 -26.7943 3.5
      vertex -10.7151 -25.8686 3.5
    endloop
  endfacet
  facet normal -0.336893 -0.941543 -0
    outer loop
      vertex -8.12797 -26.7943 3.5
      vertex -10.7151 -25.8686 0
      vertex -8.12797 -26.7943 0
    endloop
  endfacet
  facet normal -0.146736 -0.989176 0
    outer loop
      vertex -5.46253 -27.462 0
      vertex -2.74448 -27.8652 3.5
      vertex -5.46253 -27.462 3.5
    endloop
  endfacet
  facet normal -0.146736 -0.989176 -0
    outer loop
      vertex -2.74448 -27.8652 3.5
      vertex -5.46253 -27.462 0
      vertex -2.74448 -27.8652 0
    endloop
  endfacet
  facet normal -0.803211 -0.595694 0
    outer loop
      vertex -21.6443 -17.763 0
      vertex -23.2811 -15.556 3.5
      vertex -23.2811 -15.556 0
    endloop
  endfacet
  facet normal -0.803211 -0.595694 0
    outer loop
      vertex -23.2811 -15.556 3.5
      vertex -21.6443 -17.763 0
      vertex -21.6443 -17.763 3.5
    endloop
  endfacet
  facet normal -0.903996 -0.427542 0
    outer loop
      vertex -24.6938 -13.1991 0
      vertex -25.8686 -10.7151 3.5
      vertex -25.8686 -10.7151 0
    endloop
  endfacet
  facet normal -0.903996 -0.427542 0
    outer loop
      vertex -25.8686 -10.7151 3.5
      vertex -24.6938 -13.1991 0
      vertex -24.6938 -13.1991 3.5
    endloop
  endfacet
  facet normal -0.857724 -0.51411 0
    outer loop
      vertex -23.2811 -15.556 0
      vertex -24.6938 -13.1991 3.5
      vertex -24.6938 -13.1991 0
    endloop
  endfacet
  facet normal -0.857724 -0.51411 0
    outer loop
      vertex -24.6938 -13.1991 3.5
      vertex -23.2811 -15.556 0
      vertex -23.2811 -15.556 3.5
    endloop
  endfacet
  facet normal -0.970028 -0.242995 0
    outer loop
      vertex -26.7943 -8.12797 0
      vertex -27.462 -5.46253 3.5
      vertex -27.462 -5.46253 0
    endloop
  endfacet
  facet normal -0.970028 -0.242995 0
    outer loop
      vertex -27.462 -5.46253 3.5
      vertex -26.7943 -8.12797 0
      vertex -26.7943 -8.12797 3.5
    endloop
  endfacet
  facet normal -0.941543 -0.336893 0
    outer loop
      vertex -25.8686 -10.7151 0
      vertex -26.7943 -8.12797 3.5
      vertex -26.7943 -8.12797 0
    endloop
  endfacet
  facet normal -0.941543 -0.336893 0
    outer loop
      vertex -26.7943 -8.12797 3.5
      vertex -25.8686 -10.7151 0
      vertex -25.8686 -10.7151 3.5
    endloop
  endfacet
  facet normal -0.998796 -0.0490576 0
    outer loop
      vertex -27.8652 -2.74448 0
      vertex -28 0 3.5
      vertex -28 0 0
    endloop
  endfacet
  facet normal -0.998796 -0.0490576 0
    outer loop
      vertex -28 0 3.5
      vertex -27.8652 -2.74448 0
      vertex -27.8652 -2.74448 3.5
    endloop
  endfacet
  facet normal 0.146736 -0.989176 0
    outer loop
      vertex 2.74448 -27.8652 0
      vertex 5.46253 -27.462 3.5
      vertex 2.74448 -27.8652 3.5
    endloop
  endfacet
  facet normal 0.146736 -0.989176 0
    outer loop
      vertex 5.46253 -27.462 3.5
      vertex 2.74448 -27.8652 0
      vertex 5.46253 -27.462 0
    endloop
  endfacet
  facet normal 0.242995 -0.970028 0
    outer loop
      vertex 5.46253 -27.462 0
      vertex 8.12797 -26.7943 3.5
      vertex 5.46253 -27.462 3.5
    endloop
  endfacet
  facet normal 0.242995 -0.970028 0
    outer loop
      vertex 8.12797 -26.7943 3.5
      vertex 5.46253 -27.462 0
      vertex 8.12797 -26.7943 0
    endloop
  endfacet
  facet normal 0.427542 -0.903996 0
    outer loop
      vertex 10.7151 -25.8686 0
      vertex 13.1991 -24.6938 3.5
      vertex 10.7151 -25.8686 3.5
    endloop
  endfacet
  facet normal 0.427542 -0.903996 0
    outer loop
      vertex 13.1991 -24.6938 3.5
      vertex 10.7151 -25.8686 0
      vertex 13.1991 -24.6938 0
    endloop
  endfacet
  facet normal 0.336893 -0.941543 0
    outer loop
      vertex 8.12797 -26.7943 0
      vertex 10.7151 -25.8686 3.5
      vertex 8.12797 -26.7943 3.5
    endloop
  endfacet
  facet normal 0.336893 -0.941543 0
    outer loop
      vertex 10.7151 -25.8686 3.5
      vertex 8.12797 -26.7943 0
      vertex 10.7151 -25.8686 0
    endloop
  endfacet
  facet normal 0.740955 -0.671554 0
    outer loop
      vertex 19.799 -19.799 3.5
      vertex 21.6443 -17.763 0
      vertex 21.6443 -17.763 3.5
    endloop
  endfacet
  facet normal 0.740955 -0.671554 0
    outer loop
      vertex 21.6443 -17.763 0
      vertex 19.799 -19.799 3.5
      vertex 19.799 -19.799 0
    endloop
  endfacet
  facet normal 0.595694 -0.803211 0
    outer loop
      vertex 15.556 -23.2811 0
      vertex 17.763 -21.6443 3.5
      vertex 15.556 -23.2811 3.5
    endloop
  endfacet
  facet normal 0.595694 -0.803211 0
    outer loop
      vertex 17.763 -21.6443 3.5
      vertex 15.556 -23.2811 0
      vertex 17.763 -21.6443 0
    endloop
  endfacet
  facet normal 0.857724 -0.51411 0
    outer loop
      vertex 23.2811 -15.556 3.5
      vertex 24.6938 -13.1991 0
      vertex 24.6938 -13.1991 3.5
    endloop
  endfacet
  facet normal 0.857724 -0.51411 0
    outer loop
      vertex 24.6938 -13.1991 0
      vertex 23.2811 -15.556 3.5
      vertex 23.2811 -15.556 0
    endloop
  endfacet
  facet normal 0.989176 -0.146736 0
    outer loop
      vertex 27.462 -5.46253 3.5
      vertex 27.8652 -2.74448 0
      vertex 27.8652 -2.74448 3.5
    endloop
  endfacet
  facet normal 0.989176 -0.146736 0
    outer loop
      vertex 27.8652 -2.74448 0
      vertex 27.462 -5.46253 3.5
      vertex 27.462 -5.46253 0
    endloop
  endfacet
  facet normal 0.970028 -0.242995 0
    outer loop
      vertex 26.7943 -8.12797 3.5
      vertex 27.462 -5.46253 0
      vertex 27.462 -5.46253 3.5
    endloop
  endfacet
  facet normal 0.970028 -0.242995 0
    outer loop
      vertex 27.462 -5.46253 0
      vertex 26.7943 -8.12797 3.5
      vertex 26.7943 -8.12797 0
    endloop
  endfacet
  facet normal -0.595694 -0.803211 0
    outer loop
      vertex -17.763 -21.6443 0
      vertex -15.556 -23.2811 3.5
      vertex -17.763 -21.6443 3.5
    endloop
  endfacet
  facet normal -0.595694 -0.803211 -0
    outer loop
      vertex -15.556 -23.2811 3.5
      vertex -17.763 -21.6443 0
      vertex -15.556 -23.2811 0
    endloop
  endfacet
  facet normal -0.427542 -0.903996 0
    outer loop
      vertex -13.1991 -24.6938 0
      vertex -10.7151 -25.8686 3.5
      vertex -13.1991 -24.6938 3.5
    endloop
  endfacet
  facet normal -0.427542 -0.903996 -0
    outer loop
      vertex -10.7151 -25.8686 3.5
      vertex -13.1991 -24.6938 0
      vertex -10.7151 -25.8686 0
    endloop
  endfacet
  facet normal -0.242995 -0.970028 0
    outer loop
      vertex -8.12797 -26.7943 0
      vertex -5.46253 -27.462 3.5
      vertex -8.12797 -26.7943 3.5
    endloop
  endfacet
  facet normal -0.242995 -0.970028 -0
    outer loop
      vertex -5.46253 -27.462 3.5
      vertex -8.12797 -26.7943 0
      vertex -5.46253 -27.462 0
    endloop
  endfacet
  facet normal -0.0490576 -0.998796 0
    outer loop
      vertex -2.74448 -27.8652 0
      vertex 0 -28 3.5
      vertex -2.74448 -27.8652 3.5
    endloop
  endfacet
  facet normal -0.0490576 -0.998796 -0
    outer loop
      vertex 0 -28 3.5
      vertex -2.74448 -27.8652 0
      vertex 0 -28 0
    endloop
  endfacet
  facet normal -0.740955 -0.671554 0
    outer loop
      vertex -19.799 -19.799 0
      vertex -21.6443 -17.763 3.5
      vertex -21.6443 -17.763 0
    endloop
  endfacet
  facet normal -0.740955 -0.671554 0
    outer loop
      vertex -21.6443 -17.763 3.5
      vertex -19.799 -19.799 0
      vertex -19.799 -19.799 3.5
    endloop
  endfacet
  facet normal -0.989176 -0.146736 0
    outer loop
      vertex -27.462 -5.46253 0
      vertex -27.8652 -2.74448 3.5
      vertex -27.8652 -2.74448 0
    endloop
  endfacet
  facet normal -0.989176 -0.146736 0
    outer loop
      vertex -27.8652 -2.74448 3.5
      vertex -27.462 -5.46253 0
      vertex -27.462 -5.46253 3.5
    endloop
  endfacet
  facet normal 0 1 -0
    outer loop
      vertex 0.170704 23.95 47.2582
      vertex 0 23.95 50.5
      vertex 1.27422 23.95 50.4374
    endloop
  endfacet
  facet normal 0 1 0
    outer loop
      vertex 0.486123 23.95 47.1275
      vertex 1.27422 23.95 50.4374
      vertex 2.53617 23.95 50.2502
    endloop
  endfacet
  facet normal 0 1 0
    outer loop
      vertex 0 23.95 50.5
      vertex 0.170704 23.95 47.2582
      vertex 0.0857649 23.95 47.2708
    endloop
  endfacet
  facet normal 0 1 0
    outer loop
      vertex 0.727535 23.95 46.8861
      vertex 2.53617 23.95 50.2502
      vertex 3.7737 23.95 49.9402
    endloop
  endfacet
  facet normal 0 1 0
    outer loop
      vertex 0 23.95 50.5
      vertex 0.0857649 23.95 47.2708
      vertex 0 23.95 47.275
    endloop
  endfacet
  facet normal 0 1 0
    outer loop
      vertex 0.858187 23.95 46.5707
      vertex 3.7737 23.95 49.9402
      vertex 4.97488 23.95 49.5104
    endloop
  endfacet
  facet normal 0 1 0
    outer loop
      vertex -0.170704 23.95 47.2582
      vertex 0 23.95 50.5
      vertex -0.0857649 23.95 47.2708
    endloop
  endfacet
  facet normal 0 1 0
    outer loop
      vertex 0.875 23.95 46.4
      vertex 4.97488 23.95 49.5104
      vertex 6.12816 23.95 48.965
    endloop
  endfacet
  facet normal 0 1 0
    outer loop
      vertex 0 23.95 50.5
      vertex -0.170704 23.95 47.2582
      vertex -1.27422 23.95 50.4374
    endloop
  endfacet
  facet normal 0 1 -0
    outer loop
      vertex 6.7 23.95 44.1
      vertex 6.12816 23.95 48.965
      vertex 7.22241 23.95 48.3091
    endloop
  endfacet
  facet normal 0 1 -0
    outer loop
      vertex -0.253999 23.95 47.2373
      vertex -1.27422 23.95 50.4374
      vertex -0.170704 23.95 47.2582
    endloop
  endfacet
  facet normal 0 1 0
    outer loop
      vertex 6.7 23.95 44.1
      vertex 7.22241 23.95 48.3091
      vertex 8.24711 23.95 47.5491
    endloop
  endfacet
  facet normal 0 1 -0
    outer loop
      vertex -0.412472 23.95 47.1717
      vertex -1.27422 23.95 50.4374
      vertex -0.334847 23.95 47.2084
    endloop
  endfacet
  facet normal 0 1 -0
    outer loop
      vertex -0.486123 23.95 47.1275
      vertex -1.27422 23.95 50.4374
      vertex -0.412472 23.95 47.1717
    endloop
  endfacet
  facet normal 0 1 -0
    outer loop
      vertex -0.334847 23.95 47.2084
      vertex -1.27422 23.95 50.4374
      vertex -0.253999 23.95 47.2373
    endloop
  endfacet
  facet normal 0 1 0
    outer loop
      vertex -0.0857649 23.95 47.2708
      vertex 0 23.95 50.5
      vertex 0 23.95 47.275
    endloop
  endfacet
  facet normal 0 1 0
    outer loop
      vertex 1.27422 23.95 50.4374
      vertex 0.253999 23.95 47.2373
      vertex 0.170704 23.95 47.2582
    endloop
  endfacet
  facet normal 0 1 0
    outer loop
      vertex 1.27422 23.95 50.4374
      vertex 0.334847 23.95 47.2084
      vertex 0.253999 23.95 47.2373
    endloop
  endfacet
  facet normal 0 1 0
    outer loop
      vertex 1.27422 23.95 50.4374
      vertex 0.412472 23.95 47.1717
      vertex 0.334847 23.95 47.2084
    endloop
  endfacet
  facet normal 0 1 0
    outer loop
      vertex 1.27422 23.95 50.4374
      vertex 0.486123 23.95 47.1275
      vertex 0.412472 23.95 47.1717
    endloop
  endfacet
  facet normal 0 1 0
    outer loop
      vertex 2.53617 23.95 50.2502
      vertex 0.555094 23.95 47.0764
      vertex 0.486123 23.95 47.1275
    endloop
  endfacet
  facet normal 0 1 0
    outer loop
      vertex 2.53617 23.95 50.2502
      vertex 0.618718 23.95 47.0187
      vertex 0.555094 23.95 47.0764
    endloop
  endfacet
  facet normal 0 1 0
    outer loop
      vertex 2.53617 23.95 50.2502
      vertex 0.676384 23.95 46.9551
      vertex 0.618718 23.95 47.0187
    endloop
  endfacet
  facet normal 0 1 0
    outer loop
      vertex 2.53617 23.95 50.2502
      vertex 0.727535 23.95 46.8861
      vertex 0.676384 23.95 46.9551
    endloop
  endfacet
  facet normal 0 1 0
    outer loop
      vertex 3.7737 23.95 49.9402
      vertex 0.771681 23.95 46.8125
      vertex 0.727535 23.95 46.8861
    endloop
  endfacet
  facet normal 0 1 0
    outer loop
      vertex 3.7737 23.95 49.9402
      vertex 0.808394 23.95 46.7348
      vertex 0.771681 23.95 46.8125
    endloop
  endfacet
  facet normal 0 1 0
    outer loop
      vertex 6.7 23.95 44.1
      vertex 8.24711 23.95 47.5491
      vertex 9.19239 23.95 46.6924
    endloop
  endfacet
  facet normal 0 1 0
    outer loop
      vertex 3.7737 23.95 49.9402
      vertex 0.837322 23.95 46.654
      vertex 0.808394 23.95 46.7348
    endloop
  endfacet
  facet normal 0 1 0
    outer loop
      vertex 6.12816 23.95 48.965
      vertex 6.7 23.95 44.1
      vertex 0.875 23.95 46.4
    endloop
  endfacet
  facet normal 0 1 0
    outer loop
      vertex 3.7737 23.95 49.9402
      vertex 0.858187 23.95 46.5707
      vertex 0.837322 23.95 46.654
    endloop
  endfacet
  facet normal 0 1 0
    outer loop
      vertex 4.97488 23.95 49.5104
      vertex 0.870786 23.95 46.4858
      vertex 0.858187 23.95 46.5707
    endloop
  endfacet
  facet normal 0 1 0
    outer loop
      vertex 6.7 23.95 44.1
      vertex 9.19239 23.95 46.6924
      vertex 10.0491 23.95 45.7471
    endloop
  endfacet
  facet normal 0 1 0
    outer loop
      vertex 4.97488 23.95 49.5104
      vertex 0.875 23.95 46.4
      vertex 0.870786 23.95 46.4858
    endloop
  endfacet
  facet normal 0 1 0
    outer loop
      vertex 0.875 23.95 46.4
      vertex 6.7 23.95 44.1
      vertex 0.875 23.95 45.4
    endloop
  endfacet
  facet normal 0 1 0
    outer loop
      vertex 0.875 23.95 45.4
      vertex 6.7 23.95 44.1
      vertex 0.870786 23.95 45.3142
    endloop
  endfacet
  facet normal 0 1 0
    outer loop
      vertex 0.870786 23.95 45.3142
      vertex 6.7 23.95 44.1
      vertex 0.858187 23.95 45.2293
    endloop
  endfacet
  facet normal 0 1 0
    outer loop
      vertex 0.858187 23.95 45.2293
      vertex 6.7 23.95 44.1
      vertex 0.837322 23.95 45.146
    endloop
  endfacet
  facet normal 0 1 0
    outer loop
      vertex 0.837322 23.95 45.146
      vertex 6.7 23.95 44.1
      vertex 0.808394 23.95 45.0652
    endloop
  endfacet
  facet normal 0 1 0
    outer loop
      vertex 0.808394 23.95 45.0652
      vertex 6.7 23.95 44.1
      vertex 0.771681 23.95 44.9875
    endloop
  endfacet
  facet normal 0 1 0
    outer loop
      vertex 0.771681 23.95 44.9875
      vertex 6.7 23.95 44.1
      vertex 0.727535 23.95 44.9139
    endloop
  endfacet
  facet normal 0 1 0
    outer loop
      vertex 0.727535 23.95 44.9139
      vertex 6.7 23.95 44.1
      vertex 0.676384 23.95 44.8449
    endloop
  endfacet
  facet normal 0 1 0
    outer loop
      vertex 0.676384 23.95 44.8449
      vertex 6.7 23.95 44.1
      vertex 0.618718 23.95 44.7813
    endloop
  endfacet
  facet normal 0 1 0
    outer loop
      vertex 6.7 23.95 44.1
      vertex 10.0491 23.95 45.7471
      vertex 10.8091 23.95 44.7224
    endloop
  endfacet
  facet normal 0 1 0
    outer loop
      vertex 0.618718 23.95 44.7813
      vertex 6.7 23.95 44.1
      vertex 0.555094 23.95 44.7236
    endloop
  endfacet
  facet normal 0 1 0
    outer loop
      vertex 0.555094 23.95 44.7236
      vertex 6.7 23.95 44.1
      vertex 0.486123 23.95 44.6725
    endloop
  endfacet
  facet normal 0 1 0
    outer loop
      vertex 0.486123 23.95 44.6725
      vertex 6.7 23.95 44.1
      vertex 0.412472 23.95 44.6283
    endloop
  endfacet
  facet normal 0 1 0
    outer loop
      vertex 0.412472 23.95 44.6283
      vertex 6.7 23.95 44.1
      vertex 0.334847 23.95 44.5916
    endloop
  endfacet
  facet normal 0 1 0
    outer loop
      vertex 0.334847 23.95 44.5916
      vertex 6.7 23.95 44.1
      vertex 0.253999 23.95 44.5627
    endloop
  endfacet
  facet normal 0 1 0
    outer loop
      vertex 0.253999 23.95 44.5627
      vertex 6.7 23.95 44.1
      vertex 0.170704 23.95 44.5418
    endloop
  endfacet
  facet normal 0 1 0
    outer loop
      vertex 0.170704 23.95 44.5418
      vertex 6.7 23.95 44.1
      vertex 0.0857649 23.95 44.5292
    endloop
  endfacet
  facet normal 0 1 0
    outer loop
      vertex 0.0857649 23.95 44.5292
      vertex 6.7 23.95 44.1
      vertex 0 23.95 44.525
    endloop
  endfacet
  facet normal 0 1 0
    outer loop
      vertex 11.465 23.95 43.6282
      vertex 6.7 23.95 44.1
      vertex 10.8091 23.95 44.7224
    endloop
  endfacet
  facet normal 0 1 0
    outer loop
      vertex 12.0104 23.95 42.4749
      vertex 6.7 23.95 44.1
      vertex 11.465 23.95 43.6282
    endloop
  endfacet
  facet normal 0 1 0
    outer loop
      vertex 12.4402 23.95 41.2737
      vertex 6.7 23.95 44.1
      vertex 12.0104 23.95 42.4749
    endloop
  endfacet
  facet normal 0 1 0
    outer loop
      vertex 12.7502 23.95 40.0362
      vertex 6.7 23.95 44.1
      vertex 12.4402 23.95 41.2737
    endloop
  endfacet
  facet normal 0 1 0
    outer loop
      vertex 12.9374 23.95 38.7742
      vertex 6.7 23.95 44.1
      vertex 12.7502 23.95 40.0362
    endloop
  endfacet
  facet normal 0 1 0
    outer loop
      vertex 13 23.95 37.5
      vertex 6.7 23.95 44.1
      vertex 12.9374 23.95 38.7742
    endloop
  endfacet
  facet normal 0 1 0
    outer loop
      vertex 13 23.95 37.5
      vertex 6.7 23.95 19.9
      vertex 6.7 23.95 44.1
    endloop
  endfacet
  facet normal 0 1 0
    outer loop
      vertex 6.7 23.95 19.9
      vertex 0 23.95 19.475
      vertex -6.7 23.95 19.9
    endloop
  endfacet
  facet normal 0 1 0
    outer loop
      vertex 6.7 23.95 19.9
      vertex 0.0857649 23.95 19.4708
      vertex 0 23.95 19.475
    endloop
  endfacet
  facet normal 0 1 0
    outer loop
      vertex 6.7 23.95 19.9
      vertex 0.170704 23.95 19.4582
      vertex 0.0857649 23.95 19.4708
    endloop
  endfacet
  facet normal 0 1 0
    outer loop
      vertex 6.7 23.95 19.9
      vertex 0.253999 23.95 19.4373
      vertex 0.170704 23.95 19.4582
    endloop
  endfacet
  facet normal 0 1 0
    outer loop
      vertex 6.7 23.95 19.9
      vertex 0.334847 23.95 19.4084
      vertex 0.253999 23.95 19.4373
    endloop
  endfacet
  facet normal 0 1 0
    outer loop
      vertex 6.7 23.95 19.9
      vertex 0.412472 23.95 19.3717
      vertex 0.334847 23.95 19.4084
    endloop
  endfacet
  facet normal 0 1 0
    outer loop
      vertex 6.7 23.95 19.9
      vertex 0.486123 23.95 19.3275
      vertex 0.412472 23.95 19.3717
    endloop
  endfacet
  facet normal 0 1 0
    outer loop
      vertex 6.7 23.95 19.9
      vertex 0.555094 23.95 19.2764
      vertex 0.486123 23.95 19.3275
    endloop
  endfacet
  facet normal 0 1 0
    outer loop
      vertex 6.7 23.95 19.9
      vertex 0.618718 23.95 19.2187
      vertex 0.555094 23.95 19.2764
    endloop
  endfacet
  facet normal 0 1 0
    outer loop
      vertex 6.7 23.95 19.9
      vertex 0.676384 23.95 19.1551
      vertex 0.618718 23.95 19.2187
    endloop
  endfacet
  facet normal 0 1 0
    outer loop
      vertex 6.7 23.95 19.9
      vertex 0.727535 23.95 19.0861
      vertex 0.676384 23.95 19.1551
    endloop
  endfacet
  facet normal 0 1 0
    outer loop
      vertex 6.7 23.95 19.9
      vertex 0.771681 23.95 19.0125
      vertex 0.727535 23.95 19.0861
    endloop
  endfacet
  facet normal 0 1 0
    outer loop
      vertex 6.7 23.95 19.9
      vertex 0.808394 23.95 18.9348
      vertex 0.771681 23.95 19.0125
    endloop
  endfacet
  facet normal 0 1 0
    outer loop
      vertex 6.7 23.95 19.9
      vertex 0.837322 23.95 18.854
      vertex 0.808394 23.95 18.9348
    endloop
  endfacet
  facet normal 0 1 0
    outer loop
      vertex 6.7 23.95 19.9
      vertex 0.858187 23.95 18.7707
      vertex 0.837322 23.95 18.854
    endloop
  endfacet
  facet normal 0 1 0
    outer loop
      vertex 6.7 23.95 19.9
      vertex 0.870786 23.95 18.6858
      vertex 0.858187 23.95 18.7707
    endloop
  endfacet
  facet normal 0 1 0
    outer loop
      vertex 6.7 23.95 19.9
      vertex 0.875 23.95 18.6
      vertex 0.870786 23.95 18.6858
    endloop
  endfacet
  facet normal 0 1 0
    outer loop
      vertex 6.7 23.95 19.9
      vertex 0.875 23.95 17.6
      vertex 0.875 23.95 18.6
    endloop
  endfacet
  facet normal 0 1 0
    outer loop
      vertex 6.7 23.95 19.9
      vertex 0.870786 23.95 17.5142
      vertex 0.875 23.95 17.6
    endloop
  endfacet
  facet normal 0 1 0
    outer loop
      vertex 6.7 23.95 19.9
      vertex 0.858187 23.95 17.4293
      vertex 0.870786 23.95 17.5142
    endloop
  endfacet
  facet normal 0 1 0
    outer loop
      vertex 6.7 23.95 19.9
      vertex 0.837322 23.95 17.346
      vertex 0.858187 23.95 17.4293
    endloop
  endfacet
  facet normal 0 1 0
    outer loop
      vertex 6.7 23.95 19.9
      vertex 0.808394 23.95 17.2652
      vertex 0.837322 23.95 17.346
    endloop
  endfacet
  facet normal 0 1 0
    outer loop
      vertex 6.7 23.95 19.9
      vertex 0.771681 23.95 17.1875
      vertex 0.808394 23.95 17.2652
    endloop
  endfacet
  facet normal 0 1 0
    outer loop
      vertex 6.7 23.95 19.9
      vertex 0.727535 23.95 17.1139
      vertex 0.771681 23.95 17.1875
    endloop
  endfacet
  facet normal 0 1 0
    outer loop
      vertex 6.7 23.95 19.9
      vertex 0.676384 23.95 17.0449
      vertex 0.727535 23.95 17.1139
    endloop
  endfacet
  facet normal 0 1 0
    outer loop
      vertex 6.7 23.95 19.9
      vertex 0.618718 23.95 16.9813
      vertex 0.676384 23.95 17.0449
    endloop
  endfacet
  facet normal 0 1 0
    outer loop
      vertex 13 23.95 3.5
      vertex 0.618718 23.95 16.9813
      vertex 6.7 23.95 19.9
    endloop
  endfacet
  facet normal 0 1 0
    outer loop
      vertex 0.618718 23.95 16.9813
      vertex 13 23.95 3.5
      vertex 0.555094 23.95 16.9236
    endloop
  endfacet
  facet normal 0 1 0
    outer loop
      vertex 0.555094 23.95 16.9236
      vertex 13 23.95 3.5
      vertex 0.486123 23.95 16.8725
    endloop
  endfacet
  facet normal 0 1 0
    outer loop
      vertex 0.0857649 23.95 16.7292
      vertex 13 23.95 3.5
      vertex 0 23.95 16.725
    endloop
  endfacet
  facet normal 0 1 0
    outer loop
      vertex 0.170704 23.95 16.7418
      vertex 13 23.95 3.5
      vertex 0.0857649 23.95 16.7292
    endloop
  endfacet
  facet normal 0 1 0
    outer loop
      vertex 0.253999 23.95 16.7627
      vertex 13 23.95 3.5
      vertex 0.170704 23.95 16.7418
    endloop
  endfacet
  facet normal 0 1 0
    outer loop
      vertex 0.334847 23.95 16.7916
      vertex 13 23.95 3.5
      vertex 0.253999 23.95 16.7627
    endloop
  endfacet
  facet normal 0 1 0
    outer loop
      vertex 0.412472 23.95 16.8283
      vertex 13 23.95 3.5
      vertex 0.334847 23.95 16.7916
    endloop
  endfacet
  facet normal 0 1 0
    outer loop
      vertex 0.486123 23.95 16.8725
      vertex 13 23.95 3.5
      vertex 0.412472 23.95 16.8283
    endloop
  endfacet
  facet normal 0 1 -0
    outer loop
      vertex 13 23.95 3.5
      vertex 6.7 23.95 19.9
      vertex 13 23.95 37.5
    endloop
  endfacet
  facet normal 0 1 0
    outer loop
      vertex -1.27422 23.95 50.4374
      vertex -0.486123 23.95 47.1275
      vertex -2.53617 23.95 50.2502
    endloop
  endfacet
  facet normal 0 1 -0
    outer loop
      vertex -0.555094 23.95 47.0764
      vertex -2.53617 23.95 50.2502
      vertex -0.486123 23.95 47.1275
    endloop
  endfacet
  facet normal 0 1 -0
    outer loop
      vertex -0.618718 23.95 47.0187
      vertex -2.53617 23.95 50.2502
      vertex -0.555094 23.95 47.0764
    endloop
  endfacet
  facet normal 0 1 -0
    outer loop
      vertex -0.676384 23.95 46.9551
      vertex -2.53617 23.95 50.2502
      vertex -0.618718 23.95 47.0187
    endloop
  endfacet
  facet normal 0 1 -0
    outer loop
      vertex -0.727535 23.95 46.8861
      vertex -2.53617 23.95 50.2502
      vertex -0.676384 23.95 46.9551
    endloop
  endfacet
  facet normal 0 1 0
    outer loop
      vertex -2.53617 23.95 50.2502
      vertex -0.727535 23.95 46.8861
      vertex -3.7737 23.95 49.9402
    endloop
  endfacet
  facet normal 0 1 -0
    outer loop
      vertex -0.771681 23.95 46.8125
      vertex -3.7737 23.95 49.9402
      vertex -0.727535 23.95 46.8861
    endloop
  endfacet
  facet normal 0 1 -0
    outer loop
      vertex -0.808394 23.95 46.7348
      vertex -3.7737 23.95 49.9402
      vertex -0.771681 23.95 46.8125
    endloop
  endfacet
  facet normal 0 1 -0
    outer loop
      vertex -0.837322 23.95 46.654
      vertex -3.7737 23.95 49.9402
      vertex -0.808394 23.95 46.7348
    endloop
  endfacet
  facet normal 0 1 -0
    outer loop
      vertex -0.858187 23.95 46.5707
      vertex -3.7737 23.95 49.9402
      vertex -0.837322 23.95 46.654
    endloop
  endfacet
  facet normal 0 1 0
    outer loop
      vertex -3.7737 23.95 49.9402
      vertex -0.858187 23.95 46.5707
      vertex -4.97488 23.95 49.5104
    endloop
  endfacet
  facet normal 0 1 -0
    outer loop
      vertex -0.870786 23.95 46.4858
      vertex -4.97488 23.95 49.5104
      vertex -0.858187 23.95 46.5707
    endloop
  endfacet
  facet normal 0 1 -0
    outer loop
      vertex -0.875 23.95 46.4
      vertex -4.97488 23.95 49.5104
      vertex -0.870786 23.95 46.4858
    endloop
  endfacet
  facet normal 0 1 0
    outer loop
      vertex -4.97488 23.95 49.5104
      vertex -0.875 23.95 46.4
      vertex -6.12816 23.95 48.965
    endloop
  endfacet
  facet normal 0 1 0
    outer loop
      vertex -7.22241 23.95 48.3091
      vertex -6.7 23.95 44.1
      vertex -8.24711 23.95 47.5491
    endloop
  endfacet
  facet normal 0 1 0
    outer loop
      vertex -6.7 23.95 44.1
      vertex -6.12816 23.95 48.965
      vertex -0.875 23.95 46.4
    endloop
  endfacet
  facet normal 0 1 0
    outer loop
      vertex -6.12816 23.95 48.965
      vertex -6.7 23.95 44.1
      vertex -7.22241 23.95 48.3091
    endloop
  endfacet
  facet normal 0 1 0
    outer loop
      vertex -8.24711 23.95 47.5491
      vertex -6.7 23.95 44.1
      vertex -9.19239 23.95 46.6924
    endloop
  endfacet
  facet normal 0 1 0
    outer loop
      vertex -6.7 23.95 44.1
      vertex -0.875 23.95 46.4
      vertex -0.875 23.95 45.4
    endloop
  endfacet
  facet normal 0 1 0
    outer loop
      vertex -6.7 23.95 44.1
      vertex -0.875 23.95 45.4
      vertex -0.870786 23.95 45.3142
    endloop
  endfacet
  facet normal 0 1 0
    outer loop
      vertex -6.7 23.95 44.1
      vertex -0.870786 23.95 45.3142
      vertex -0.858187 23.95 45.2293
    endloop
  endfacet
  facet normal 0 1 0
    outer loop
      vertex -6.7 23.95 44.1
      vertex -0.858187 23.95 45.2293
      vertex -0.837322 23.95 45.146
    endloop
  endfacet
  facet normal 0 1 0
    outer loop
      vertex -6.7 23.95 44.1
      vertex -0.837322 23.95 45.146
      vertex -0.808394 23.95 45.0652
    endloop
  endfacet
  facet normal 0 1 0
    outer loop
      vertex -6.7 23.95 44.1
      vertex -0.808394 23.95 45.0652
      vertex -0.771681 23.95 44.9875
    endloop
  endfacet
  facet normal 0 1 0
    outer loop
      vertex -6.7 23.95 44.1
      vertex -0.771681 23.95 44.9875
      vertex -0.727535 23.95 44.9139
    endloop
  endfacet
  facet normal 0 1 0
    outer loop
      vertex -6.7 23.95 44.1
      vertex -0.727535 23.95 44.9139
      vertex -0.676384 23.95 44.8449
    endloop
  endfacet
  facet normal 0 1 0
    outer loop
      vertex -6.7 23.95 44.1
      vertex -0.676384 23.95 44.8449
      vertex -0.618718 23.95 44.7813
    endloop
  endfacet
  facet normal 0 1 0
    outer loop
      vertex -6.7 23.95 44.1
      vertex -0.618718 23.95 44.7813
      vertex -0.555094 23.95 44.7236
    endloop
  endfacet
  facet normal 0 1 0
    outer loop
      vertex -9.19239 23.95 46.6924
      vertex -6.7 23.95 44.1
      vertex -10.0491 23.95 45.7471
    endloop
  endfacet
  facet normal 0 1 0
    outer loop
      vertex -6.7 23.95 44.1
      vertex -0.555094 23.95 44.7236
      vertex -0.486123 23.95 44.6725
    endloop
  endfacet
  facet normal 0 1 0
    outer loop
      vertex -6.7 23.95 44.1
      vertex -0.486123 23.95 44.6725
      vertex -0.412472 23.95 44.6283
    endloop
  endfacet
  facet normal 0 1 0
    outer loop
      vertex -6.7 23.95 44.1
      vertex -0.412472 23.95 44.6283
      vertex -0.334847 23.95 44.5916
    endloop
  endfacet
  facet normal 0 1 0
    outer loop
      vertex -6.7 23.95 44.1
      vertex -0.334847 23.95 44.5916
      vertex -0.253999 23.95 44.5627
    endloop
  endfacet
  facet normal 0 1 0
    outer loop
      vertex -6.7 23.95 44.1
      vertex -0.253999 23.95 44.5627
      vertex -0.170704 23.95 44.5418
    endloop
  endfacet
  facet normal 0 1 0
    outer loop
      vertex -6.7 23.95 44.1
      vertex -0.170704 23.95 44.5418
      vertex -0.0857649 23.95 44.5292
    endloop
  endfacet
  facet normal 0 1 0
    outer loop
      vertex -6.7 23.95 44.1
      vertex -0.0857649 23.95 44.5292
      vertex 0 23.95 44.525
    endloop
  endfacet
  facet normal 0 1 0
    outer loop
      vertex -6.7 23.95 44.1
      vertex 0 23.95 44.525
      vertex 6.7 23.95 44.1
    endloop
  endfacet
  facet normal 0 1 0
    outer loop
      vertex -10.0491 23.95 45.7471
      vertex -6.7 23.95 44.1
      vertex -10.8091 23.95 44.7224
    endloop
  endfacet
  facet normal 0 1 0
    outer loop
      vertex -6.7 23.95 44.1
      vertex -11.465 23.95 43.6282
      vertex -10.8091 23.95 44.7224
    endloop
  endfacet
  facet normal 0 1 0
    outer loop
      vertex -6.7 23.95 44.1
      vertex -12.0104 23.95 42.4749
      vertex -11.465 23.95 43.6282
    endloop
  endfacet
  facet normal 0 1 0
    outer loop
      vertex -6.7 23.95 44.1
      vertex -12.4402 23.95 41.2737
      vertex -12.0104 23.95 42.4749
    endloop
  endfacet
  facet normal 0 1 0
    outer loop
      vertex -6.7 23.95 44.1
      vertex -12.7502 23.95 40.0362
      vertex -12.4402 23.95 41.2737
    endloop
  endfacet
  facet normal 0 1 0
    outer loop
      vertex -6.7 23.95 44.1
      vertex -12.9374 23.95 38.7742
      vertex -12.7502 23.95 40.0362
    endloop
  endfacet
  facet normal 0 1 0
    outer loop
      vertex -6.7 23.95 44.1
      vertex -13 23.95 37.5
      vertex -12.9374 23.95 38.7742
    endloop
  endfacet
  facet normal 0 1 -0
    outer loop
      vertex -6.7 23.95 19.9
      vertex -13 23.95 37.5
      vertex -6.7 23.95 44.1
    endloop
  endfacet
  facet normal 0 1 -0
    outer loop
      vertex -0.0857649 23.95 19.4708
      vertex -6.7 23.95 19.9
      vertex 0 23.95 19.475
    endloop
  endfacet
  facet normal 0 1 -0
    outer loop
      vertex -0.170704 23.95 19.4582
      vertex -6.7 23.95 19.9
      vertex -0.0857649 23.95 19.4708
    endloop
  endfacet
  facet normal 0 1 -0
    outer loop
      vertex -0.253999 23.95 19.4373
      vertex -6.7 23.95 19.9
      vertex -0.170704 23.95 19.4582
    endloop
  endfacet
  facet normal 0 1 -0
    outer loop
      vertex -0.334847 23.95 19.4084
      vertex -6.7 23.95 19.9
      vertex -0.253999 23.95 19.4373
    endloop
  endfacet
  facet normal 0 1 -0
    outer loop
      vertex -0.412472 23.95 19.3717
      vertex -6.7 23.95 19.9
      vertex -0.334847 23.95 19.4084
    endloop
  endfacet
  facet normal 0 1 -0
    outer loop
      vertex -0.486123 23.95 19.3275
      vertex -6.7 23.95 19.9
      vertex -0.412472 23.95 19.3717
    endloop
  endfacet
  facet normal 0 1 -0
    outer loop
      vertex -0.555094 23.95 19.2764
      vertex -6.7 23.95 19.9
      vertex -0.486123 23.95 19.3275
    endloop
  endfacet
  facet normal 0 1 -0
    outer loop
      vertex -0.618718 23.95 19.2187
      vertex -6.7 23.95 19.9
      vertex -0.555094 23.95 19.2764
    endloop
  endfacet
  facet normal 0 1 -0
    outer loop
      vertex -0.676384 23.95 19.1551
      vertex -6.7 23.95 19.9
      vertex -0.618718 23.95 19.2187
    endloop
  endfacet
  facet normal 0 1 -0
    outer loop
      vertex -0.727535 23.95 19.0861
      vertex -6.7 23.95 19.9
      vertex -0.676384 23.95 19.1551
    endloop
  endfacet
  facet normal 0 1 -0
    outer loop
      vertex -0.771681 23.95 19.0125
      vertex -6.7 23.95 19.9
      vertex -0.727535 23.95 19.0861
    endloop
  endfacet
  facet normal 0 1 -0
    outer loop
      vertex -0.808394 23.95 18.9348
      vertex -6.7 23.95 19.9
      vertex -0.771681 23.95 19.0125
    endloop
  endfacet
  facet normal 0 1 -0
    outer loop
      vertex -0.837322 23.95 18.854
      vertex -6.7 23.95 19.9
      vertex -0.808394 23.95 18.9348
    endloop
  endfacet
  facet normal 0 1 -0
    outer loop
      vertex -0.858187 23.95 18.7707
      vertex -6.7 23.95 19.9
      vertex -0.837322 23.95 18.854
    endloop
  endfacet
  facet normal 0 1 -0
    outer loop
      vertex -0.870786 23.95 18.6858
      vertex -6.7 23.95 19.9
      vertex -0.858187 23.95 18.7707
    endloop
  endfacet
  facet normal 0 1 -0
    outer loop
      vertex -0.875 23.95 18.6
      vertex -6.7 23.95 19.9
      vertex -0.870786 23.95 18.6858
    endloop
  endfacet
  facet normal 0 1 -0
    outer loop
      vertex -0.875 23.95 17.6
      vertex -6.7 23.95 19.9
      vertex -0.875 23.95 18.6
    endloop
  endfacet
  facet normal 0 1 0
    outer loop
      vertex -0.870786 23.95 17.5142
      vertex -6.7 23.95 19.9
      vertex -0.875 23.95 17.6
    endloop
  endfacet
  facet normal 0 1 0
    outer loop
      vertex -0.858187 23.95 17.4293
      vertex -6.7 23.95 19.9
      vertex -0.870786 23.95 17.5142
    endloop
  endfacet
  facet normal 0 1 0
    outer loop
      vertex -0.837322 23.95 17.346
      vertex -6.7 23.95 19.9
      vertex -0.858187 23.95 17.4293
    endloop
  endfacet
  facet normal 0 1 0
    outer loop
      vertex -0.808394 23.95 17.2652
      vertex -6.7 23.95 19.9
      vertex -0.837322 23.95 17.346
    endloop
  endfacet
  facet normal 0 1 0
    outer loop
      vertex -0.771681 23.95 17.1875
      vertex -6.7 23.95 19.9
      vertex -0.808394 23.95 17.2652
    endloop
  endfacet
  facet normal 0 1 0
    outer loop
      vertex -0.727535 23.95 17.1139
      vertex -6.7 23.95 19.9
      vertex -0.771681 23.95 17.1875
    endloop
  endfacet
  facet normal 0 1 0
    outer loop
      vertex -0.676384 23.95 17.0449
      vertex -6.7 23.95 19.9
      vertex -0.727535 23.95 17.1139
    endloop
  endfacet
  facet normal 0 1 0
    outer loop
      vertex -0.618718 23.95 16.9813
      vertex -6.7 23.95 19.9
      vertex -0.676384 23.95 17.0449
    endloop
  endfacet
  facet normal 0 1 0
    outer loop
      vertex -13 23.95 3.5
      vertex -0.618718 23.95 16.9813
      vertex -0.555094 23.95 16.9236
    endloop
  endfacet
  facet normal 0 1 0
    outer loop
      vertex -13 23.95 3.5
      vertex -0.555094 23.95 16.9236
      vertex -0.486123 23.95 16.8725
    endloop
  endfacet
  facet normal 0 1 0
    outer loop
      vertex -13 23.95 3.5
      vertex -0.486123 23.95 16.8725
      vertex -0.412472 23.95 16.8283
    endloop
  endfacet
  facet normal 0 1 0
    outer loop
      vertex -13 23.95 3.5
      vertex 0 23.95 16.725
      vertex 13 23.95 3.5
    endloop
  endfacet
  facet normal 0 1 0
    outer loop
      vertex 0 23.95 16.725
      vertex -13 23.95 3.5
      vertex -0.0857649 23.95 16.7292
    endloop
  endfacet
  facet normal 0 1 0
    outer loop
      vertex -0.0857649 23.95 16.7292
      vertex -13 23.95 3.5
      vertex -0.170704 23.95 16.7418
    endloop
  endfacet
  facet normal 0 1 0
    outer loop
      vertex -0.170704 23.95 16.7418
      vertex -13 23.95 3.5
      vertex -0.253999 23.95 16.7627
    endloop
  endfacet
  facet normal 0 1 0
    outer loop
      vertex -0.253999 23.95 16.7627
      vertex -13 23.95 3.5
      vertex -0.334847 23.95 16.7916
    endloop
  endfacet
  facet normal 0 1 0
    outer loop
      vertex -0.334847 23.95 16.7916
      vertex -13 23.95 3.5
      vertex -0.412472 23.95 16.8283
    endloop
  endfacet
  facet normal 0 1 0
    outer loop
      vertex -6.7 23.95 19.9
      vertex -13 23.95 3.5
      vertex -13 23.95 37.5
    endloop
  endfacet
  facet normal 0 1 0
    outer loop
      vertex -0.618718 23.95 16.9813
      vertex -13 23.95 3.5
      vertex -6.7 23.95 19.9
    endloop
  endfacet
  facet normal -1 0 0
    outer loop
      vertex -13 23.95 3.5
      vertex -13 20.95 13.5
      vertex -13 23.95 37.5
    endloop
  endfacet
  facet normal -1 0 -0
    outer loop
      vertex -13 20.95 13.5
      vertex -13 23.95 3.5
      vertex -13 12.95 3.5
    endloop
  endfacet
  facet normal -1 -0 0
    outer loop
      vertex -13 23.95 37.5
      vertex -13 20.95 13.5
      vertex -13 20.95 37.5
    endloop
  endfacet
  facet normal 0 -1 0
    outer loop
      vertex -0.170704 20.95 47.2582
      vertex 0 20.95 50.5
      vertex -1.27422 20.95 50.4374
    endloop
  endfacet
  facet normal 0 -1 0
    outer loop
      vertex -0.486123 20.95 47.1275
      vertex -1.27422 20.95 50.4374
      vertex -2.53617 20.95 50.2502
    endloop
  endfacet
  facet normal 0 -1 0
    outer loop
      vertex 0 20.95 50.5
      vertex -0.170704 20.95 47.2582
      vertex -0.0857649 20.95 47.2708
    endloop
  endfacet
  facet normal 0 -1 0
    outer loop
      vertex -0.727535 20.95 46.8861
      vertex -2.53617 20.95 50.2502
      vertex -3.7737 20.95 49.9402
    endloop
  endfacet
  facet normal 0 -1 -0
    outer loop
      vertex 0 20.95 50.5
      vertex -0.0857649 20.95 47.2708
      vertex 0 20.95 47.275
    endloop
  endfacet
  facet normal 0 -1 0
    outer loop
      vertex -0.858187 20.95 46.5707
      vertex -3.7737 20.95 49.9402
      vertex -4.97488 20.95 49.5104
    endloop
  endfacet
  facet normal 0 -1 0
    outer loop
      vertex 0.170704 20.95 47.2582
      vertex 0 20.95 50.5
      vertex 0.0857649 20.95 47.2708
    endloop
  endfacet
  facet normal 0 -1 0
    outer loop
      vertex -0.875 20.95 46.4
      vertex -4.97488 20.95 49.5104
      vertex -6.12816 20.95 48.965
    endloop
  endfacet
  facet normal 0 -1 0
    outer loop
      vertex 0 20.95 50.5
      vertex 0.170704 20.95 47.2582
      vertex 1.27422 20.95 50.4374
    endloop
  endfacet
  facet normal 0 -1 0
    outer loop
      vertex -6.7 20.95 44.1
      vertex -6.12816 20.95 48.965
      vertex -7.22241 20.95 48.3091
    endloop
  endfacet
  facet normal 0 -1 0
    outer loop
      vertex 0.253999 20.95 47.2373
      vertex 1.27422 20.95 50.4374
      vertex 0.170704 20.95 47.2582
    endloop
  endfacet
  facet normal 0 -1 0
    outer loop
      vertex -6.7 20.95 44.1
      vertex -7.22241 20.95 48.3091
      vertex -8.24711 20.95 47.5491
    endloop
  endfacet
  facet normal 0 -1 0
    outer loop
      vertex 0.412472 20.95 47.1717
      vertex 1.27422 20.95 50.4374
      vertex 0.334847 20.95 47.2084
    endloop
  endfacet
  facet normal 0 -1 0
    outer loop
      vertex 0.486123 20.95 47.1275
      vertex 1.27422 20.95 50.4374
      vertex 0.412472 20.95 47.1717
    endloop
  endfacet
  facet normal 0 -1 0
    outer loop
      vertex 0.334847 20.95 47.2084
      vertex 1.27422 20.95 50.4374
      vertex 0.253999 20.95 47.2373
    endloop
  endfacet
  facet normal 0 -1 0
    outer loop
      vertex 0.0857649 20.95 47.2708
      vertex 0 20.95 50.5
      vertex 0 20.95 47.275
    endloop
  endfacet
  facet normal 0 -1 0
    outer loop
      vertex -1.27422 20.95 50.4374
      vertex -0.253999 20.95 47.2373
      vertex -0.170704 20.95 47.2582
    endloop
  endfacet
  facet normal 0 -1 0
    outer loop
      vertex -1.27422 20.95 50.4374
      vertex -0.334847 20.95 47.2084
      vertex -0.253999 20.95 47.2373
    endloop
  endfacet
  facet normal 0 -1 0
    outer loop
      vertex -1.27422 20.95 50.4374
      vertex -0.412472 20.95 47.1717
      vertex -0.334847 20.95 47.2084
    endloop
  endfacet
  facet normal 0 -1 0
    outer loop
      vertex -1.27422 20.95 50.4374
      vertex -0.486123 20.95 47.1275
      vertex -0.412472 20.95 47.1717
    endloop
  endfacet
  facet normal 0 -1 0
    outer loop
      vertex -2.53617 20.95 50.2502
      vertex -0.555094 20.95 47.0764
      vertex -0.486123 20.95 47.1275
    endloop
  endfacet
  facet normal 0 -1 0
    outer loop
      vertex -2.53617 20.95 50.2502
      vertex -0.618718 20.95 47.0187
      vertex -0.555094 20.95 47.0764
    endloop
  endfacet
  facet normal 0 -1 0
    outer loop
      vertex -2.53617 20.95 50.2502
      vertex -0.676384 20.95 46.9551
      vertex -0.618718 20.95 47.0187
    endloop
  endfacet
  facet normal 0 -1 0
    outer loop
      vertex -2.53617 20.95 50.2502
      vertex -0.727535 20.95 46.8861
      vertex -0.676384 20.95 46.9551
    endloop
  endfacet
  facet normal 0 -1 0
    outer loop
      vertex -3.7737 20.95 49.9402
      vertex -0.771681 20.95 46.8125
      vertex -0.727535 20.95 46.8861
    endloop
  endfacet
  facet normal 0 -1 0
    outer loop
      vertex -3.7737 20.95 49.9402
      vertex -0.808394 20.95 46.7348
      vertex -0.771681 20.95 46.8125
    endloop
  endfacet
  facet normal 0 -1 0
    outer loop
      vertex -6.7 20.95 44.1
      vertex -8.24711 20.95 47.5491
      vertex -9.19239 20.95 46.6924
    endloop
  endfacet
  facet normal 0 -1 0
    outer loop
      vertex -3.7737 20.95 49.9402
      vertex -0.837322 20.95 46.654
      vertex -0.808394 20.95 46.7348
    endloop
  endfacet
  facet normal 0 -1 -0
    outer loop
      vertex -6.12816 20.95 48.965
      vertex -6.7 20.95 44.1
      vertex -0.875 20.95 46.4
    endloop
  endfacet
  facet normal 0 -1 0
    outer loop
      vertex -3.7737 20.95 49.9402
      vertex -0.858187 20.95 46.5707
      vertex -0.837322 20.95 46.654
    endloop
  endfacet
  facet normal 0 -1 0
    outer loop
      vertex -4.97488 20.95 49.5104
      vertex -0.870786 20.95 46.4858
      vertex -0.858187 20.95 46.5707
    endloop
  endfacet
  facet normal 0 -1 0
    outer loop
      vertex -6.7 20.95 44.1
      vertex -9.19239 20.95 46.6924
      vertex -10.0491 20.95 45.7471
    endloop
  endfacet
  facet normal 0 -1 0
    outer loop
      vertex -4.97488 20.95 49.5104
      vertex -0.875 20.95 46.4
      vertex -0.870786 20.95 46.4858
    endloop
  endfacet
  facet normal 0 -1 -0
    outer loop
      vertex -0.875 20.95 46.4
      vertex -6.7 20.95 44.1
      vertex -0.875 20.95 45.4
    endloop
  endfacet
  facet normal 0 -1 -0
    outer loop
      vertex -0.875 20.95 45.4
      vertex -6.7 20.95 44.1
      vertex -0.870786 20.95 45.3142
    endloop
  endfacet
  facet normal 0 -1 -0
    outer loop
      vertex -0.870786 20.95 45.3142
      vertex -6.7 20.95 44.1
      vertex -0.858187 20.95 45.2293
    endloop
  endfacet
  facet normal 0 -1 -0
    outer loop
      vertex -0.858187 20.95 45.2293
      vertex -6.7 20.95 44.1
      vertex -0.837322 20.95 45.146
    endloop
  endfacet
  facet normal 0 -1 -0
    outer loop
      vertex -0.837322 20.95 45.146
      vertex -6.7 20.95 44.1
      vertex -0.808394 20.95 45.0652
    endloop
  endfacet
  facet normal 0 -1 -0
    outer loop
      vertex -0.808394 20.95 45.0652
      vertex -6.7 20.95 44.1
      vertex -0.771681 20.95 44.9875
    endloop
  endfacet
  facet normal 0 -1 -0
    outer loop
      vertex -0.771681 20.95 44.9875
      vertex -6.7 20.95 44.1
      vertex -0.727535 20.95 44.9139
    endloop
  endfacet
  facet normal 0 -1 -0
    outer loop
      vertex -0.727535 20.95 44.9139
      vertex -6.7 20.95 44.1
      vertex -0.676384 20.95 44.8449
    endloop
  endfacet
  facet normal 0 -1 -0
    outer loop
      vertex -0.676384 20.95 44.8449
      vertex -6.7 20.95 44.1
      vertex -0.618718 20.95 44.7813
    endloop
  endfacet
  facet normal 0 -1 0
    outer loop
      vertex -6.7 20.95 44.1
      vertex -10.0491 20.95 45.7471
      vertex -10.8091 20.95 44.7224
    endloop
  endfacet
  facet normal 0 -1 -0
    outer loop
      vertex -0.618718 20.95 44.7813
      vertex -6.7 20.95 44.1
      vertex -0.555094 20.95 44.7236
    endloop
  endfacet
  facet normal 0 -1 -0
    outer loop
      vertex -0.555094 20.95 44.7236
      vertex -6.7 20.95 44.1
      vertex -0.486123 20.95 44.6725
    endloop
  endfacet
  facet normal 0 -1 -0
    outer loop
      vertex -0.486123 20.95 44.6725
      vertex -6.7 20.95 44.1
      vertex -0.412472 20.95 44.6283
    endloop
  endfacet
  facet normal 0 -1 -0
    outer loop
      vertex -0.412472 20.95 44.6283
      vertex -6.7 20.95 44.1
      vertex -0.334847 20.95 44.5916
    endloop
  endfacet
  facet normal 0 -1 -0
    outer loop
      vertex -0.334847 20.95 44.5916
      vertex -6.7 20.95 44.1
      vertex -0.253999 20.95 44.5627
    endloop
  endfacet
  facet normal 0 -1 -0
    outer loop
      vertex -0.253999 20.95 44.5627
      vertex -6.7 20.95 44.1
      vertex -0.170704 20.95 44.5418
    endloop
  endfacet
  facet normal 0 -1 -0
    outer loop
      vertex -0.170704 20.95 44.5418
      vertex -6.7 20.95 44.1
      vertex -0.0857649 20.95 44.5292
    endloop
  endfacet
  facet normal 0 -1 -0
    outer loop
      vertex -0.0857649 20.95 44.5292
      vertex -6.7 20.95 44.1
      vertex 0 20.95 44.525
    endloop
  endfacet
  facet normal 0 -1 0
    outer loop
      vertex -11.465 20.95 43.6282
      vertex -6.7 20.95 44.1
      vertex -10.8091 20.95 44.7224
    endloop
  endfacet
  facet normal 0 -1 0
    outer loop
      vertex -12.0104 20.95 42.4749
      vertex -6.7 20.95 44.1
      vertex -11.465 20.95 43.6282
    endloop
  endfacet
  facet normal 0 -1 0
    outer loop
      vertex -12.4402 20.95 41.2737
      vertex -6.7 20.95 44.1
      vertex -12.0104 20.95 42.4749
    endloop
  endfacet
  facet normal 0 -1 0
    outer loop
      vertex -12.7502 20.95 40.0362
      vertex -6.7 20.95 44.1
      vertex -12.4402 20.95 41.2737
    endloop
  endfacet
  facet normal 0 -1 0
    outer loop
      vertex -12.9374 20.95 38.7742
      vertex -6.7 20.95 44.1
      vertex -12.7502 20.95 40.0362
    endloop
  endfacet
  facet normal 0 -1 0
    outer loop
      vertex -13 20.95 37.5
      vertex -6.7 20.95 44.1
      vertex -12.9374 20.95 38.7742
    endloop
  endfacet
  facet normal 0 -1 0
    outer loop
      vertex -13 20.95 37.5
      vertex -6.7 20.95 19.9
      vertex -6.7 20.95 44.1
    endloop
  endfacet
  facet normal 0 -1 0
    outer loop
      vertex -6.7 20.95 19.9
      vertex 0 20.95 19.475
      vertex 6.7 20.95 19.9
    endloop
  endfacet
  facet normal 0 -1 0
    outer loop
      vertex -6.7 20.95 19.9
      vertex -0.0857649 20.95 19.4708
      vertex 0 20.95 19.475
    endloop
  endfacet
  facet normal 0 -1 0
    outer loop
      vertex -6.7 20.95 19.9
      vertex -0.170704 20.95 19.4582
      vertex -0.0857649 20.95 19.4708
    endloop
  endfacet
  facet normal 0 -1 0
    outer loop
      vertex -6.7 20.95 19.9
      vertex -0.253999 20.95 19.4373
      vertex -0.170704 20.95 19.4582
    endloop
  endfacet
  facet normal 0 -1 0
    outer loop
      vertex -6.7 20.95 19.9
      vertex -0.334847 20.95 19.4084
      vertex -0.253999 20.95 19.4373
    endloop
  endfacet
  facet normal 0 -1 0
    outer loop
      vertex -6.7 20.95 19.9
      vertex -0.412472 20.95 19.3717
      vertex -0.334847 20.95 19.4084
    endloop
  endfacet
  facet normal 0 -1 0
    outer loop
      vertex -6.7 20.95 19.9
      vertex -0.486123 20.95 19.3275
      vertex -0.412472 20.95 19.3717
    endloop
  endfacet
  facet normal 0 -1 0
    outer loop
      vertex -6.7 20.95 19.9
      vertex -0.555094 20.95 19.2764
      vertex -0.486123 20.95 19.3275
    endloop
  endfacet
  facet normal 0 -1 0
    outer loop
      vertex -6.7 20.95 19.9
      vertex -0.618718 20.95 19.2187
      vertex -0.555094 20.95 19.2764
    endloop
  endfacet
  facet normal 0 -1 0
    outer loop
      vertex -6.7 20.95 19.9
      vertex -0.676384 20.95 19.1551
      vertex -0.618718 20.95 19.2187
    endloop
  endfacet
  facet normal 0 -1 0
    outer loop
      vertex -6.7 20.95 19.9
      vertex -0.727535 20.95 19.0861
      vertex -0.676384 20.95 19.1551
    endloop
  endfacet
  facet normal 0 -1 0
    outer loop
      vertex -6.7 20.95 19.9
      vertex -0.771681 20.95 19.0125
      vertex -0.727535 20.95 19.0861
    endloop
  endfacet
  facet normal 0 -1 0
    outer loop
      vertex -6.7 20.95 19.9
      vertex -0.808394 20.95 18.9348
      vertex -0.771681 20.95 19.0125
    endloop
  endfacet
  facet normal 0 -1 0
    outer loop
      vertex -6.7 20.95 19.9
      vertex -0.837322 20.95 18.854
      vertex -0.808394 20.95 18.9348
    endloop
  endfacet
  facet normal 0 -1 0
    outer loop
      vertex -6.7 20.95 19.9
      vertex -0.858187 20.95 18.7707
      vertex -0.837322 20.95 18.854
    endloop
  endfacet
  facet normal 0 -1 0
    outer loop
      vertex -6.7 20.95 19.9
      vertex -0.870786 20.95 18.6858
      vertex -0.858187 20.95 18.7707
    endloop
  endfacet
  facet normal 0 -1 0
    outer loop
      vertex -6.7 20.95 19.9
      vertex -0.875 20.95 18.6
      vertex -0.870786 20.95 18.6858
    endloop
  endfacet
  facet normal 0 -1 0
    outer loop
      vertex -6.7 20.95 19.9
      vertex -0.875 20.95 17.6
      vertex -0.875 20.95 18.6
    endloop
  endfacet
  facet normal 0 -1 0
    outer loop
      vertex -6.7 20.95 19.9
      vertex -0.870786 20.95 17.5142
      vertex -0.875 20.95 17.6
    endloop
  endfacet
  facet normal 0 -1 0
    outer loop
      vertex -6.7 20.95 19.9
      vertex -0.858187 20.95 17.4293
      vertex -0.870786 20.95 17.5142
    endloop
  endfacet
  facet normal 0 -1 0
    outer loop
      vertex -6.7 20.95 19.9
      vertex -0.837322 20.95 17.346
      vertex -0.858187 20.95 17.4293
    endloop
  endfacet
  facet normal 0 -1 0
    outer loop
      vertex -6.7 20.95 19.9
      vertex -0.808394 20.95 17.2652
      vertex -0.837322 20.95 17.346
    endloop
  endfacet
  facet normal 0 -1 0
    outer loop
      vertex -6.7 20.95 19.9
      vertex -0.771681 20.95 17.1875
      vertex -0.808394 20.95 17.2652
    endloop
  endfacet
  facet normal 0 -1 0
    outer loop
      vertex -6.7 20.95 19.9
      vertex -0.727535 20.95 17.1139
      vertex -0.771681 20.95 17.1875
    endloop
  endfacet
  facet normal 0 -1 0
    outer loop
      vertex -13 20.95 13.5
      vertex -0.727535 20.95 17.1139
      vertex -6.7 20.95 19.9
    endloop
  endfacet
  facet normal 0 -1 -0
    outer loop
      vertex -0.727535 20.95 17.1139
      vertex -13 20.95 13.5
      vertex -0.676384 20.95 17.0449
    endloop
  endfacet
  facet normal 0 -1 -0
    outer loop
      vertex -0.676384 20.95 17.0449
      vertex -13 20.95 13.5
      vertex -0.618718 20.95 16.9813
    endloop
  endfacet
  facet normal 0 -1 -0
    outer loop
      vertex -0.618718 20.95 16.9813
      vertex -13 20.95 13.5
      vertex -0.555094 20.95 16.9236
    endloop
  endfacet
  facet normal 0 -1 -0
    outer loop
      vertex -0.555094 20.95 16.9236
      vertex -13 20.95 13.5
      vertex -0.486123 20.95 16.8725
    endloop
  endfacet
  facet normal 0 -1 -0
    outer loop
      vertex -0.0857649 20.95 16.7292
      vertex -13 20.95 13.5
      vertex 0 20.95 16.725
    endloop
  endfacet
  facet normal 0 -1 -0
    outer loop
      vertex -0.170704 20.95 16.7418
      vertex -13 20.95 13.5
      vertex -0.0857649 20.95 16.7292
    endloop
  endfacet
  facet normal 0 -1 -0
    outer loop
      vertex -0.253999 20.95 16.7627
      vertex -13 20.95 13.5
      vertex -0.170704 20.95 16.7418
    endloop
  endfacet
  facet normal 0 -1 -0
    outer loop
      vertex -0.334847 20.95 16.7916
      vertex -13 20.95 13.5
      vertex -0.253999 20.95 16.7627
    endloop
  endfacet
  facet normal 0 -1 -0
    outer loop
      vertex -0.412472 20.95 16.8283
      vertex -13 20.95 13.5
      vertex -0.334847 20.95 16.7916
    endloop
  endfacet
  facet normal 0 -1 -0
    outer loop
      vertex -0.486123 20.95 16.8725
      vertex -13 20.95 13.5
      vertex -0.412472 20.95 16.8283
    endloop
  endfacet
  facet normal 0 -1 0
    outer loop
      vertex -13 20.95 13.5
      vertex -6.7 20.95 19.9
      vertex -13 20.95 37.5
    endloop
  endfacet
  facet normal 0 -1 -0
    outer loop
      vertex 1.27422 20.95 50.4374
      vertex 0.486123 20.95 47.1275
      vertex 2.53617 20.95 50.2502
    endloop
  endfacet
  facet normal 0 -1 0
    outer loop
      vertex 0.555094 20.95 47.0764
      vertex 2.53617 20.95 50.2502
      vertex 0.486123 20.95 47.1275
    endloop
  endfacet
  facet normal 0 -1 0
    outer loop
      vertex 0.618718 20.95 47.0187
      vertex 2.53617 20.95 50.2502
      vertex 0.555094 20.95 47.0764
    endloop
  endfacet
  facet normal 0 -1 0
    outer loop
      vertex 0.676384 20.95 46.9551
      vertex 2.53617 20.95 50.2502
      vertex 0.618718 20.95 47.0187
    endloop
  endfacet
  facet normal 0 -1 0
    outer loop
      vertex 0.727535 20.95 46.8861
      vertex 2.53617 20.95 50.2502
      vertex 0.676384 20.95 46.9551
    endloop
  endfacet
  facet normal 0 -1 -0
    outer loop
      vertex 2.53617 20.95 50.2502
      vertex 0.727535 20.95 46.8861
      vertex 3.7737 20.95 49.9402
    endloop
  endfacet
  facet normal 0 -1 0
    outer loop
      vertex 0.771681 20.95 46.8125
      vertex 3.7737 20.95 49.9402
      vertex 0.727535 20.95 46.8861
    endloop
  endfacet
  facet normal 0 -1 0
    outer loop
      vertex 0.808394 20.95 46.7348
      vertex 3.7737 20.95 49.9402
      vertex 0.771681 20.95 46.8125
    endloop
  endfacet
  facet normal 0 -1 0
    outer loop
      vertex 0.837322 20.95 46.654
      vertex 3.7737 20.95 49.9402
      vertex 0.808394 20.95 46.7348
    endloop
  endfacet
  facet normal 0 -1 0
    outer loop
      vertex 0.858187 20.95 46.5707
      vertex 3.7737 20.95 49.9402
      vertex 0.837322 20.95 46.654
    endloop
  endfacet
  facet normal 0 -1 -0
    outer loop
      vertex 3.7737 20.95 49.9402
      vertex 0.858187 20.95 46.5707
      vertex 4.97488 20.95 49.5104
    endloop
  endfacet
  facet normal 0 -1 0
    outer loop
      vertex 0.870786 20.95 46.4858
      vertex 4.97488 20.95 49.5104
      vertex 0.858187 20.95 46.5707
    endloop
  endfacet
  facet normal 0 -1 0
    outer loop
      vertex 0.875 20.95 46.4
      vertex 4.97488 20.95 49.5104
      vertex 0.870786 20.95 46.4858
    endloop
  endfacet
  facet normal 0 -1 -0
    outer loop
      vertex 4.97488 20.95 49.5104
      vertex 0.875 20.95 46.4
      vertex 6.12816 20.95 48.965
    endloop
  endfacet
  facet normal 0 -1 -0
    outer loop
      vertex 7.22241 20.95 48.3091
      vertex 6.7 20.95 44.1
      vertex 8.24711 20.95 47.5491
    endloop
  endfacet
  facet normal 0 -1 0
    outer loop
      vertex 6.7 20.95 44.1
      vertex 6.12816 20.95 48.965
      vertex 0.875 20.95 46.4
    endloop
  endfacet
  facet normal 0 -1 0
    outer loop
      vertex 6.12816 20.95 48.965
      vertex 6.7 20.95 44.1
      vertex 7.22241 20.95 48.3091
    endloop
  endfacet
  facet normal 0 -1 -0
    outer loop
      vertex 8.24711 20.95 47.5491
      vertex 6.7 20.95 44.1
      vertex 9.19239 20.95 46.6924
    endloop
  endfacet
  facet normal 0 -1 0
    outer loop
      vertex 6.7 20.95 44.1
      vertex 0.875 20.95 46.4
      vertex 0.875 20.95 45.4
    endloop
  endfacet
  facet normal 0 -1 0
    outer loop
      vertex 6.7 20.95 44.1
      vertex 0.875 20.95 45.4
      vertex 0.870786 20.95 45.3142
    endloop
  endfacet
  facet normal 0 -1 0
    outer loop
      vertex 6.7 20.95 44.1
      vertex 0.870786 20.95 45.3142
      vertex 0.858187 20.95 45.2293
    endloop
  endfacet
  facet normal 0 -1 0
    outer loop
      vertex 6.7 20.95 44.1
      vertex 0.858187 20.95 45.2293
      vertex 0.837322 20.95 45.146
    endloop
  endfacet
  facet normal 0 -1 0
    outer loop
      vertex 6.7 20.95 44.1
      vertex 0.837322 20.95 45.146
      vertex 0.808394 20.95 45.0652
    endloop
  endfacet
  facet normal 0 -1 0
    outer loop
      vertex 6.7 20.95 44.1
      vertex 0.808394 20.95 45.0652
      vertex 0.771681 20.95 44.9875
    endloop
  endfacet
  facet normal 0 -1 0
    outer loop
      vertex 6.7 20.95 44.1
      vertex 0.771681 20.95 44.9875
      vertex 0.727535 20.95 44.9139
    endloop
  endfacet
  facet normal 0 -1 0
    outer loop
      vertex 6.7 20.95 44.1
      vertex 0.727535 20.95 44.9139
      vertex 0.676384 20.95 44.8449
    endloop
  endfacet
  facet normal 0 -1 0
    outer loop
      vertex 6.7 20.95 44.1
      vertex 0.676384 20.95 44.8449
      vertex 0.618718 20.95 44.7813
    endloop
  endfacet
  facet normal 0 -1 0
    outer loop
      vertex 6.7 20.95 44.1
      vertex 0.618718 20.95 44.7813
      vertex 0.555094 20.95 44.7236
    endloop
  endfacet
  facet normal 0 -1 -0
    outer loop
      vertex 9.19239 20.95 46.6924
      vertex 6.7 20.95 44.1
      vertex 10.0491 20.95 45.7471
    endloop
  endfacet
  facet normal 0 -1 0
    outer loop
      vertex 6.7 20.95 44.1
      vertex 0.555094 20.95 44.7236
      vertex 0.486123 20.95 44.6725
    endloop
  endfacet
  facet normal 0 -1 0
    outer loop
      vertex 6.7 20.95 44.1
      vertex 0.486123 20.95 44.6725
      vertex 0.412472 20.95 44.6283
    endloop
  endfacet
  facet normal 0 -1 0
    outer loop
      vertex 6.7 20.95 44.1
      vertex 0.412472 20.95 44.6283
      vertex 0.334847 20.95 44.5916
    endloop
  endfacet
  facet normal 0 -1 0
    outer loop
      vertex 6.7 20.95 44.1
      vertex 0.334847 20.95 44.5916
      vertex 0.253999 20.95 44.5627
    endloop
  endfacet
  facet normal 0 -1 0
    outer loop
      vertex 6.7 20.95 44.1
      vertex 0.253999 20.95 44.5627
      vertex 0.170704 20.95 44.5418
    endloop
  endfacet
  facet normal 0 -1 0
    outer loop
      vertex 6.7 20.95 44.1
      vertex 0.170704 20.95 44.5418
      vertex 0.0857649 20.95 44.5292
    endloop
  endfacet
  facet normal 0 -1 0
    outer loop
      vertex 6.7 20.95 44.1
      vertex 0.0857649 20.95 44.5292
      vertex 0 20.95 44.525
    endloop
  endfacet
  facet normal 0 -1 0
    outer loop
      vertex 6.7 20.95 44.1
      vertex 0 20.95 44.525
      vertex -6.7 20.95 44.1
    endloop
  endfacet
  facet normal 0 -1 -0
    outer loop
      vertex 10.0491 20.95 45.7471
      vertex 6.7 20.95 44.1
      vertex 10.8091 20.95 44.7224
    endloop
  endfacet
  facet normal 0 -1 0
    outer loop
      vertex 6.7 20.95 44.1
      vertex 11.465 20.95 43.6282
      vertex 10.8091 20.95 44.7224
    endloop
  endfacet
  facet normal 0 -1 0
    outer loop
      vertex 6.7 20.95 44.1
      vertex 12.0104 20.95 42.4749
      vertex 11.465 20.95 43.6282
    endloop
  endfacet
  facet normal 0 -1 0
    outer loop
      vertex 6.7 20.95 44.1
      vertex 12.4402 20.95 41.2737
      vertex 12.0104 20.95 42.4749
    endloop
  endfacet
  facet normal 0 -1 0
    outer loop
      vertex 6.7 20.95 44.1
      vertex 12.7502 20.95 40.0362
      vertex 12.4402 20.95 41.2737
    endloop
  endfacet
  facet normal 0 -1 0
    outer loop
      vertex 6.7 20.95 44.1
      vertex 12.9374 20.95 38.7742
      vertex 12.7502 20.95 40.0362
    endloop
  endfacet
  facet normal 0 -1 0
    outer loop
      vertex 6.7 20.95 44.1
      vertex 13 20.95 37.5
      vertex 12.9374 20.95 38.7742
    endloop
  endfacet
  facet normal 0 -1 0
    outer loop
      vertex 6.7 20.95 19.9
      vertex 13 20.95 37.5
      vertex 6.7 20.95 44.1
    endloop
  endfacet
  facet normal 0 -1 0
    outer loop
      vertex 0.0857649 20.95 19.4708
      vertex 6.7 20.95 19.9
      vertex 0 20.95 19.475
    endloop
  endfacet
  facet normal 0 -1 0
    outer loop
      vertex 0.170704 20.95 19.4582
      vertex 6.7 20.95 19.9
      vertex 0.0857649 20.95 19.4708
    endloop
  endfacet
  facet normal 0 -1 0
    outer loop
      vertex 0.253999 20.95 19.4373
      vertex 6.7 20.95 19.9
      vertex 0.170704 20.95 19.4582
    endloop
  endfacet
  facet normal 0 -1 0
    outer loop
      vertex 0.334847 20.95 19.4084
      vertex 6.7 20.95 19.9
      vertex 0.253999 20.95 19.4373
    endloop
  endfacet
  facet normal 0 -1 0
    outer loop
      vertex 0.412472 20.95 19.3717
      vertex 6.7 20.95 19.9
      vertex 0.334847 20.95 19.4084
    endloop
  endfacet
  facet normal 0 -1 0
    outer loop
      vertex 0.486123 20.95 19.3275
      vertex 6.7 20.95 19.9
      vertex 0.412472 20.95 19.3717
    endloop
  endfacet
  facet normal 0 -1 0
    outer loop
      vertex 0.555094 20.95 19.2764
      vertex 6.7 20.95 19.9
      vertex 0.486123 20.95 19.3275
    endloop
  endfacet
  facet normal 0 -1 0
    outer loop
      vertex 0.618718 20.95 19.2187
      vertex 6.7 20.95 19.9
      vertex 0.555094 20.95 19.2764
    endloop
  endfacet
  facet normal 0 -1 0
    outer loop
      vertex 0.676384 20.95 19.1551
      vertex 6.7 20.95 19.9
      vertex 0.618718 20.95 19.2187
    endloop
  endfacet
  facet normal 0 -1 0
    outer loop
      vertex 0.727535 20.95 19.0861
      vertex 6.7 20.95 19.9
      vertex 0.676384 20.95 19.1551
    endloop
  endfacet
  facet normal 0 -1 0
    outer loop
      vertex 0.771681 20.95 19.0125
      vertex 6.7 20.95 19.9
      vertex 0.727535 20.95 19.0861
    endloop
  endfacet
  facet normal 0 -1 0
    outer loop
      vertex 0.808394 20.95 18.9348
      vertex 6.7 20.95 19.9
      vertex 0.771681 20.95 19.0125
    endloop
  endfacet
  facet normal 0 -1 0
    outer loop
      vertex 0.837322 20.95 18.854
      vertex 6.7 20.95 19.9
      vertex 0.808394 20.95 18.9348
    endloop
  endfacet
  facet normal 0 -1 0
    outer loop
      vertex 0.858187 20.95 18.7707
      vertex 6.7 20.95 19.9
      vertex 0.837322 20.95 18.854
    endloop
  endfacet
  facet normal 0 -1 0
    outer loop
      vertex 0.870786 20.95 18.6858
      vertex 6.7 20.95 19.9
      vertex 0.858187 20.95 18.7707
    endloop
  endfacet
  facet normal 0 -1 0
    outer loop
      vertex 0.875 20.95 18.6
      vertex 6.7 20.95 19.9
      vertex 0.870786 20.95 18.6858
    endloop
  endfacet
  facet normal 0 -1 0
    outer loop
      vertex 0.875 20.95 17.6
      vertex 6.7 20.95 19.9
      vertex 0.875 20.95 18.6
    endloop
  endfacet
  facet normal 0 -1 0
    outer loop
      vertex 0.870786 20.95 17.5142
      vertex 6.7 20.95 19.9
      vertex 0.875 20.95 17.6
    endloop
  endfacet
  facet normal 0 -1 0
    outer loop
      vertex 0.858187 20.95 17.4293
      vertex 6.7 20.95 19.9
      vertex 0.870786 20.95 17.5142
    endloop
  endfacet
  facet normal 0 -1 0
    outer loop
      vertex 0.837322 20.95 17.346
      vertex 6.7 20.95 19.9
      vertex 0.858187 20.95 17.4293
    endloop
  endfacet
  facet normal 0 -1 0
    outer loop
      vertex 0.808394 20.95 17.2652
      vertex 6.7 20.95 19.9
      vertex 0.837322 20.95 17.346
    endloop
  endfacet
  facet normal 0 -1 0
    outer loop
      vertex 0.771681 20.95 17.1875
      vertex 6.7 20.95 19.9
      vertex 0.808394 20.95 17.2652
    endloop
  endfacet
  facet normal 0 -1 0
    outer loop
      vertex 0.727535 20.95 17.1139
      vertex 6.7 20.95 19.9
      vertex 0.771681 20.95 17.1875
    endloop
  endfacet
  facet normal 0 -1 0
    outer loop
      vertex 13 20.95 13.5
      vertex 0.727535 20.95 17.1139
      vertex 0.676384 20.95 17.0449
    endloop
  endfacet
  facet normal 0 -1 0
    outer loop
      vertex 13 20.95 13.5
      vertex 0.676384 20.95 17.0449
      vertex 0.618718 20.95 16.9813
    endloop
  endfacet
  facet normal 0 -1 0
    outer loop
      vertex 13 20.95 13.5
      vertex 0.618718 20.95 16.9813
      vertex 0.555094 20.95 16.9236
    endloop
  endfacet
  facet normal 0 -1 0
    outer loop
      vertex 13 20.95 13.5
      vertex 0.555094 20.95 16.9236
      vertex 0.486123 20.95 16.8725
    endloop
  endfacet
  facet normal 0 -1 0
    outer loop
      vertex 13 20.95 13.5
      vertex 0.486123 20.95 16.8725
      vertex 0.412472 20.95 16.8283
    endloop
  endfacet
  facet normal 0 -1 0
    outer loop
      vertex 13 20.95 13.5
      vertex 0 20.95 16.725
      vertex -13 20.95 13.5
    endloop
  endfacet
  facet normal 0 -1 0
    outer loop
      vertex 0 20.95 16.725
      vertex 13 20.95 13.5
      vertex 0.0857649 20.95 16.7292
    endloop
  endfacet
  facet normal 0 -1 0
    outer loop
      vertex 6.7 20.95 19.9
      vertex 13 20.95 13.5
      vertex 13 20.95 37.5
    endloop
  endfacet
  facet normal 0 -1 0
    outer loop
      vertex 0.727535 20.95 17.1139
      vertex 13 20.95 13.5
      vertex 6.7 20.95 19.9
    endloop
  endfacet
  facet normal 0 -1 0
    outer loop
      vertex 0.334847 20.95 16.7916
      vertex 13 20.95 13.5
      vertex 0.412472 20.95 16.8283
    endloop
  endfacet
  facet normal 0 -1 0
    outer loop
      vertex 0.253999 20.95 16.7627
      vertex 13 20.95 13.5
      vertex 0.334847 20.95 16.7916
    endloop
  endfacet
  facet normal 0 -1 0
    outer loop
      vertex 0.170704 20.95 16.7418
      vertex 13 20.95 13.5
      vertex 0.253999 20.95 16.7627
    endloop
  endfacet
  facet normal 0 -1 0
    outer loop
      vertex 0.0857649 20.95 16.7292
      vertex 13 20.95 13.5
      vertex 0.170704 20.95 16.7418
    endloop
  endfacet
  facet normal 0.803196 -0 0.595715
    outer loop
      vertex 10.0491 20.95 45.7471
      vertex 10.8091 23.95 44.7224
      vertex 10.0491 23.95 45.7471
    endloop
  endfacet
  facet normal 0.803196 0 0.595715
    outer loop
      vertex 10.8091 23.95 44.7224
      vertex 10.0491 20.95 45.7471
      vertex 10.8091 20.95 44.7224
    endloop
  endfacet
  facet normal 1 0 0
    outer loop
      vertex 13 20.95 13.5
      vertex 13 23.95 37.5
      vertex 13 20.95 37.5
    endloop
  endfacet
  facet normal 1 0 0
    outer loop
      vertex 13 23.95 37.5
      vertex 13 20.95 13.5
      vertex 13 23.95 3.5
    endloop
  endfacet
  facet normal 1 0 0
    outer loop
      vertex 13 23.95 3.5
      vertex 13 20.95 13.5
      vertex 13 12.95 3.5
    endloop
  endfacet
  facet normal -0.427516 0 0.904008
    outer loop
      vertex -6.12816 23.95 48.965
      vertex -4.97488 20.95 49.5104
      vertex -4.97488 23.95 49.5104
    endloop
  endfacet
  facet normal -0.427516 0 0.904008
    outer loop
      vertex -4.97488 20.95 49.5104
      vertex -6.12816 23.95 48.965
      vertex -6.12816 20.95 48.965
    endloop
  endfacet
  facet normal 0.998795 -0 0.0490697
    outer loop
      vertex 12.9374 20.95 38.7742
      vertex 13 23.95 37.5
      vertex 12.9374 23.95 38.7742
    endloop
  endfacet
  facet normal 0.998795 0 0.0490697
    outer loop
      vertex 13 23.95 37.5
      vertex 12.9374 20.95 38.7742
      vertex 13 20.95 37.5
    endloop
  endfacet
  facet normal 0.970027 -0 0.242997
    outer loop
      vertex 12.4402 20.95 41.2737
      vertex 12.7502 23.95 40.0362
      vertex 12.4402 23.95 41.2737
    endloop
  endfacet
  facet normal 0.970027 0 0.242997
    outer loop
      vertex 12.7502 23.95 40.0362
      vertex 12.4402 20.95 41.2737
      vertex 12.7502 20.95 40.0362
    endloop
  endfacet
  facet normal 0.857707 -0 0.514138
    outer loop
      vertex 10.8091 20.95 44.7224
      vertex 11.465 23.95 43.6282
      vertex 10.8091 23.95 44.7224
    endloop
  endfacet
  facet normal 0.857707 0 0.514138
    outer loop
      vertex 11.465 23.95 43.6282
      vertex 10.8091 20.95 44.7224
      vertex 11.465 20.95 43.6282
    endloop
  endfacet
  facet normal 0.941543 -0 0.336892
    outer loop
      vertex 12.0104 20.95 42.4749
      vertex 12.4402 23.95 41.2737
      vertex 12.0104 23.95 42.4749
    endloop
  endfacet
  facet normal 0.941543 0 0.336892
    outer loop
      vertex 12.4402 23.95 41.2737
      vertex 12.0104 20.95 42.4749
      vertex 12.4402 20.95 41.2737
    endloop
  endfacet
  facet normal 0.336897 0 0.941541
    outer loop
      vertex 3.7737 23.95 49.9402
      vertex 4.97488 20.95 49.5104
      vertex 4.97488 23.95 49.5104
    endloop
  endfacet
  facet normal 0.336897 0 0.941541
    outer loop
      vertex 4.97488 20.95 49.5104
      vertex 3.7737 23.95 49.9402
      vertex 3.7737 20.95 49.9402
    endloop
  endfacet
  facet normal 0.904011 -0 0.42751
    outer loop
      vertex 11.465 20.95 43.6282
      vertex 12.0104 23.95 42.4749
      vertex 11.465 23.95 43.6282
    endloop
  endfacet
  facet normal 0.904011 0 0.42751
    outer loop
      vertex 12.0104 23.95 42.4749
      vertex 11.465 20.95 43.6282
      vertex 12.0104 20.95 42.4749
    endloop
  endfacet
  facet normal -0.242991 0 0.970029
    outer loop
      vertex -3.7737 23.95 49.9402
      vertex -2.53617 20.95 50.2502
      vertex -2.53617 23.95 50.2502
    endloop
  endfacet
  facet normal -0.242991 0 0.970029
    outer loop
      vertex -2.53617 20.95 50.2502
      vertex -3.7737 23.95 49.9402
      vertex -3.7737 20.95 49.9402
    endloop
  endfacet
  facet normal -0.514121 0 0.857718
    outer loop
      vertex -7.22241 23.95 48.3091
      vertex -6.12816 20.95 48.965
      vertex -6.12816 23.95 48.965
    endloop
  endfacet
  facet normal -0.514121 0 0.857718
    outer loop
      vertex -6.12816 20.95 48.965
      vertex -7.22241 23.95 48.3091
      vertex -7.22241 20.95 48.3091
    endloop
  endfacet
  facet normal -0.857707 0 0.514138
    outer loop
      vertex -11.465 20.95 43.6282
      vertex -10.8091 23.95 44.7224
      vertex -11.465 23.95 43.6282
    endloop
  endfacet
  facet normal -0.857707 0 0.514138
    outer loop
      vertex -10.8091 23.95 44.7224
      vertex -11.465 20.95 43.6282
      vertex -10.8091 20.95 44.7224
    endloop
  endfacet
  facet normal 0.242991 0 0.970029
    outer loop
      vertex 2.53617 23.95 50.2502
      vertex 3.7737 20.95 49.9402
      vertex 3.7737 23.95 49.9402
    endloop
  endfacet
  facet normal 0.242991 0 0.970029
    outer loop
      vertex 3.7737 20.95 49.9402
      vertex 2.53617 23.95 50.2502
      vertex 2.53617 20.95 50.2502
    endloop
  endfacet
  facet normal -0.146736 0 0.989176
    outer loop
      vertex -2.53617 23.95 50.2502
      vertex -1.27422 20.95 50.4374
      vertex -1.27422 23.95 50.4374
    endloop
  endfacet
  facet normal -0.146736 0 0.989176
    outer loop
      vertex -1.27422 20.95 50.4374
      vertex -2.53617 23.95 50.2502
      vertex -2.53617 20.95 50.2502
    endloop
  endfacet
  facet normal -0.998795 0 0.0490697
    outer loop
      vertex -13 20.95 37.5
      vertex -12.9374 23.95 38.7742
      vertex -13 23.95 37.5
    endloop
  endfacet
  facet normal -0.998795 0 0.0490697
    outer loop
      vertex -12.9374 23.95 38.7742
      vertex -13 20.95 37.5
      vertex -12.9374 20.95 38.7742
    endloop
  endfacet
  facet normal -0.989177 0 0.14673
    outer loop
      vertex -12.9374 20.95 38.7742
      vertex -12.7502 23.95 40.0362
      vertex -12.9374 23.95 38.7742
    endloop
  endfacet
  facet normal -0.989177 0 0.14673
    outer loop
      vertex -12.7502 23.95 40.0362
      vertex -12.9374 20.95 38.7742
      vertex -12.7502 20.95 40.0362
    endloop
  endfacet
  facet normal 0.989177 -0 0.14673
    outer loop
      vertex 12.7502 20.95 40.0362
      vertex 12.9374 23.95 38.7742
      vertex 12.7502 23.95 40.0362
    endloop
  endfacet
  facet normal 0.989177 0 0.14673
    outer loop
      vertex 12.9374 23.95 38.7742
      vertex 12.7502 20.95 40.0362
      vertex 12.9374 20.95 38.7742
    endloop
  endfacet
  facet normal -0.803196 0 0.595715
    outer loop
      vertex -10.8091 20.95 44.7224
      vertex -10.0491 23.95 45.7471
      vertex -10.8091 23.95 44.7224
    endloop
  endfacet
  facet normal -0.803196 0 0.595715
    outer loop
      vertex -10.0491 23.95 45.7471
      vertex -10.8091 20.95 44.7224
      vertex -10.0491 20.95 45.7471
    endloop
  endfacet
  facet normal -0.671537 0 0.740971
    outer loop
      vertex -9.19239 23.95 46.6924
      vertex -8.24711 20.95 47.5491
      vertex -8.24711 23.95 47.5491
    endloop
  endfacet
  facet normal -0.671537 0 0.740971
    outer loop
      vertex -8.24711 20.95 47.5491
      vertex -9.19239 23.95 46.6924
      vertex -9.19239 20.95 46.6924
    endloop
  endfacet
  facet normal -0.970027 0 0.242997
    outer loop
      vertex -12.7502 20.95 40.0362
      vertex -12.4402 23.95 41.2737
      vertex -12.7502 23.95 40.0362
    endloop
  endfacet
  facet normal -0.970027 0 0.242997
    outer loop
      vertex -12.4402 23.95 41.2737
      vertex -12.7502 20.95 40.0362
      vertex -12.4402 20.95 41.2737
    endloop
  endfacet
  facet normal -0.941543 0 0.336892
    outer loop
      vertex -12.4402 20.95 41.2737
      vertex -12.0104 23.95 42.4749
      vertex -12.4402 23.95 41.2737
    endloop
  endfacet
  facet normal -0.941543 0 0.336892
    outer loop
      vertex -12.0104 23.95 42.4749
      vertex -12.4402 20.95 41.2737
      vertex -12.0104 20.95 42.4749
    endloop
  endfacet
  facet normal -0.904011 0 0.42751
    outer loop
      vertex -12.0104 20.95 42.4749
      vertex -11.465 23.95 43.6282
      vertex -12.0104 23.95 42.4749
    endloop
  endfacet
  facet normal -0.904011 0 0.42751
    outer loop
      vertex -11.465 23.95 43.6282
      vertex -12.0104 20.95 42.4749
      vertex -11.465 20.95 43.6282
    endloop
  endfacet
  facet normal 0.0490689 0 0.998795
    outer loop
      vertex 0 23.95 50.5
      vertex 1.27422 20.95 50.4374
      vertex 1.27422 23.95 50.4374
    endloop
  endfacet
  facet normal 0.0490689 0 0.998795
    outer loop
      vertex 1.27422 20.95 50.4374
      vertex 0 23.95 50.5
      vertex 0 20.95 50.5
    endloop
  endfacet
  facet normal 0.146736 0 0.989176
    outer loop
      vertex 1.27422 23.95 50.4374
      vertex 2.53617 20.95 50.2502
      vertex 2.53617 23.95 50.2502
    endloop
  endfacet
  facet normal 0.146736 0 0.989176
    outer loop
      vertex 2.53617 20.95 50.2502
      vertex 1.27422 23.95 50.4374
      vertex 1.27422 20.95 50.4374
    endloop
  endfacet
  facet normal 0.740975 -0 0.671533
    outer loop
      vertex 9.19239 20.95 46.6924
      vertex 10.0491 23.95 45.7471
      vertex 9.19239 23.95 46.6924
    endloop
  endfacet
  facet normal 0.740975 0 0.671533
    outer loop
      vertex 10.0491 23.95 45.7471
      vertex 9.19239 20.95 46.6924
      vertex 10.0491 20.95 45.7471
    endloop
  endfacet
  facet normal 0.595715 0 0.803196
    outer loop
      vertex 7.22241 23.95 48.3091
      vertex 8.24711 20.95 47.5491
      vertex 8.24711 23.95 47.5491
    endloop
  endfacet
  facet normal 0.595715 0 0.803196
    outer loop
      vertex 8.24711 20.95 47.5491
      vertex 7.22241 23.95 48.3091
      vertex 7.22241 20.95 48.3091
    endloop
  endfacet
  facet normal 0.671537 0 0.740971
    outer loop
      vertex 8.24711 23.95 47.5491
      vertex 9.19239 20.95 46.6924
      vertex 9.19239 23.95 46.6924
    endloop
  endfacet
  facet normal 0.671537 0 0.740971
    outer loop
      vertex 9.19239 20.95 46.6924
      vertex 8.24711 23.95 47.5491
      vertex 8.24711 20.95 47.5491
    endloop
  endfacet
  facet normal 0.514121 0 0.857718
    outer loop
      vertex 6.12816 23.95 48.965
      vertex 7.22241 20.95 48.3091
      vertex 7.22241 23.95 48.3091
    endloop
  endfacet
  facet normal 0.514121 0 0.857718
    outer loop
      vertex 7.22241 20.95 48.3091
      vertex 6.12816 23.95 48.965
      vertex 6.12816 20.95 48.965
    endloop
  endfacet
  facet normal -0.336897 0 0.941541
    outer loop
      vertex -4.97488 23.95 49.5104
      vertex -3.7737 20.95 49.9402
      vertex -3.7737 23.95 49.9402
    endloop
  endfacet
  facet normal -0.336897 0 0.941541
    outer loop
      vertex -3.7737 20.95 49.9402
      vertex -4.97488 23.95 49.5104
      vertex -4.97488 20.95 49.5104
    endloop
  endfacet
  facet normal -0.740975 0 0.671533
    outer loop
      vertex -10.0491 20.95 45.7471
      vertex -9.19239 23.95 46.6924
      vertex -10.0491 23.95 45.7471
    endloop
  endfacet
  facet normal -0.740975 0 0.671533
    outer loop
      vertex -9.19239 23.95 46.6924
      vertex -10.0491 20.95 45.7471
      vertex -9.19239 20.95 46.6924
    endloop
  endfacet
  facet normal -0.595715 0 0.803196
    outer loop
      vertex -8.24711 23.95 47.5491
      vertex -7.22241 20.95 48.3091
      vertex -7.22241 23.95 48.3091
    endloop
  endfacet
  facet normal -0.595715 0 0.803196
    outer loop
      vertex -7.22241 20.95 48.3091
      vertex -8.24711 23.95 47.5491
      vertex -8.24711 20.95 47.5491
    endloop
  endfacet
  facet normal -0.0490689 0 0.998795
    outer loop
      vertex -1.27422 23.95 50.4374
      vertex 0 20.95 50.5
      vertex 0 23.95 50.5
    endloop
  endfacet
  facet normal -0.0490689 0 0.998795
    outer loop
      vertex 0 20.95 50.5
      vertex -1.27422 23.95 50.4374
      vertex -1.27422 20.95 50.4374
    endloop
  endfacet
  facet normal 0.427516 0 0.904008
    outer loop
      vertex 4.97488 23.95 49.5104
      vertex 6.12816 20.95 48.965
      vertex 6.12816 23.95 48.965
    endloop
  endfacet
  facet normal 0.427516 0 0.904008
    outer loop
      vertex 6.12816 20.95 48.965
      vertex 4.97488 23.95 49.5104
      vertex 4.97488 20.95 49.5104
    endloop
  endfacet
  facet normal 0 1 0
    outer loop
      vertex 0 -16.15 39.15
      vertex 0 -16.15 50.5
      vertex 1.27422 -16.15 50.4374
    endloop
  endfacet
  facet normal 0 1 0
    outer loop
      vertex 0.161728 -16.15 39.1421
      vertex 1.27422 -16.15 50.4374
      vertex 2.53617 -16.15 50.2502
    endloop
  endfacet
  facet normal 0 1 0
    outer loop
      vertex 0 -16.15 50.5
      vertex 0 -16.15 39.15
      vertex -1.27422 -16.15 50.4374
    endloop
  endfacet
  facet normal 0 1 0
    outer loop
      vertex 0.321898 -16.15 39.1183
      vertex 2.53617 -16.15 50.2502
      vertex 3.7737 -16.15 49.9402
    endloop
  endfacet
  facet normal 0 1 -0
    outer loop
      vertex -0.161728 -16.15 39.1421
      vertex -1.27422 -16.15 50.4374
      vertex 0 -16.15 39.15
    endloop
  endfacet
  facet normal 0 1 0
    outer loop
      vertex 0.47897 -16.15 39.0789
      vertex 3.7737 -16.15 49.9402
      vertex 4.97488 -16.15 49.5104
    endloop
  endfacet
  facet normal 0 1 0
    outer loop
      vertex -1.27422 -16.15 50.4374
      vertex -0.161728 -16.15 39.1421
      vertex -2.53617 -16.15 50.2502
    endloop
  endfacet
  facet normal 0 1 0
    outer loop
      vertex 0.631427 -16.15 39.0244
      vertex 4.97488 -16.15 49.5104
      vertex 6.12816 -16.15 48.965
    endloop
  endfacet
  facet normal 0 1 -0
    outer loop
      vertex -0.321898 -16.15 39.1183
      vertex -2.53617 -16.15 50.2502
      vertex -0.161728 -16.15 39.1421
    endloop
  endfacet
  facet normal 0 1 0
    outer loop
      vertex 0.777804 -16.15 38.9552
      vertex 6.12816 -16.15 48.965
      vertex 7.22241 -16.15 48.3091
    endloop
  endfacet
  facet normal 0 1 0
    outer loop
      vertex -2.53617 -16.15 50.2502
      vertex -0.321898 -16.15 39.1183
      vertex -3.7737 -16.15 49.9402
    endloop
  endfacet
  facet normal 0 1 0
    outer loop
      vertex 0.916691 -16.15 38.8719
      vertex 7.22241 -16.15 48.3091
      vertex 8.24711 -16.15 47.5491
    endloop
  endfacet
  facet normal 0 1 -0
    outer loop
      vertex -0.47897 -16.15 39.0789
      vertex -3.7737 -16.15 49.9402
      vertex -0.321898 -16.15 39.1183
    endloop
  endfacet
  facet normal 0 1 0
    outer loop
      vertex 1.04675 -16.15 38.7755
      vertex 8.24711 -16.15 47.5491
      vertex 9.19239 -16.15 46.6924
    endloop
  endfacet
  facet normal 0 1 0
    outer loop
      vertex -3.7737 -16.15 49.9402
      vertex -0.47897 -16.15 39.0789
      vertex -4.97488 -16.15 49.5104
    endloop
  endfacet
  facet normal 0 1 0
    outer loop
      vertex 1.16673 -16.15 38.6667
      vertex 9.19239 -16.15 46.6924
      vertex 10.0491 -16.15 45.7471
    endloop
  endfacet
  facet normal 0 1 -0
    outer loop
      vertex -0.631427 -16.15 39.0244
      vertex -4.97488 -16.15 49.5104
      vertex -0.47897 -16.15 39.0789
    endloop
  endfacet
  facet normal 0 1 0
    outer loop
      vertex 1.27547 -16.15 38.5467
      vertex 10.0491 -16.15 45.7471
      vertex 10.8091 -16.15 44.7224
    endloop
  endfacet
  facet normal 0 1 0
    outer loop
      vertex -4.97488 -16.15 49.5104
      vertex -0.631427 -16.15 39.0244
      vertex -6.12816 -16.15 48.965
    endloop
  endfacet
  facet normal 0 1 0
    outer loop
      vertex 1.37192 -16.15 38.4167
      vertex 10.8091 -16.15 44.7224
      vertex 11.465 -16.15 43.6282
    endloop
  endfacet
  facet normal 0 1 -0
    outer loop
      vertex -0.777804 -16.15 38.9552
      vertex -6.12816 -16.15 48.965
      vertex -0.631427 -16.15 39.0244
    endloop
  endfacet
  facet normal 0 1 0
    outer loop
      vertex 1.45517 -16.15 38.2778
      vertex 11.465 -16.15 43.6282
      vertex 12.0104 -16.15 42.4749
    endloop
  endfacet
  facet normal 0 1 0
    outer loop
      vertex -6.12816 -16.15 48.965
      vertex -0.777804 -16.15 38.9552
      vertex -7.22241 -16.15 48.3091
    endloop
  endfacet
  facet normal 0 1 0
    outer loop
      vertex 1.5244 -16.15 38.1314
      vertex 12.0104 -16.15 42.4749
      vertex 12.4402 -16.15 41.2737
    endloop
  endfacet
  facet normal 0 1 -0
    outer loop
      vertex -0.916691 -16.15 38.8719
      vertex -7.22241 -16.15 48.3091
      vertex -0.777804 -16.15 38.9552
    endloop
  endfacet
  facet normal 0 1 0
    outer loop
      vertex 1.57895 -16.15 37.979
      vertex 12.4402 -16.15 41.2737
      vertex 12.7502 -16.15 40.0362
    endloop
  endfacet
  facet normal 0 1 0
    outer loop
      vertex -7.22241 -16.15 48.3091
      vertex -0.916691 -16.15 38.8719
      vertex -8.24711 -16.15 47.5491
    endloop
  endfacet
  facet normal 0 1 -0
    outer loop
      vertex -1.04675 -16.15 38.7755
      vertex -8.24711 -16.15 47.5491
      vertex -0.916691 -16.15 38.8719
    endloop
  endfacet
  facet normal 0 1 0
    outer loop
      vertex 1.27422 -16.15 50.4374
      vertex 0.161728 -16.15 39.1421
      vertex 0 -16.15 39.15
    endloop
  endfacet
  facet normal 0 1 0
    outer loop
      vertex 2.53617 -16.15 50.2502
      vertex 0.321898 -16.15 39.1183
      vertex 0.161728 -16.15 39.1421
    endloop
  endfacet
  facet normal 0 1 0
    outer loop
      vertex 3.7737 -16.15 49.9402
      vertex 0.47897 -16.15 39.0789
      vertex 0.321898 -16.15 39.1183
    endloop
  endfacet
  facet normal 0 1 0
    outer loop
      vertex 4.97488 -16.15 49.5104
      vertex 0.631427 -16.15 39.0244
      vertex 0.47897 -16.15 39.0789
    endloop
  endfacet
  facet normal 0 1 0
    outer loop
      vertex 6.12816 -16.15 48.965
      vertex 0.777804 -16.15 38.9552
      vertex 0.631427 -16.15 39.0244
    endloop
  endfacet
  facet normal 0 1 0
    outer loop
      vertex 7.22241 -16.15 48.3091
      vertex 0.916691 -16.15 38.8719
      vertex 0.777804 -16.15 38.9552
    endloop
  endfacet
  facet normal 0 1 0
    outer loop
      vertex 8.24711 -16.15 47.5491
      vertex 1.04675 -16.15 38.7755
      vertex 0.916691 -16.15 38.8719
    endloop
  endfacet
  facet normal 0 1 0
    outer loop
      vertex 1.6183 -16.15 37.8219
      vertex 12.7502 -16.15 40.0362
      vertex 12.9374 -16.15 38.7742
    endloop
  endfacet
  facet normal 0 1 0
    outer loop
      vertex 9.19239 -16.15 46.6924
      vertex 1.16673 -16.15 38.6667
      vertex 1.04675 -16.15 38.7755
    endloop
  endfacet
  facet normal 0 1 0
    outer loop
      vertex 10.0491 -16.15 45.7471
      vertex 1.27547 -16.15 38.5467
      vertex 1.16673 -16.15 38.6667
    endloop
  endfacet
  facet normal 0 1 0
    outer loop
      vertex 10.8091 -16.15 44.7224
      vertex 1.37192 -16.15 38.4167
      vertex 1.27547 -16.15 38.5467
    endloop
  endfacet
  facet normal 0 1 0
    outer loop
      vertex 11.465 -16.15 43.6282
      vertex 1.45517 -16.15 38.2778
      vertex 1.37192 -16.15 38.4167
    endloop
  endfacet
  facet normal 0 1 0
    outer loop
      vertex 12.0104 -16.15 42.4749
      vertex 1.5244 -16.15 38.1314
      vertex 1.45517 -16.15 38.2778
    endloop
  endfacet
  facet normal 0 1 0
    outer loop
      vertex 12.4402 -16.15 41.2737
      vertex 1.57895 -16.15 37.979
      vertex 1.5244 -16.15 38.1314
    endloop
  endfacet
  facet normal 0 1 0
    outer loop
      vertex 12.7502 -16.15 40.0362
      vertex 1.6183 -16.15 37.8219
      vertex 1.57895 -16.15 37.979
    endloop
  endfacet
  facet normal 0 1 0
    outer loop
      vertex 12.9374 -16.15 38.7742
      vertex 1.64205 -16.15 37.6617
      vertex 1.6183 -16.15 37.8219
    endloop
  endfacet
  facet normal 0 1 0
    outer loop
      vertex 13 -16.15 37.5
      vertex 1.64205 -16.15 37.6617
      vertex 12.9374 -16.15 38.7742
    endloop
  endfacet
  facet normal 0 1 0
    outer loop
      vertex 13 -16.15 37.5
      vertex 1.65 -16.15 37.5
      vertex 1.64205 -16.15 37.6617
    endloop
  endfacet
  facet normal 0 1 0
    outer loop
      vertex 13 -16.15 37.5
      vertex 1.64205 -16.15 37.3383
      vertex 1.65 -16.15 37.5
    endloop
  endfacet
  facet normal 0 1 0
    outer loop
      vertex 13 -16.15 37.5
      vertex 1.6183 -16.15 37.1781
      vertex 1.64205 -16.15 37.3383
    endloop
  endfacet
  facet normal 0 1 0
    outer loop
      vertex 13 -16.15 37.5
      vertex 1.57895 -16.15 37.021
      vertex 1.6183 -16.15 37.1781
    endloop
  endfacet
  facet normal 0 1 0
    outer loop
      vertex 13 -16.15 37.5
      vertex 1.5244 -16.15 36.8686
      vertex 1.57895 -16.15 37.021
    endloop
  endfacet
  facet normal 0 1 0
    outer loop
      vertex 13 -16.15 37.5
      vertex 1.45517 -16.15 36.7222
      vertex 1.5244 -16.15 36.8686
    endloop
  endfacet
  facet normal 0 1 0
    outer loop
      vertex 13 -16.15 37.5
      vertex 1.37192 -16.15 36.5833
      vertex 1.45517 -16.15 36.7222
    endloop
  endfacet
  facet normal 0 1 0
    outer loop
      vertex 13 -16.15 37.5
      vertex 1.27547 -16.15 36.4533
      vertex 1.37192 -16.15 36.5833
    endloop
  endfacet
  facet normal 0 1 0
    outer loop
      vertex 13 -16.15 37.5
      vertex 1.16673 -16.15 36.3333
      vertex 1.27547 -16.15 36.4533
    endloop
  endfacet
  facet normal 0 1 0
    outer loop
      vertex 13 -16.15 37.5
      vertex 1.04675 -16.15 36.2245
      vertex 1.16673 -16.15 36.3333
    endloop
  endfacet
  facet normal 0 1 0
    outer loop
      vertex 13 -16.15 37.5
      vertex 0.916691 -16.15 36.1281
      vertex 1.04675 -16.15 36.2245
    endloop
  endfacet
  facet normal 0 1 -0
    outer loop
      vertex 13 -16.15 13.5
      vertex 0.916691 -16.15 36.1281
      vertex 13 -16.15 37.5
    endloop
  endfacet
  facet normal 0 1 0
    outer loop
      vertex 0.916691 -16.15 36.1281
      vertex 13 -16.15 13.5
      vertex 0.777804 -16.15 36.0448
    endloop
  endfacet
  facet normal 0 1 0
    outer loop
      vertex 0.777804 -16.15 36.0448
      vertex 13 -16.15 13.5
      vertex 0.631427 -16.15 35.9756
    endloop
  endfacet
  facet normal 0 1 0
    outer loop
      vertex 0.631427 -16.15 35.9756
      vertex 13 -16.15 13.5
      vertex 0.47897 -16.15 35.921
    endloop
  endfacet
  facet normal 0 1 0
    outer loop
      vertex 0.47897 -16.15 35.921
      vertex 13 -16.15 13.5
      vertex 0.321898 -16.15 35.8817
    endloop
  endfacet
  facet normal 0 1 0
    outer loop
      vertex 0.161728 -16.15 35.8579
      vertex 13 -16.15 13.5
      vertex 0 -16.15 35.85
    endloop
  endfacet
  facet normal 0 1 0
    outer loop
      vertex 0.321898 -16.15 35.8817
      vertex 13 -16.15 13.5
      vertex 0.161728 -16.15 35.8579
    endloop
  endfacet
  facet normal 0 1 0
    outer loop
      vertex -8.24711 -16.15 47.5491
      vertex -1.04675 -16.15 38.7755
      vertex -9.19239 -16.15 46.6924
    endloop
  endfacet
  facet normal 0 1 -0
    outer loop
      vertex -1.16673 -16.15 38.6667
      vertex -9.19239 -16.15 46.6924
      vertex -1.04675 -16.15 38.7755
    endloop
  endfacet
  facet normal 0 1 0
    outer loop
      vertex -9.19239 -16.15 46.6924
      vertex -1.16673 -16.15 38.6667
      vertex -10.0491 -16.15 45.7471
    endloop
  endfacet
  facet normal 0 1 -0
    outer loop
      vertex -1.27547 -16.15 38.5467
      vertex -10.0491 -16.15 45.7471
      vertex -1.16673 -16.15 38.6667
    endloop
  endfacet
  facet normal 0 1 0
    outer loop
      vertex -10.0491 -16.15 45.7471
      vertex -1.27547 -16.15 38.5467
      vertex -10.8091 -16.15 44.7224
    endloop
  endfacet
  facet normal 0 1 -0
    outer loop
      vertex -1.37192 -16.15 38.4167
      vertex -10.8091 -16.15 44.7224
      vertex -1.27547 -16.15 38.5467
    endloop
  endfacet
  facet normal 0 1 0
    outer loop
      vertex -10.8091 -16.15 44.7224
      vertex -1.37192 -16.15 38.4167
      vertex -11.465 -16.15 43.6282
    endloop
  endfacet
  facet normal 0 1 -0
    outer loop
      vertex -1.45517 -16.15 38.2778
      vertex -11.465 -16.15 43.6282
      vertex -1.37192 -16.15 38.4167
    endloop
  endfacet
  facet normal 0 1 0
    outer loop
      vertex -11.465 -16.15 43.6282
      vertex -1.45517 -16.15 38.2778
      vertex -12.0104 -16.15 42.4749
    endloop
  endfacet
  facet normal 0 1 -0
    outer loop
      vertex -1.5244 -16.15 38.1314
      vertex -12.0104 -16.15 42.4749
      vertex -1.45517 -16.15 38.2778
    endloop
  endfacet
  facet normal 0 1 0
    outer loop
      vertex -12.0104 -16.15 42.4749
      vertex -1.5244 -16.15 38.1314
      vertex -12.4402 -16.15 41.2737
    endloop
  endfacet
  facet normal 0 1 -0
    outer loop
      vertex -1.57895 -16.15 37.979
      vertex -12.4402 -16.15 41.2737
      vertex -1.5244 -16.15 38.1314
    endloop
  endfacet
  facet normal 0 1 0
    outer loop
      vertex -12.4402 -16.15 41.2737
      vertex -1.57895 -16.15 37.979
      vertex -12.7502 -16.15 40.0362
    endloop
  endfacet
  facet normal 0 1 -0
    outer loop
      vertex -1.6183 -16.15 37.8219
      vertex -12.7502 -16.15 40.0362
      vertex -1.57895 -16.15 37.979
    endloop
  endfacet
  facet normal 0 1 0
    outer loop
      vertex -12.7502 -16.15 40.0362
      vertex -1.6183 -16.15 37.8219
      vertex -12.9374 -16.15 38.7742
    endloop
  endfacet
  facet normal 0 1 -0
    outer loop
      vertex -1.64205 -16.15 37.6617
      vertex -12.9374 -16.15 38.7742
      vertex -1.6183 -16.15 37.8219
    endloop
  endfacet
  facet normal 0 1 -0
    outer loop
      vertex -1.65 -16.15 37.5
      vertex -12.9374 -16.15 38.7742
      vertex -1.64205 -16.15 37.6617
    endloop
  endfacet
  facet normal 0 1 0
    outer loop
      vertex -1.65 -16.15 37.5
      vertex -13 -16.15 37.5
      vertex -12.9374 -16.15 38.7742
    endloop
  endfacet
  facet normal 0 1 0
    outer loop
      vertex -1.64205 -16.15 37.3383
      vertex -13 -16.15 37.5
      vertex -1.65 -16.15 37.5
    endloop
  endfacet
  facet normal 0 1 0
    outer loop
      vertex -1.6183 -16.15 37.1781
      vertex -13 -16.15 37.5
      vertex -1.64205 -16.15 37.3383
    endloop
  endfacet
  facet normal 0 1 0
    outer loop
      vertex -1.57895 -16.15 37.021
      vertex -13 -16.15 37.5
      vertex -1.6183 -16.15 37.1781
    endloop
  endfacet
  facet normal 0 1 0
    outer loop
      vertex -1.5244 -16.15 36.8686
      vertex -13 -16.15 37.5
      vertex -1.57895 -16.15 37.021
    endloop
  endfacet
  facet normal 0 1 0
    outer loop
      vertex -1.45517 -16.15 36.7222
      vertex -13 -16.15 37.5
      vertex -1.5244 -16.15 36.8686
    endloop
  endfacet
  facet normal 0 1 0
    outer loop
      vertex -1.37192 -16.15 36.5833
      vertex -13 -16.15 37.5
      vertex -1.45517 -16.15 36.7222
    endloop
  endfacet
  facet normal 0 1 0
    outer loop
      vertex -1.27547 -16.15 36.4533
      vertex -13 -16.15 37.5
      vertex -1.37192 -16.15 36.5833
    endloop
  endfacet
  facet normal 0 1 0
    outer loop
      vertex -1.16673 -16.15 36.3333
      vertex -13 -16.15 37.5
      vertex -1.27547 -16.15 36.4533
    endloop
  endfacet
  facet normal 0 1 0
    outer loop
      vertex -1.04675 -16.15 36.2245
      vertex -13 -16.15 37.5
      vertex -1.16673 -16.15 36.3333
    endloop
  endfacet
  facet normal 0 1 0
    outer loop
      vertex -0.916691 -16.15 36.1281
      vertex -13 -16.15 37.5
      vertex -1.04675 -16.15 36.2245
    endloop
  endfacet
  facet normal 0 1 0
    outer loop
      vertex -13 -16.15 13.5
      vertex -0.916691 -16.15 36.1281
      vertex -0.777804 -16.15 36.0448
    endloop
  endfacet
  facet normal 0 1 0
    outer loop
      vertex -13 -16.15 13.5
      vertex -0.777804 -16.15 36.0448
      vertex -0.631427 -16.15 35.9756
    endloop
  endfacet
  facet normal 0 1 0
    outer loop
      vertex -13 -16.15 13.5
      vertex -0.631427 -16.15 35.9756
      vertex -0.47897 -16.15 35.921
    endloop
  endfacet
  facet normal 0 1 0
    outer loop
      vertex -13 -16.15 13.5
      vertex -0.47897 -16.15 35.921
      vertex -0.321898 -16.15 35.8817
    endloop
  endfacet
  facet normal 0 1 0
    outer loop
      vertex -13 -16.15 13.5
      vertex -0.321898 -16.15 35.8817
      vertex -0.161728 -16.15 35.8579
    endloop
  endfacet
  facet normal 0 1 0
    outer loop
      vertex -13 -16.15 13.5
      vertex 0 -16.15 35.85
      vertex 13 -16.15 13.5
    endloop
  endfacet
  facet normal 0 1 0
    outer loop
      vertex 0 -16.15 35.85
      vertex -13 -16.15 13.5
      vertex -0.161728 -16.15 35.8579
    endloop
  endfacet
  facet normal 0 1 0
    outer loop
      vertex -0.916691 -16.15 36.1281
      vertex -13 -16.15 13.5
      vertex -13 -16.15 37.5
    endloop
  endfacet
  facet normal -1 0 0
    outer loop
      vertex -13 -19.15 3.5
      vertex -13 -16.15 13.5
      vertex -13 -8.15 3.5
    endloop
  endfacet
  facet normal -1 0 0
    outer loop
      vertex -13 -19.15 37.5
      vertex -13 -16.15 13.5
      vertex -13 -19.15 3.5
    endloop
  endfacet
  facet normal -1 0 0
    outer loop
      vertex -13 -16.15 13.5
      vertex -13 -19.15 37.5
      vertex -13 -16.15 37.5
    endloop
  endfacet
  facet normal -0.998795 0 0.0490697
    outer loop
      vertex -13 -19.15 37.5
      vertex -12.9374 -16.15 38.7742
      vertex -13 -16.15 37.5
    endloop
  endfacet
  facet normal -0.998795 0 0.0490697
    outer loop
      vertex -12.9374 -16.15 38.7742
      vertex -13 -19.15 37.5
      vertex -12.9374 -19.15 38.7742
    endloop
  endfacet
  facet normal 0 -1 0
    outer loop
      vertex 0 -19.15 40.75
      vertex 0 -19.15 50.5
      vertex -1.27422 -19.15 50.4374
    endloop
  endfacet
  facet normal 0 -1 0
    outer loop
      vertex -0.318555 -19.15 40.7344
      vertex -1.27422 -19.15 50.4374
      vertex -2.53617 -19.15 50.2502
    endloop
  endfacet
  facet normal 0 -1 0
    outer loop
      vertex 0 -19.15 50.5
      vertex 0 -19.15 40.75
      vertex 1.27422 -19.15 50.4374
    endloop
  endfacet
  facet normal 0 -1 0
    outer loop
      vertex -0.634043 -19.15 40.6876
      vertex -2.53617 -19.15 50.2502
      vertex -3.7737 -19.15 49.9402
    endloop
  endfacet
  facet normal 0 -1 0
    outer loop
      vertex 0.318555 -19.15 40.7344
      vertex 1.27422 -19.15 50.4374
      vertex 0 -19.15 40.75
    endloop
  endfacet
  facet normal 0 -1 0
    outer loop
      vertex -0.943425 -19.15 40.6101
      vertex -3.7737 -19.15 49.9402
      vertex -4.97488 -19.15 49.5104
    endloop
  endfacet
  facet normal 0 -1 -0
    outer loop
      vertex 1.27422 -19.15 50.4374
      vertex 0.318555 -19.15 40.7344
      vertex 2.53617 -19.15 50.2502
    endloop
  endfacet
  facet normal 0 -1 0
    outer loop
      vertex -1.24372 -19.15 40.5026
      vertex -4.97488 -19.15 49.5104
      vertex -6.12816 -19.15 48.965
    endloop
  endfacet
  facet normal 0 -1 0
    outer loop
      vertex 0.634043 -19.15 40.6876
      vertex 2.53617 -19.15 50.2502
      vertex 0.318555 -19.15 40.7344
    endloop
  endfacet
  facet normal 0 -1 0
    outer loop
      vertex -1.53204 -19.15 40.3662
      vertex -6.12816 -19.15 48.965
      vertex -7.22241 -19.15 48.3091
    endloop
  endfacet
  facet normal 0 -1 -0
    outer loop
      vertex 2.53617 -19.15 50.2502
      vertex 0.634043 -19.15 40.6876
      vertex 3.7737 -19.15 49.9402
    endloop
  endfacet
  facet normal 0 -1 0
    outer loop
      vertex -1.8056 -19.15 40.2023
      vertex -7.22241 -19.15 48.3091
      vertex -8.24711 -19.15 47.5491
    endloop
  endfacet
  facet normal 0 -1 0
    outer loop
      vertex 0.943425 -19.15 40.6101
      vertex 3.7737 -19.15 49.9402
      vertex 0.634043 -19.15 40.6876
    endloop
  endfacet
  facet normal 0 -1 0
    outer loop
      vertex -2.06178 -19.15 40.0123
      vertex -8.24711 -19.15 47.5491
      vertex -9.19239 -19.15 46.6924
    endloop
  endfacet
  facet normal 0 -1 -0
    outer loop
      vertex 3.7737 -19.15 49.9402
      vertex 0.943425 -19.15 40.6101
      vertex 4.97488 -19.15 49.5104
    endloop
  endfacet
  facet normal 0 -1 0
    outer loop
      vertex -2.2981 -19.15 39.7981
      vertex -9.19239 -19.15 46.6924
      vertex -10.0491 -19.15 45.7471
    endloop
  endfacet
  facet normal 0 -1 0
    outer loop
      vertex 1.24372 -19.15 40.5026
      vertex 4.97488 -19.15 49.5104
      vertex 0.943425 -19.15 40.6101
    endloop
  endfacet
  facet normal 0 -1 0
    outer loop
      vertex -2.51228 -19.15 39.5618
      vertex -10.0491 -19.15 45.7471
      vertex -10.8091 -19.15 44.7224
    endloop
  endfacet
  facet normal 0 -1 -0
    outer loop
      vertex 4.97488 -19.15 49.5104
      vertex 1.24372 -19.15 40.5026
      vertex 6.12816 -19.15 48.965
    endloop
  endfacet
  facet normal 0 -1 0
    outer loop
      vertex -2.70228 -19.15 39.3056
      vertex -10.8091 -19.15 44.7224
      vertex -11.465 -19.15 43.6282
    endloop
  endfacet
  facet normal 0 -1 0
    outer loop
      vertex 1.53204 -19.15 40.3662
      vertex 6.12816 -19.15 48.965
      vertex 1.24372 -19.15 40.5026
    endloop
  endfacet
  facet normal 0 -1 0
    outer loop
      vertex -2.86624 -19.15 39.032
      vertex -11.465 -19.15 43.6282
      vertex -12.0104 -19.15 42.4749
    endloop
  endfacet
  facet normal 0 -1 -0
    outer loop
      vertex 6.12816 -19.15 48.965
      vertex 1.53204 -19.15 40.3662
      vertex 7.22241 -19.15 48.3091
    endloop
  endfacet
  facet normal 0 -1 0
    outer loop
      vertex -3.00261 -19.15 38.7437
      vertex -12.0104 -19.15 42.4749
      vertex -12.4402 -19.15 41.2737
    endloop
  endfacet
  facet normal 0 -1 0
    outer loop
      vertex 1.8056 -19.15 40.2023
      vertex 7.22241 -19.15 48.3091
      vertex 1.53204 -19.15 40.3662
    endloop
  endfacet
  facet normal 0 -1 -0
    outer loop
      vertex 7.22241 -19.15 48.3091
      vertex 1.8056 -19.15 40.2023
      vertex 8.24711 -19.15 47.5491
    endloop
  endfacet
  facet normal 0 -1 0
    outer loop
      vertex -1.27422 -19.15 50.4374
      vertex -0.318555 -19.15 40.7344
      vertex 0 -19.15 40.75
    endloop
  endfacet
  facet normal 0 -1 0
    outer loop
      vertex -2.53617 -19.15 50.2502
      vertex -0.634043 -19.15 40.6876
      vertex -0.318555 -19.15 40.7344
    endloop
  endfacet
  facet normal 0 -1 0
    outer loop
      vertex -3.7737 -19.15 49.9402
      vertex -0.943425 -19.15 40.6101
      vertex -0.634043 -19.15 40.6876
    endloop
  endfacet
  facet normal 0 -1 0
    outer loop
      vertex -4.97488 -19.15 49.5104
      vertex -1.24372 -19.15 40.5026
      vertex -0.943425 -19.15 40.6101
    endloop
  endfacet
  facet normal 0 -1 0
    outer loop
      vertex -6.12816 -19.15 48.965
      vertex -1.53204 -19.15 40.3662
      vertex -1.24372 -19.15 40.5026
    endloop
  endfacet
  facet normal 0 -1 0
    outer loop
      vertex -7.22241 -19.15 48.3091
      vertex -1.8056 -19.15 40.2023
      vertex -1.53204 -19.15 40.3662
    endloop
  endfacet
  facet normal 0 -1 0
    outer loop
      vertex -3.11006 -19.15 38.4434
      vertex -12.4402 -19.15 41.2737
      vertex -12.7502 -19.15 40.0362
    endloop
  endfacet
  facet normal 0 -1 0
    outer loop
      vertex -8.24711 -19.15 47.5491
      vertex -2.06178 -19.15 40.0123
      vertex -1.8056 -19.15 40.2023
    endloop
  endfacet
  facet normal 0 -1 0
    outer loop
      vertex -9.19239 -19.15 46.6924
      vertex -2.2981 -19.15 39.7981
      vertex -2.06178 -19.15 40.0123
    endloop
  endfacet
  facet normal 0 -1 0
    outer loop
      vertex -10.0491 -19.15 45.7471
      vertex -2.51228 -19.15 39.5618
      vertex -2.2981 -19.15 39.7981
    endloop
  endfacet
  facet normal 0 -1 0
    outer loop
      vertex -10.8091 -19.15 44.7224
      vertex -2.70228 -19.15 39.3056
      vertex -2.51228 -19.15 39.5618
    endloop
  endfacet
  facet normal 0 -1 0
    outer loop
      vertex -11.465 -19.15 43.6282
      vertex -2.86624 -19.15 39.032
      vertex -2.70228 -19.15 39.3056
    endloop
  endfacet
  facet normal 0 -1 0
    outer loop
      vertex -3.18755 -19.15 38.134
      vertex -12.7502 -19.15 40.0362
      vertex -12.9374 -19.15 38.7742
    endloop
  endfacet
  facet normal 0 -1 0
    outer loop
      vertex -12.0104 -19.15 42.4749
      vertex -3.00261 -19.15 38.7437
      vertex -2.86624 -19.15 39.032
    endloop
  endfacet
  facet normal 0 -1 0
    outer loop
      vertex -12.4402 -19.15 41.2737
      vertex -3.11006 -19.15 38.4434
      vertex -3.00261 -19.15 38.7437
    endloop
  endfacet
  facet normal 0 -1 0
    outer loop
      vertex -12.7502 -19.15 40.0362
      vertex -3.18755 -19.15 38.134
      vertex -3.11006 -19.15 38.4434
    endloop
  endfacet
  facet normal 0 -1 0
    outer loop
      vertex -12.9374 -19.15 38.7742
      vertex -3.23435 -19.15 37.8186
      vertex -3.18755 -19.15 38.134
    endloop
  endfacet
  facet normal 0 -1 0
    outer loop
      vertex -13 -19.15 37.5
      vertex -3.23435 -19.15 37.8186
      vertex -12.9374 -19.15 38.7742
    endloop
  endfacet
  facet normal 0 -1 0
    outer loop
      vertex -13 -19.15 37.5
      vertex -3.25 -19.15 37.5
      vertex -3.23435 -19.15 37.8186
    endloop
  endfacet
  facet normal 0 -1 0
    outer loop
      vertex -13 -19.15 37.5
      vertex -3.23435 -19.15 37.1814
      vertex -3.25 -19.15 37.5
    endloop
  endfacet
  facet normal 0 -1 0
    outer loop
      vertex -13 -19.15 37.5
      vertex -3.18755 -19.15 36.866
      vertex -3.23435 -19.15 37.1814
    endloop
  endfacet
  facet normal 0 -1 0
    outer loop
      vertex -13 -19.15 37.5
      vertex -3.11006 -19.15 36.5566
      vertex -3.18755 -19.15 36.866
    endloop
  endfacet
  facet normal 0 -1 0
    outer loop
      vertex -13 -19.15 37.5
      vertex -3.00261 -19.15 36.2563
      vertex -3.11006 -19.15 36.5566
    endloop
  endfacet
  facet normal 0 -1 0
    outer loop
      vertex -13 -19.15 37.5
      vertex -2.86624 -19.15 35.968
      vertex -3.00261 -19.15 36.2563
    endloop
  endfacet
  facet normal 0 -1 0
    outer loop
      vertex -13 -19.15 37.5
      vertex -2.70228 -19.15 35.6944
      vertex -2.86624 -19.15 35.968
    endloop
  endfacet
  facet normal 0 -1 0
    outer loop
      vertex -13 -19.15 37.5
      vertex -2.51228 -19.15 35.4382
      vertex -2.70228 -19.15 35.6944
    endloop
  endfacet
  facet normal 0 -1 0
    outer loop
      vertex -13 -19.15 37.5
      vertex -2.2981 -19.15 35.2019
      vertex -2.51228 -19.15 35.4382
    endloop
  endfacet
  facet normal 0 -1 0
    outer loop
      vertex -13 -19.15 37.5
      vertex -2.06178 -19.15 34.9877
      vertex -2.2981 -19.15 35.2019
    endloop
  endfacet
  facet normal 0 -1 0
    outer loop
      vertex -13 -19.15 37.5
      vertex -1.8056 -19.15 34.7977
      vertex -2.06178 -19.15 34.9877
    endloop
  endfacet
  facet normal 0 -1 0
    outer loop
      vertex -13 -19.15 3.5
      vertex -1.8056 -19.15 34.7977
      vertex -13 -19.15 37.5
    endloop
  endfacet
  facet normal 0 -1 -0
    outer loop
      vertex -1.8056 -19.15 34.7977
      vertex -13 -19.15 3.5
      vertex -1.53204 -19.15 34.6338
    endloop
  endfacet
  facet normal 0 -1 -0
    outer loop
      vertex -1.53204 -19.15 34.6338
      vertex -13 -19.15 3.5
      vertex -1.24372 -19.15 34.4974
    endloop
  endfacet
  facet normal 0 -1 -0
    outer loop
      vertex -0.318555 -19.15 34.2656
      vertex -13 -19.15 3.5
      vertex 0 -19.15 34.25
    endloop
  endfacet
  facet normal 0 -1 -0
    outer loop
      vertex -0.634043 -19.15 34.3124
      vertex -13 -19.15 3.5
      vertex -0.318555 -19.15 34.2656
    endloop
  endfacet
  facet normal 0 -1 -0
    outer loop
      vertex -0.943425 -19.15 34.3899
      vertex -13 -19.15 3.5
      vertex -0.634043 -19.15 34.3124
    endloop
  endfacet
  facet normal 0 -1 -0
    outer loop
      vertex -1.24372 -19.15 34.4974
      vertex -13 -19.15 3.5
      vertex -0.943425 -19.15 34.3899
    endloop
  endfacet
  facet normal 0 -1 0
    outer loop
      vertex 2.06178 -19.15 40.0123
      vertex 8.24711 -19.15 47.5491
      vertex 1.8056 -19.15 40.2023
    endloop
  endfacet
  facet normal 0 -1 -0
    outer loop
      vertex 8.24711 -19.15 47.5491
      vertex 2.06178 -19.15 40.0123
      vertex 9.19239 -19.15 46.6924
    endloop
  endfacet
  facet normal 0 -1 0
    outer loop
      vertex 2.2981 -19.15 39.7981
      vertex 9.19239 -19.15 46.6924
      vertex 2.06178 -19.15 40.0123
    endloop
  endfacet
  facet normal 0 -1 -0
    outer loop
      vertex 9.19239 -19.15 46.6924
      vertex 2.2981 -19.15 39.7981
      vertex 10.0491 -19.15 45.7471
    endloop
  endfacet
  facet normal 0 -1 0
    outer loop
      vertex 2.51228 -19.15 39.5618
      vertex 10.0491 -19.15 45.7471
      vertex 2.2981 -19.15 39.7981
    endloop
  endfacet
  facet normal 0 -1 -0
    outer loop
      vertex 10.0491 -19.15 45.7471
      vertex 2.51228 -19.15 39.5618
      vertex 10.8091 -19.15 44.7224
    endloop
  endfacet
  facet normal 0 -1 0
    outer loop
      vertex 2.70228 -19.15 39.3056
      vertex 10.8091 -19.15 44.7224
      vertex 2.51228 -19.15 39.5618
    endloop
  endfacet
  facet normal 0 -1 -0
    outer loop
      vertex 10.8091 -19.15 44.7224
      vertex 2.70228 -19.15 39.3056
      vertex 11.465 -19.15 43.6282
    endloop
  endfacet
  facet normal 0 -1 0
    outer loop
      vertex 2.86624 -19.15 39.032
      vertex 11.465 -19.15 43.6282
      vertex 2.70228 -19.15 39.3056
    endloop
  endfacet
  facet normal 0 -1 -0
    outer loop
      vertex 11.465 -19.15 43.6282
      vertex 2.86624 -19.15 39.032
      vertex 12.0104 -19.15 42.4749
    endloop
  endfacet
  facet normal 0 -1 0
    outer loop
      vertex 3.00261 -19.15 38.7437
      vertex 12.0104 -19.15 42.4749
      vertex 2.86624 -19.15 39.032
    endloop
  endfacet
  facet normal 0 -1 -0
    outer loop
      vertex 12.0104 -19.15 42.4749
      vertex 3.00261 -19.15 38.7437
      vertex 12.4402 -19.15 41.2737
    endloop
  endfacet
  facet normal 0 -1 0
    outer loop
      vertex 3.11006 -19.15 38.4434
      vertex 12.4402 -19.15 41.2737
      vertex 3.00261 -19.15 38.7437
    endloop
  endfacet
  facet normal 0 -1 -0
    outer loop
      vertex 12.4402 -19.15 41.2737
      vertex 3.11006 -19.15 38.4434
      vertex 12.7502 -19.15 40.0362
    endloop
  endfacet
  facet normal 0 -1 0
    outer loop
      vertex 3.18755 -19.15 38.134
      vertex 12.7502 -19.15 40.0362
      vertex 3.11006 -19.15 38.4434
    endloop
  endfacet
  facet normal 0 -1 -0
    outer loop
      vertex 12.7502 -19.15 40.0362
      vertex 3.18755 -19.15 38.134
      vertex 12.9374 -19.15 38.7742
    endloop
  endfacet
  facet normal 0 -1 0
    outer loop
      vertex 3.23435 -19.15 37.8186
      vertex 12.9374 -19.15 38.7742
      vertex 3.18755 -19.15 38.134
    endloop
  endfacet
  facet normal 0 -1 0
    outer loop
      vertex 3.25 -19.15 37.5
      vertex 12.9374 -19.15 38.7742
      vertex 3.23435 -19.15 37.8186
    endloop
  endfacet
  facet normal 0 -1 0
    outer loop
      vertex 3.25 -19.15 37.5
      vertex 13 -19.15 37.5
      vertex 12.9374 -19.15 38.7742
    endloop
  endfacet
  facet normal 0 -1 0
    outer loop
      vertex 3.23435 -19.15 37.1814
      vertex 13 -19.15 37.5
      vertex 3.25 -19.15 37.5
    endloop
  endfacet
  facet normal 0 -1 0
    outer loop
      vertex 3.18755 -19.15 36.866
      vertex 13 -19.15 37.5
      vertex 3.23435 -19.15 37.1814
    endloop
  endfacet
  facet normal 0 -1 0
    outer loop
      vertex 3.11006 -19.15 36.5566
      vertex 13 -19.15 37.5
      vertex 3.18755 -19.15 36.866
    endloop
  endfacet
  facet normal 0 -1 0
    outer loop
      vertex 3.00261 -19.15 36.2563
      vertex 13 -19.15 37.5
      vertex 3.11006 -19.15 36.5566
    endloop
  endfacet
  facet normal 0 -1 0
    outer loop
      vertex 2.86624 -19.15 35.968
      vertex 13 -19.15 37.5
      vertex 3.00261 -19.15 36.2563
    endloop
  endfacet
  facet normal 0 -1 0
    outer loop
      vertex 2.70228 -19.15 35.6944
      vertex 13 -19.15 37.5
      vertex 2.86624 -19.15 35.968
    endloop
  endfacet
  facet normal 0 -1 0
    outer loop
      vertex 2.51228 -19.15 35.4382
      vertex 13 -19.15 37.5
      vertex 2.70228 -19.15 35.6944
    endloop
  endfacet
  facet normal 0 -1 0
    outer loop
      vertex 2.2981 -19.15 35.2019
      vertex 13 -19.15 37.5
      vertex 2.51228 -19.15 35.4382
    endloop
  endfacet
  facet normal 0 -1 0
    outer loop
      vertex 2.06178 -19.15 34.9877
      vertex 13 -19.15 37.5
      vertex 2.2981 -19.15 35.2019
    endloop
  endfacet
  facet normal 0 -1 0
    outer loop
      vertex 1.8056 -19.15 34.7977
      vertex 13 -19.15 37.5
      vertex 2.06178 -19.15 34.9877
    endloop
  endfacet
  facet normal 0 -1 0
    outer loop
      vertex 13 -19.15 3.5
      vertex 1.8056 -19.15 34.7977
      vertex 1.53204 -19.15 34.6338
    endloop
  endfacet
  facet normal 0 -1 0
    outer loop
      vertex 13 -19.15 3.5
      vertex 1.53204 -19.15 34.6338
      vertex 1.24372 -19.15 34.4974
    endloop
  endfacet
  facet normal 0 -1 0
    outer loop
      vertex 13 -19.15 3.5
      vertex 1.24372 -19.15 34.4974
      vertex 0.943425 -19.15 34.3899
    endloop
  endfacet
  facet normal 0 -1 0
    outer loop
      vertex 13 -19.15 3.5
      vertex 0 -19.15 34.25
      vertex -13 -19.15 3.5
    endloop
  endfacet
  facet normal 0 -1 0
    outer loop
      vertex 0 -19.15 34.25
      vertex 13 -19.15 3.5
      vertex 0.318555 -19.15 34.2656
    endloop
  endfacet
  facet normal 0 -1 0
    outer loop
      vertex 0.318555 -19.15 34.2656
      vertex 13 -19.15 3.5
      vertex 0.634043 -19.15 34.3124
    endloop
  endfacet
  facet normal 0 -1 0
    outer loop
      vertex 0.634043 -19.15 34.3124
      vertex 13 -19.15 3.5
      vertex 0.943425 -19.15 34.3899
    endloop
  endfacet
  facet normal 0 -1 0
    outer loop
      vertex 1.8056 -19.15 34.7977
      vertex 13 -19.15 3.5
      vertex 13 -19.15 37.5
    endloop
  endfacet
  facet normal 0.803196 -0 0.595715
    outer loop
      vertex 10.0491 -19.15 45.7471
      vertex 10.8091 -16.15 44.7224
      vertex 10.0491 -16.15 45.7471
    endloop
  endfacet
  facet normal 0.803196 0 0.595715
    outer loop
      vertex 10.8091 -16.15 44.7224
      vertex 10.0491 -19.15 45.7471
      vertex 10.8091 -19.15 44.7224
    endloop
  endfacet
  facet normal 1 0 0
    outer loop
      vertex 13 -16.15 37.5
      vertex 13 -19.15 37.5
      vertex 13 -16.15 13.5
    endloop
  endfacet
  facet normal 1 0 0
    outer loop
      vertex 13 -16.15 13.5
      vertex 13 -19.15 3.5
      vertex 13 -8.15 3.5
    endloop
  endfacet
  facet normal 1 0 0
    outer loop
      vertex 13 -19.15 3.5
      vertex 13 -16.15 13.5
      vertex 13 -19.15 37.5
    endloop
  endfacet
  facet normal -0.242991 0 0.970029
    outer loop
      vertex -3.7737 -16.15 49.9402
      vertex -2.53617 -19.15 50.2502
      vertex -2.53617 -16.15 50.2502
    endloop
  endfacet
  facet normal -0.242991 0 0.970029
    outer loop
      vertex -2.53617 -19.15 50.2502
      vertex -3.7737 -16.15 49.9402
      vertex -3.7737 -19.15 49.9402
    endloop
  endfacet
  facet normal 0.998795 -0 0.0490697
    outer loop
      vertex 12.9374 -19.15 38.7742
      vertex 13 -16.15 37.5
      vertex 12.9374 -16.15 38.7742
    endloop
  endfacet
  facet normal 0.998795 0 0.0490697
    outer loop
      vertex 13 -16.15 37.5
      vertex 12.9374 -19.15 38.7742
      vertex 13 -19.15 37.5
    endloop
  endfacet
  facet normal 0.740975 -0 0.671533
    outer loop
      vertex 9.19239 -19.15 46.6924
      vertex 10.0491 -16.15 45.7471
      vertex 9.19239 -16.15 46.6924
    endloop
  endfacet
  facet normal 0.740975 0 0.671533
    outer loop
      vertex 10.0491 -16.15 45.7471
      vertex 9.19239 -19.15 46.6924
      vertex 10.0491 -19.15 45.7471
    endloop
  endfacet
  facet normal -0.803196 0 0.595715
    outer loop
      vertex -10.8091 -19.15 44.7224
      vertex -10.0491 -16.15 45.7471
      vertex -10.8091 -16.15 44.7224
    endloop
  endfacet
  facet normal -0.803196 0 0.595715
    outer loop
      vertex -10.0491 -16.15 45.7471
      vertex -10.8091 -19.15 44.7224
      vertex -10.0491 -19.15 45.7471
    endloop
  endfacet
  facet normal 0.941543 -0 0.336892
    outer loop
      vertex 12.0104 -19.15 42.4749
      vertex 12.4402 -16.15 41.2737
      vertex 12.0104 -16.15 42.4749
    endloop
  endfacet
  facet normal 0.941543 0 0.336892
    outer loop
      vertex 12.4402 -16.15 41.2737
      vertex 12.0104 -19.15 42.4749
      vertex 12.4402 -19.15 41.2737
    endloop
  endfacet
  facet normal 0.970027 -0 0.242997
    outer loop
      vertex 12.4402 -19.15 41.2737
      vertex 12.7502 -16.15 40.0362
      vertex 12.4402 -16.15 41.2737
    endloop
  endfacet
  facet normal 0.970027 0 0.242997
    outer loop
      vertex 12.7502 -16.15 40.0362
      vertex 12.4402 -19.15 41.2737
      vertex 12.7502 -19.15 40.0362
    endloop
  endfacet
  facet normal 0.336897 0 0.941541
    outer loop
      vertex 3.7737 -16.15 49.9402
      vertex 4.97488 -19.15 49.5104
      vertex 4.97488 -16.15 49.5104
    endloop
  endfacet
  facet normal 0.336897 0 0.941541
    outer loop
      vertex 4.97488 -19.15 49.5104
      vertex 3.7737 -16.15 49.9402
      vertex 3.7737 -19.15 49.9402
    endloop
  endfacet
  facet normal -0.427516 0 0.904008
    outer loop
      vertex -6.12816 -16.15 48.965
      vertex -4.97488 -19.15 49.5104
      vertex -4.97488 -16.15 49.5104
    endloop
  endfacet
  facet normal -0.427516 0 0.904008
    outer loop
      vertex -4.97488 -19.15 49.5104
      vertex -6.12816 -16.15 48.965
      vertex -6.12816 -19.15 48.965
    endloop
  endfacet
  facet normal 0.904011 -0 0.42751
    outer loop
      vertex 11.465 -19.15 43.6282
      vertex 12.0104 -16.15 42.4749
      vertex 11.465 -16.15 43.6282
    endloop
  endfacet
  facet normal 0.904011 0 0.42751
    outer loop
      vertex 12.0104 -16.15 42.4749
      vertex 11.465 -19.15 43.6282
      vertex 12.0104 -19.15 42.4749
    endloop
  endfacet
  facet normal 0.857707 -0 0.514138
    outer loop
      vertex 10.8091 -19.15 44.7224
      vertex 11.465 -16.15 43.6282
      vertex 10.8091 -16.15 44.7224
    endloop
  endfacet
  facet normal 0.857707 0 0.514138
    outer loop
      vertex 11.465 -16.15 43.6282
      vertex 10.8091 -19.15 44.7224
      vertex 11.465 -19.15 43.6282
    endloop
  endfacet
  facet normal 0.989177 -0 0.14673
    outer loop
      vertex 12.7502 -19.15 40.0362
      vertex 12.9374 -16.15 38.7742
      vertex 12.7502 -16.15 40.0362
    endloop
  endfacet
  facet normal 0.989177 0 0.14673
    outer loop
      vertex 12.9374 -16.15 38.7742
      vertex 12.7502 -19.15 40.0362
      vertex 12.9374 -19.15 38.7742
    endloop
  endfacet
  facet normal 0.0490689 0 0.998795
    outer loop
      vertex 0 -16.15 50.5
      vertex 1.27422 -19.15 50.4374
      vertex 1.27422 -16.15 50.4374
    endloop
  endfacet
  facet normal 0.0490689 0 0.998795
    outer loop
      vertex 1.27422 -19.15 50.4374
      vertex 0 -16.15 50.5
      vertex 0 -19.15 50.5
    endloop
  endfacet
  facet normal -0.146736 0 0.989176
    outer loop
      vertex -2.53617 -16.15 50.2502
      vertex -1.27422 -19.15 50.4374
      vertex -1.27422 -16.15 50.4374
    endloop
  endfacet
  facet normal -0.146736 0 0.989176
    outer loop
      vertex -1.27422 -19.15 50.4374
      vertex -2.53617 -16.15 50.2502
      vertex -2.53617 -19.15 50.2502
    endloop
  endfacet
  facet normal -0.514121 0 0.857718
    outer loop
      vertex -7.22241 -16.15 48.3091
      vertex -6.12816 -19.15 48.965
      vertex -6.12816 -16.15 48.965
    endloop
  endfacet
  facet normal -0.514121 0 0.857718
    outer loop
      vertex -6.12816 -19.15 48.965
      vertex -7.22241 -16.15 48.3091
      vertex -7.22241 -19.15 48.3091
    endloop
  endfacet
  facet normal -0.857707 0 0.514138
    outer loop
      vertex -11.465 -19.15 43.6282
      vertex -10.8091 -16.15 44.7224
      vertex -11.465 -16.15 43.6282
    endloop
  endfacet
  facet normal -0.857707 0 0.514138
    outer loop
      vertex -10.8091 -16.15 44.7224
      vertex -11.465 -19.15 43.6282
      vertex -10.8091 -19.15 44.7224
    endloop
  endfacet
  facet normal -0.970027 0 0.242997
    outer loop
      vertex -12.7502 -19.15 40.0362
      vertex -12.4402 -16.15 41.2737
      vertex -12.7502 -16.15 40.0362
    endloop
  endfacet
  facet normal -0.970027 0 0.242997
    outer loop
      vertex -12.4402 -16.15 41.2737
      vertex -12.7502 -19.15 40.0362
      vertex -12.4402 -19.15 41.2737
    endloop
  endfacet
  facet normal 0.595715 0 0.803196
    outer loop
      vertex 7.22241 -16.15 48.3091
      vertex 8.24711 -19.15 47.5491
      vertex 8.24711 -16.15 47.5491
    endloop
  endfacet
  facet normal 0.595715 0 0.803196
    outer loop
      vertex 8.24711 -19.15 47.5491
      vertex 7.22241 -16.15 48.3091
      vertex 7.22241 -19.15 48.3091
    endloop
  endfacet
  facet normal 0.671537 0 0.740971
    outer loop
      vertex 8.24711 -16.15 47.5491
      vertex 9.19239 -19.15 46.6924
      vertex 9.19239 -16.15 46.6924
    endloop
  endfacet
  facet normal 0.671537 0 0.740971
    outer loop
      vertex 9.19239 -19.15 46.6924
      vertex 8.24711 -16.15 47.5491
      vertex 8.24711 -19.15 47.5491
    endloop
  endfacet
  facet normal 0.514121 0 0.857718
    outer loop
      vertex 6.12816 -16.15 48.965
      vertex 7.22241 -19.15 48.3091
      vertex 7.22241 -16.15 48.3091
    endloop
  endfacet
  facet normal 0.514121 0 0.857718
    outer loop
      vertex 7.22241 -19.15 48.3091
      vertex 6.12816 -16.15 48.965
      vertex 6.12816 -19.15 48.965
    endloop
  endfacet
  facet normal 0.242991 0 0.970029
    outer loop
      vertex 2.53617 -16.15 50.2502
      vertex 3.7737 -19.15 49.9402
      vertex 3.7737 -16.15 49.9402
    endloop
  endfacet
  facet normal 0.242991 0 0.970029
    outer loop
      vertex 3.7737 -19.15 49.9402
      vertex 2.53617 -16.15 50.2502
      vertex 2.53617 -19.15 50.2502
    endloop
  endfacet
  facet normal -0.671537 0 0.740971
    outer loop
      vertex -9.19239 -16.15 46.6924
      vertex -8.24711 -19.15 47.5491
      vertex -8.24711 -16.15 47.5491
    endloop
  endfacet
  facet normal -0.671537 0 0.740971
    outer loop
      vertex -8.24711 -19.15 47.5491
      vertex -9.19239 -16.15 46.6924
      vertex -9.19239 -19.15 46.6924
    endloop
  endfacet
  facet normal -0.941543 0 0.336892
    outer loop
      vertex -12.4402 -19.15 41.2737
      vertex -12.0104 -16.15 42.4749
      vertex -12.4402 -16.15 41.2737
    endloop
  endfacet
  facet normal -0.941543 0 0.336892
    outer loop
      vertex -12.0104 -16.15 42.4749
      vertex -12.4402 -19.15 41.2737
      vertex -12.0104 -19.15 42.4749
    endloop
  endfacet
  facet normal -0.904011 0 0.42751
    outer loop
      vertex -12.0104 -19.15 42.4749
      vertex -11.465 -16.15 43.6282
      vertex -12.0104 -16.15 42.4749
    endloop
  endfacet
  facet normal -0.904011 0 0.42751
    outer loop
      vertex -11.465 -16.15 43.6282
      vertex -12.0104 -19.15 42.4749
      vertex -11.465 -19.15 43.6282
    endloop
  endfacet
  facet normal -0.989177 0 0.14673
    outer loop
      vertex -12.9374 -19.15 38.7742
      vertex -12.7502 -16.15 40.0362
      vertex -12.9374 -16.15 38.7742
    endloop
  endfacet
  facet normal -0.989177 0 0.14673
    outer loop
      vertex -12.7502 -16.15 40.0362
      vertex -12.9374 -19.15 38.7742
      vertex -12.7502 -19.15 40.0362
    endloop
  endfacet
  facet normal 0.427516 0 0.904008
    outer loop
      vertex 4.97488 -16.15 49.5104
      vertex 6.12816 -19.15 48.965
      vertex 6.12816 -16.15 48.965
    endloop
  endfacet
  facet normal 0.427516 0 0.904008
    outer loop
      vertex 6.12816 -19.15 48.965
      vertex 4.97488 -16.15 49.5104
      vertex 4.97488 -19.15 49.5104
    endloop
  endfacet
  facet normal -0.0490689 0 0.998795
    outer loop
      vertex -1.27422 -16.15 50.4374
      vertex 0 -19.15 50.5
      vertex 0 -16.15 50.5
    endloop
  endfacet
  facet normal -0.0490689 0 0.998795
    outer loop
      vertex 0 -19.15 50.5
      vertex -1.27422 -16.15 50.4374
      vertex -1.27422 -19.15 50.4374
    endloop
  endfacet
  facet normal 0.146736 0 0.989176
    outer loop
      vertex 1.27422 -16.15 50.4374
      vertex 2.53617 -19.15 50.2502
      vertex 2.53617 -16.15 50.2502
    endloop
  endfacet
  facet normal 0.146736 0 0.989176
    outer loop
      vertex 2.53617 -19.15 50.2502
      vertex 1.27422 -16.15 50.4374
      vertex 1.27422 -19.15 50.4374
    endloop
  endfacet
  facet normal -0.336897 0 0.941541
    outer loop
      vertex -4.97488 -16.15 49.5104
      vertex -3.7737 -19.15 49.9402
      vertex -3.7737 -16.15 49.9402
    endloop
  endfacet
  facet normal -0.336897 0 0.941541
    outer loop
      vertex -3.7737 -19.15 49.9402
      vertex -4.97488 -16.15 49.5104
      vertex -4.97488 -19.15 49.5104
    endloop
  endfacet
  facet normal -0.740975 0 0.671533
    outer loop
      vertex -10.0491 -19.15 45.7471
      vertex -9.19239 -16.15 46.6924
      vertex -10.0491 -16.15 45.7471
    endloop
  endfacet
  facet normal -0.740975 0 0.671533
    outer loop
      vertex -9.19239 -16.15 46.6924
      vertex -10.0491 -19.15 45.7471
      vertex -9.19239 -19.15 46.6924
    endloop
  endfacet
  facet normal -0.595715 0 0.803196
    outer loop
      vertex -8.24711 -16.15 47.5491
      vertex -7.22241 -19.15 48.3091
      vertex -7.22241 -16.15 48.3091
    endloop
  endfacet
  facet normal -0.595715 0 0.803196
    outer loop
      vertex -7.22241 -19.15 48.3091
      vertex -8.24711 -16.15 47.5491
      vertex -8.24711 -19.15 47.5491
    endloop
  endfacet
  facet normal 0 -0.780869 0.624695
    outer loop
      vertex -13 12.95 3.5
      vertex 13 20.95 13.5
      vertex -13 20.95 13.5
    endloop
  endfacet
  facet normal 0 -0.780869 0.624695
    outer loop
      vertex 13 20.95 13.5
      vertex -13 12.95 3.5
      vertex 13 12.95 3.5
    endloop
  endfacet
  facet normal 0 0.780869 0.624695
    outer loop
      vertex 13 -16.15 13.5
      vertex 0 -10.45 6.375
      vertex -13 -16.15 13.5
    endloop
  endfacet
  facet normal -0.000180942 0.780708 0.624896
    outer loop
      vertex 13 -16.15 13.5
      vertex 0.0931158 -10.4454 6.36928
      vertex 0 -10.45 6.375
    endloop
  endfacet
  facet normal -0.000126411 0.780756 0.624836
    outer loop
      vertex 13 -16.15 13.5
      vertex 0.185335 -10.4317 6.35218
      vertex 0.0931158 -10.4454 6.36928
    endloop
  endfacet
  facet normal 0.000266514 0.781099 0.624407
    outer loop
      vertex 13 -16.15 13.5
      vertex 0.27577 -10.4091 6.32387
      vertex 0.185335 -10.4317 6.35218
    endloop
  endfacet
  facet normal 3.95835e-05 0.780903 0.624652
    outer loop
      vertex 13 -16.15 13.5
      vertex 0.363549 -10.3777 6.28461
      vertex 0.27577 -10.4091 6.32387
    endloop
  endfacet
  facet normal -0.000164219 0.780729 0.62487
    outer loop
      vertex 13 -16.15 13.5
      vertex 0.447826 -10.3378 6.23478
      vertex 0.363549 -10.3777 6.28461
    endloop
  endfacet
  facet normal 0.000120028 0.780969 0.62457
    outer loop
      vertex 13 -16.15 13.5
      vertex 0.527791 -10.2899 6.17487
      vertex 0.447826 -10.3378 6.23478
    endloop
  endfacet
  facet normal 0.000145462 0.78099 0.624544
    outer loop
      vertex 13 -16.15 13.5
      vertex 0.602674 -10.2344 6.10545
      vertex 0.527791 -10.2899 6.17487
    endloop
  endfacet
  facet normal 2.9541e-05 0.780895 0.624662
    outer loop
      vertex 13 -16.15 13.5
      vertex 0.671751 -10.1718 6.02719
      vertex 0.602674 -10.2344 6.10545
    endloop
  endfacet
  facet normal -7.82643e-05 0.780808 0.624771
    outer loop
      vertex 13 -16.15 13.5
      vertex 0.73436 -10.1027 5.94084
      vertex 0.671751 -10.1718 6.02719
    endloop
  endfacet
  facet normal -7.65954e-05 0.78081 0.624769
    outer loop
      vertex 13 -16.15 13.5
      vertex 0.789896 -10.0278 5.84724
      vertex 0.73436 -10.1027 5.94084
    endloop
  endfacet
  facet normal -7.9228e-06 0.780863 0.624702
    outer loop
      vertex 13 -16.15 13.5
      vertex 0.837825 -9.94783 5.74728
      vertex 0.789896 -10.0278 5.84724
    endloop
  endfacet
  facet normal -3.85228e-07 0.780869 0.624695
    outer loop
      vertex 13 -8.15 3.5
      vertex 0.837825 -9.94783 5.74728
      vertex 13 -16.15 13.5
    endloop
  endfacet
  facet normal 1.13669e-05 0.780838 0.624734
    outer loop
      vertex 0.837825 -9.94783 5.74728
      vertex 13 -8.15 3.5
      vertex 0.877686 -9.86355 5.64194
    endloop
  endfacet
  facet normal -5.16193e-06 0.780883 0.624677
    outer loop
      vertex 0.877686 -9.86355 5.64194
      vertex 13 -8.15 3.5
      vertex 0.909093 -9.77577 5.53221
    endloop
  endfacet
  facet normal -2.53676e-06 0.780876 0.624686
    outer loop
      vertex 0.909093 -9.77577 5.53221
      vertex 13 -8.15 3.5
      vertex 0.931746 -9.68534 5.41917
    endloop
  endfacet
  facet normal -4.65551e-06 0.780882 0.624678
    outer loop
      vertex 0.931746 -9.68534 5.41917
      vertex 13 -8.15 3.5
      vertex 0.945425 -9.59312 5.30389
    endloop
  endfacet
  facet normal 7.55774e-06 0.780842 0.624728
    outer loop
      vertex 0.945425 -9.59312 5.30389
      vertex 13 -8.15 3.5
      vertex 0.95 -9.5 5.1875
    endloop
  endfacet
  facet normal 0 0.780869 0.624695
    outer loop
      vertex 0.95 -9.5 5.1875
      vertex 13 -8.15 3.5
      vertex 0.95 -8.15 3.5
    endloop
  endfacet
  facet normal 0.000180942 0.780708 0.624896
    outer loop
      vertex -0.0931158 -10.4454 6.36928
      vertex -13 -16.15 13.5
      vertex 0 -10.45 6.375
    endloop
  endfacet
  facet normal 0.000126411 0.780756 0.624836
    outer loop
      vertex -0.185335 -10.4317 6.35218
      vertex -13 -16.15 13.5
      vertex -0.0931158 -10.4454 6.36928
    endloop
  endfacet
  facet normal -0.000266514 0.781099 0.624407
    outer loop
      vertex -0.27577 -10.4091 6.32387
      vertex -13 -16.15 13.5
      vertex -0.185335 -10.4317 6.35218
    endloop
  endfacet
  facet normal -3.95835e-05 0.780903 0.624652
    outer loop
      vertex -0.363549 -10.3777 6.28461
      vertex -13 -16.15 13.5
      vertex -0.27577 -10.4091 6.32387
    endloop
  endfacet
  facet normal 0.000164219 0.780729 0.62487
    outer loop
      vertex -0.447826 -10.3378 6.23478
      vertex -13 -16.15 13.5
      vertex -0.363549 -10.3777 6.28461
    endloop
  endfacet
  facet normal -0.000120028 0.780969 0.62457
    outer loop
      vertex -0.527791 -10.2899 6.17487
      vertex -13 -16.15 13.5
      vertex -0.447826 -10.3378 6.23478
    endloop
  endfacet
  facet normal -0.000145462 0.78099 0.624544
    outer loop
      vertex -0.602674 -10.2344 6.10545
      vertex -13 -16.15 13.5
      vertex -0.527791 -10.2899 6.17487
    endloop
  endfacet
  facet normal -2.9541e-05 0.780895 0.624662
    outer loop
      vertex -0.671751 -10.1718 6.02719
      vertex -13 -16.15 13.5
      vertex -0.602674 -10.2344 6.10545
    endloop
  endfacet
  facet normal 7.82643e-05 0.780808 0.624771
    outer loop
      vertex -0.73436 -10.1027 5.94084
      vertex -13 -16.15 13.5
      vertex -0.671751 -10.1718 6.02719
    endloop
  endfacet
  facet normal 7.65954e-05 0.78081 0.624769
    outer loop
      vertex -0.789896 -10.0278 5.84724
      vertex -13 -16.15 13.5
      vertex -0.73436 -10.1027 5.94084
    endloop
  endfacet
  facet normal 7.9228e-06 0.780863 0.624702
    outer loop
      vertex -0.837825 -9.94783 5.74728
      vertex -13 -16.15 13.5
      vertex -0.789896 -10.0278 5.84724
    endloop
  endfacet
  facet normal -1.13669e-05 0.780838 0.624734
    outer loop
      vertex -13 -8.15 3.5
      vertex -0.837825 -9.94783 5.74728
      vertex -0.877686 -9.86355 5.64194
    endloop
  endfacet
  facet normal 5.16193e-06 0.780883 0.624677
    outer loop
      vertex -13 -8.15 3.5
      vertex -0.877686 -9.86355 5.64194
      vertex -0.909093 -9.77577 5.53221
    endloop
  endfacet
  facet normal 2.53676e-06 0.780876 0.624686
    outer loop
      vertex -13 -8.15 3.5
      vertex -0.909093 -9.77577 5.53221
      vertex -0.931746 -9.68534 5.41917
    endloop
  endfacet
  facet normal 4.65551e-06 0.780882 0.624678
    outer loop
      vertex -13 -8.15 3.5
      vertex -0.931746 -9.68534 5.41917
      vertex -0.945425 -9.59312 5.30389
    endloop
  endfacet
  facet normal -7.55774e-06 0.780842 0.624728
    outer loop
      vertex -13 -8.15 3.5
      vertex -0.945425 -9.59312 5.30389
      vertex -0.95 -9.5 5.1875
    endloop
  endfacet
  facet normal -0 0.780869 0.624695
    outer loop
      vertex -13 -8.15 3.5
      vertex -0.95 -9.5 5.1875
      vertex -0.95 -8.15 3.5
    endloop
  endfacet
  facet normal 3.85228e-07 0.780869 0.624695
    outer loop
      vertex -0.837825 -9.94783 5.74728
      vertex -13 -8.15 3.5
      vertex -13 -16.15 13.5
    endloop
  endfacet
  facet normal 0.998798 -0.0490197 0
    outer loop
      vertex 4.05 0 3.5
      vertex 4.05457 0.0931158 2.01
      vertex 4.05457 0.0931158 3.5
    endloop
  endfacet
  facet normal 0.998798 -0.0490197 0
    outer loop
      vertex 4.05457 0.0931158 2.01
      vertex 4.05 0 3.5
      vertex 4.05 0 2.01
    endloop
  endfacet
  facet normal 0.941571 -0.336815 0
    outer loop
      vertex 4.09091 0.27577 3.5
      vertex 4.12231 0.363549 2.01
      vertex 4.12231 0.363549 3.5
    endloop
  endfacet
  facet normal 0.941571 -0.336815 0
    outer loop
      vertex 4.12231 0.363549 2.01
      vertex 4.09091 0.27577 3.5
      vertex 4.09091 0.27577 2.01
    endloop
  endfacet
  facet normal 0.989176 -0.146736 0
    outer loop
      vertex 4.05457 0.0931158 3.5
      vertex 4.06825 0.185335 2.01
      vertex 4.06825 0.185335 3.5
    endloop
  endfacet
  facet normal 0.989176 -0.146736 0
    outer loop
      vertex 4.06825 0.185335 2.01
      vertex 4.05457 0.0931158 3.5
      vertex 4.05457 0.0931158 2.01
    endloop
  endfacet
  facet normal 0.049071 -0.998795 0
    outer loop
      vertex 4.90688 0.945425 2.01
      vertex 5 0.95 3.5
      vertex 4.90688 0.945425 3.5
    endloop
  endfacet
  facet normal 0.049071 -0.998795 0
    outer loop
      vertex 5 0.95 3.5
      vertex 4.90688 0.945425 2.01
      vertex 5 0.95 2.01
    endloop
  endfacet
  facet normal -0.049071 0.998795 0
    outer loop
      vertex 9.59312 -0.945425 2.01
      vertex 9.5 -0.95 3.5
      vertex 9.59312 -0.945425 3.5
    endloop
  endfacet
  facet normal -0.049071 0.998795 0
    outer loop
      vertex 9.5 -0.95 3.5
      vertex 9.59312 -0.945425 2.01
      vertex 9.5 -0.95 2.01
    endloop
  endfacet
  facet normal 0.740939 0.671572 0
    outer loop
      vertex 4.32825 -0.671751 3.5
      vertex 4.26564 -0.602674 2.01
      vertex 4.26564 -0.602674 3.5
    endloop
  endfacet
  facet normal 0.740939 0.671572 0
    outer loop
      vertex 4.26564 -0.602674 2.01
      vertex 4.32825 -0.671751 3.5
      vertex 4.32825 -0.671751 2.01
    endloop
  endfacet
  facet normal 0.970013 -0.243053 0
    outer loop
      vertex 4.06825 0.185335 3.5
      vertex 4.09091 0.27577 2.01
      vertex 4.09091 0.27577 3.5
    endloop
  endfacet
  facet normal 0.970013 -0.243053 0
    outer loop
      vertex 4.09091 0.27577 2.01
      vertex 4.06825 0.185335 3.5
      vertex 4.06825 0.185335 2.01
    endloop
  endfacet
  facet normal -0.998782 -0.0493407 0
    outer loop
      vertex 10.45 0 2.01
      vertex 10.4454 0.0931158 3.5
      vertex 10.4454 0.0931158 2.01
    endloop
  endfacet
  facet normal -0.998782 -0.0493407 0
    outer loop
      vertex 10.4454 0.0931158 3.5
      vertex 10.45 0 2.01
      vertex 10.45 0 3.5
    endloop
  endfacet
  facet normal 0 1 -0
    outer loop
      vertex 9.5 -0.95 2.01
      vertex 5 -0.95 3.5
      vertex 9.5 -0.95 3.5
    endloop
  endfacet
  facet normal 0 1 0
    outer loop
      vertex 5 -0.95 3.5
      vertex 9.5 -0.95 2.01
      vertex 5 -0.95 2.01
    endloop
  endfacet
  facet normal 0.514125 -0.857715 0
    outer loop
      vertex 4.47221 0.789896 2.01
      vertex 4.55217 0.837825 3.5
      vertex 4.47221 0.789896 3.5
    endloop
  endfacet
  facet normal 0.514125 -0.857715 0
    outer loop
      vertex 4.55217 0.837825 3.5
      vertex 4.47221 0.789896 2.01
      vertex 4.55217 0.837825 2.01
    endloop
  endfacet
  facet normal 0.803192 -0.59572 0
    outer loop
      vertex 4.2101 0.527791 3.5
      vertex 4.26564 0.602674 2.01
      vertex 4.26564 0.602674 3.5
    endloop
  endfacet
  facet normal 0.803192 -0.59572 0
    outer loop
      vertex 4.26564 0.602674 2.01
      vertex 4.2101 0.527791 3.5
      vertex 4.2101 0.527791 2.01
    endloop
  endfacet
  facet normal 0 -1 0
    outer loop
      vertex 5 0.95 2.01
      vertex 9.5 0.95 3.5
      vertex 5 0.95 3.5
    endloop
  endfacet
  facet normal 0 -1 -0
    outer loop
      vertex 9.5 0.95 3.5
      vertex 5 0.95 2.01
      vertex 9.5 0.95 2.01
    endloop
  endfacet
  facet normal -0.595605 -0.803277 0
    outer loop
      vertex 10.0278 0.789896 2.01
      vertex 10.1027 0.73436 3.5
      vertex 10.0278 0.789896 3.5
    endloop
  endfacet
  facet normal -0.595605 -0.803277 -0
    outer loop
      vertex 10.1027 0.73436 3.5
      vertex 10.0278 0.789896 2.01
      vertex 10.1027 0.73436 2.01
    endloop
  endfacet
  facet normal -0.049071 -0.998795 0
    outer loop
      vertex 9.5 0.95 2.01
      vertex 9.59312 0.945425 3.5
      vertex 9.5 0.95 3.5
    endloop
  endfacet
  facet normal -0.049071 -0.998795 -0
    outer loop
      vertex 9.59312 0.945425 3.5
      vertex 9.5 0.95 2.01
      vertex 9.59312 0.945425 2.01
    endloop
  endfacet
  facet normal -0.941571 -0.336815 0
    outer loop
      vertex 10.4091 0.27577 2.01
      vertex 10.3777 0.363549 3.5
      vertex 10.3777 0.363549 2.01
    endloop
  endfacet
  facet normal -0.941571 -0.336815 0
    outer loop
      vertex 10.3777 0.363549 3.5
      vertex 10.4091 0.27577 2.01
      vertex 10.4091 0.27577 3.5
    endloop
  endfacet
  facet normal -0.989144 0.146946 0
    outer loop
      vertex 10.4317 -0.185335 2.01
      vertex 10.4454 -0.0931158 3.5
      vertex 10.4454 -0.0931158 2.01
    endloop
  endfacet
  facet normal -0.989144 0.146946 0
    outer loop
      vertex 10.4454 -0.0931158 3.5
      vertex 10.4317 -0.185335 2.01
      vertex 10.4317 -0.185335 3.5
    endloop
  endfacet
  facet normal 0.427551 -0.903991 0
    outer loop
      vertex 4.55217 0.837825 2.01
      vertex 4.63645 0.877686 3.5
      vertex 4.55217 0.837825 3.5
    endloop
  endfacet
  facet normal 0.427551 -0.903991 0
    outer loop
      vertex 4.63645 0.877686 3.5
      vertex 4.55217 0.837825 2.01
      vertex 4.63645 0.877686 2.01
    endloop
  endfacet
  facet normal 0.146725 -0.989177 0
    outer loop
      vertex 4.81466 0.931746 2.01
      vertex 4.90688 0.945425 3.5
      vertex 4.81466 0.931746 3.5
    endloop
  endfacet
  facet normal 0.146725 -0.989177 0
    outer loop
      vertex 4.90688 0.945425 3.5
      vertex 4.81466 0.931746 2.01
      vertex 4.90688 0.945425 2.01
    endloop
  endfacet
  facet normal 0.90399 -0.427555 0
    outer loop
      vertex 4.12231 0.363549 3.5
      vertex 4.16217 0.447826 2.01
      vertex 4.16217 0.447826 3.5
    endloop
  endfacet
  facet normal 0.90399 -0.427555 0
    outer loop
      vertex 4.16217 0.447826 2.01
      vertex 4.12231 0.363549 3.5
      vertex 4.12231 0.363549 2.01
    endloop
  endfacet
  facet normal -0.427551 -0.903991 0
    outer loop
      vertex 9.86355 0.877686 2.01
      vertex 9.94783 0.837825 3.5
      vertex 9.86355 0.877686 3.5
    endloop
  endfacet
  facet normal -0.427551 -0.903991 -0
    outer loop
      vertex 9.94783 0.837825 3.5
      vertex 9.86355 0.877686 2.01
      vertex 9.94783 0.837825 2.01
    endloop
  endfacet
  facet normal -0.803398 -0.595443 0
    outer loop
      vertex 10.2899 0.527791 2.01
      vertex 10.2344 0.602674 3.5
      vertex 10.2344 0.602674 2.01
    endloop
  endfacet
  facet normal -0.803398 -0.595443 0
    outer loop
      vertex 10.2344 0.602674 3.5
      vertex 10.2899 0.527791 2.01
      vertex 10.2899 0.527791 3.5
    endloop
  endfacet
  facet normal -0.740992 -0.671513 0
    outer loop
      vertex 10.2344 0.602674 2.01
      vertex 10.1718 0.671751 3.5
      vertex 10.1718 0.671751 2.01
    endloop
  endfacet
  facet normal -0.740992 -0.671513 0
    outer loop
      vertex 10.1718 0.671751 3.5
      vertex 10.2344 0.602674 2.01
      vertex 10.2344 0.602674 3.5
    endloop
  endfacet
  facet normal -0.671444 -0.741056 0
    outer loop
      vertex 10.1027 0.73436 2.01
      vertex 10.1718 0.671751 3.5
      vertex 10.1027 0.73436 3.5
    endloop
  endfacet
  facet normal -0.671444 -0.741056 -0
    outer loop
      vertex 10.1718 0.671751 3.5
      vertex 10.1027 0.73436 2.01
      vertex 10.1718 0.671751 2.01
    endloop
  endfacet
  facet normal -0.595605 0.803277 0
    outer loop
      vertex 10.1027 -0.73436 2.01
      vertex 10.0278 -0.789896 3.5
      vertex 10.1027 -0.73436 3.5
    endloop
  endfacet
  facet normal -0.595605 0.803277 0
    outer loop
      vertex 10.0278 -0.789896 3.5
      vertex 10.1027 -0.73436 2.01
      vertex 10.0278 -0.789896 2.01
    endloop
  endfacet
  facet normal -0.146725 0.989177 0
    outer loop
      vertex 9.68534 -0.931746 2.01
      vertex 9.59312 -0.945425 3.5
      vertex 9.68534 -0.931746 3.5
    endloop
  endfacet
  facet normal -0.146725 0.989177 0
    outer loop
      vertex 9.59312 -0.945425 3.5
      vertex 9.68534 -0.931746 2.01
      vertex 9.59312 -0.945425 2.01
    endloop
  endfacet
  facet normal 0.049071 0.998795 -0
    outer loop
      vertex 5 -0.95 2.01
      vertex 4.90688 -0.945425 3.5
      vertex 5 -0.95 3.5
    endloop
  endfacet
  facet normal 0.049071 0.998795 0
    outer loop
      vertex 4.90688 -0.945425 3.5
      vertex 5 -0.95 2.01
      vertex 4.90688 -0.945425 2.01
    endloop
  endfacet
  facet normal 0.146725 0.989177 -0
    outer loop
      vertex 4.90688 -0.945425 2.01
      vertex 4.81466 -0.931746 3.5
      vertex 4.90688 -0.945425 3.5
    endloop
  endfacet
  facet normal 0.146725 0.989177 0
    outer loop
      vertex 4.81466 -0.931746 3.5
      vertex 4.90688 -0.945425 2.01
      vertex 4.81466 -0.931746 2.01
    endloop
  endfacet
  facet normal -0.857867 0.513872 0
    outer loop
      vertex 10.2899 -0.527791 2.01
      vertex 10.3378 -0.447826 3.5
      vertex 10.3378 -0.447826 2.01
    endloop
  endfacet
  facet normal -0.857867 0.513872 0
    outer loop
      vertex 10.3378 -0.447826 3.5
      vertex 10.2899 -0.527791 2.01
      vertex 10.2899 -0.527791 3.5
    endloop
  endfacet
  facet normal -0.803398 0.595443 0
    outer loop
      vertex 10.2344 -0.602674 2.01
      vertex 10.2899 -0.527791 3.5
      vertex 10.2899 -0.527791 2.01
    endloop
  endfacet
  facet normal -0.803398 0.595443 0
    outer loop
      vertex 10.2899 -0.527791 3.5
      vertex 10.2344 -0.602674 2.01
      vertex 10.2344 -0.602674 3.5
    endloop
  endfacet
  facet normal -0.998782 0.0493407 0
    outer loop
      vertex 10.4454 -0.0931158 2.01
      vertex 10.45 0 3.5
      vertex 10.45 0 2.01
    endloop
  endfacet
  facet normal -0.998782 0.0493407 0
    outer loop
      vertex 10.45 0 3.5
      vertex 10.4454 -0.0931158 2.01
      vertex 10.4454 -0.0931158 3.5
    endloop
  endfacet
  facet normal 0.595708 -0.803201 0
    outer loop
      vertex 4.39733 0.73436 2.01
      vertex 4.47221 0.789896 3.5
      vertex 4.39733 0.73436 3.5
    endloop
  endfacet
  facet normal 0.595708 -0.803201 0
    outer loop
      vertex 4.47221 0.789896 3.5
      vertex 4.39733 0.73436 2.01
      vertex 4.47221 0.789896 2.01
    endloop
  endfacet
  facet normal 0.740939 -0.671572 0
    outer loop
      vertex 4.26564 0.602674 3.5
      vertex 4.32825 0.671751 2.01
      vertex 4.32825 0.671751 3.5
    endloop
  endfacet
  facet normal 0.740939 -0.671572 0
    outer loop
      vertex 4.32825 0.671751 2.01
      vertex 4.26564 0.602674 3.5
      vertex 4.26564 0.602674 2.01
    endloop
  endfacet
  facet normal 0.336879 -0.941548 0
    outer loop
      vertex 4.63645 0.877686 2.01
      vertex 4.72423 0.909093 3.5
      vertex 4.63645 0.877686 3.5
    endloop
  endfacet
  facet normal 0.336879 -0.941548 0
    outer loop
      vertex 4.72423 0.909093 3.5
      vertex 4.63645 0.877686 2.01
      vertex 4.72423 0.909093 2.01
    endloop
  endfacet
  facet normal 0.857725 -0.514109 0
    outer loop
      vertex 4.16217 0.447826 3.5
      vertex 4.2101 0.527791 2.01
      vertex 4.2101 0.527791 3.5
    endloop
  endfacet
  facet normal 0.857725 -0.514109 0
    outer loop
      vertex 4.2101 0.527791 2.01
      vertex 4.16217 0.447826 3.5
      vertex 4.16217 0.447826 2.01
    endloop
  endfacet
  facet normal -0.514078 -0.857744 0
    outer loop
      vertex 9.94783 0.837825 2.01
      vertex 10.0278 0.789896 3.5
      vertex 9.94783 0.837825 3.5
    endloop
  endfacet
  facet normal -0.514078 -0.857744 -0
    outer loop
      vertex 10.0278 0.789896 3.5
      vertex 9.94783 0.837825 2.01
      vertex 10.0278 0.789896 2.01
    endloop
  endfacet
  facet normal -0.146725 -0.989177 0
    outer loop
      vertex 9.59312 0.945425 2.01
      vertex 9.68534 0.931746 3.5
      vertex 9.59312 0.945425 3.5
    endloop
  endfacet
  facet normal -0.146725 -0.989177 -0
    outer loop
      vertex 9.68534 0.931746 3.5
      vertex 9.59312 0.945425 2.01
      vertex 9.68534 0.931746 2.01
    endloop
  endfacet
  facet normal -0.242995 -0.970028 0
    outer loop
      vertex 9.68534 0.931746 2.01
      vertex 9.77577 0.909093 3.5
      vertex 9.68534 0.931746 3.5
    endloop
  endfacet
  facet normal -0.242995 -0.970028 -0
    outer loop
      vertex 9.77577 0.909093 3.5
      vertex 9.68534 0.931746 2.01
      vertex 9.77577 0.909093 2.01
    endloop
  endfacet
  facet normal -0.336879 -0.941548 0
    outer loop
      vertex 9.77577 0.909093 2.01
      vertex 9.86355 0.877686 3.5
      vertex 9.77577 0.909093 3.5
    endloop
  endfacet
  facet normal -0.336879 -0.941548 -0
    outer loop
      vertex 9.86355 0.877686 3.5
      vertex 9.77577 0.909093 2.01
      vertex 9.86355 0.877686 2.01
    endloop
  endfacet
  facet normal -0.989144 -0.146946 0
    outer loop
      vertex 10.4454 0.0931158 2.01
      vertex 10.4317 0.185335 3.5
      vertex 10.4317 0.185335 2.01
    endloop
  endfacet
  facet normal -0.989144 -0.146946 0
    outer loop
      vertex 10.4317 0.185335 3.5
      vertex 10.4454 0.0931158 2.01
      vertex 10.4454 0.0931158 3.5
    endloop
  endfacet
  facet normal -0.857867 -0.513872 0
    outer loop
      vertex 10.3378 0.447826 2.01
      vertex 10.2899 0.527791 3.5
      vertex 10.2899 0.527791 2.01
    endloop
  endfacet
  facet normal -0.857867 -0.513872 0
    outer loop
      vertex 10.2899 0.527791 3.5
      vertex 10.3378 0.447826 2.01
      vertex 10.3378 0.447826 3.5
    endloop
  endfacet
  facet normal -0.903824 -0.427905 0
    outer loop
      vertex 10.3777 0.363549 2.01
      vertex 10.3378 0.447826 3.5
      vertex 10.3378 0.447826 2.01
    endloop
  endfacet
  facet normal -0.903824 -0.427905 0
    outer loop
      vertex 10.3378 0.447826 3.5
      vertex 10.3777 0.363549 2.01
      vertex 10.3777 0.363549 3.5
    endloop
  endfacet
  facet normal -0.671444 0.741056 0
    outer loop
      vertex 10.1718 -0.671751 2.01
      vertex 10.1027 -0.73436 3.5
      vertex 10.1718 -0.671751 3.5
    endloop
  endfacet
  facet normal -0.671444 0.741056 0
    outer loop
      vertex 10.1027 -0.73436 3.5
      vertex 10.1718 -0.671751 2.01
      vertex 10.1027 -0.73436 2.01
    endloop
  endfacet
  facet normal 0.427551 0.903991 -0
    outer loop
      vertex 4.63645 -0.877686 2.01
      vertex 4.55217 -0.837825 3.5
      vertex 4.63645 -0.877686 3.5
    endloop
  endfacet
  facet normal 0.427551 0.903991 0
    outer loop
      vertex 4.55217 -0.837825 3.5
      vertex 4.63645 -0.877686 2.01
      vertex 4.55217 -0.837825 2.01
    endloop
  endfacet
  facet normal 0.336879 0.941548 -0
    outer loop
      vertex 4.72423 -0.909093 2.01
      vertex 4.63645 -0.877686 3.5
      vertex 4.72423 -0.909093 3.5
    endloop
  endfacet
  facet normal 0.336879 0.941548 0
    outer loop
      vertex 4.63645 -0.877686 3.5
      vertex 4.72423 -0.909093 2.01
      vertex 4.63645 -0.877686 2.01
    endloop
  endfacet
  facet normal -0.941571 0.336815 0
    outer loop
      vertex 10.3777 -0.363549 2.01
      vertex 10.4091 -0.27577 3.5
      vertex 10.4091 -0.27577 2.01
    endloop
  endfacet
  facet normal -0.941571 0.336815 0
    outer loop
      vertex 10.4091 -0.27577 3.5
      vertex 10.3777 -0.363549 2.01
      vertex 10.3777 -0.363549 3.5
    endloop
  endfacet
  facet normal -0.903824 0.427905 0
    outer loop
      vertex 10.3378 -0.447826 2.01
      vertex 10.3777 -0.363549 3.5
      vertex 10.3777 -0.363549 2.01
    endloop
  endfacet
  facet normal -0.903824 0.427905 0
    outer loop
      vertex 10.3777 -0.363549 3.5
      vertex 10.3378 -0.447826 2.01
      vertex 10.3378 -0.447826 3.5
    endloop
  endfacet
  facet normal -0.970165 0.242447 0
    outer loop
      vertex 10.4091 -0.27577 2.01
      vertex 10.4317 -0.185335 3.5
      vertex 10.4317 -0.185335 2.01
    endloop
  endfacet
  facet normal -0.970165 0.242447 0
    outer loop
      vertex 10.4317 -0.185335 3.5
      vertex 10.4091 -0.27577 2.01
      vertex 10.4091 -0.27577 3.5
    endloop
  endfacet
  facet normal 0.67155 -0.740959 0
    outer loop
      vertex 4.32825 0.671751 2.01
      vertex 4.39733 0.73436 3.5
      vertex 4.32825 0.671751 3.5
    endloop
  endfacet
  facet normal 0.67155 -0.740959 0
    outer loop
      vertex 4.39733 0.73436 3.5
      vertex 4.32825 0.671751 2.01
      vertex 4.39733 0.73436 2.01
    endloop
  endfacet
  facet normal 0.242995 -0.970028 0
    outer loop
      vertex 4.72423 0.909093 2.01
      vertex 4.81466 0.931746 3.5
      vertex 4.72423 0.909093 3.5
    endloop
  endfacet
  facet normal 0.242995 -0.970028 0
    outer loop
      vertex 4.81466 0.931746 3.5
      vertex 4.72423 0.909093 2.01
      vertex 4.81466 0.931746 2.01
    endloop
  endfacet
  facet normal -0.970165 -0.242447 0
    outer loop
      vertex 10.4317 0.185335 2.01
      vertex 10.4091 0.27577 3.5
      vertex 10.4091 0.27577 2.01
    endloop
  endfacet
  facet normal -0.970165 -0.242447 0
    outer loop
      vertex 10.4091 0.27577 3.5
      vertex 10.4317 0.185335 2.01
      vertex 10.4317 0.185335 3.5
    endloop
  endfacet
  facet normal -0.427551 0.903991 0
    outer loop
      vertex 9.94783 -0.837825 2.01
      vertex 9.86355 -0.877686 3.5
      vertex 9.94783 -0.837825 3.5
    endloop
  endfacet
  facet normal -0.427551 0.903991 0
    outer loop
      vertex 9.86355 -0.877686 3.5
      vertex 9.94783 -0.837825 2.01
      vertex 9.86355 -0.877686 2.01
    endloop
  endfacet
  facet normal -0.740992 0.671513 0
    outer loop
      vertex 10.1718 -0.671751 2.01
      vertex 10.2344 -0.602674 3.5
      vertex 10.2344 -0.602674 2.01
    endloop
  endfacet
  facet normal -0.740992 0.671513 0
    outer loop
      vertex 10.2344 -0.602674 3.5
      vertex 10.1718 -0.671751 2.01
      vertex 10.1718 -0.671751 3.5
    endloop
  endfacet
  facet normal -0.336879 0.941548 0
    outer loop
      vertex 9.86355 -0.877686 2.01
      vertex 9.77577 -0.909093 3.5
      vertex 9.86355 -0.877686 3.5
    endloop
  endfacet
  facet normal -0.336879 0.941548 0
    outer loop
      vertex 9.77577 -0.909093 3.5
      vertex 9.86355 -0.877686 2.01
      vertex 9.77577 -0.909093 2.01
    endloop
  endfacet
  facet normal -0.242995 0.970028 0
    outer loop
      vertex 9.77577 -0.909093 2.01
      vertex 9.68534 -0.931746 3.5
      vertex 9.77577 -0.909093 3.5
    endloop
  endfacet
  facet normal -0.242995 0.970028 0
    outer loop
      vertex 9.68534 -0.931746 3.5
      vertex 9.77577 -0.909093 2.01
      vertex 9.68534 -0.931746 2.01
    endloop
  endfacet
  facet normal 0.998798 0.0490197 0
    outer loop
      vertex 4.05457 -0.0931158 3.5
      vertex 4.05 0 2.01
      vertex 4.05 0 3.5
    endloop
  endfacet
  facet normal 0.998798 0.0490197 0
    outer loop
      vertex 4.05 0 2.01
      vertex 4.05457 -0.0931158 3.5
      vertex 4.05457 -0.0931158 2.01
    endloop
  endfacet
  facet normal 0.514125 0.857715 -0
    outer loop
      vertex 4.55217 -0.837825 2.01
      vertex 4.47221 -0.789896 3.5
      vertex 4.55217 -0.837825 3.5
    endloop
  endfacet
  facet normal 0.514125 0.857715 0
    outer loop
      vertex 4.47221 -0.789896 3.5
      vertex 4.55217 -0.837825 2.01
      vertex 4.47221 -0.789896 2.01
    endloop
  endfacet
  facet normal 0.595708 0.803201 -0
    outer loop
      vertex 4.47221 -0.789896 2.01
      vertex 4.39733 -0.73436 3.5
      vertex 4.47221 -0.789896 3.5
    endloop
  endfacet
  facet normal 0.595708 0.803201 0
    outer loop
      vertex 4.39733 -0.73436 3.5
      vertex 4.47221 -0.789896 2.01
      vertex 4.39733 -0.73436 2.01
    endloop
  endfacet
  facet normal 0.67155 0.740959 -0
    outer loop
      vertex 4.39733 -0.73436 2.01
      vertex 4.32825 -0.671751 3.5
      vertex 4.39733 -0.73436 3.5
    endloop
  endfacet
  facet normal 0.67155 0.740959 0
    outer loop
      vertex 4.32825 -0.671751 3.5
      vertex 4.39733 -0.73436 2.01
      vertex 4.32825 -0.671751 2.01
    endloop
  endfacet
  facet normal 0.242995 0.970028 -0
    outer loop
      vertex 4.81466 -0.931746 2.01
      vertex 4.72423 -0.909093 3.5
      vertex 4.81466 -0.931746 3.5
    endloop
  endfacet
  facet normal 0.242995 0.970028 0
    outer loop
      vertex 4.72423 -0.909093 3.5
      vertex 4.81466 -0.931746 2.01
      vertex 4.72423 -0.909093 2.01
    endloop
  endfacet
  facet normal -0.514078 0.857744 0
    outer loop
      vertex 10.0278 -0.789896 2.01
      vertex 9.94783 -0.837825 3.5
      vertex 10.0278 -0.789896 3.5
    endloop
  endfacet
  facet normal -0.514078 0.857744 0
    outer loop
      vertex 9.94783 -0.837825 3.5
      vertex 10.0278 -0.789896 2.01
      vertex 9.94783 -0.837825 2.01
    endloop
  endfacet
  facet normal 0.857725 0.514109 0
    outer loop
      vertex 4.2101 -0.527791 3.5
      vertex 4.16217 -0.447826 2.01
      vertex 4.16217 -0.447826 3.5
    endloop
  endfacet
  facet normal 0.857725 0.514109 0
    outer loop
      vertex 4.16217 -0.447826 2.01
      vertex 4.2101 -0.527791 3.5
      vertex 4.2101 -0.527791 2.01
    endloop
  endfacet
  facet normal 0.941571 0.336815 0
    outer loop
      vertex 4.12231 -0.363549 3.5
      vertex 4.09091 -0.27577 2.01
      vertex 4.09091 -0.27577 3.5
    endloop
  endfacet
  facet normal 0.941571 0.336815 0
    outer loop
      vertex 4.09091 -0.27577 2.01
      vertex 4.12231 -0.363549 3.5
      vertex 4.12231 -0.363549 2.01
    endloop
  endfacet
  facet normal 0.90399 0.427555 0
    outer loop
      vertex 4.16217 -0.447826 3.5
      vertex 4.12231 -0.363549 2.01
      vertex 4.12231 -0.363549 3.5
    endloop
  endfacet
  facet normal 0.90399 0.427555 0
    outer loop
      vertex 4.12231 -0.363549 2.01
      vertex 4.16217 -0.447826 3.5
      vertex 4.16217 -0.447826 2.01
    endloop
  endfacet
  facet normal 0.803192 0.59572 0
    outer loop
      vertex 4.26564 -0.602674 3.5
      vertex 4.2101 -0.527791 2.01
      vertex 4.2101 -0.527791 3.5
    endloop
  endfacet
  facet normal 0.803192 0.59572 0
    outer loop
      vertex 4.2101 -0.527791 2.01
      vertex 4.26564 -0.602674 3.5
      vertex 4.26564 -0.602674 2.01
    endloop
  endfacet
  facet normal 0.989176 0.146736 0
    outer loop
      vertex 4.06825 -0.185335 3.5
      vertex 4.05457 -0.0931158 2.01
      vertex 4.05457 -0.0931158 3.5
    endloop
  endfacet
  facet normal 0.989176 0.146736 0
    outer loop
      vertex 4.05457 -0.0931158 2.01
      vertex 4.06825 -0.185335 3.5
      vertex 4.06825 -0.185335 2.01
    endloop
  endfacet
  facet normal 0.970013 0.243053 0
    outer loop
      vertex 4.09091 -0.27577 3.5
      vertex 4.06825 -0.185335 2.01
      vertex 4.06825 -0.185335 3.5
    endloop
  endfacet
  facet normal 0.970013 0.243053 0
    outer loop
      vertex 4.06825 -0.185335 2.01
      vertex 4.09091 -0.27577 3.5
      vertex 4.09091 -0.27577 2.01
    endloop
  endfacet
  facet normal 0.0490197 0.998798 -0
    outer loop
      vertex 0 4.05 2.01
      vertex -0.0931158 4.05457 3.5
      vertex 0 4.05 3.5
    endloop
  endfacet
  facet normal 0.0490197 0.998798 0
    outer loop
      vertex -0.0931158 4.05457 3.5
      vertex 0 4.05 2.01
      vertex -0.0931158 4.05457 2.01
    endloop
  endfacet
  facet normal 0.989177 0.146725 0
    outer loop
      vertex -0.931746 4.81466 3.5
      vertex -0.945425 4.90688 2.01
      vertex -0.945425 4.90688 3.5
    endloop
  endfacet
  facet normal 0.989177 0.146725 0
    outer loop
      vertex -0.945425 4.90688 2.01
      vertex -0.931746 4.81466 3.5
      vertex -0.931746 4.81466 2.01
    endloop
  endfacet
  facet normal 0.336815 0.941571 -0
    outer loop
      vertex -0.27577 4.09091 2.01
      vertex -0.363549 4.12231 3.5
      vertex -0.27577 4.09091 3.5
    endloop
  endfacet
  facet normal 0.336815 0.941571 0
    outer loop
      vertex -0.363549 4.12231 3.5
      vertex -0.27577 4.09091 2.01
      vertex -0.363549 4.12231 2.01
    endloop
  endfacet
  facet normal 0.998795 0.049071 0
    outer loop
      vertex -0.945425 4.90688 3.5
      vertex -0.95 5 2.01
      vertex -0.95 5 3.5
    endloop
  endfacet
  facet normal 0.998795 0.049071 0
    outer loop
      vertex -0.95 5 2.01
      vertex -0.945425 4.90688 3.5
      vertex -0.945425 4.90688 2.01
    endloop
  endfacet
  facet normal -0.998795 -0.049071 0
    outer loop
      vertex 0.95 9.5 2.01
      vertex 0.945425 9.59312 3.5
      vertex 0.945425 9.59312 2.01
    endloop
  endfacet
  facet normal -0.998795 -0.049071 0
    outer loop
      vertex 0.945425 9.59312 3.5
      vertex 0.95 9.5 2.01
      vertex 0.95 9.5 3.5
    endloop
  endfacet
  facet normal -0.671572 0.740939 0
    outer loop
      vertex 0.671751 4.32825 2.01
      vertex 0.602674 4.26564 3.5
      vertex 0.671751 4.32825 3.5
    endloop
  endfacet
  facet normal -0.671572 0.740939 0
    outer loop
      vertex 0.602674 4.26564 3.5
      vertex 0.671751 4.32825 2.01
      vertex 0.602674 4.26564 2.01
    endloop
  endfacet
  facet normal -0.242447 -0.970165 0
    outer loop
      vertex 0.185335 10.4317 2.01
      vertex 0.27577 10.4091 3.5
      vertex 0.185335 10.4317 3.5
    endloop
  endfacet
  facet normal -0.242447 -0.970165 -0
    outer loop
      vertex 0.27577 10.4091 3.5
      vertex 0.185335 10.4317 2.01
      vertex 0.27577 10.4091 2.01
    endloop
  endfacet
  facet normal 0.803201 0.595708 0
    outer loop
      vertex -0.73436 4.39733 3.5
      vertex -0.789896 4.47221 2.01
      vertex -0.789896 4.47221 3.5
    endloop
  endfacet
  facet normal 0.803201 0.595708 0
    outer loop
      vertex -0.789896 4.47221 2.01
      vertex -0.73436 4.39733 3.5
      vertex -0.73436 4.39733 2.01
    endloop
  endfacet
  facet normal 0.0493407 -0.998782 0
    outer loop
      vertex -0.0931158 10.4454 2.01
      vertex 0 10.45 3.5
      vertex -0.0931158 10.4454 3.5
    endloop
  endfacet
  facet normal 0.0493407 -0.998782 0
    outer loop
      vertex 0 10.45 3.5
      vertex -0.0931158 10.4454 2.01
      vertex 0 10.45 2.01
    endloop
  endfacet
  facet normal -1 0 0
    outer loop
      vertex 0.95 5 2.01
      vertex 0.95 9.5 3.5
      vertex 0.95 9.5 2.01
    endloop
  endfacet
  facet normal -1 -0 0
    outer loop
      vertex 0.95 9.5 3.5
      vertex 0.95 5 2.01
      vertex 0.95 5 3.5
    endloop
  endfacet
  facet normal 0.146736 0.989176 -0
    outer loop
      vertex -0.0931158 4.05457 2.01
      vertex -0.185335 4.06825 3.5
      vertex -0.0931158 4.05457 3.5
    endloop
  endfacet
  facet normal 0.146736 0.989176 0
    outer loop
      vertex -0.185335 4.06825 3.5
      vertex -0.0931158 4.05457 2.01
      vertex -0.185335 4.06825 2.01
    endloop
  endfacet
  facet normal 0.857715 0.514125 0
    outer loop
      vertex -0.789896 4.47221 3.5
      vertex -0.837825 4.55217 2.01
      vertex -0.837825 4.55217 3.5
    endloop
  endfacet
  facet normal 0.857715 0.514125 0
    outer loop
      vertex -0.837825 4.55217 2.01
      vertex -0.789896 4.47221 3.5
      vertex -0.789896 4.47221 2.01
    endloop
  endfacet
  facet normal 0.59572 0.803192 -0
    outer loop
      vertex -0.527791 4.2101 2.01
      vertex -0.602674 4.26564 3.5
      vertex -0.527791 4.2101 3.5
    endloop
  endfacet
  facet normal 0.59572 0.803192 0
    outer loop
      vertex -0.602674 4.26564 3.5
      vertex -0.527791 4.2101 2.01
      vertex -0.602674 4.26564 2.01
    endloop
  endfacet
  facet normal 1 -0 0
    outer loop
      vertex -0.95 5 3.5
      vertex -0.95 9.5 2.01
      vertex -0.95 9.5 3.5
    endloop
  endfacet
  facet normal 1 0 0
    outer loop
      vertex -0.95 9.5 2.01
      vertex -0.95 5 3.5
      vertex -0.95 5 2.01
    endloop
  endfacet
  facet normal 0.803277 -0.595605 0
    outer loop
      vertex -0.789896 10.0278 3.5
      vertex -0.73436 10.1027 2.01
      vertex -0.73436 10.1027 3.5
    endloop
  endfacet
  facet normal 0.803277 -0.595605 0
    outer loop
      vertex -0.73436 10.1027 2.01
      vertex -0.789896 10.0278 3.5
      vertex -0.789896 10.0278 2.01
    endloop
  endfacet
  facet normal 0.998795 -0.049071 0
    outer loop
      vertex -0.95 9.5 3.5
      vertex -0.945425 9.59312 2.01
      vertex -0.945425 9.59312 3.5
    endloop
  endfacet
  facet normal 0.998795 -0.049071 0
    outer loop
      vertex -0.945425 9.59312 2.01
      vertex -0.95 9.5 3.5
      vertex -0.95 9.5 2.01
    endloop
  endfacet
  facet normal 0.336815 -0.941571 0
    outer loop
      vertex -0.363549 10.3777 2.01
      vertex -0.27577 10.4091 3.5
      vertex -0.363549 10.3777 3.5
    endloop
  endfacet
  facet normal 0.336815 -0.941571 0
    outer loop
      vertex -0.27577 10.4091 3.5
      vertex -0.363549 10.3777 2.01
      vertex -0.27577 10.4091 2.01
    endloop
  endfacet
  facet normal -0.513872 -0.857867 0
    outer loop
      vertex 0.447826 10.3378 2.01
      vertex 0.527791 10.2899 3.5
      vertex 0.447826 10.3378 3.5
    endloop
  endfacet
  facet normal -0.513872 -0.857867 -0
    outer loop
      vertex 0.527791 10.2899 3.5
      vertex 0.447826 10.3378 2.01
      vertex 0.527791 10.2899 2.01
    endloop
  endfacet
  facet normal -0.146946 -0.989144 0
    outer loop
      vertex 0.0931158 10.4454 2.01
      vertex 0.185335 10.4317 3.5
      vertex 0.0931158 10.4454 3.5
    endloop
  endfacet
  facet normal -0.146946 -0.989144 -0
    outer loop
      vertex 0.185335 10.4317 3.5
      vertex 0.0931158 10.4454 2.01
      vertex 0.185335 10.4317 2.01
    endloop
  endfacet
  facet normal 0.243053 0.970013 -0
    outer loop
      vertex -0.185335 4.06825 2.01
      vertex -0.27577 4.09091 3.5
      vertex -0.185335 4.06825 3.5
    endloop
  endfacet
  facet normal 0.243053 0.970013 0
    outer loop
      vertex -0.27577 4.09091 3.5
      vertex -0.185335 4.06825 2.01
      vertex -0.27577 4.09091 2.01
    endloop
  endfacet
  facet normal 0.903991 0.427551 0
    outer loop
      vertex -0.837825 4.55217 3.5
      vertex -0.877686 4.63645 2.01
      vertex -0.877686 4.63645 3.5
    endloop
  endfacet
  facet normal 0.903991 0.427551 0
    outer loop
      vertex -0.877686 4.63645 2.01
      vertex -0.837825 4.55217 3.5
      vertex -0.837825 4.55217 2.01
    endloop
  endfacet
  facet normal 0.427555 0.90399 -0
    outer loop
      vertex -0.363549 4.12231 2.01
      vertex -0.447826 4.16217 3.5
      vertex -0.363549 4.12231 3.5
    endloop
  endfacet
  facet normal 0.427555 0.90399 0
    outer loop
      vertex -0.447826 4.16217 3.5
      vertex -0.363549 4.12231 2.01
      vertex -0.447826 4.16217 2.01
    endloop
  endfacet
  facet normal 0.514109 0.857725 -0
    outer loop
      vertex -0.447826 4.16217 2.01
      vertex -0.527791 4.2101 3.5
      vertex -0.447826 4.16217 3.5
    endloop
  endfacet
  facet normal 0.514109 0.857725 0
    outer loop
      vertex -0.527791 4.2101 3.5
      vertex -0.447826 4.16217 2.01
      vertex -0.527791 4.2101 2.01
    endloop
  endfacet
  facet normal 0.903991 -0.427551 0
    outer loop
      vertex -0.877686 9.86355 3.5
      vertex -0.837825 9.94783 2.01
      vertex -0.837825 9.94783 3.5
    endloop
  endfacet
  facet normal 0.903991 -0.427551 0
    outer loop
      vertex -0.837825 9.94783 2.01
      vertex -0.877686 9.86355 3.5
      vertex -0.877686 9.86355 2.01
    endloop
  endfacet
  facet normal 0.595443 -0.803398 0
    outer loop
      vertex -0.602674 10.2344 2.01
      vertex -0.527791 10.2899 3.5
      vertex -0.602674 10.2344 3.5
    endloop
  endfacet
  facet normal 0.595443 -0.803398 0
    outer loop
      vertex -0.527791 10.2899 3.5
      vertex -0.602674 10.2344 2.01
      vertex -0.527791 10.2899 2.01
    endloop
  endfacet
  facet normal 0.671513 -0.740992 0
    outer loop
      vertex -0.671751 10.1718 2.01
      vertex -0.602674 10.2344 3.5
      vertex -0.671751 10.1718 3.5
    endloop
  endfacet
  facet normal 0.671513 -0.740992 0
    outer loop
      vertex -0.602674 10.2344 3.5
      vertex -0.671751 10.1718 2.01
      vertex -0.602674 10.2344 2.01
    endloop
  endfacet
  facet normal 0.741056 -0.671444 0
    outer loop
      vertex -0.73436 10.1027 3.5
      vertex -0.671751 10.1718 2.01
      vertex -0.671751 10.1718 3.5
    endloop
  endfacet
  facet normal 0.741056 -0.671444 0
    outer loop
      vertex -0.671751 10.1718 2.01
      vertex -0.73436 10.1027 3.5
      vertex -0.73436 10.1027 2.01
    endloop
  endfacet
  facet normal -0.803277 -0.595605 0
    outer loop
      vertex 0.789896 10.0278 2.01
      vertex 0.73436 10.1027 3.5
      vertex 0.73436 10.1027 2.01
    endloop
  endfacet
  facet normal -0.803277 -0.595605 0
    outer loop
      vertex 0.73436 10.1027 3.5
      vertex 0.789896 10.0278 2.01
      vertex 0.789896 10.0278 3.5
    endloop
  endfacet
  facet normal -0.998795 0.049071 0
    outer loop
      vertex 0.945425 4.90688 2.01
      vertex 0.95 5 3.5
      vertex 0.95 5 2.01
    endloop
  endfacet
  facet normal -0.998795 0.049071 0
    outer loop
      vertex 0.95 5 3.5
      vertex 0.945425 4.90688 2.01
      vertex 0.945425 4.90688 3.5
    endloop
  endfacet
  facet normal -0.989177 0.146725 0
    outer loop
      vertex 0.931746 4.81466 2.01
      vertex 0.945425 4.90688 3.5
      vertex 0.945425 4.90688 2.01
    endloop
  endfacet
  facet normal -0.989177 0.146725 0
    outer loop
      vertex 0.945425 4.90688 3.5
      vertex 0.931746 4.81466 2.01
      vertex 0.931746 4.81466 3.5
    endloop
  endfacet
  facet normal -0.336815 -0.941571 0
    outer loop
      vertex 0.27577 10.4091 2.01
      vertex 0.363549 10.3777 3.5
      vertex 0.27577 10.4091 3.5
    endloop
  endfacet
  facet normal -0.336815 -0.941571 -0
    outer loop
      vertex 0.363549 10.3777 3.5
      vertex 0.27577 10.4091 2.01
      vertex 0.363549 10.3777 2.01
    endloop
  endfacet
  facet normal -0.595443 -0.803398 0
    outer loop
      vertex 0.527791 10.2899 2.01
      vertex 0.602674 10.2344 3.5
      vertex 0.527791 10.2899 3.5
    endloop
  endfacet
  facet normal -0.595443 -0.803398 -0
    outer loop
      vertex 0.602674 10.2344 3.5
      vertex 0.527791 10.2899 2.01
      vertex 0.602674 10.2344 2.01
    endloop
  endfacet
  facet normal -0.0493407 -0.998782 0
    outer loop
      vertex 0 10.45 2.01
      vertex 0.0931158 10.4454 3.5
      vertex 0 10.45 3.5
    endloop
  endfacet
  facet normal -0.0493407 -0.998782 -0
    outer loop
      vertex 0.0931158 10.4454 3.5
      vertex 0 10.45 2.01
      vertex 0.0931158 10.4454 2.01
    endloop
  endfacet
  facet normal 0.740959 0.67155 0
    outer loop
      vertex -0.671751 4.32825 3.5
      vertex -0.73436 4.39733 2.01
      vertex -0.73436 4.39733 3.5
    endloop
  endfacet
  facet normal 0.740959 0.67155 0
    outer loop
      vertex -0.73436 4.39733 2.01
      vertex -0.671751 4.32825 3.5
      vertex -0.671751 4.32825 2.01
    endloop
  endfacet
  facet normal 0.671572 0.740939 -0
    outer loop
      vertex -0.602674 4.26564 2.01
      vertex -0.671751 4.32825 3.5
      vertex -0.602674 4.26564 3.5
    endloop
  endfacet
  facet normal 0.671572 0.740939 0
    outer loop
      vertex -0.671751 4.32825 3.5
      vertex -0.602674 4.26564 2.01
      vertex -0.671751 4.32825 2.01
    endloop
  endfacet
  facet normal 0.970028 0.242995 0
    outer loop
      vertex -0.909093 4.72423 3.5
      vertex -0.931746 4.81466 2.01
      vertex -0.931746 4.81466 3.5
    endloop
  endfacet
  facet normal 0.970028 0.242995 0
    outer loop
      vertex -0.931746 4.81466 2.01
      vertex -0.909093 4.72423 3.5
      vertex -0.909093 4.72423 2.01
    endloop
  endfacet
  facet normal 0.941548 0.336879 0
    outer loop
      vertex -0.877686 4.63645 3.5
      vertex -0.909093 4.72423 2.01
      vertex -0.909093 4.72423 3.5
    endloop
  endfacet
  facet normal 0.941548 0.336879 0
    outer loop
      vertex -0.909093 4.72423 2.01
      vertex -0.877686 4.63645 3.5
      vertex -0.877686 4.63645 2.01
    endloop
  endfacet
  facet normal 0.857744 -0.514078 0
    outer loop
      vertex -0.837825 9.94783 3.5
      vertex -0.789896 10.0278 2.01
      vertex -0.789896 10.0278 3.5
    endloop
  endfacet
  facet normal 0.857744 -0.514078 0
    outer loop
      vertex -0.789896 10.0278 2.01
      vertex -0.837825 9.94783 3.5
      vertex -0.837825 9.94783 2.01
    endloop
  endfacet
  facet normal 0.989177 -0.146725 0
    outer loop
      vertex -0.945425 9.59312 3.5
      vertex -0.931746 9.68534 2.01
      vertex -0.931746 9.68534 3.5
    endloop
  endfacet
  facet normal 0.989177 -0.146725 0
    outer loop
      vertex -0.931746 9.68534 2.01
      vertex -0.945425 9.59312 3.5
      vertex -0.945425 9.59312 2.01
    endloop
  endfacet
  facet normal 0.970028 -0.242995 0
    outer loop
      vertex -0.931746 9.68534 3.5
      vertex -0.909093 9.77577 2.01
      vertex -0.909093 9.77577 3.5
    endloop
  endfacet
  facet normal 0.970028 -0.242995 0
    outer loop
      vertex -0.909093 9.77577 2.01
      vertex -0.931746 9.68534 3.5
      vertex -0.931746 9.68534 2.01
    endloop
  endfacet
  facet normal 0.941548 -0.336879 0
    outer loop
      vertex -0.909093 9.77577 3.5
      vertex -0.877686 9.86355 2.01
      vertex -0.877686 9.86355 3.5
    endloop
  endfacet
  facet normal 0.941548 -0.336879 0
    outer loop
      vertex -0.877686 9.86355 2.01
      vertex -0.909093 9.77577 3.5
      vertex -0.909093 9.77577 2.01
    endloop
  endfacet
  facet normal 0.146946 -0.989144 0
    outer loop
      vertex -0.185335 10.4317 2.01
      vertex -0.0931158 10.4454 3.5
      vertex -0.185335 10.4317 3.5
    endloop
  endfacet
  facet normal 0.146946 -0.989144 0
    outer loop
      vertex -0.0931158 10.4454 3.5
      vertex -0.185335 10.4317 2.01
      vertex -0.0931158 10.4454 2.01
    endloop
  endfacet
  facet normal 0.513872 -0.857867 0
    outer loop
      vertex -0.527791 10.2899 2.01
      vertex -0.447826 10.3378 3.5
      vertex -0.527791 10.2899 3.5
    endloop
  endfacet
  facet normal 0.513872 -0.857867 0
    outer loop
      vertex -0.447826 10.3378 3.5
      vertex -0.527791 10.2899 2.01
      vertex -0.447826 10.3378 2.01
    endloop
  endfacet
  facet normal 0.427905 -0.903824 0
    outer loop
      vertex -0.447826 10.3378 2.01
      vertex -0.363549 10.3777 3.5
      vertex -0.447826 10.3378 3.5
    endloop
  endfacet
  facet normal 0.427905 -0.903824 0
    outer loop
      vertex -0.363549 10.3777 3.5
      vertex -0.447826 10.3378 2.01
      vertex -0.363549 10.3777 2.01
    endloop
  endfacet
  facet normal -0.857744 -0.514078 0
    outer loop
      vertex 0.837825 9.94783 2.01
      vertex 0.789896 10.0278 3.5
      vertex 0.789896 10.0278 2.01
    endloop
  endfacet
  facet normal -0.857744 -0.514078 0
    outer loop
      vertex 0.789896 10.0278 3.5
      vertex 0.837825 9.94783 2.01
      vertex 0.837825 9.94783 3.5
    endloop
  endfacet
  facet normal -0.989177 -0.146725 0
    outer loop
      vertex 0.945425 9.59312 2.01
      vertex 0.931746 9.68534 3.5
      vertex 0.931746 9.68534 2.01
    endloop
  endfacet
  facet normal -0.989177 -0.146725 0
    outer loop
      vertex 0.931746 9.68534 3.5
      vertex 0.945425 9.59312 2.01
      vertex 0.945425 9.59312 3.5
    endloop
  endfacet
  facet normal -0.740959 0.67155 0
    outer loop
      vertex 0.671751 4.32825 2.01
      vertex 0.73436 4.39733 3.5
      vertex 0.73436 4.39733 2.01
    endloop
  endfacet
  facet normal -0.740959 0.67155 0
    outer loop
      vertex 0.73436 4.39733 3.5
      vertex 0.671751 4.32825 2.01
      vertex 0.671751 4.32825 3.5
    endloop
  endfacet
  facet normal -0.903991 0.427551 0
    outer loop
      vertex 0.837825 4.55217 2.01
      vertex 0.877686 4.63645 3.5
      vertex 0.877686 4.63645 2.01
    endloop
  endfacet
  facet normal -0.903991 0.427551 0
    outer loop
      vertex 0.877686 4.63645 3.5
      vertex 0.837825 4.55217 2.01
      vertex 0.837825 4.55217 3.5
    endloop
  endfacet
  facet normal -0.941548 0.336879 0
    outer loop
      vertex 0.877686 4.63645 2.01
      vertex 0.909093 4.72423 3.5
      vertex 0.909093 4.72423 2.01
    endloop
  endfacet
  facet normal -0.941548 0.336879 0
    outer loop
      vertex 0.909093 4.72423 3.5
      vertex 0.877686 4.63645 2.01
      vertex 0.877686 4.63645 3.5
    endloop
  endfacet
  facet normal -0.427905 -0.903824 0
    outer loop
      vertex 0.363549 10.3777 2.01
      vertex 0.447826 10.3378 3.5
      vertex 0.363549 10.3777 3.5
    endloop
  endfacet
  facet normal -0.427905 -0.903824 -0
    outer loop
      vertex 0.447826 10.3378 3.5
      vertex 0.363549 10.3777 2.01
      vertex 0.447826 10.3378 2.01
    endloop
  endfacet
  facet normal 0.242447 -0.970165 0
    outer loop
      vertex -0.27577 10.4091 2.01
      vertex -0.185335 10.4317 3.5
      vertex -0.27577 10.4091 3.5
    endloop
  endfacet
  facet normal 0.242447 -0.970165 0
    outer loop
      vertex -0.185335 10.4317 3.5
      vertex -0.27577 10.4091 2.01
      vertex -0.185335 10.4317 2.01
    endloop
  endfacet
  facet normal -0.903991 -0.427551 0
    outer loop
      vertex 0.877686 9.86355 2.01
      vertex 0.837825 9.94783 3.5
      vertex 0.837825 9.94783 2.01
    endloop
  endfacet
  facet normal -0.903991 -0.427551 0
    outer loop
      vertex 0.837825 9.94783 3.5
      vertex 0.877686 9.86355 2.01
      vertex 0.877686 9.86355 3.5
    endloop
  endfacet
  facet normal -0.671513 -0.740992 0
    outer loop
      vertex 0.602674 10.2344 2.01
      vertex 0.671751 10.1718 3.5
      vertex 0.602674 10.2344 3.5
    endloop
  endfacet
  facet normal -0.671513 -0.740992 -0
    outer loop
      vertex 0.671751 10.1718 3.5
      vertex 0.602674 10.2344 2.01
      vertex 0.671751 10.1718 2.01
    endloop
  endfacet
  facet normal -0.741056 -0.671444 0
    outer loop
      vertex 0.73436 10.1027 2.01
      vertex 0.671751 10.1718 3.5
      vertex 0.671751 10.1718 2.01
    endloop
  endfacet
  facet normal -0.741056 -0.671444 0
    outer loop
      vertex 0.671751 10.1718 3.5
      vertex 0.73436 10.1027 2.01
      vertex 0.73436 10.1027 3.5
    endloop
  endfacet
  facet normal -0.941548 -0.336879 0
    outer loop
      vertex 0.909093 9.77577 2.01
      vertex 0.877686 9.86355 3.5
      vertex 0.877686 9.86355 2.01
    endloop
  endfacet
  facet normal -0.941548 -0.336879 0
    outer loop
      vertex 0.877686 9.86355 3.5
      vertex 0.909093 9.77577 2.01
      vertex 0.909093 9.77577 3.5
    endloop
  endfacet
  facet normal -0.970028 -0.242995 0
    outer loop
      vertex 0.931746 9.68534 2.01
      vertex 0.909093 9.77577 3.5
      vertex 0.909093 9.77577 2.01
    endloop
  endfacet
  facet normal -0.970028 -0.242995 0
    outer loop
      vertex 0.909093 9.77577 3.5
      vertex 0.931746 9.68534 2.01
      vertex 0.931746 9.68534 3.5
    endloop
  endfacet
  facet normal -0.0490197 0.998798 0
    outer loop
      vertex 0.0931158 4.05457 2.01
      vertex 0 4.05 3.5
      vertex 0.0931158 4.05457 3.5
    endloop
  endfacet
  facet normal -0.0490197 0.998798 0
    outer loop
      vertex 0 4.05 3.5
      vertex 0.0931158 4.05457 2.01
      vertex 0 4.05 2.01
    endloop
  endfacet
  facet normal -0.857715 0.514125 0
    outer loop
      vertex 0.789896 4.47221 2.01
      vertex 0.837825 4.55217 3.5
      vertex 0.837825 4.55217 2.01
    endloop
  endfacet
  facet normal -0.857715 0.514125 0
    outer loop
      vertex 0.837825 4.55217 3.5
      vertex 0.789896 4.47221 2.01
      vertex 0.789896 4.47221 3.5
    endloop
  endfacet
  facet normal -0.803201 0.595708 0
    outer loop
      vertex 0.73436 4.39733 2.01
      vertex 0.789896 4.47221 3.5
      vertex 0.789896 4.47221 2.01
    endloop
  endfacet
  facet normal -0.803201 0.595708 0
    outer loop
      vertex 0.789896 4.47221 3.5
      vertex 0.73436 4.39733 2.01
      vertex 0.73436 4.39733 3.5
    endloop
  endfacet
  facet normal -0.970028 0.242995 0
    outer loop
      vertex 0.909093 4.72423 2.01
      vertex 0.931746 4.81466 3.5
      vertex 0.931746 4.81466 2.01
    endloop
  endfacet
  facet normal -0.970028 0.242995 0
    outer loop
      vertex 0.931746 4.81466 3.5
      vertex 0.909093 4.72423 2.01
      vertex 0.909093 4.72423 3.5
    endloop
  endfacet
  facet normal -0.514109 0.857725 0
    outer loop
      vertex 0.527791 4.2101 2.01
      vertex 0.447826 4.16217 3.5
      vertex 0.527791 4.2101 3.5
    endloop
  endfacet
  facet normal -0.514109 0.857725 0
    outer loop
      vertex 0.447826 4.16217 3.5
      vertex 0.527791 4.2101 2.01
      vertex 0.447826 4.16217 2.01
    endloop
  endfacet
  facet normal -0.336815 0.941571 0
    outer loop
      vertex 0.363549 4.12231 2.01
      vertex 0.27577 4.09091 3.5
      vertex 0.363549 4.12231 3.5
    endloop
  endfacet
  facet normal -0.336815 0.941571 0
    outer loop
      vertex 0.27577 4.09091 3.5
      vertex 0.363549 4.12231 2.01
      vertex 0.27577 4.09091 2.01
    endloop
  endfacet
  facet normal -0.427555 0.90399 0
    outer loop
      vertex 0.447826 4.16217 2.01
      vertex 0.363549 4.12231 3.5
      vertex 0.447826 4.16217 3.5
    endloop
  endfacet
  facet normal -0.427555 0.90399 0
    outer loop
      vertex 0.363549 4.12231 3.5
      vertex 0.447826 4.16217 2.01
      vertex 0.363549 4.12231 2.01
    endloop
  endfacet
  facet normal -0.59572 0.803192 0
    outer loop
      vertex 0.602674 4.26564 2.01
      vertex 0.527791 4.2101 3.5
      vertex 0.602674 4.26564 3.5
    endloop
  endfacet
  facet normal -0.59572 0.803192 0
    outer loop
      vertex 0.527791 4.2101 3.5
      vertex 0.602674 4.26564 2.01
      vertex 0.527791 4.2101 2.01
    endloop
  endfacet
  facet normal -0.146736 0.989176 0
    outer loop
      vertex 0.185335 4.06825 2.01
      vertex 0.0931158 4.05457 3.5
      vertex 0.185335 4.06825 3.5
    endloop
  endfacet
  facet normal -0.146736 0.989176 0
    outer loop
      vertex 0.0931158 4.05457 3.5
      vertex 0.185335 4.06825 2.01
      vertex 0.0931158 4.05457 2.01
    endloop
  endfacet
  facet normal -0.243053 0.970013 0
    outer loop
      vertex 0.27577 4.09091 2.01
      vertex 0.185335 4.06825 3.5
      vertex 0.27577 4.09091 3.5
    endloop
  endfacet
  facet normal -0.243053 0.970013 0
    outer loop
      vertex 0.185335 4.06825 3.5
      vertex 0.27577 4.09091 2.01
      vertex 0.185335 4.06825 2.01
    endloop
  endfacet
  facet normal -0.989176 0.146736 0
    outer loop
      vertex -4.06825 -0.185335 2.01
      vertex -4.05457 -0.0931158 3.5
      vertex -4.05457 -0.0931158 2.01
    endloop
  endfacet
  facet normal -0.989176 0.146736 0
    outer loop
      vertex -4.05457 -0.0931158 3.5
      vertex -4.06825 -0.185335 2.01
      vertex -4.06825 -0.185335 3.5
    endloop
  endfacet
  facet normal -0.998798 0.0490197 0
    outer loop
      vertex -4.05457 -0.0931158 2.01
      vertex -4.05 0 3.5
      vertex -4.05 0 2.01
    endloop
  endfacet
  facet normal -0.998798 0.0490197 0
    outer loop
      vertex -4.05 0 3.5
      vertex -4.05457 -0.0931158 2.01
      vertex -4.05457 -0.0931158 3.5
    endloop
  endfacet
  facet normal -0.857725 0.514109 0
    outer loop
      vertex -4.2101 -0.527791 2.01
      vertex -4.16217 -0.447826 3.5
      vertex -4.16217 -0.447826 2.01
    endloop
  endfacet
  facet normal -0.857725 0.514109 0
    outer loop
      vertex -4.16217 -0.447826 3.5
      vertex -4.2101 -0.527791 2.01
      vertex -4.2101 -0.527791 3.5
    endloop
  endfacet
  facet normal 0.336879 0.941548 -0
    outer loop
      vertex -9.77577 -0.909093 2.01
      vertex -9.86355 -0.877686 3.5
      vertex -9.77577 -0.909093 3.5
    endloop
  endfacet
  facet normal 0.336879 0.941548 0
    outer loop
      vertex -9.86355 -0.877686 3.5
      vertex -9.77577 -0.909093 2.01
      vertex -9.86355 -0.877686 2.01
    endloop
  endfacet
  facet normal 0 -1 0
    outer loop
      vertex -9.5 0.95 2.01
      vertex -5 0.95 3.5
      vertex -9.5 0.95 3.5
    endloop
  endfacet
  facet normal 0 -1 -0
    outer loop
      vertex -5 0.95 3.5
      vertex -9.5 0.95 2.01
      vertex -5 0.95 2.01
    endloop
  endfacet
  facet normal -0.941571 0.336815 0
    outer loop
      vertex -4.12231 -0.363549 2.01
      vertex -4.09091 -0.27577 3.5
      vertex -4.09091 -0.27577 2.01
    endloop
  endfacet
  facet normal -0.941571 0.336815 0
    outer loop
      vertex -4.09091 -0.27577 3.5
      vertex -4.12231 -0.363549 2.01
      vertex -4.12231 -0.363549 3.5
    endloop
  endfacet
  facet normal -0.049071 0.998795 0
    outer loop
      vertex -4.90688 -0.945425 2.01
      vertex -5 -0.95 3.5
      vertex -4.90688 -0.945425 3.5
    endloop
  endfacet
  facet normal -0.049071 0.998795 0
    outer loop
      vertex -5 -0.95 3.5
      vertex -4.90688 -0.945425 2.01
      vertex -5 -0.95 2.01
    endloop
  endfacet
  facet normal 0 1 -0
    outer loop
      vertex -5 -0.95 2.01
      vertex -9.5 -0.95 3.5
      vertex -5 -0.95 3.5
    endloop
  endfacet
  facet normal 0 1 0
    outer loop
      vertex -9.5 -0.95 3.5
      vertex -5 -0.95 2.01
      vertex -9.5 -0.95 2.01
    endloop
  endfacet
  facet normal 0.989144 0.146946 0
    outer loop
      vertex -10.4317 -0.185335 3.5
      vertex -10.4454 -0.0931158 2.01
      vertex -10.4454 -0.0931158 3.5
    endloop
  endfacet
  facet normal 0.989144 0.146946 0
    outer loop
      vertex -10.4454 -0.0931158 2.01
      vertex -10.4317 -0.185335 3.5
      vertex -10.4317 -0.185335 2.01
    endloop
  endfacet
  facet normal 0.671444 0.741056 -0
    outer loop
      vertex -10.1027 -0.73436 2.01
      vertex -10.1718 -0.671751 3.5
      vertex -10.1027 -0.73436 3.5
    endloop
  endfacet
  facet normal 0.671444 0.741056 0
    outer loop
      vertex -10.1718 -0.671751 3.5
      vertex -10.1027 -0.73436 2.01
      vertex -10.1718 -0.671751 2.01
    endloop
  endfacet
  facet normal 0.049071 -0.998795 0
    outer loop
      vertex -9.59312 0.945425 2.01
      vertex -9.5 0.95 3.5
      vertex -9.59312 0.945425 3.5
    endloop
  endfacet
  facet normal 0.049071 -0.998795 0
    outer loop
      vertex -9.5 0.95 3.5
      vertex -9.59312 0.945425 2.01
      vertex -9.5 0.95 2.01
    endloop
  endfacet
  facet normal -0.336879 -0.941548 0
    outer loop
      vertex -4.72423 0.909093 2.01
      vertex -4.63645 0.877686 3.5
      vertex -4.72423 0.909093 3.5
    endloop
  endfacet
  facet normal -0.336879 -0.941548 -0
    outer loop
      vertex -4.63645 0.877686 3.5
      vertex -4.72423 0.909093 2.01
      vertex -4.63645 0.877686 2.01
    endloop
  endfacet
  facet normal 0.903824 -0.427905 0
    outer loop
      vertex -10.3777 0.363549 3.5
      vertex -10.3378 0.447826 2.01
      vertex -10.3378 0.447826 3.5
    endloop
  endfacet
  facet normal 0.903824 -0.427905 0
    outer loop
      vertex -10.3378 0.447826 2.01
      vertex -10.3777 0.363549 3.5
      vertex -10.3777 0.363549 2.01
    endloop
  endfacet
  facet normal 0.998782 0.0493407 0
    outer loop
      vertex -10.4454 -0.0931158 3.5
      vertex -10.45 0 2.01
      vertex -10.45 0 3.5
    endloop
  endfacet
  facet normal 0.998782 0.0493407 0
    outer loop
      vertex -10.45 0 2.01
      vertex -10.4454 -0.0931158 3.5
      vertex -10.4454 -0.0931158 2.01
    endloop
  endfacet
  facet normal 0.998782 -0.0493407 0
    outer loop
      vertex -10.45 0 3.5
      vertex -10.4454 0.0931158 2.01
      vertex -10.4454 0.0931158 3.5
    endloop
  endfacet
  facet normal 0.998782 -0.0493407 0
    outer loop
      vertex -10.4454 0.0931158 2.01
      vertex -10.45 0 3.5
      vertex -10.45 0 2.01
    endloop
  endfacet
  facet normal -0.970013 0.243053 0
    outer loop
      vertex -4.09091 -0.27577 2.01
      vertex -4.06825 -0.185335 3.5
      vertex -4.06825 -0.185335 2.01
    endloop
  endfacet
  facet normal -0.970013 0.243053 0
    outer loop
      vertex -4.06825 -0.185335 3.5
      vertex -4.09091 -0.27577 2.01
      vertex -4.09091 -0.27577 3.5
    endloop
  endfacet
  facet normal -0.803192 0.59572 0
    outer loop
      vertex -4.26564 -0.602674 2.01
      vertex -4.2101 -0.527791 3.5
      vertex -4.2101 -0.527791 2.01
    endloop
  endfacet
  facet normal -0.803192 0.59572 0
    outer loop
      vertex -4.2101 -0.527791 3.5
      vertex -4.26564 -0.602674 2.01
      vertex -4.26564 -0.602674 3.5
    endloop
  endfacet
  facet normal -0.740939 0.671572 0
    outer loop
      vertex -4.32825 -0.671751 2.01
      vertex -4.26564 -0.602674 3.5
      vertex -4.26564 -0.602674 2.01
    endloop
  endfacet
  facet normal -0.740939 0.671572 0
    outer loop
      vertex -4.26564 -0.602674 3.5
      vertex -4.32825 -0.671751 2.01
      vertex -4.32825 -0.671751 3.5
    endloop
  endfacet
  facet normal -0.146725 0.989177 0
    outer loop
      vertex -4.81466 -0.931746 2.01
      vertex -4.90688 -0.945425 3.5
      vertex -4.81466 -0.931746 3.5
    endloop
  endfacet
  facet normal -0.146725 0.989177 0
    outer loop
      vertex -4.90688 -0.945425 3.5
      vertex -4.81466 -0.931746 2.01
      vertex -4.90688 -0.945425 2.01
    endloop
  endfacet
  facet normal 0.595605 0.803277 -0
    outer loop
      vertex -10.0278 -0.789896 2.01
      vertex -10.1027 -0.73436 3.5
      vertex -10.0278 -0.789896 3.5
    endloop
  endfacet
  facet normal 0.595605 0.803277 0
    outer loop
      vertex -10.1027 -0.73436 3.5
      vertex -10.0278 -0.789896 2.01
      vertex -10.1027 -0.73436 2.01
    endloop
  endfacet
  facet normal 0.514078 0.857744 -0
    outer loop
      vertex -9.94783 -0.837825 2.01
      vertex -10.0278 -0.789896 3.5
      vertex -9.94783 -0.837825 3.5
    endloop
  endfacet
  facet normal 0.514078 0.857744 0
    outer loop
      vertex -10.0278 -0.789896 3.5
      vertex -9.94783 -0.837825 2.01
      vertex -10.0278 -0.789896 2.01
    endloop
  endfacet
  facet normal 0.970165 0.242447 0
    outer loop
      vertex -10.4091 -0.27577 3.5
      vertex -10.4317 -0.185335 2.01
      vertex -10.4317 -0.185335 3.5
    endloop
  endfacet
  facet normal 0.970165 0.242447 0
    outer loop
      vertex -10.4317 -0.185335 2.01
      vertex -10.4091 -0.27577 3.5
      vertex -10.4091 -0.27577 2.01
    endloop
  endfacet
  facet normal 0.803398 0.595443 0
    outer loop
      vertex -10.2344 -0.602674 3.5
      vertex -10.2899 -0.527791 2.01
      vertex -10.2899 -0.527791 3.5
    endloop
  endfacet
  facet normal 0.803398 0.595443 0
    outer loop
      vertex -10.2899 -0.527791 2.01
      vertex -10.2344 -0.602674 3.5
      vertex -10.2344 -0.602674 2.01
    endloop
  endfacet
  facet normal 0.740992 0.671513 0
    outer loop
      vertex -10.1718 -0.671751 3.5
      vertex -10.2344 -0.602674 2.01
      vertex -10.2344 -0.602674 3.5
    endloop
  endfacet
  facet normal 0.740992 0.671513 0
    outer loop
      vertex -10.2344 -0.602674 2.01
      vertex -10.1718 -0.671751 3.5
      vertex -10.1718 -0.671751 2.01
    endloop
  endfacet
  facet normal -0.146725 -0.989177 0
    outer loop
      vertex -4.90688 0.945425 2.01
      vertex -4.81466 0.931746 3.5
      vertex -4.90688 0.945425 3.5
    endloop
  endfacet
  facet normal -0.146725 -0.989177 -0
    outer loop
      vertex -4.81466 0.931746 3.5
      vertex -4.90688 0.945425 2.01
      vertex -4.81466 0.931746 2.01
    endloop
  endfacet
  facet normal -0.67155 0.740959 0
    outer loop
      vertex -4.32825 -0.671751 2.01
      vertex -4.39733 -0.73436 3.5
      vertex -4.32825 -0.671751 3.5
    endloop
  endfacet
  facet normal -0.67155 0.740959 0
    outer loop
      vertex -4.39733 -0.73436 3.5
      vertex -4.32825 -0.671751 2.01
      vertex -4.39733 -0.73436 2.01
    endloop
  endfacet
  facet normal 0.146725 0.989177 -0
    outer loop
      vertex -9.59312 -0.945425 2.01
      vertex -9.68534 -0.931746 3.5
      vertex -9.59312 -0.945425 3.5
    endloop
  endfacet
  facet normal 0.146725 0.989177 0
    outer loop
      vertex -9.68534 -0.931746 3.5
      vertex -9.59312 -0.945425 2.01
      vertex -9.68534 -0.931746 2.01
    endloop
  endfacet
  facet normal 0.941571 0.336815 0
    outer loop
      vertex -10.3777 -0.363549 3.5
      vertex -10.4091 -0.27577 2.01
      vertex -10.4091 -0.27577 3.5
    endloop
  endfacet
  facet normal 0.941571 0.336815 0
    outer loop
      vertex -10.4091 -0.27577 2.01
      vertex -10.3777 -0.363549 3.5
      vertex -10.3777 -0.363549 2.01
    endloop
  endfacet
  facet normal 0.903824 0.427905 0
    outer loop
      vertex -10.3378 -0.447826 3.5
      vertex -10.3777 -0.363549 2.01
      vertex -10.3777 -0.363549 3.5
    endloop
  endfacet
  facet normal 0.903824 0.427905 0
    outer loop
      vertex -10.3777 -0.363549 2.01
      vertex -10.3378 -0.447826 3.5
      vertex -10.3378 -0.447826 2.01
    endloop
  endfacet
  facet normal 0.857867 0.513872 0
    outer loop
      vertex -10.2899 -0.527791 3.5
      vertex -10.3378 -0.447826 2.01
      vertex -10.3378 -0.447826 3.5
    endloop
  endfacet
  facet normal 0.857867 0.513872 0
    outer loop
      vertex -10.3378 -0.447826 2.01
      vertex -10.2899 -0.527791 3.5
      vertex -10.2899 -0.527791 2.01
    endloop
  endfacet
  facet normal 0.146725 -0.989177 0
    outer loop
      vertex -9.68534 0.931746 2.01
      vertex -9.59312 0.945425 3.5
      vertex -9.68534 0.931746 3.5
    endloop
  endfacet
  facet normal 0.146725 -0.989177 0
    outer loop
      vertex -9.59312 0.945425 3.5
      vertex -9.68534 0.931746 2.01
      vertex -9.59312 0.945425 2.01
    endloop
  endfacet
  facet normal 0.427551 -0.903991 0
    outer loop
      vertex -9.94783 0.837825 2.01
      vertex -9.86355 0.877686 3.5
      vertex -9.94783 0.837825 3.5
    endloop
  endfacet
  facet normal 0.427551 -0.903991 0
    outer loop
      vertex -9.86355 0.877686 3.5
      vertex -9.94783 0.837825 2.01
      vertex -9.86355 0.877686 2.01
    endloop
  endfacet
  facet normal -0.740939 -0.671572 0
    outer loop
      vertex -4.26564 0.602674 2.01
      vertex -4.32825 0.671751 3.5
      vertex -4.32825 0.671751 2.01
    endloop
  endfacet
  facet normal -0.740939 -0.671572 0
    outer loop
      vertex -4.32825 0.671751 3.5
      vertex -4.26564 0.602674 2.01
      vertex -4.26564 0.602674 3.5
    endloop
  endfacet
  facet normal 0.970165 -0.242447 0
    outer loop
      vertex -10.4317 0.185335 3.5
      vertex -10.4091 0.27577 2.01
      vertex -10.4091 0.27577 3.5
    endloop
  endfacet
  facet normal 0.970165 -0.242447 0
    outer loop
      vertex -10.4091 0.27577 2.01
      vertex -10.4317 0.185335 3.5
      vertex -10.4317 0.185335 2.01
    endloop
  endfacet
  facet normal 0.941571 -0.336815 0
    outer loop
      vertex -10.4091 0.27577 3.5
      vertex -10.3777 0.363549 2.01
      vertex -10.3777 0.363549 3.5
    endloop
  endfacet
  facet normal 0.941571 -0.336815 0
    outer loop
      vertex -10.3777 0.363549 2.01
      vertex -10.4091 0.27577 3.5
      vertex -10.4091 0.27577 2.01
    endloop
  endfacet
  facet normal 0.803398 -0.595443 0
    outer loop
      vertex -10.2899 0.527791 3.5
      vertex -10.2344 0.602674 2.01
      vertex -10.2344 0.602674 3.5
    endloop
  endfacet
  facet normal 0.803398 -0.595443 0
    outer loop
      vertex -10.2344 0.602674 2.01
      vertex -10.2899 0.527791 3.5
      vertex -10.2899 0.527791 2.01
    endloop
  endfacet
  facet normal 0.989144 -0.146946 0
    outer loop
      vertex -10.4454 0.0931158 3.5
      vertex -10.4317 0.185335 2.01
      vertex -10.4317 0.185335 3.5
    endloop
  endfacet
  facet normal 0.989144 -0.146946 0
    outer loop
      vertex -10.4317 0.185335 2.01
      vertex -10.4454 0.0931158 3.5
      vertex -10.4454 0.0931158 2.01
    endloop
  endfacet
  facet normal -0.90399 0.427555 0
    outer loop
      vertex -4.16217 -0.447826 2.01
      vertex -4.12231 -0.363549 3.5
      vertex -4.12231 -0.363549 2.01
    endloop
  endfacet
  facet normal -0.90399 0.427555 0
    outer loop
      vertex -4.12231 -0.363549 3.5
      vertex -4.16217 -0.447826 2.01
      vertex -4.16217 -0.447826 3.5
    endloop
  endfacet
  facet normal -0.595708 0.803201 0
    outer loop
      vertex -4.39733 -0.73436 2.01
      vertex -4.47221 -0.789896 3.5
      vertex -4.39733 -0.73436 3.5
    endloop
  endfacet
  facet normal -0.595708 0.803201 0
    outer loop
      vertex -4.47221 -0.789896 3.5
      vertex -4.39733 -0.73436 2.01
      vertex -4.47221 -0.789896 2.01
    endloop
  endfacet
  facet normal 0.427551 0.903991 -0
    outer loop
      vertex -9.86355 -0.877686 2.01
      vertex -9.94783 -0.837825 3.5
      vertex -9.86355 -0.877686 3.5
    endloop
  endfacet
  facet normal 0.427551 0.903991 0
    outer loop
      vertex -9.94783 -0.837825 3.5
      vertex -9.86355 -0.877686 2.01
      vertex -9.94783 -0.837825 2.01
    endloop
  endfacet
  facet normal 0.242995 0.970028 -0
    outer loop
      vertex -9.68534 -0.931746 2.01
      vertex -9.77577 -0.909093 3.5
      vertex -9.68534 -0.931746 3.5
    endloop
  endfacet
  facet normal 0.242995 0.970028 0
    outer loop
      vertex -9.77577 -0.909093 3.5
      vertex -9.68534 -0.931746 2.01
      vertex -9.77577 -0.909093 2.01
    endloop
  endfacet
  facet normal 0.049071 0.998795 -0
    outer loop
      vertex -9.5 -0.95 2.01
      vertex -9.59312 -0.945425 3.5
      vertex -9.5 -0.95 3.5
    endloop
  endfacet
  facet normal 0.049071 0.998795 0
    outer loop
      vertex -9.59312 -0.945425 3.5
      vertex -9.5 -0.95 2.01
      vertex -9.59312 -0.945425 2.01
    endloop
  endfacet
  facet normal 0.336879 -0.941548 0
    outer loop
      vertex -9.86355 0.877686 2.01
      vertex -9.77577 0.909093 3.5
      vertex -9.86355 0.877686 3.5
    endloop
  endfacet
  facet normal 0.336879 -0.941548 0
    outer loop
      vertex -9.77577 0.909093 3.5
      vertex -9.86355 0.877686 2.01
      vertex -9.77577 0.909093 2.01
    endloop
  endfacet
  facet normal 0.595605 -0.803277 0
    outer loop
      vertex -10.1027 0.73436 2.01
      vertex -10.0278 0.789896 3.5
      vertex -10.1027 0.73436 3.5
    endloop
  endfacet
  facet normal 0.595605 -0.803277 0
    outer loop
      vertex -10.0278 0.789896 3.5
      vertex -10.1027 0.73436 2.01
      vertex -10.0278 0.789896 2.01
    endloop
  endfacet
  facet normal -0.049071 -0.998795 0
    outer loop
      vertex -5 0.95 2.01
      vertex -4.90688 0.945425 3.5
      vertex -5 0.95 3.5
    endloop
  endfacet
  facet normal -0.049071 -0.998795 -0
    outer loop
      vertex -4.90688 0.945425 3.5
      vertex -5 0.95 2.01
      vertex -4.90688 0.945425 2.01
    endloop
  endfacet
  facet normal -0.242995 -0.970028 0
    outer loop
      vertex -4.81466 0.931746 2.01
      vertex -4.72423 0.909093 3.5
      vertex -4.81466 0.931746 3.5
    endloop
  endfacet
  facet normal -0.242995 -0.970028 -0
    outer loop
      vertex -4.72423 0.909093 3.5
      vertex -4.81466 0.931746 2.01
      vertex -4.72423 0.909093 2.01
    endloop
  endfacet
  facet normal 0.857867 -0.513872 0
    outer loop
      vertex -10.3378 0.447826 3.5
      vertex -10.2899 0.527791 2.01
      vertex -10.2899 0.527791 3.5
    endloop
  endfacet
  facet normal 0.857867 -0.513872 0
    outer loop
      vertex -10.2899 0.527791 2.01
      vertex -10.3378 0.447826 3.5
      vertex -10.3378 0.447826 2.01
    endloop
  endfacet
  facet normal -0.242995 0.970028 0
    outer loop
      vertex -4.72423 -0.909093 2.01
      vertex -4.81466 -0.931746 3.5
      vertex -4.72423 -0.909093 3.5
    endloop
  endfacet
  facet normal -0.242995 0.970028 0
    outer loop
      vertex -4.81466 -0.931746 3.5
      vertex -4.72423 -0.909093 2.01
      vertex -4.81466 -0.931746 2.01
    endloop
  endfacet
  facet normal -0.427551 0.903991 0
    outer loop
      vertex -4.55217 -0.837825 2.01
      vertex -4.63645 -0.877686 3.5
      vertex -4.55217 -0.837825 3.5
    endloop
  endfacet
  facet normal -0.427551 0.903991 0
    outer loop
      vertex -4.63645 -0.877686 3.5
      vertex -4.55217 -0.837825 2.01
      vertex -4.63645 -0.877686 2.01
    endloop
  endfacet
  facet normal 0.242995 -0.970028 0
    outer loop
      vertex -9.77577 0.909093 2.01
      vertex -9.68534 0.931746 3.5
      vertex -9.77577 0.909093 3.5
    endloop
  endfacet
  facet normal 0.242995 -0.970028 0
    outer loop
      vertex -9.68534 0.931746 3.5
      vertex -9.77577 0.909093 2.01
      vertex -9.68534 0.931746 2.01
    endloop
  endfacet
  facet normal 0.514078 -0.857744 0
    outer loop
      vertex -10.0278 0.789896 2.01
      vertex -9.94783 0.837825 3.5
      vertex -10.0278 0.789896 3.5
    endloop
  endfacet
  facet normal 0.514078 -0.857744 0
    outer loop
      vertex -9.94783 0.837825 3.5
      vertex -10.0278 0.789896 2.01
      vertex -9.94783 0.837825 2.01
    endloop
  endfacet
  facet normal -0.427551 -0.903991 0
    outer loop
      vertex -4.63645 0.877686 2.01
      vertex -4.55217 0.837825 3.5
      vertex -4.63645 0.877686 3.5
    endloop
  endfacet
  facet normal -0.427551 -0.903991 -0
    outer loop
      vertex -4.55217 0.837825 3.5
      vertex -4.63645 0.877686 2.01
      vertex -4.55217 0.837825 2.01
    endloop
  endfacet
  facet normal -0.595708 -0.803201 0
    outer loop
      vertex -4.47221 0.789896 2.01
      vertex -4.39733 0.73436 3.5
      vertex -4.47221 0.789896 3.5
    endloop
  endfacet
  facet normal -0.595708 -0.803201 -0
    outer loop
      vertex -4.39733 0.73436 3.5
      vertex -4.47221 0.789896 2.01
      vertex -4.39733 0.73436 2.01
    endloop
  endfacet
  facet normal -0.67155 -0.740959 0
    outer loop
      vertex -4.39733 0.73436 2.01
      vertex -4.32825 0.671751 3.5
      vertex -4.39733 0.73436 3.5
    endloop
  endfacet
  facet normal -0.67155 -0.740959 -0
    outer loop
      vertex -4.32825 0.671751 3.5
      vertex -4.39733 0.73436 2.01
      vertex -4.32825 0.671751 2.01
    endloop
  endfacet
  facet normal -0.970013 -0.243053 0
    outer loop
      vertex -4.06825 0.185335 2.01
      vertex -4.09091 0.27577 3.5
      vertex -4.09091 0.27577 2.01
    endloop
  endfacet
  facet normal -0.970013 -0.243053 0
    outer loop
      vertex -4.09091 0.27577 3.5
      vertex -4.06825 0.185335 2.01
      vertex -4.06825 0.185335 3.5
    endloop
  endfacet
  facet normal -0.803192 -0.59572 0
    outer loop
      vertex -4.2101 0.527791 2.01
      vertex -4.26564 0.602674 3.5
      vertex -4.26564 0.602674 2.01
    endloop
  endfacet
  facet normal -0.803192 -0.59572 0
    outer loop
      vertex -4.26564 0.602674 3.5
      vertex -4.2101 0.527791 2.01
      vertex -4.2101 0.527791 3.5
    endloop
  endfacet
  facet normal 0.740992 -0.671513 0
    outer loop
      vertex -10.2344 0.602674 3.5
      vertex -10.1718 0.671751 2.01
      vertex -10.1718 0.671751 3.5
    endloop
  endfacet
  facet normal 0.740992 -0.671513 0
    outer loop
      vertex -10.1718 0.671751 2.01
      vertex -10.2344 0.602674 3.5
      vertex -10.2344 0.602674 2.01
    endloop
  endfacet
  facet normal 0.671444 -0.741056 0
    outer loop
      vertex -10.1718 0.671751 2.01
      vertex -10.1027 0.73436 3.5
      vertex -10.1718 0.671751 3.5
    endloop
  endfacet
  facet normal 0.671444 -0.741056 0
    outer loop
      vertex -10.1027 0.73436 3.5
      vertex -10.1718 0.671751 2.01
      vertex -10.1027 0.73436 2.01
    endloop
  endfacet
  facet normal -0.336879 0.941548 0
    outer loop
      vertex -4.63645 -0.877686 2.01
      vertex -4.72423 -0.909093 3.5
      vertex -4.63645 -0.877686 3.5
    endloop
  endfacet
  facet normal -0.336879 0.941548 0
    outer loop
      vertex -4.72423 -0.909093 3.5
      vertex -4.63645 -0.877686 2.01
      vertex -4.72423 -0.909093 2.01
    endloop
  endfacet
  facet normal -0.514125 0.857715 0
    outer loop
      vertex -4.47221 -0.789896 2.01
      vertex -4.55217 -0.837825 3.5
      vertex -4.47221 -0.789896 3.5
    endloop
  endfacet
  facet normal -0.514125 0.857715 0
    outer loop
      vertex -4.55217 -0.837825 3.5
      vertex -4.47221 -0.789896 2.01
      vertex -4.55217 -0.837825 2.01
    endloop
  endfacet
  facet normal -0.514125 -0.857715 0
    outer loop
      vertex -4.55217 0.837825 2.01
      vertex -4.47221 0.789896 3.5
      vertex -4.55217 0.837825 3.5
    endloop
  endfacet
  facet normal -0.514125 -0.857715 -0
    outer loop
      vertex -4.47221 0.789896 3.5
      vertex -4.55217 0.837825 2.01
      vertex -4.47221 0.789896 2.01
    endloop
  endfacet
  facet normal -0.989176 -0.146736 0
    outer loop
      vertex -4.05457 0.0931158 2.01
      vertex -4.06825 0.185335 3.5
      vertex -4.06825 0.185335 2.01
    endloop
  endfacet
  facet normal -0.989176 -0.146736 0
    outer loop
      vertex -4.06825 0.185335 3.5
      vertex -4.05457 0.0931158 2.01
      vertex -4.05457 0.0931158 3.5
    endloop
  endfacet
  facet normal -0.998798 -0.0490197 0
    outer loop
      vertex -4.05 0 2.01
      vertex -4.05457 0.0931158 3.5
      vertex -4.05457 0.0931158 2.01
    endloop
  endfacet
  facet normal -0.998798 -0.0490197 0
    outer loop
      vertex -4.05457 0.0931158 3.5
      vertex -4.05 0 2.01
      vertex -4.05 0 3.5
    endloop
  endfacet
  facet normal -0.941571 -0.336815 0
    outer loop
      vertex -4.09091 0.27577 2.01
      vertex -4.12231 0.363549 3.5
      vertex -4.12231 0.363549 2.01
    endloop
  endfacet
  facet normal -0.941571 -0.336815 0
    outer loop
      vertex -4.12231 0.363549 3.5
      vertex -4.09091 0.27577 2.01
      vertex -4.09091 0.27577 3.5
    endloop
  endfacet
  facet normal -0.857725 -0.514109 0
    outer loop
      vertex -4.16217 0.447826 2.01
      vertex -4.2101 0.527791 3.5
      vertex -4.2101 0.527791 2.01
    endloop
  endfacet
  facet normal -0.857725 -0.514109 0
    outer loop
      vertex -4.2101 0.527791 3.5
      vertex -4.16217 0.447826 2.01
      vertex -4.16217 0.447826 3.5
    endloop
  endfacet
  facet normal -0.90399 -0.427555 0
    outer loop
      vertex -4.12231 0.363549 2.01
      vertex -4.16217 0.447826 3.5
      vertex -4.16217 0.447826 2.01
    endloop
  endfacet
  facet normal -0.90399 -0.427555 0
    outer loop
      vertex -4.16217 0.447826 3.5
      vertex -4.12231 0.363549 2.01
      vertex -4.12231 0.363549 3.5
    endloop
  endfacet
  facet normal -0.0490197 -0.998798 0
    outer loop
      vertex 0 -4.05 2.01
      vertex 0.0931158 -4.05457 3.5
      vertex 0 -4.05 3.5
    endloop
  endfacet
  facet normal -0.0490197 -0.998798 -0
    outer loop
      vertex 0.0931158 -4.05457 3.5
      vertex 0 -4.05 2.01
      vertex 0.0931158 -4.05457 2.01
    endloop
  endfacet
  facet normal -0.427555 -0.90399 0
    outer loop
      vertex 0.363549 -4.12231 2.01
      vertex 0.447826 -4.16217 3.5
      vertex 0.363549 -4.12231 3.5
    endloop
  endfacet
  facet normal -0.427555 -0.90399 -0
    outer loop
      vertex 0.447826 -4.16217 3.5
      vertex 0.363549 -4.12231 2.01
      vertex 0.447826 -4.16217 2.01
    endloop
  endfacet
  facet normal -0.989177 -0.146725 0
    outer loop
      vertex 0.945425 -4.90688 2.01
      vertex 0.931746 -4.81466 3.5
      vertex 0.931746 -4.81466 2.01
    endloop
  endfacet
  facet normal -0.989177 -0.146725 0
    outer loop
      vertex 0.931746 -4.81466 3.5
      vertex 0.945425 -4.90688 2.01
      vertex 0.945425 -4.90688 3.5
    endloop
  endfacet
  facet normal -0.146736 -0.989176 0
    outer loop
      vertex 0.0931158 -4.05457 2.01
      vertex 0.185335 -4.06825 3.5
      vertex 0.0931158 -4.05457 3.5
    endloop
  endfacet
  facet normal -0.146736 -0.989176 -0
    outer loop
      vertex 0.185335 -4.06825 3.5
      vertex 0.0931158 -4.05457 2.01
      vertex 0.185335 -4.06825 2.01
    endloop
  endfacet
  facet normal 0.146946 0.989144 -0
    outer loop
      vertex -0.0931158 -10.4454 2.01
      vertex -0.185335 -10.4317 6.35218
      vertex -0.0931158 -10.4454 6.36928
    endloop
  endfacet
  facet normal 0.146946 0.989144 0
    outer loop
      vertex -0.185335 -10.4317 6.35218
      vertex -0.0931158 -10.4454 2.01
      vertex -0.185335 -10.4317 2.01
    endloop
  endfacet
  facet normal -0.941548 0.336879 0
    outer loop
      vertex 0.877686 -9.86355 2.01
      vertex 0.909093 -9.77577 5.53221
      vertex 0.909093 -9.77577 2.01
    endloop
  endfacet
  facet normal -0.941548 0.336879 0
    outer loop
      vertex 0.909093 -9.77577 5.53221
      vertex 0.877686 -9.86355 2.01
      vertex 0.877686 -9.86355 5.64194
    endloop
  endfacet
  facet normal -0.741056 0.671444 0
    outer loop
      vertex 0.671751 -10.1718 2.01
      vertex 0.73436 -10.1027 5.94084
      vertex 0.73436 -10.1027 2.01
    endloop
  endfacet
  facet normal -0.741056 0.671444 0
    outer loop
      vertex 0.73436 -10.1027 5.94084
      vertex 0.671751 -10.1718 2.01
      vertex 0.671751 -10.1718 6.02719
    endloop
  endfacet
  facet normal 1 -0 0
    outer loop
      vertex -0.95 -8.15 3.5
      vertex -0.95 -5 2.01
      vertex -0.95 -5 3.5
    endloop
  endfacet
  facet normal 1 0 0
    outer loop
      vertex -0.95 -8.15 3.5
      vertex -0.95 -9.5 2.01
      vertex -0.95 -5 2.01
    endloop
  endfacet
  facet normal 1 0 0
    outer loop
      vertex -0.95 -9.5 2.01
      vertex -0.95 -8.15 3.5
      vertex -0.95 -9.5 5.1875
    endloop
  endfacet
  facet normal 0.998795 -0.049071 0
    outer loop
      vertex -0.95 -5 3.5
      vertex -0.945425 -4.90688 2.01
      vertex -0.945425 -4.90688 3.5
    endloop
  endfacet
  facet normal 0.998795 -0.049071 0
    outer loop
      vertex -0.945425 -4.90688 2.01
      vertex -0.95 -5 3.5
      vertex -0.95 -5 2.01
    endloop
  endfacet
  facet normal 0.242447 0.970165 -0
    outer loop
      vertex -0.185335 -10.4317 2.01
      vertex -0.27577 -10.4091 6.32387
      vertex -0.185335 -10.4317 6.35218
    endloop
  endfacet
  facet normal 0.242447 0.970165 0
    outer loop
      vertex -0.27577 -10.4091 6.32387
      vertex -0.185335 -10.4317 2.01
      vertex -0.27577 -10.4091 2.01
    endloop
  endfacet
  facet normal -0.336815 -0.941571 0
    outer loop
      vertex 0.27577 -4.09091 2.01
      vertex 0.363549 -4.12231 3.5
      vertex 0.27577 -4.09091 3.5
    endloop
  endfacet
  facet normal -0.336815 -0.941571 -0
    outer loop
      vertex 0.363549 -4.12231 3.5
      vertex 0.27577 -4.09091 2.01
      vertex 0.363549 -4.12231 2.01
    endloop
  endfacet
  facet normal -0.998795 -0.049071 0
    outer loop
      vertex 0.95 -5 2.01
      vertex 0.945425 -4.90688 3.5
      vertex 0.945425 -4.90688 2.01
    endloop
  endfacet
  facet normal -0.998795 -0.049071 0
    outer loop
      vertex 0.945425 -4.90688 3.5
      vertex 0.95 -5 2.01
      vertex 0.95 -5 3.5
    endloop
  endfacet
  facet normal -1 0 0
    outer loop
      vertex 0.95 -5 2.01
      vertex 0.95 -8.15 3.5
      vertex 0.95 -5 3.5
    endloop
  endfacet
  facet normal -1 0 0
    outer loop
      vertex 0.95 -9.5 2.01
      vertex 0.95 -8.15 3.5
      vertex 0.95 -5 2.01
    endloop
  endfacet
  facet normal -1 -0 0
    outer loop
      vertex 0.95 -8.15 3.5
      vertex 0.95 -9.5 2.01
      vertex 0.95 -9.5 5.1875
    endloop
  endfacet
  facet normal -0.146946 0.989144 0
    outer loop
      vertex 0.0931158 -10.4454 2.01
      vertex 0.185335 -10.4317 6.35218
      vertex 0.185335 -10.4317 2.01
    endloop
  endfacet
  facet normal -0.146946 0.989144 0
    outer loop
      vertex 0.185335 -10.4317 6.35218
      vertex 0.0931158 -10.4454 2.01
      vertex 0.0931158 -10.4454 6.36928
    endloop
  endfacet
  facet normal 0.998795 0.049071 -0
    outer loop
      vertex -0.945425 -9.59312 2.01
      vertex -0.95 -9.5 5.1875
      vertex -0.945425 -9.59312 5.30389
    endloop
  endfacet
  facet normal 0.998795 0.049071 0
    outer loop
      vertex -0.95 -9.5 5.1875
      vertex -0.945425 -9.59312 2.01
      vertex -0.95 -9.5 2.01
    endloop
  endfacet
  facet normal -0.243053 -0.970013 0
    outer loop
      vertex 0.185335 -4.06825 2.01
      vertex 0.27577 -4.09091 3.5
      vertex 0.185335 -4.06825 3.5
    endloop
  endfacet
  facet normal -0.243053 -0.970013 -0
    outer loop
      vertex 0.27577 -4.09091 3.5
      vertex 0.185335 -4.06825 2.01
      vertex 0.27577 -4.09091 2.01
    endloop
  endfacet
  facet normal -0.989177 0.146725 0
    outer loop
      vertex 0.931746 -9.68534 2.01
      vertex 0.945425 -9.59312 5.30389
      vertex 0.945425 -9.59312 2.01
    endloop
  endfacet
  facet normal -0.989177 0.146725 0
    outer loop
      vertex 0.945425 -9.59312 5.30389
      vertex 0.931746 -9.68534 2.01
      vertex 0.931746 -9.68534 5.41917
    endloop
  endfacet
  facet normal -0.671513 0.740992 0
    outer loop
      vertex 0.602674 -10.2344 2.01
      vertex 0.671751 -10.1718 6.02719
      vertex 0.671751 -10.1718 2.01
    endloop
  endfacet
  facet normal -0.671513 0.740992 0
    outer loop
      vertex 0.671751 -10.1718 6.02719
      vertex 0.602674 -10.2344 2.01
      vertex 0.602674 -10.2344 6.10545
    endloop
  endfacet
  facet normal -0.59572 -0.803192 0
    outer loop
      vertex 0.527791 -4.2101 2.01
      vertex 0.602674 -4.26564 3.5
      vertex 0.527791 -4.2101 3.5
    endloop
  endfacet
  facet normal -0.59572 -0.803192 -0
    outer loop
      vertex 0.602674 -4.26564 3.5
      vertex 0.527791 -4.2101 2.01
      vertex 0.602674 -4.26564 2.01
    endloop
  endfacet
  facet normal -0.671572 -0.740939 0
    outer loop
      vertex 0.602674 -4.26564 2.01
      vertex 0.671751 -4.32825 3.5
      vertex 0.602674 -4.26564 3.5
    endloop
  endfacet
  facet normal -0.671572 -0.740939 -0
    outer loop
      vertex 0.671751 -4.32825 3.5
      vertex 0.602674 -4.26564 2.01
      vertex 0.671751 -4.32825 2.01
    endloop
  endfacet
  facet normal -0.803201 -0.595708 0
    outer loop
      vertex 0.789896 -4.47221 2.01
      vertex 0.73436 -4.39733 3.5
      vertex 0.73436 -4.39733 2.01
    endloop
  endfacet
  facet normal -0.803201 -0.595708 0
    outer loop
      vertex 0.73436 -4.39733 3.5
      vertex 0.789896 -4.47221 2.01
      vertex 0.789896 -4.47221 3.5
    endloop
  endfacet
  facet normal -0.740959 -0.67155 0
    outer loop
      vertex 0.73436 -4.39733 2.01
      vertex 0.671751 -4.32825 3.5
      vertex 0.671751 -4.32825 2.01
    endloop
  endfacet
  facet normal -0.740959 -0.67155 0
    outer loop
      vertex 0.671751 -4.32825 3.5
      vertex 0.73436 -4.39733 2.01
      vertex 0.73436 -4.39733 3.5
    endloop
  endfacet
  facet normal -0.903991 0.427551 0
    outer loop
      vertex 0.837825 -9.94783 2.01
      vertex 0.877686 -9.86355 5.64194
      vertex 0.877686 -9.86355 2.01
    endloop
  endfacet
  facet normal -0.903991 0.427551 0
    outer loop
      vertex 0.877686 -9.86355 5.64194
      vertex 0.837825 -9.94783 2.01
      vertex 0.837825 -9.94783 5.74728
    endloop
  endfacet
  facet normal -0.857744 0.514078 0
    outer loop
      vertex 0.789896 -10.0278 2.01
      vertex 0.837825 -9.94783 5.74728
      vertex 0.837825 -9.94783 2.01
    endloop
  endfacet
  facet normal -0.857744 0.514078 0
    outer loop
      vertex 0.837825 -9.94783 5.74728
      vertex 0.789896 -10.0278 2.01
      vertex 0.789896 -10.0278 5.84724
    endloop
  endfacet
  facet normal -0.803277 0.595605 0
    outer loop
      vertex 0.73436 -10.1027 2.01
      vertex 0.789896 -10.0278 5.84724
      vertex 0.789896 -10.0278 2.01
    endloop
  endfacet
  facet normal -0.803277 0.595605 0
    outer loop
      vertex 0.789896 -10.0278 5.84724
      vertex 0.73436 -10.1027 2.01
      vertex 0.73436 -10.1027 5.94084
    endloop
  endfacet
  facet normal -0.998795 0.049071 0
    outer loop
      vertex 0.945425 -9.59312 2.01
      vertex 0.95 -9.5 5.1875
      vertex 0.95 -9.5 2.01
    endloop
  endfacet
  facet normal -0.998795 0.049071 0
    outer loop
      vertex 0.95 -9.5 5.1875
      vertex 0.945425 -9.59312 2.01
      vertex 0.945425 -9.59312 5.30389
    endloop
  endfacet
  facet normal -0.242447 0.970165 0
    outer loop
      vertex 0.185335 -10.4317 2.01
      vertex 0.27577 -10.4091 6.32387
      vertex 0.27577 -10.4091 2.01
    endloop
  endfacet
  facet normal -0.242447 0.970165 0
    outer loop
      vertex 0.27577 -10.4091 6.32387
      vertex 0.185335 -10.4317 2.01
      vertex 0.185335 -10.4317 6.35218
    endloop
  endfacet
  facet normal -0.427905 0.903824 0
    outer loop
      vertex 0.363549 -10.3777 2.01
      vertex 0.447826 -10.3378 6.23478
      vertex 0.447826 -10.3378 2.01
    endloop
  endfacet
  facet normal -0.427905 0.903824 0
    outer loop
      vertex 0.447826 -10.3378 6.23478
      vertex 0.363549 -10.3777 2.01
      vertex 0.363549 -10.3777 6.28461
    endloop
  endfacet
  facet normal -0.595443 0.803398 0
    outer loop
      vertex 0.527791 -10.2899 2.01
      vertex 0.602674 -10.2344 6.10545
      vertex 0.602674 -10.2344 2.01
    endloop
  endfacet
  facet normal -0.595443 0.803398 0
    outer loop
      vertex 0.602674 -10.2344 6.10545
      vertex 0.527791 -10.2899 2.01
      vertex 0.527791 -10.2899 6.17487
    endloop
  endfacet
  facet normal 0.803277 0.595605 -0
    outer loop
      vertex -0.73436 -10.1027 2.01
      vertex -0.789896 -10.0278 5.84724
      vertex -0.73436 -10.1027 5.94084
    endloop
  endfacet
  facet normal 0.803277 0.595605 0
    outer loop
      vertex -0.789896 -10.0278 5.84724
      vertex -0.73436 -10.1027 2.01
      vertex -0.789896 -10.0278 2.01
    endloop
  endfacet
  facet normal 0.740959 -0.67155 0
    outer loop
      vertex -0.73436 -4.39733 3.5
      vertex -0.671751 -4.32825 2.01
      vertex -0.671751 -4.32825 3.5
    endloop
  endfacet
  facet normal 0.740959 -0.67155 0
    outer loop
      vertex -0.671751 -4.32825 2.01
      vertex -0.73436 -4.39733 3.5
      vertex -0.73436 -4.39733 2.01
    endloop
  endfacet
  facet normal 0.336815 0.941571 -0
    outer loop
      vertex -0.27577 -10.4091 2.01
      vertex -0.363549 -10.3777 6.28461
      vertex -0.27577 -10.4091 6.32387
    endloop
  endfacet
  facet normal 0.336815 0.941571 0
    outer loop
      vertex -0.363549 -10.3777 6.28461
      vertex -0.27577 -10.4091 2.01
      vertex -0.363549 -10.3777 2.01
    endloop
  endfacet
  facet normal -0.0493407 0.998782 0
    outer loop
      vertex 0 -10.45 2.01
      vertex 0.0931158 -10.4454 6.36928
      vertex 0.0931158 -10.4454 2.01
    endloop
  endfacet
  facet normal -0.0493407 0.998782 0
    outer loop
      vertex 0.0931158 -10.4454 6.36928
      vertex 0 -10.45 2.01
      vertex 0 -10.45 6.375
    endloop
  endfacet
  facet normal 0.0493407 0.998782 -0
    outer loop
      vertex 0 -10.45 2.01
      vertex -0.0931158 -10.4454 6.36928
      vertex 0 -10.45 6.375
    endloop
  endfacet
  facet normal 0.0493407 0.998782 0
    outer loop
      vertex -0.0931158 -10.4454 6.36928
      vertex 0 -10.45 2.01
      vertex -0.0931158 -10.4454 2.01
    endloop
  endfacet
  facet normal -0.514109 -0.857725 0
    outer loop
      vertex 0.447826 -4.16217 2.01
      vertex 0.527791 -4.2101 3.5
      vertex 0.447826 -4.16217 3.5
    endloop
  endfacet
  facet normal -0.514109 -0.857725 -0
    outer loop
      vertex 0.527791 -4.2101 3.5
      vertex 0.447826 -4.16217 2.01
      vertex 0.527791 -4.2101 2.01
    endloop
  endfacet
  facet normal -0.970028 -0.242995 0
    outer loop
      vertex 0.931746 -4.81466 2.01
      vertex 0.909093 -4.72423 3.5
      vertex 0.909093 -4.72423 2.01
    endloop
  endfacet
  facet normal -0.970028 -0.242995 0
    outer loop
      vertex 0.909093 -4.72423 3.5
      vertex 0.931746 -4.81466 2.01
      vertex 0.931746 -4.81466 3.5
    endloop
  endfacet
  facet normal -0.903991 -0.427551 0
    outer loop
      vertex 0.877686 -4.63645 2.01
      vertex 0.837825 -4.55217 3.5
      vertex 0.837825 -4.55217 2.01
    endloop
  endfacet
  facet normal -0.903991 -0.427551 0
    outer loop
      vertex 0.837825 -4.55217 3.5
      vertex 0.877686 -4.63645 2.01
      vertex 0.877686 -4.63645 3.5
    endloop
  endfacet
  facet normal -0.970028 0.242995 0
    outer loop
      vertex 0.909093 -9.77577 2.01
      vertex 0.931746 -9.68534 5.41917
      vertex 0.931746 -9.68534 2.01
    endloop
  endfacet
  facet normal -0.970028 0.242995 0
    outer loop
      vertex 0.931746 -9.68534 5.41917
      vertex 0.909093 -9.77577 2.01
      vertex 0.909093 -9.77577 5.53221
    endloop
  endfacet
  facet normal -0.336815 0.941571 0
    outer loop
      vertex 0.27577 -10.4091 2.01
      vertex 0.363549 -10.3777 6.28461
      vertex 0.363549 -10.3777 2.01
    endloop
  endfacet
  facet normal -0.336815 0.941571 0
    outer loop
      vertex 0.363549 -10.3777 6.28461
      vertex 0.27577 -10.4091 2.01
      vertex 0.27577 -10.4091 6.32387
    endloop
  endfacet
  facet normal -0.513872 0.857867 0
    outer loop
      vertex 0.447826 -10.3378 2.01
      vertex 0.527791 -10.2899 6.17487
      vertex 0.527791 -10.2899 2.01
    endloop
  endfacet
  facet normal -0.513872 0.857867 0
    outer loop
      vertex 0.527791 -10.2899 6.17487
      vertex 0.447826 -10.3378 2.01
      vertex 0.447826 -10.3378 6.23478
    endloop
  endfacet
  facet normal 0.989177 0.146725 -0
    outer loop
      vertex -0.931746 -9.68534 2.01
      vertex -0.945425 -9.59312 5.30389
      vertex -0.931746 -9.68534 5.41917
    endloop
  endfacet
  facet normal 0.989177 0.146725 0
    outer loop
      vertex -0.945425 -9.59312 5.30389
      vertex -0.931746 -9.68534 2.01
      vertex -0.945425 -9.59312 2.01
    endloop
  endfacet
  facet normal 0.941548 0.336879 -0
    outer loop
      vertex -0.877686 -9.86355 2.01
      vertex -0.909093 -9.77577 5.53221
      vertex -0.877686 -9.86355 5.64194
    endloop
  endfacet
  facet normal 0.941548 0.336879 0
    outer loop
      vertex -0.909093 -9.77577 5.53221
      vertex -0.877686 -9.86355 2.01
      vertex -0.909093 -9.77577 2.01
    endloop
  endfacet
  facet normal 0.970028 0.242995 -0
    outer loop
      vertex -0.909093 -9.77577 2.01
      vertex -0.931746 -9.68534 5.41917
      vertex -0.909093 -9.77577 5.53221
    endloop
  endfacet
  facet normal 0.970028 0.242995 0
    outer loop
      vertex -0.931746 -9.68534 5.41917
      vertex -0.909093 -9.77577 2.01
      vertex -0.931746 -9.68534 2.01
    endloop
  endfacet
  facet normal 0.741056 0.671444 -0
    outer loop
      vertex -0.671751 -10.1718 2.01
      vertex -0.73436 -10.1027 5.94084
      vertex -0.671751 -10.1718 6.02719
    endloop
  endfacet
  facet normal 0.741056 0.671444 0
    outer loop
      vertex -0.73436 -10.1027 5.94084
      vertex -0.671751 -10.1718 2.01
      vertex -0.73436 -10.1027 2.01
    endloop
  endfacet
  facet normal 0.989177 -0.146725 0
    outer loop
      vertex -0.945425 -4.90688 3.5
      vertex -0.931746 -4.81466 2.01
      vertex -0.931746 -4.81466 3.5
    endloop
  endfacet
  facet normal 0.989177 -0.146725 0
    outer loop
      vertex -0.931746 -4.81466 2.01
      vertex -0.945425 -4.90688 3.5
      vertex -0.945425 -4.90688 2.01
    endloop
  endfacet
  facet normal 0.970028 -0.242995 0
    outer loop
      vertex -0.931746 -4.81466 3.5
      vertex -0.909093 -4.72423 2.01
      vertex -0.909093 -4.72423 3.5
    endloop
  endfacet
  facet normal 0.970028 -0.242995 0
    outer loop
      vertex -0.909093 -4.72423 2.01
      vertex -0.931746 -4.81466 3.5
      vertex -0.931746 -4.81466 2.01
    endloop
  endfacet
  facet normal 0.903991 -0.427551 0
    outer loop
      vertex -0.877686 -4.63645 3.5
      vertex -0.837825 -4.55217 2.01
      vertex -0.837825 -4.55217 3.5
    endloop
  endfacet
  facet normal 0.903991 -0.427551 0
    outer loop
      vertex -0.837825 -4.55217 2.01
      vertex -0.877686 -4.63645 3.5
      vertex -0.877686 -4.63645 2.01
    endloop
  endfacet
  facet normal 0.595443 0.803398 -0
    outer loop
      vertex -0.527791 -10.2899 2.01
      vertex -0.602674 -10.2344 6.10545
      vertex -0.527791 -10.2899 6.17487
    endloop
  endfacet
  facet normal 0.595443 0.803398 0
    outer loop
      vertex -0.602674 -10.2344 6.10545
      vertex -0.527791 -10.2899 2.01
      vertex -0.602674 -10.2344 2.01
    endloop
  endfacet
  facet normal 0.427905 0.903824 -0
    outer loop
      vertex -0.363549 -10.3777 2.01
      vertex -0.447826 -10.3378 6.23478
      vertex -0.363549 -10.3777 6.28461
    endloop
  endfacet
  facet normal 0.427905 0.903824 0
    outer loop
      vertex -0.447826 -10.3378 6.23478
      vertex -0.363549 -10.3777 2.01
      vertex -0.447826 -10.3378 2.01
    endloop
  endfacet
  facet normal 0.513872 0.857867 -0
    outer loop
      vertex -0.447826 -10.3378 2.01
      vertex -0.527791 -10.2899 6.17487
      vertex -0.447826 -10.3378 6.23478
    endloop
  endfacet
  facet normal 0.513872 0.857867 0
    outer loop
      vertex -0.527791 -10.2899 6.17487
      vertex -0.447826 -10.3378 2.01
      vertex -0.527791 -10.2899 2.01
    endloop
  endfacet
  facet normal -0.941548 -0.336879 0
    outer loop
      vertex 0.909093 -4.72423 2.01
      vertex 0.877686 -4.63645 3.5
      vertex 0.877686 -4.63645 2.01
    endloop
  endfacet
  facet normal -0.941548 -0.336879 0
    outer loop
      vertex 0.877686 -4.63645 3.5
      vertex 0.909093 -4.72423 2.01
      vertex 0.909093 -4.72423 3.5
    endloop
  endfacet
  facet normal -0.857715 -0.514125 0
    outer loop
      vertex 0.837825 -4.55217 2.01
      vertex 0.789896 -4.47221 3.5
      vertex 0.789896 -4.47221 2.01
    endloop
  endfacet
  facet normal -0.857715 -0.514125 0
    outer loop
      vertex 0.789896 -4.47221 3.5
      vertex 0.837825 -4.55217 2.01
      vertex 0.837825 -4.55217 3.5
    endloop
  endfacet
  facet normal 0.903991 0.427551 -0
    outer loop
      vertex -0.837825 -9.94783 2.01
      vertex -0.877686 -9.86355 5.64194
      vertex -0.837825 -9.94783 5.74728
    endloop
  endfacet
  facet normal 0.903991 0.427551 0
    outer loop
      vertex -0.877686 -9.86355 5.64194
      vertex -0.837825 -9.94783 2.01
      vertex -0.877686 -9.86355 2.01
    endloop
  endfacet
  facet normal 0.671572 -0.740939 0
    outer loop
      vertex -0.671751 -4.32825 2.01
      vertex -0.602674 -4.26564 3.5
      vertex -0.671751 -4.32825 3.5
    endloop
  endfacet
  facet normal 0.671572 -0.740939 0
    outer loop
      vertex -0.602674 -4.26564 3.5
      vertex -0.671751 -4.32825 2.01
      vertex -0.602674 -4.26564 2.01
    endloop
  endfacet
  facet normal 0.59572 -0.803192 0
    outer loop
      vertex -0.602674 -4.26564 2.01
      vertex -0.527791 -4.2101 3.5
      vertex -0.602674 -4.26564 3.5
    endloop
  endfacet
  facet normal 0.59572 -0.803192 0
    outer loop
      vertex -0.527791 -4.2101 3.5
      vertex -0.602674 -4.26564 2.01
      vertex -0.527791 -4.2101 2.01
    endloop
  endfacet
  facet normal 0.514109 -0.857725 0
    outer loop
      vertex -0.527791 -4.2101 2.01
      vertex -0.447826 -4.16217 3.5
      vertex -0.527791 -4.2101 3.5
    endloop
  endfacet
  facet normal 0.514109 -0.857725 0
    outer loop
      vertex -0.447826 -4.16217 3.5
      vertex -0.527791 -4.2101 2.01
      vertex -0.447826 -4.16217 2.01
    endloop
  endfacet
  facet normal 0.243053 -0.970013 0
    outer loop
      vertex -0.27577 -4.09091 2.01
      vertex -0.185335 -4.06825 3.5
      vertex -0.27577 -4.09091 3.5
    endloop
  endfacet
  facet normal 0.243053 -0.970013 0
    outer loop
      vertex -0.185335 -4.06825 3.5
      vertex -0.27577 -4.09091 2.01
      vertex -0.185335 -4.06825 2.01
    endloop
  endfacet
  facet normal 0.803201 -0.595708 0
    outer loop
      vertex -0.789896 -4.47221 3.5
      vertex -0.73436 -4.39733 2.01
      vertex -0.73436 -4.39733 3.5
    endloop
  endfacet
  facet normal 0.803201 -0.595708 0
    outer loop
      vertex -0.73436 -4.39733 2.01
      vertex -0.789896 -4.47221 3.5
      vertex -0.789896 -4.47221 2.01
    endloop
  endfacet
  facet normal 0.857715 -0.514125 0
    outer loop
      vertex -0.837825 -4.55217 3.5
      vertex -0.789896 -4.47221 2.01
      vertex -0.789896 -4.47221 3.5
    endloop
  endfacet
  facet normal 0.857715 -0.514125 0
    outer loop
      vertex -0.789896 -4.47221 2.01
      vertex -0.837825 -4.55217 3.5
      vertex -0.837825 -4.55217 2.01
    endloop
  endfacet
  facet normal 0.941548 -0.336879 0
    outer loop
      vertex -0.909093 -4.72423 3.5
      vertex -0.877686 -4.63645 2.01
      vertex -0.877686 -4.63645 3.5
    endloop
  endfacet
  facet normal 0.941548 -0.336879 0
    outer loop
      vertex -0.877686 -4.63645 2.01
      vertex -0.909093 -4.72423 3.5
      vertex -0.909093 -4.72423 2.01
    endloop
  endfacet
  facet normal 0.671513 0.740992 -0
    outer loop
      vertex -0.602674 -10.2344 2.01
      vertex -0.671751 -10.1718 6.02719
      vertex -0.602674 -10.2344 6.10545
    endloop
  endfacet
  facet normal 0.671513 0.740992 0
    outer loop
      vertex -0.671751 -10.1718 6.02719
      vertex -0.602674 -10.2344 2.01
      vertex -0.671751 -10.1718 2.01
    endloop
  endfacet
  facet normal 0.857744 0.514078 -0
    outer loop
      vertex -0.789896 -10.0278 2.01
      vertex -0.837825 -9.94783 5.74728
      vertex -0.789896 -10.0278 5.84724
    endloop
  endfacet
  facet normal 0.857744 0.514078 0
    outer loop
      vertex -0.837825 -9.94783 5.74728
      vertex -0.789896 -10.0278 2.01
      vertex -0.837825 -9.94783 2.01
    endloop
  endfacet
  facet normal 0.427555 -0.90399 0
    outer loop
      vertex -0.447826 -4.16217 2.01
      vertex -0.363549 -4.12231 3.5
      vertex -0.447826 -4.16217 3.5
    endloop
  endfacet
  facet normal 0.427555 -0.90399 0
    outer loop
      vertex -0.363549 -4.12231 3.5
      vertex -0.447826 -4.16217 2.01
      vertex -0.363549 -4.12231 2.01
    endloop
  endfacet
  facet normal 0.336815 -0.941571 0
    outer loop
      vertex -0.363549 -4.12231 2.01
      vertex -0.27577 -4.09091 3.5
      vertex -0.363549 -4.12231 3.5
    endloop
  endfacet
  facet normal 0.336815 -0.941571 0
    outer loop
      vertex -0.27577 -4.09091 3.5
      vertex -0.363549 -4.12231 2.01
      vertex -0.27577 -4.09091 2.01
    endloop
  endfacet
  facet normal 0.146736 -0.989176 0
    outer loop
      vertex -0.185335 -4.06825 2.01
      vertex -0.0931158 -4.05457 3.5
      vertex -0.185335 -4.06825 3.5
    endloop
  endfacet
  facet normal 0.146736 -0.989176 0
    outer loop
      vertex -0.0931158 -4.05457 3.5
      vertex -0.185335 -4.06825 2.01
      vertex -0.0931158 -4.05457 2.01
    endloop
  endfacet
  facet normal 0.0490197 -0.998798 0
    outer loop
      vertex -0.0931158 -4.05457 2.01
      vertex 0 -4.05 3.5
      vertex -0.0931158 -4.05457 3.5
    endloop
  endfacet
  facet normal 0.0490197 -0.998798 0
    outer loop
      vertex 0 -4.05 3.5
      vertex -0.0931158 -4.05457 2.01
      vertex 0 -4.05 2.01
    endloop
  endfacet
  facet normal -0.998796 -0.0490632 0
    outer loop
      vertex 10.8 0 0
      vertex 10.748 1.05858 2.01
      vertex 10.748 1.05858 0
    endloop
  endfacet
  facet normal -0.998796 -0.0490632 0
    outer loop
      vertex 10.748 1.05858 2.01
      vertex 10.8 0 0
      vertex 10.8 0 2.01
    endloop
  endfacet
  facet normal 0.998796 -0.0490632 0
    outer loop
      vertex -10.8 0 2.01
      vertex -10.748 1.05858 0
      vertex -10.748 1.05858 2.01
    endloop
  endfacet
  facet normal 0.998796 -0.0490632 0
    outer loop
      vertex -10.748 1.05858 0
      vertex -10.8 0 2.01
      vertex -10.8 0 0
    endloop
  endfacet
  facet normal 0.0490632 -0.998796 0
    outer loop
      vertex -1.05858 10.748 0
      vertex 0 10.8 2.01
      vertex -1.05858 10.748 2.01
    endloop
  endfacet
  facet normal 0.0490632 -0.998796 0
    outer loop
      vertex 0 10.8 2.01
      vertex -1.05858 10.748 0
      vertex 0 10.8 0
    endloop
  endfacet
  facet normal -0.671562 -0.740949 0
    outer loop
      vertex 6.85145 8.34851 0
      vertex 7.63675 7.63675 2.01
      vertex 6.85145 8.34851 2.01
    endloop
  endfacet
  facet normal -0.671562 -0.740949 -0
    outer loop
      vertex 7.63675 7.63675 2.01
      vertex 6.85145 8.34851 0
      vertex 7.63675 7.63675 0
    endloop
  endfacet
  facet normal 0.671562 -0.740949 0
    outer loop
      vertex -7.63675 7.63675 0
      vertex -6.85145 8.34851 2.01
      vertex -7.63675 7.63675 2.01
    endloop
  endfacet
  facet normal 0.671562 -0.740949 0
    outer loop
      vertex -6.85145 8.34851 2.01
      vertex -7.63675 7.63675 0
      vertex -6.85145 8.34851 0
    endloop
  endfacet
  facet normal 0.336925 -0.941531 0
    outer loop
      vertex -4.13298 9.9779 0
      vertex -3.13507 10.335 2.01
      vertex -4.13298 9.9779 2.01
    endloop
  endfacet
  facet normal 0.336925 -0.941531 0
    outer loop
      vertex -3.13507 10.335 2.01
      vertex -4.13298 9.9779 0
      vertex -3.13507 10.335 0
    endloop
  endfacet
  facet normal -0.903988 -0.427557 0
    outer loop
      vertex 9.9779 4.13298 0
      vertex 9.52475 5.09108 2.01
      vertex 9.52475 5.09108 0
    endloop
  endfacet
  facet normal -0.903988 -0.427557 0
    outer loop
      vertex 9.52475 5.09108 2.01
      vertex 9.9779 4.13298 0
      vertex 9.9779 4.13298 2.01
    endloop
  endfacet
  facet normal -0.336925 -0.941531 0
    outer loop
      vertex 3.13507 10.335 0
      vertex 4.13298 9.9779 2.01
      vertex 3.13507 10.335 2.01
    endloop
  endfacet
  facet normal -0.336925 -0.941531 -0
    outer loop
      vertex 4.13298 9.9779 2.01
      vertex 3.13507 10.335 0
      vertex 4.13298 9.9779 0
    endloop
  endfacet
  facet normal 0.857729 -0.514102 0
    outer loop
      vertex -9.52475 5.09108 2.01
      vertex -8.97987 6.00016 0
      vertex -8.97987 6.00016 2.01
    endloop
  endfacet
  facet normal 0.857729 -0.514102 0
    outer loop
      vertex -8.97987 6.00016 0
      vertex -9.52475 5.09108 2.01
      vertex -9.52475 5.09108 0
    endloop
  endfacet
  facet normal 0.803207 -0.595699 0
    outer loop
      vertex -8.97987 6.00016 2.01
      vertex -8.34851 6.85145 0
      vertex -8.34851 6.85145 2.01
    endloop
  endfacet
  facet normal 0.803207 -0.595699 0
    outer loop
      vertex -8.34851 6.85145 0
      vertex -8.97987 6.00016 2.01
      vertex -8.97987 6.00016 0
    endloop
  endfacet
  facet normal 0.146718 -0.989178 0
    outer loop
      vertex -2.10697 10.5925 0
      vertex -1.05858 10.748 2.01
      vertex -2.10697 10.5925 2.01
    endloop
  endfacet
  facet normal 0.146718 -0.989178 0
    outer loop
      vertex -1.05858 10.748 2.01
      vertex -2.10697 10.5925 0
      vertex -1.05858 10.748 0
    endloop
  endfacet
  facet normal -0.146718 0.989178 0
    outer loop
      vertex 2.10697 -10.5925 0
      vertex 1.05858 -10.748 2.01
      vertex 2.10697 -10.5925 2.01
    endloop
  endfacet
  facet normal -0.146718 0.989178 0
    outer loop
      vertex 1.05858 -10.748 2.01
      vertex 2.10697 -10.5925 0
      vertex 1.05858 -10.748 0
    endloop
  endfacet
  facet normal -0.970037 -0.242957 0
    outer loop
      vertex 10.5925 2.10697 0
      vertex 10.335 3.13507 2.01
      vertex 10.335 3.13507 0
    endloop
  endfacet
  facet normal -0.970037 -0.242957 0
    outer loop
      vertex 10.335 3.13507 2.01
      vertex 10.5925 2.10697 0
      vertex 10.5925 2.10697 2.01
    endloop
  endfacet
  facet normal -0.989178 -0.146718 0
    outer loop
      vertex 10.748 1.05858 0
      vertex 10.5925 2.10697 2.01
      vertex 10.5925 2.10697 0
    endloop
  endfacet
  facet normal -0.989178 -0.146718 0
    outer loop
      vertex 10.5925 2.10697 2.01
      vertex 10.748 1.05858 0
      vertex 10.748 1.05858 2.01
    endloop
  endfacet
  facet normal -0.941531 -0.336925 0
    outer loop
      vertex 10.335 3.13507 0
      vertex 9.9779 4.13298 2.01
      vertex 9.9779 4.13298 0
    endloop
  endfacet
  facet normal -0.941531 -0.336925 0
    outer loop
      vertex 9.9779 4.13298 2.01
      vertex 10.335 3.13507 0
      vertex 10.335 3.13507 2.01
    endloop
  endfacet
  facet normal -0.803207 -0.595699 0
    outer loop
      vertex 8.97987 6.00016 0
      vertex 8.34851 6.85145 2.01
      vertex 8.34851 6.85145 0
    endloop
  endfacet
  facet normal -0.803207 -0.595699 0
    outer loop
      vertex 8.34851 6.85145 2.01
      vertex 8.97987 6.00016 0
      vertex 8.97987 6.00016 2.01
    endloop
  endfacet
  facet normal -0.740949 -0.671562 0
    outer loop
      vertex 8.34851 6.85145 0
      vertex 7.63675 7.63675 2.01
      vertex 7.63675 7.63675 0
    endloop
  endfacet
  facet normal -0.740949 -0.671562 0
    outer loop
      vertex 7.63675 7.63675 2.01
      vertex 8.34851 6.85145 0
      vertex 8.34851 6.85145 2.01
    endloop
  endfacet
  facet normal -0.857729 -0.514102 0
    outer loop
      vertex 9.52475 5.09108 0
      vertex 8.97987 6.00016 2.01
      vertex 8.97987 6.00016 0
    endloop
  endfacet
  facet normal -0.857729 -0.514102 0
    outer loop
      vertex 8.97987 6.00016 2.01
      vertex 9.52475 5.09108 0
      vertex 9.52475 5.09108 2.01
    endloop
  endfacet
  facet normal -0.242957 -0.970037 0
    outer loop
      vertex 2.10697 10.5925 0
      vertex 3.13507 10.335 2.01
      vertex 2.10697 10.5925 2.01
    endloop
  endfacet
  facet normal -0.242957 -0.970037 -0
    outer loop
      vertex 3.13507 10.335 2.01
      vertex 2.10697 10.5925 0
      vertex 3.13507 10.335 0
    endloop
  endfacet
  facet normal -0.146718 -0.989178 0
    outer loop
      vertex 1.05858 10.748 0
      vertex 2.10697 10.5925 2.01
      vertex 1.05858 10.748 2.01
    endloop
  endfacet
  facet normal -0.146718 -0.989178 -0
    outer loop
      vertex 2.10697 10.5925 2.01
      vertex 1.05858 10.748 0
      vertex 2.10697 10.5925 0
    endloop
  endfacet
  facet normal -0.0490632 -0.998796 0
    outer loop
      vertex 0 10.8 0
      vertex 1.05858 10.748 2.01
      vertex 0 10.8 2.01
    endloop
  endfacet
  facet normal -0.0490632 -0.998796 -0
    outer loop
      vertex 1.05858 10.748 2.01
      vertex 0 10.8 0
      vertex 1.05858 10.748 0
    endloop
  endfacet
  facet normal -0.595699 -0.803207 0
    outer loop
      vertex 6.00016 8.97987 0
      vertex 6.85145 8.34851 2.01
      vertex 6.00016 8.97987 2.01
    endloop
  endfacet
  facet normal -0.595699 -0.803207 -0
    outer loop
      vertex 6.85145 8.34851 2.01
      vertex 6.00016 8.97987 0
      vertex 6.85145 8.34851 0
    endloop
  endfacet
  facet normal -0.514102 -0.857729 0
    outer loop
      vertex 5.09108 9.52475 0
      vertex 6.00016 8.97987 2.01
      vertex 5.09108 9.52475 2.01
    endloop
  endfacet
  facet normal -0.514102 -0.857729 -0
    outer loop
      vertex 6.00016 8.97987 2.01
      vertex 5.09108 9.52475 0
      vertex 6.00016 8.97987 0
    endloop
  endfacet
  facet normal 0.903988 -0.427557 0
    outer loop
      vertex -9.9779 4.13298 2.01
      vertex -9.52475 5.09108 0
      vertex -9.52475 5.09108 2.01
    endloop
  endfacet
  facet normal 0.903988 -0.427557 0
    outer loop
      vertex -9.52475 5.09108 0
      vertex -9.9779 4.13298 2.01
      vertex -9.9779 4.13298 0
    endloop
  endfacet
  facet normal 0.941531 -0.336925 0
    outer loop
      vertex -10.335 3.13507 2.01
      vertex -9.9779 4.13298 0
      vertex -9.9779 4.13298 2.01
    endloop
  endfacet
  facet normal 0.941531 -0.336925 0
    outer loop
      vertex -9.9779 4.13298 0
      vertex -10.335 3.13507 2.01
      vertex -10.335 3.13507 0
    endloop
  endfacet
  facet normal 0.970037 -0.242957 0
    outer loop
      vertex -10.5925 2.10697 2.01
      vertex -10.335 3.13507 0
      vertex -10.335 3.13507 2.01
    endloop
  endfacet
  facet normal 0.970037 -0.242957 0
    outer loop
      vertex -10.335 3.13507 0
      vertex -10.5925 2.10697 2.01
      vertex -10.5925 2.10697 0
    endloop
  endfacet
  facet normal 0.989178 -0.146718 0
    outer loop
      vertex -10.748 1.05858 2.01
      vertex -10.5925 2.10697 0
      vertex -10.5925 2.10697 2.01
    endloop
  endfacet
  facet normal 0.989178 -0.146718 0
    outer loop
      vertex -10.5925 2.10697 0
      vertex -10.748 1.05858 2.01
      vertex -10.748 1.05858 0
    endloop
  endfacet
  facet normal 0.514102 -0.857729 0
    outer loop
      vertex -6.00016 8.97987 0
      vertex -5.09108 9.52475 2.01
      vertex -6.00016 8.97987 2.01
    endloop
  endfacet
  facet normal 0.514102 -0.857729 0
    outer loop
      vertex -5.09108 9.52475 2.01
      vertex -6.00016 8.97987 0
      vertex -5.09108 9.52475 0
    endloop
  endfacet
  facet normal 0.595699 -0.803207 0
    outer loop
      vertex -6.85145 8.34851 0
      vertex -6.00016 8.97987 2.01
      vertex -6.85145 8.34851 2.01
    endloop
  endfacet
  facet normal 0.595699 -0.803207 0
    outer loop
      vertex -6.00016 8.97987 2.01
      vertex -6.85145 8.34851 0
      vertex -6.00016 8.97987 0
    endloop
  endfacet
  facet normal 0.242957 -0.970037 0
    outer loop
      vertex -3.13507 10.335 0
      vertex -2.10697 10.5925 2.01
      vertex -3.13507 10.335 2.01
    endloop
  endfacet
  facet normal 0.242957 -0.970037 0
    outer loop
      vertex -2.10697 10.5925 2.01
      vertex -3.13507 10.335 0
      vertex -2.10697 10.5925 0
    endloop
  endfacet
  facet normal -0.514102 0.857729 0
    outer loop
      vertex 6.00016 -8.97987 0
      vertex 5.09108 -9.52475 2.01
      vertex 6.00016 -8.97987 2.01
    endloop
  endfacet
  facet normal -0.514102 0.857729 0
    outer loop
      vertex 5.09108 -9.52475 2.01
      vertex 6.00016 -8.97987 0
      vertex 5.09108 -9.52475 0
    endloop
  endfacet
  facet normal -0.903988 0.427557 0
    outer loop
      vertex 9.52475 -5.09108 0
      vertex 9.9779 -4.13298 2.01
      vertex 9.9779 -4.13298 0
    endloop
  endfacet
  facet normal -0.903988 0.427557 0
    outer loop
      vertex 9.9779 -4.13298 2.01
      vertex 9.52475 -5.09108 0
      vertex 9.52475 -5.09108 2.01
    endloop
  endfacet
  facet normal -0.857729 0.514102 0
    outer loop
      vertex 8.97987 -6.00016 0
      vertex 9.52475 -5.09108 2.01
      vertex 9.52475 -5.09108 0
    endloop
  endfacet
  facet normal -0.857729 0.514102 0
    outer loop
      vertex 9.52475 -5.09108 2.01
      vertex 8.97987 -6.00016 0
      vertex 8.97987 -6.00016 2.01
    endloop
  endfacet
  facet normal 0.803207 0.595699 0
    outer loop
      vertex -8.34851 -6.85145 2.01
      vertex -8.97987 -6.00016 0
      vertex -8.97987 -6.00016 2.01
    endloop
  endfacet
  facet normal 0.803207 0.595699 0
    outer loop
      vertex -8.97987 -6.00016 0
      vertex -8.34851 -6.85145 2.01
      vertex -8.34851 -6.85145 0
    endloop
  endfacet
  facet normal 0.941531 0.336925 0
    outer loop
      vertex -9.9779 -4.13298 2.01
      vertex -10.335 -3.13507 0
      vertex -10.335 -3.13507 2.01
    endloop
  endfacet
  facet normal 0.941531 0.336925 0
    outer loop
      vertex -10.335 -3.13507 0
      vertex -9.9779 -4.13298 2.01
      vertex -9.9779 -4.13298 0
    endloop
  endfacet
  facet normal -0.427557 0.903988 0
    outer loop
      vertex 5.09108 -9.52475 0
      vertex 4.13298 -9.9779 2.01
      vertex 5.09108 -9.52475 2.01
    endloop
  endfacet
  facet normal -0.427557 0.903988 0
    outer loop
      vertex 4.13298 -9.9779 2.01
      vertex 5.09108 -9.52475 0
      vertex 4.13298 -9.9779 0
    endloop
  endfacet
  facet normal -0.427557 -0.903988 0
    outer loop
      vertex 4.13298 9.9779 0
      vertex 5.09108 9.52475 2.01
      vertex 4.13298 9.9779 2.01
    endloop
  endfacet
  facet normal -0.427557 -0.903988 -0
    outer loop
      vertex 5.09108 9.52475 2.01
      vertex 4.13298 9.9779 0
      vertex 5.09108 9.52475 0
    endloop
  endfacet
  facet normal 0.740949 -0.671562 0
    outer loop
      vertex -8.34851 6.85145 2.01
      vertex -7.63675 7.63675 0
      vertex -7.63675 7.63675 2.01
    endloop
  endfacet
  facet normal 0.740949 -0.671562 0
    outer loop
      vertex -7.63675 7.63675 0
      vertex -8.34851 6.85145 2.01
      vertex -8.34851 6.85145 0
    endloop
  endfacet
  facet normal -0 0 -1
    outer loop
      vertex -2.03543 1.08796 2.01
      vertex -4.39733 0.73436 2.01
      vertex -2.03426 1.08991 2.01
    endloop
  endfacet
  facet normal -0 0 -1
    outer loop
      vertex -2.03426 1.08991 2.01
      vertex -4.39733 0.73436 2.01
      vertex -1.91899 1.28223 2.01
    endloop
  endfacet
  facet normal 0 0 -1
    outer loop
      vertex -4.47221 0.789896 2.01
      vertex -1.91899 1.28223 2.01
      vertex -4.39733 0.73436 2.01
    endloop
  endfacet
  facet normal 0 0 -1
    outer loop
      vertex -4.55217 0.837825 2.01
      vertex -1.91899 1.28223 2.01
      vertex -4.47221 0.789896 2.01
    endloop
  endfacet
  facet normal -0 0 -1
    outer loop
      vertex -1.91899 1.28223 2.01
      vertex -4.55217 0.837825 2.01
      vertex -1.78542 1.46232 2.01
    endloop
  endfacet
  facet normal -0 0 -1
    outer loop
      vertex -1.78542 1.46232 2.01
      vertex -4.55217 0.837825 2.01
      vertex -1.78407 1.46415 2.01
    endloop
  endfacet
  facet normal 0 0 -1
    outer loop
      vertex -4.63645 0.877686 2.01
      vertex -1.78407 1.46415 2.01
      vertex -4.55217 0.837825 2.01
    endloop
  endfacet
  facet normal -0 0 -1
    outer loop
      vertex -1.78407 1.46415 2.01
      vertex -4.63645 0.877686 2.01
      vertex -1.78254 1.46583 2.01
    endloop
  endfacet
  facet normal 0 0 -1
    outer loop
      vertex -4.72423 0.909093 2.01
      vertex -1.78254 1.46583 2.01
      vertex -4.63645 0.877686 2.01
    endloop
  endfacet
  facet normal -0 0 -1
    outer loop
      vertex -1.78254 1.46583 2.01
      vertex -4.72423 0.909093 2.01
      vertex -0.931746 4.81466 2.01
    endloop
  endfacet
  facet normal 0 0 -1
    outer loop
      vertex -4.81466 0.931746 2.01
      vertex -0.931746 4.81466 2.01
      vertex -4.72423 0.909093 2.01
    endloop
  endfacet
  facet normal 0 0 -1
    outer loop
      vertex -0.95 5 2.01
      vertex -4.13298 9.9779 2.01
      vertex -3.13507 10.335 2.01
    endloop
  endfacet
  facet normal -0 0 -1
    outer loop
      vertex -0.931746 4.81466 2.01
      vertex -4.81466 0.931746 2.01
      vertex -0.945425 4.90688 2.01
    endloop
  endfacet
  facet normal 0 0 -1
    outer loop
      vertex -4.90688 0.945425 2.01
      vertex -0.945425 4.90688 2.01
      vertex -4.81466 0.931746 2.01
    endloop
  endfacet
  facet normal -0 0 -1
    outer loop
      vertex -0.945425 4.90688 2.01
      vertex -4.90688 0.945425 2.01
      vertex -0.95 5 2.01
    endloop
  endfacet
  facet normal 0 0 -1
    outer loop
      vertex -5 0.95 2.01
      vertex -0.95 5 2.01
      vertex -4.90688 0.945425 2.01
    endloop
  endfacet
  facet normal -0 0 -1
    outer loop
      vertex -0.95 5 2.01
      vertex -5 0.95 2.01
      vertex -7.63675 7.63675 2.01
    endloop
  endfacet
  facet normal 0 0 -1
    outer loop
      vertex -0.95 5 2.01
      vertex -5.09108 9.52475 2.01
      vertex -4.13298 9.9779 2.01
    endloop
  endfacet
  facet normal 0 0 -1
    outer loop
      vertex -0.95 5 2.01
      vertex -6.00016 8.97987 2.01
      vertex -5.09108 9.52475 2.01
    endloop
  endfacet
  facet normal 0 0 -1
    outer loop
      vertex -0.95 5 2.01
      vertex -6.85145 8.34851 2.01
      vertex -6.00016 8.97987 2.01
    endloop
  endfacet
  facet normal 0 0 -1
    outer loop
      vertex -0.95 5 2.01
      vertex -7.63675 7.63675 2.01
      vertex -6.85145 8.34851 2.01
    endloop
  endfacet
  facet normal 0 0 -1
    outer loop
      vertex -5 0.95 2.01
      vertex -8.34851 6.85145 2.01
      vertex -7.63675 7.63675 2.01
    endloop
  endfacet
  facet normal 0 0 -1
    outer loop
      vertex -5 0.95 2.01
      vertex -8.97987 6.00016 2.01
      vertex -8.34851 6.85145 2.01
    endloop
  endfacet
  facet normal 0 0 -1
    outer loop
      vertex -9.9779 4.13298 2.01
      vertex -5 0.95 2.01
      vertex -9.5 0.95 2.01
    endloop
  endfacet
  facet normal 0 0 -1
    outer loop
      vertex -5 0.95 2.01
      vertex -9.52475 5.09108 2.01
      vertex -8.97987 6.00016 2.01
    endloop
  endfacet
  facet normal 0 0 -1
    outer loop
      vertex -10.5925 2.10697 2.01
      vertex -9.5 0.95 2.01
      vertex -9.59312 0.945425 2.01
    endloop
  endfacet
  facet normal 0 0 -1
    outer loop
      vertex -10.5925 2.10697 2.01
      vertex -9.59312 0.945425 2.01
      vertex -9.68534 0.931746 2.01
    endloop
  endfacet
  facet normal 0 0 -1
    outer loop
      vertex -10.5925 2.10697 2.01
      vertex -9.68534 0.931746 2.01
      vertex -9.77577 0.909093 2.01
    endloop
  endfacet
  facet normal 0 0 -1
    outer loop
      vertex -10.5925 2.10697 2.01
      vertex -9.77577 0.909093 2.01
      vertex -9.86355 0.877686 2.01
    endloop
  endfacet
  facet normal 0 0 -1
    outer loop
      vertex -10.748 1.05858 2.01
      vertex -9.86355 0.877686 2.01
      vertex -9.94783 0.837825 2.01
    endloop
  endfacet
  facet normal 0 0 -1
    outer loop
      vertex -5 0.95 2.01
      vertex -9.9779 4.13298 2.01
      vertex -9.52475 5.09108 2.01
    endloop
  endfacet
  facet normal 0 0 -1
    outer loop
      vertex -10.748 1.05858 2.01
      vertex -9.94783 0.837825 2.01
      vertex -10.0278 0.789896 2.01
    endloop
  endfacet
  facet normal 0 0 -1
    outer loop
      vertex -10.748 1.05858 2.01
      vertex -10.0278 0.789896 2.01
      vertex -10.1027 0.73436 2.01
    endloop
  endfacet
  facet normal 0 0 -1
    outer loop
      vertex -10.748 1.05858 2.01
      vertex -10.1027 0.73436 2.01
      vertex -10.1718 0.671751 2.01
    endloop
  endfacet
  facet normal 0 0 -1
    outer loop
      vertex -10.748 1.05858 2.01
      vertex -10.1718 0.671751 2.01
      vertex -10.2344 0.602674 2.01
    endloop
  endfacet
  facet normal 0 0 -1
    outer loop
      vertex -10.748 1.05858 2.01
      vertex -10.2344 0.602674 2.01
      vertex -10.2899 0.527791 2.01
    endloop
  endfacet
  facet normal 0 0 -1
    outer loop
      vertex -9.5 0.95 2.01
      vertex -10.335 3.13507 2.01
      vertex -9.9779 4.13298 2.01
    endloop
  endfacet
  facet normal 0 0 -1
    outer loop
      vertex -10.748 1.05858 2.01
      vertex -10.2899 0.527791 2.01
      vertex -10.3378 0.447826 2.01
    endloop
  endfacet
  facet normal 0 0 -1
    outer loop
      vertex -10.748 1.05858 2.01
      vertex -10.3378 0.447826 2.01
      vertex -10.3777 0.363549 2.01
    endloop
  endfacet
  facet normal 0 0 -1
    outer loop
      vertex -10.8 0 2.01
      vertex -10.3777 0.363549 2.01
      vertex -10.4091 0.27577 2.01
    endloop
  endfacet
  facet normal 0 0 -1
    outer loop
      vertex -10.8 0 2.01
      vertex -10.4091 0.27577 2.01
      vertex -10.4317 0.185335 2.01
    endloop
  endfacet
  facet normal 0 0 -1
    outer loop
      vertex -10.8 0 2.01
      vertex -10.4317 0.185335 2.01
      vertex -10.4454 0.0931158 2.01
    endloop
  endfacet
  facet normal 0 0 -1
    outer loop
      vertex -10.8 0 2.01
      vertex -10.4454 0.0931158 2.01
      vertex -10.45 0 2.01
    endloop
  endfacet
  facet normal 0 0 -1
    outer loop
      vertex -10.4317 -0.185335 2.01
      vertex -10.8 0 2.01
      vertex -10.4454 -0.0931158 2.01
    endloop
  endfacet
  facet normal 0 0 -1
    outer loop
      vertex -9.5 0.95 2.01
      vertex -10.5925 2.10697 2.01
      vertex -10.335 3.13507 2.01
    endloop
  endfacet
  facet normal 0 0 -1
    outer loop
      vertex -10.4454 -0.0931158 2.01
      vertex -10.8 0 2.01
      vertex -10.45 0 2.01
    endloop
  endfacet
  facet normal 0 0 -1
    outer loop
      vertex -9.86355 0.877686 2.01
      vertex -10.748 1.05858 2.01
      vertex -10.5925 2.10697 2.01
    endloop
  endfacet
  facet normal -0 0 -1
    outer loop
      vertex -10.3777 0.363549 2.01
      vertex -10.8 0 2.01
      vertex -10.748 1.05858 2.01
    endloop
  endfacet
  facet normal 0 0 -1
    outer loop
      vertex 2.10697 -10.5925 2.01
      vertex 0.945425 -9.59312 2.01
      vertex 0.95 -9.5 2.01
    endloop
  endfacet
  facet normal 0 0 -1
    outer loop
      vertex 2.10697 -10.5925 2.01
      vertex 0.931746 -9.68534 2.01
      vertex 0.945425 -9.59312 2.01
    endloop
  endfacet
  facet normal 0 0 -1
    outer loop
      vertex 2.10697 -10.5925 2.01
      vertex 0.909093 -9.77577 2.01
      vertex 0.931746 -9.68534 2.01
    endloop
  endfacet
  facet normal 0 0 -1
    outer loop
      vertex 2.10697 -10.5925 2.01
      vertex 0.877686 -9.86355 2.01
      vertex 0.909093 -9.77577 2.01
    endloop
  endfacet
  facet normal 0 0 -1
    outer loop
      vertex 1.05858 -10.748 2.01
      vertex 0.837825 -9.94783 2.01
      vertex 0.877686 -9.86355 2.01
    endloop
  endfacet
  facet normal 0 0 -1
    outer loop
      vertex 1.05858 -10.748 2.01
      vertex 0.789896 -10.0278 2.01
      vertex 0.837825 -9.94783 2.01
    endloop
  endfacet
  facet normal 0 0 -1
    outer loop
      vertex 1.05858 -10.748 2.01
      vertex 0.73436 -10.1027 2.01
      vertex 0.789896 -10.0278 2.01
    endloop
  endfacet
  facet normal 0 0 -1
    outer loop
      vertex 1.05858 -10.748 2.01
      vertex 0.671751 -10.1718 2.01
      vertex 0.73436 -10.1027 2.01
    endloop
  endfacet
  facet normal 0 0 -1
    outer loop
      vertex 1.05858 -10.748 2.01
      vertex 0.602674 -10.2344 2.01
      vertex 0.671751 -10.1718 2.01
    endloop
  endfacet
  facet normal 0 0 -1
    outer loop
      vertex 1.05858 -10.748 2.01
      vertex 0.527791 -10.2899 2.01
      vertex 0.602674 -10.2344 2.01
    endloop
  endfacet
  facet normal 0 0 -1
    outer loop
      vertex 1.05858 -10.748 2.01
      vertex 0.447826 -10.3378 2.01
      vertex 0.527791 -10.2899 2.01
    endloop
  endfacet
  facet normal 0 0 -1
    outer loop
      vertex 1.05858 -10.748 2.01
      vertex 0.363549 -10.3777 2.01
      vertex 0.447826 -10.3378 2.01
    endloop
  endfacet
  facet normal 0 0 -1
    outer loop
      vertex 0 -10.8 2.01
      vertex 0.363549 -10.3777 2.01
      vertex 1.05858 -10.748 2.01
    endloop
  endfacet
  facet normal 0 0 -1
    outer loop
      vertex 0.363549 -10.3777 2.01
      vertex 0 -10.8 2.01
      vertex 0.27577 -10.4091 2.01
    endloop
  endfacet
  facet normal 0 0 -1
    outer loop
      vertex 0.27577 -10.4091 2.01
      vertex 0 -10.8 2.01
      vertex 0.185335 -10.4317 2.01
    endloop
  endfacet
  facet normal 0 0 -1
    outer loop
      vertex 0.185335 -10.4317 2.01
      vertex 0 -10.8 2.01
      vertex 0.0931158 -10.4454 2.01
    endloop
  endfacet
  facet normal 0 0 -1
    outer loop
      vertex 0 -10.8 2.01
      vertex 0 -10.45 2.01
      vertex 0.0931158 -10.4454 2.01
    endloop
  endfacet
  facet normal 0 0 -1
    outer loop
      vertex 0 -10.8 2.01
      vertex -0.0931158 -10.4454 2.01
      vertex 0 -10.45 2.01
    endloop
  endfacet
  facet normal 0 0 -1
    outer loop
      vertex 0 -10.8 2.01
      vertex -0.185335 -10.4317 2.01
      vertex -0.0931158 -10.4454 2.01
    endloop
  endfacet
  facet normal 0 0 -1
    outer loop
      vertex 0 -10.8 2.01
      vertex -0.27577 -10.4091 2.01
      vertex -0.185335 -10.4317 2.01
    endloop
  endfacet
  facet normal 0 0 -1
    outer loop
      vertex 0 -10.8 2.01
      vertex -0.363549 -10.3777 2.01
      vertex -0.27577 -10.4091 2.01
    endloop
  endfacet
  facet normal 0 0 -1
    outer loop
      vertex -1.05858 -10.748 2.01
      vertex -0.363549 -10.3777 2.01
      vertex 0 -10.8 2.01
    endloop
  endfacet
  facet normal -0 0 -1
    outer loop
      vertex -0.363549 -10.3777 2.01
      vertex -1.05858 -10.748 2.01
      vertex -0.447826 -10.3378 2.01
    endloop
  endfacet
  facet normal -0 0 -1
    outer loop
      vertex -0.447826 -10.3378 2.01
      vertex -1.05858 -10.748 2.01
      vertex -0.527791 -10.2899 2.01
    endloop
  endfacet
  facet normal -0 0 -1
    outer loop
      vertex -0.527791 -10.2899 2.01
      vertex -1.05858 -10.748 2.01
      vertex -0.602674 -10.2344 2.01
    endloop
  endfacet
  facet normal -0 0 -1
    outer loop
      vertex -0.945425 -9.59312 2.01
      vertex -2.10697 -10.5925 2.01
      vertex -0.95 -9.5 2.01
    endloop
  endfacet
  facet normal -0 0 -1
    outer loop
      vertex -0.931746 -9.68534 2.01
      vertex -2.10697 -10.5925 2.01
      vertex -0.945425 -9.59312 2.01
    endloop
  endfacet
  facet normal -0 0 -1
    outer loop
      vertex -0.909093 -9.77577 2.01
      vertex -2.10697 -10.5925 2.01
      vertex -0.931746 -9.68534 2.01
    endloop
  endfacet
  facet normal -0 0 -1
    outer loop
      vertex -0.877686 -9.86355 2.01
      vertex -2.10697 -10.5925 2.01
      vertex -0.909093 -9.77577 2.01
    endloop
  endfacet
  facet normal 0 0 -1
    outer loop
      vertex -2.10697 -10.5925 2.01
      vertex -0.877686 -9.86355 2.01
      vertex -1.05858 -10.748 2.01
    endloop
  endfacet
  facet normal -0 0 -1
    outer loop
      vertex -0.837825 -9.94783 2.01
      vertex -1.05858 -10.748 2.01
      vertex -0.877686 -9.86355 2.01
    endloop
  endfacet
  facet normal -0 0 -1
    outer loop
      vertex -0.789896 -10.0278 2.01
      vertex -1.05858 -10.748 2.01
      vertex -0.837825 -9.94783 2.01
    endloop
  endfacet
  facet normal -0 0 -1
    outer loop
      vertex -0.73436 -10.1027 2.01
      vertex -1.05858 -10.748 2.01
      vertex -0.789896 -10.0278 2.01
    endloop
  endfacet
  facet normal -0 0 -1
    outer loop
      vertex -0.671751 -10.1718 2.01
      vertex -1.05858 -10.748 2.01
      vertex -0.73436 -10.1027 2.01
    endloop
  endfacet
  facet normal -0 0 -1
    outer loop
      vertex -0.602674 -10.2344 2.01
      vertex -1.05858 -10.748 2.01
      vertex -0.671751 -10.1718 2.01
    endloop
  endfacet
  facet normal 0 0 -1
    outer loop
      vertex 4.2101 0.527791 2.01
      vertex 2.13303 0.881071 2.01
      vertex 4.26564 0.602674 2.01
    endloop
  endfacet
  facet normal 0 0 -1
    outer loop
      vertex 2.13226 0.883213 2.01
      vertex 4.26564 0.602674 2.01
      vertex 2.13303 0.881071 2.01
    endloop
  endfacet
  facet normal 0 0 -1
    outer loop
      vertex 2.13129 0.885269 2.01
      vertex 4.26564 0.602674 2.01
      vertex 2.13226 0.883213 2.01
    endloop
  endfacet
  facet normal 0 0 -1
    outer loop
      vertex 4.26564 0.602674 2.01
      vertex 2.13129 0.885269 2.01
      vertex 4.32825 0.671751 2.01
    endloop
  endfacet
  facet normal 0 0 -1
    outer loop
      vertex 2.03543 1.08796 2.01
      vertex 4.32825 0.671751 2.01
      vertex 2.13129 0.885269 2.01
    endloop
  endfacet
  facet normal 0 0 -1
    outer loop
      vertex 4.32825 0.671751 2.01
      vertex 2.03543 1.08796 2.01
      vertex 4.39733 0.73436 2.01
    endloop
  endfacet
  facet normal 0 0 -1
    outer loop
      vertex 2.03426 1.08991 2.01
      vertex 4.39733 0.73436 2.01
      vertex 2.03543 1.08796 2.01
    endloop
  endfacet
  facet normal 0 0 -1
    outer loop
      vertex 1.91899 1.28223 2.01
      vertex 4.39733 0.73436 2.01
      vertex 2.03426 1.08991 2.01
    endloop
  endfacet
  facet normal 0 0 -1
    outer loop
      vertex 4.39733 0.73436 2.01
      vertex 1.91899 1.28223 2.01
      vertex 4.47221 0.789896 2.01
    endloop
  endfacet
  facet normal 0 0 -1
    outer loop
      vertex 4.47221 0.789896 2.01
      vertex 1.91899 1.28223 2.01
      vertex 4.55217 0.837825 2.01
    endloop
  endfacet
  facet normal 0 0 -1
    outer loop
      vertex 0.95 9.5 2.01
      vertex 4.13298 9.9779 2.01
      vertex 0.95 5 2.01
    endloop
  endfacet
  facet normal 0 0 -1
    outer loop
      vertex 1.78542 1.46232 2.01
      vertex 4.55217 0.837825 2.01
      vertex 1.91899 1.28223 2.01
    endloop
  endfacet
  facet normal 0 0 -1
    outer loop
      vertex 4.55217 0.837825 2.01
      vertex 0.95 5 2.01
      vertex 4.13298 9.9779 2.01
    endloop
  endfacet
  facet normal 0 0 -1
    outer loop
      vertex 1.78407 1.46415 2.01
      vertex 4.55217 0.837825 2.01
      vertex 1.78542 1.46232 2.01
    endloop
  endfacet
  facet normal 0 0 -1
    outer loop
      vertex 1.78254 1.46583 2.01
      vertex 4.55217 0.837825 2.01
      vertex 1.78407 1.46415 2.01
    endloop
  endfacet
  facet normal 0 0 -1
    outer loop
      vertex 1.63196 1.63196 2.01
      vertex 4.55217 0.837825 2.01
      vertex 1.78254 1.46583 2.01
    endloop
  endfacet
  facet normal 0 0 -1
    outer loop
      vertex 4.55217 0.837825 2.01
      vertex 1.63196 1.63196 2.01
      vertex 0.909093 4.72423 2.01
    endloop
  endfacet
  facet normal 0 0 -1
    outer loop
      vertex 0.877686 4.63645 2.01
      vertex 1.63196 1.63196 2.01
      vertex 1.46583 1.78254 2.01
    endloop
  endfacet
  facet normal 0 0 -1
    outer loop
      vertex 0.877686 4.63645 2.01
      vertex 1.46583 1.78254 2.01
      vertex 1.46415 1.78407 2.01
    endloop
  endfacet
  facet normal 0 0 -1
    outer loop
      vertex 0.837825 4.55217 2.01
      vertex 1.46415 1.78407 2.01
      vertex 1.46232 1.78542 2.01
    endloop
  endfacet
  facet normal 0 0 -1
    outer loop
      vertex 0.837825 4.55217 2.01
      vertex 1.46232 1.78542 2.01
      vertex 1.28223 1.91899 2.01
    endloop
  endfacet
  facet normal 0 0 -1
    outer loop
      vertex 0.73436 4.39733 2.01
      vertex 1.28223 1.91899 2.01
      vertex 1.08991 2.03426 2.01
    endloop
  endfacet
  facet normal 0 0 -1
    outer loop
      vertex 0.73436 4.39733 2.01
      vertex 1.08991 2.03426 2.01
      vertex 1.08796 2.03543 2.01
    endloop
  endfacet
  facet normal -0 0 -1
    outer loop
      vertex 4.13298 9.9779 2.01
      vertex 0.95 9.5 2.01
      vertex 3.13507 10.335 2.01
    endloop
  endfacet
  facet normal -0 0 -1
    outer loop
      vertex 3.13507 10.335 2.01
      vertex 0.95 9.5 2.01
      vertex 2.10697 10.5925 2.01
    endloop
  endfacet
  facet normal 0 0 -1
    outer loop
      vertex 4.55217 0.837825 2.01
      vertex 0.945425 4.90688 2.01
      vertex 0.95 5 2.01
    endloop
  endfacet
  facet normal 0 0 -1
    outer loop
      vertex 4.55217 0.837825 2.01
      vertex 0.931746 4.81466 2.01
      vertex 0.945425 4.90688 2.01
    endloop
  endfacet
  facet normal 0 0 -1
    outer loop
      vertex 4.55217 0.837825 2.01
      vertex 0.909093 4.72423 2.01
      vertex 0.931746 4.81466 2.01
    endloop
  endfacet
  facet normal 0 0 -1
    outer loop
      vertex 0.671751 4.32825 2.01
      vertex 1.08796 2.03543 2.01
      vertex 0.885269 2.13129 2.01
    endloop
  endfacet
  facet normal 0 0 -1
    outer loop
      vertex 0.602674 4.26564 2.01
      vertex 0.885269 2.13129 2.01
      vertex 0.883213 2.13226 2.01
    endloop
  endfacet
  facet normal 0 0 -1
    outer loop
      vertex 0.602674 4.26564 2.01
      vertex 0.883213 2.13226 2.01
      vertex 0.881071 2.13303 2.01
    endloop
  endfacet
  facet normal 0 0 -1
    outer loop
      vertex 1.63196 1.63196 2.01
      vertex 0.877686 4.63645 2.01
      vertex 0.909093 4.72423 2.01
    endloop
  endfacet
  facet normal 0 0 -1
    outer loop
      vertex 1.46415 1.78407 2.01
      vertex 0.837825 4.55217 2.01
      vertex 0.877686 4.63645 2.01
    endloop
  endfacet
  facet normal 0 0 -1
    outer loop
      vertex 1.28223 1.91899 2.01
      vertex 0.789896 4.47221 2.01
      vertex 0.837825 4.55217 2.01
    endloop
  endfacet
  facet normal 0 0 -1
    outer loop
      vertex 1.28223 1.91899 2.01
      vertex 0.73436 4.39733 2.01
      vertex 0.789896 4.47221 2.01
    endloop
  endfacet
  facet normal 0 0 -1
    outer loop
      vertex 1.08796 2.03543 2.01
      vertex 0.671751 4.32825 2.01
      vertex 0.73436 4.39733 2.01
    endloop
  endfacet
  facet normal 0 0 -1
    outer loop
      vertex 0.527791 4.2101 2.01
      vertex 0.881071 2.13303 2.01
      vertex 0.669961 2.20857 2.01
    endloop
  endfacet
  facet normal 0 0 -1
    outer loop
      vertex 0.885269 2.13129 2.01
      vertex 0.602674 4.26564 2.01
      vertex 0.671751 4.32825 2.01
    endloop
  endfacet
  facet normal 0 0 -1
    outer loop
      vertex 0.881071 2.13303 2.01
      vertex 0.527791 4.2101 2.01
      vertex 0.602674 4.26564 2.01
    endloop
  endfacet
  facet normal 0 0 -1
    outer loop
      vertex 0.363549 4.12231 2.01
      vertex 0.669961 2.20857 2.01
      vertex 0.452464 2.26305 2.01
    endloop
  endfacet
  facet normal 0 0 -1
    outer loop
      vertex 0.363549 4.12231 2.01
      vertex 0.452464 2.26305 2.01
      vertex 0.450258 2.2636 2.01
    endloop
  endfacet
  facet normal 0 0 -1
    outer loop
      vertex 0.27577 4.09091 2.01
      vertex 0.450258 2.2636 2.01
      vertex 0.448008 2.26393 2.01
    endloop
  endfacet
  facet normal 0 0 -1
    outer loop
      vertex 0.669961 2.20857 2.01
      vertex 0.447826 4.16217 2.01
      vertex 0.527791 4.2101 2.01
    endloop
  endfacet
  facet normal 0 0 -1
    outer loop
      vertex 0.669961 2.20857 2.01
      vertex 0.363549 4.12231 2.01
      vertex 0.447826 4.16217 2.01
    endloop
  endfacet
  facet normal 0 0 -1
    outer loop
      vertex 0.450258 2.2636 2.01
      vertex 0.27577 4.09091 2.01
      vertex 0.363549 4.12231 2.01
    endloop
  endfacet
  facet normal 0 0 -1
    outer loop
      vertex 0.226218 2.29683 2.01
      vertex 0.27577 4.09091 2.01
      vertex 0.448008 2.26393 2.01
    endloop
  endfacet
  facet normal 0 0 -1
    outer loop
      vertex 0.185335 4.06825 2.01
      vertex 0.226218 2.29683 2.01
      vertex 0.223946 2.29694 2.01
    endloop
  endfacet
  facet normal 0 0 -1
    outer loop
      vertex 0.226218 2.29683 2.01
      vertex 0.185335 4.06825 2.01
      vertex 0.27577 4.09091 2.01
    endloop
  endfacet
  facet normal 0 0 -1
    outer loop
      vertex 0.223946 2.29694 2.01
      vertex 0.0931158 4.05457 2.01
      vertex 0.185335 4.06825 2.01
    endloop
  endfacet
  facet normal 0 0 -1
    outer loop
      vertex 0 2.30795 2.01
      vertex 0.0931158 4.05457 2.01
      vertex 0.223946 2.29694 2.01
    endloop
  endfacet
  facet normal 0 0 -1
    outer loop
      vertex 0 2.30795 2.01
      vertex 0 4.05 2.01
      vertex 0.0931158 4.05457 2.01
    endloop
  endfacet
  facet normal 0 0 -1
    outer loop
      vertex 0 2.30795 2.01
      vertex -0.0931158 4.05457 2.01
      vertex 0 4.05 2.01
    endloop
  endfacet
  facet normal 0 0 -1
    outer loop
      vertex -0.223946 2.29694 2.01
      vertex -0.0931158 4.05457 2.01
      vertex 0 2.30795 2.01
    endloop
  endfacet
  facet normal -0 0 -1
    outer loop
      vertex -0.0931158 4.05457 2.01
      vertex -0.223946 2.29694 2.01
      vertex -0.185335 4.06825 2.01
    endloop
  endfacet
  facet normal 0 0 -1
    outer loop
      vertex -0.226218 2.29683 2.01
      vertex -0.185335 4.06825 2.01
      vertex -0.223946 2.29694 2.01
    endloop
  endfacet
  facet normal 0 0 -1
    outer loop
      vertex -0.226218 2.29683 2.01
      vertex -0.27577 4.09091 2.01
      vertex -0.185335 4.06825 2.01
    endloop
  endfacet
  facet normal 0 0 -1
    outer loop
      vertex -0.448008 2.26393 2.01
      vertex -0.27577 4.09091 2.01
      vertex -0.226218 2.29683 2.01
    endloop
  endfacet
  facet normal 0 0 -1
    outer loop
      vertex -0.450258 2.2636 2.01
      vertex -0.27577 4.09091 2.01
      vertex -0.448008 2.26393 2.01
    endloop
  endfacet
  facet normal -0 0 -1
    outer loop
      vertex -0.27577 4.09091 2.01
      vertex -0.450258 2.2636 2.01
      vertex -0.363549 4.12231 2.01
    endloop
  endfacet
  facet normal 0 0 -1
    outer loop
      vertex -0.452464 2.26305 2.01
      vertex -0.363549 4.12231 2.01
      vertex -0.450258 2.2636 2.01
    endloop
  endfacet
  facet normal 0 0 -1
    outer loop
      vertex -0.669961 2.20857 2.01
      vertex -0.363549 4.12231 2.01
      vertex -0.452464 2.26305 2.01
    endloop
  endfacet
  facet normal -0 0 -1
    outer loop
      vertex -0.363549 4.12231 2.01
      vertex -0.669961 2.20857 2.01
      vertex -0.447826 4.16217 2.01
    endloop
  endfacet
  facet normal -0 0 -1
    outer loop
      vertex -0.447826 4.16217 2.01
      vertex -0.669961 2.20857 2.01
      vertex -0.527791 4.2101 2.01
    endloop
  endfacet
  facet normal 0 0 -1
    outer loop
      vertex -0.881071 2.13303 2.01
      vertex -0.527791 4.2101 2.01
      vertex -0.669961 2.20857 2.01
    endloop
  endfacet
  facet normal -0 0 -1
    outer loop
      vertex -0.527791 4.2101 2.01
      vertex -0.881071 2.13303 2.01
      vertex -0.602674 4.26564 2.01
    endloop
  endfacet
  facet normal 0 0 -1
    outer loop
      vertex -0.883213 2.13226 2.01
      vertex -0.602674 4.26564 2.01
      vertex -0.881071 2.13303 2.01
    endloop
  endfacet
  facet normal 0 0 -1
    outer loop
      vertex -0.885269 2.13129 2.01
      vertex -0.602674 4.26564 2.01
      vertex -0.883213 2.13226 2.01
    endloop
  endfacet
  facet normal -0 0 -1
    outer loop
      vertex -0.602674 4.26564 2.01
      vertex -0.885269 2.13129 2.01
      vertex -0.671751 4.32825 2.01
    endloop
  endfacet
  facet normal 0 0 -1
    outer loop
      vertex -1.08796 2.03543 2.01
      vertex -0.671751 4.32825 2.01
      vertex -0.885269 2.13129 2.01
    endloop
  endfacet
  facet normal -0 0 -1
    outer loop
      vertex -0.671751 4.32825 2.01
      vertex -1.08796 2.03543 2.01
      vertex -0.73436 4.39733 2.01
    endloop
  endfacet
  facet normal 0 0 -1
    outer loop
      vertex -1.08991 2.03426 2.01
      vertex -0.73436 4.39733 2.01
      vertex -1.08796 2.03543 2.01
    endloop
  endfacet
  facet normal 0 0 -1
    outer loop
      vertex -1.28223 1.91899 2.01
      vertex -0.73436 4.39733 2.01
      vertex -1.08991 2.03426 2.01
    endloop
  endfacet
  facet normal -0 0 -1
    outer loop
      vertex -0.73436 4.39733 2.01
      vertex -1.28223 1.91899 2.01
      vertex -0.789896 4.47221 2.01
    endloop
  endfacet
  facet normal -0 0 -1
    outer loop
      vertex -0.789896 4.47221 2.01
      vertex -1.28223 1.91899 2.01
      vertex -0.837825 4.55217 2.01
    endloop
  endfacet
  facet normal 0 0 -1
    outer loop
      vertex -1.46232 1.78542 2.01
      vertex -0.837825 4.55217 2.01
      vertex -1.28223 1.91899 2.01
    endloop
  endfacet
  facet normal 0 0 -1
    outer loop
      vertex -1.46415 1.78407 2.01
      vertex -0.837825 4.55217 2.01
      vertex -1.46232 1.78542 2.01
    endloop
  endfacet
  facet normal 0 0 -1
    outer loop
      vertex -3.13507 10.335 2.01
      vertex -0.95 9.5 2.01
      vertex -0.95 5 2.01
    endloop
  endfacet
  facet normal -0 0 -1
    outer loop
      vertex -0.837825 4.55217 2.01
      vertex -1.46415 1.78407 2.01
      vertex -0.877686 4.63645 2.01
    endloop
  endfacet
  facet normal 0 0 -1
    outer loop
      vertex -1.46583 1.78254 2.01
      vertex -0.877686 4.63645 2.01
      vertex -1.46415 1.78407 2.01
    endloop
  endfacet
  facet normal 0 0 -1
    outer loop
      vertex -1.63196 1.63196 2.01
      vertex -0.877686 4.63645 2.01
      vertex -1.46583 1.78254 2.01
    endloop
  endfacet
  facet normal -0 0 -1
    outer loop
      vertex -0.877686 4.63645 2.01
      vertex -1.63196 1.63196 2.01
      vertex -0.909093 4.72423 2.01
    endloop
  endfacet
  facet normal 0 0 -1
    outer loop
      vertex -1.78254 1.46583 2.01
      vertex -0.909093 4.72423 2.01
      vertex -1.63196 1.63196 2.01
    endloop
  endfacet
  facet normal -0 0 -1
    outer loop
      vertex -0.909093 4.72423 2.01
      vertex -1.78254 1.46583 2.01
      vertex -0.931746 4.81466 2.01
    endloop
  endfacet
  facet normal 0 0 -1
    outer loop
      vertex -4.39733 0.73436 2.01
      vertex -2.03543 1.08796 2.01
      vertex -4.32825 0.671751 2.01
    endloop
  endfacet
  facet normal 0 0 -1
    outer loop
      vertex -4.26564 0.602674 2.01
      vertex -2.13226 0.883213 2.01
      vertex -4.2101 0.527791 2.01
    endloop
  endfacet
  facet normal -0 0 -1
    outer loop
      vertex -2.13226 0.883213 2.01
      vertex -4.26564 0.602674 2.01
      vertex -2.13129 0.885269 2.01
    endloop
  endfacet
  facet normal 0 0 -1
    outer loop
      vertex -4.32825 0.671751 2.01
      vertex -2.13129 0.885269 2.01
      vertex -4.26564 0.602674 2.01
    endloop
  endfacet
  facet normal -0 0 -1
    outer loop
      vertex -2.13303 0.881071 2.01
      vertex -4.2101 0.527791 2.01
      vertex -2.13226 0.883213 2.01
    endloop
  endfacet
  facet normal -0 0 -1
    outer loop
      vertex -2.20857 0.669961 2.01
      vertex -4.2101 0.527791 2.01
      vertex -2.13303 0.881071 2.01
    endloop
  endfacet
  facet normal 0 0 -1
    outer loop
      vertex -4.2101 0.527791 2.01
      vertex -2.20857 0.669961 2.01
      vertex -4.16217 0.447826 2.01
    endloop
  endfacet
  facet normal 0 0 -1
    outer loop
      vertex -4.16217 0.447826 2.01
      vertex -2.20857 0.669961 2.01
      vertex -4.12231 0.363549 2.01
    endloop
  endfacet
  facet normal 0 0 -1
    outer loop
      vertex -0.95 9.5 2.01
      vertex -2.10697 10.5925 2.01
      vertex -1.05858 10.748 2.01
    endloop
  endfacet
  facet normal -0 0 -1
    outer loop
      vertex -2.26305 0.452464 2.01
      vertex -4.12231 0.363549 2.01
      vertex -2.20857 0.669961 2.01
    endloop
  endfacet
  facet normal -0 0 -1
    outer loop
      vertex -2.2636 0.450258 2.01
      vertex -4.12231 0.363549 2.01
      vertex -2.26305 0.452464 2.01
    endloop
  endfacet
  facet normal 0 0 -1
    outer loop
      vertex -4.12231 0.363549 2.01
      vertex -2.2636 0.450258 2.01
      vertex -4.09091 0.27577 2.01
    endloop
  endfacet
  facet normal -0 0 -1
    outer loop
      vertex -2.26393 0.448008 2.01
      vertex -4.09091 0.27577 2.01
      vertex -2.2636 0.450258 2.01
    endloop
  endfacet
  facet normal 0 0 -1
    outer loop
      vertex -2.29683 0.226218 2.01
      vertex -4.09091 0.27577 2.01
      vertex -2.26393 0.448008 2.01
    endloop
  endfacet
  facet normal 0 0 -1
    outer loop
      vertex -4.09091 0.27577 2.01
      vertex -2.29683 0.226218 2.01
      vertex -4.06825 0.185335 2.01
    endloop
  endfacet
  facet normal 0 0 -1
    outer loop
      vertex -4.06825 0.185335 2.01
      vertex -2.29683 0.226218 2.01
      vertex -4.05457 0.0931158 2.01
    endloop
  endfacet
  facet normal -0 0 -1
    outer loop
      vertex -2.29694 0.223946 2.01
      vertex -4.05457 0.0931158 2.01
      vertex -2.29683 0.226218 2.01
    endloop
  endfacet
  facet normal 0 0 -1
    outer loop
      vertex -2.30795 0 2.01
      vertex -4.05457 0.0931158 2.01
      vertex -2.29694 0.223946 2.01
    endloop
  endfacet
  facet normal 0 0 -1
    outer loop
      vertex -4.05457 0.0931158 2.01
      vertex -2.30795 0 2.01
      vertex -4.05 0 2.01
    endloop
  endfacet
  facet normal 0 -0 -1
    outer loop
      vertex -4.12231 -0.363549 2.01
      vertex -2.20857 -0.669961 2.01
      vertex -4.16217 -0.447826 2.01
    endloop
  endfacet
  facet normal -0 0 -1
    outer loop
      vertex -2.13129 0.885269 2.01
      vertex -4.32825 0.671751 2.01
      vertex -2.03543 1.08796 2.01
    endloop
  endfacet
  facet normal 0 0 -1
    outer loop
      vertex -0.95 9.5 2.01
      vertex -3.13507 10.335 2.01
      vertex -2.10697 10.5925 2.01
    endloop
  endfacet
  facet normal -0 0 -1
    outer loop
      vertex -2.30795 0 2.01
      vertex -4.05457 -0.0931158 2.01
      vertex -4.05 0 2.01
    endloop
  endfacet
  facet normal 0 0 -1
    outer loop
      vertex -2.29694 -0.223946 2.01
      vertex -4.05457 -0.0931158 2.01
      vertex -2.30795 0 2.01
    endloop
  endfacet
  facet normal 0 -0 -1
    outer loop
      vertex -4.05457 -0.0931158 2.01
      vertex -2.29694 -0.223946 2.01
      vertex -4.06825 -0.185335 2.01
    endloop
  endfacet
  facet normal 0 0 -1
    outer loop
      vertex -2.29683 -0.226218 2.01
      vertex -4.06825 -0.185335 2.01
      vertex -2.29694 -0.223946 2.01
    endloop
  endfacet
  facet normal 0 0 -1
    outer loop
      vertex -4.55217 -0.837825 2.01
      vertex -3.13507 -10.335 2.01
      vertex -4.13298 -9.9779 2.01
    endloop
  endfacet
  facet normal 0 -0 -1
    outer loop
      vertex -4.06825 -0.185335 2.01
      vertex -2.29683 -0.226218 2.01
      vertex -4.09091 -0.27577 2.01
    endloop
  endfacet
  facet normal 0 0 -1
    outer loop
      vertex -2.26393 -0.448008 2.01
      vertex -4.09091 -0.27577 2.01
      vertex -2.29683 -0.226218 2.01
    endloop
  endfacet
  facet normal 0 0 -1
    outer loop
      vertex -2.2636 -0.450258 2.01
      vertex -4.09091 -0.27577 2.01
      vertex -2.26393 -0.448008 2.01
    endloop
  endfacet
  facet normal 0 -0 -1
    outer loop
      vertex -4.09091 -0.27577 2.01
      vertex -2.2636 -0.450258 2.01
      vertex -4.12231 -0.363549 2.01
    endloop
  endfacet
  facet normal 0 0 -1
    outer loop
      vertex -2.26305 -0.452464 2.01
      vertex -4.12231 -0.363549 2.01
      vertex -2.2636 -0.450258 2.01
    endloop
  endfacet
  facet normal 0 0 -1
    outer loop
      vertex -2.20857 -0.669961 2.01
      vertex -4.12231 -0.363549 2.01
      vertex -2.26305 -0.452464 2.01
    endloop
  endfacet
  facet normal 0 0 -1
    outer loop
      vertex -3.13507 -10.335 2.01
      vertex -4.55217 -0.837825 2.01
      vertex -4.47221 -0.789896 2.01
    endloop
  endfacet
  facet normal 0 0 -1
    outer loop
      vertex -4.13298 -9.9779 2.01
      vertex -4.63645 -0.877686 2.01
      vertex -4.55217 -0.837825 2.01
    endloop
  endfacet
  facet normal 0 0 -1
    outer loop
      vertex -5.09108 -9.52475 2.01
      vertex -4.63645 -0.877686 2.01
      vertex -4.13298 -9.9779 2.01
    endloop
  endfacet
  facet normal 0 0 -1
    outer loop
      vertex -4.63645 -0.877686 2.01
      vertex -5.09108 -9.52475 2.01
      vertex -4.72423 -0.909093 2.01
    endloop
  endfacet
  facet normal 0 0 -1
    outer loop
      vertex -6.00016 -8.97987 2.01
      vertex -4.72423 -0.909093 2.01
      vertex -5.09108 -9.52475 2.01
    endloop
  endfacet
  facet normal 0 0 -1
    outer loop
      vertex -4.72423 -0.909093 2.01
      vertex -6.00016 -8.97987 2.01
      vertex -4.81466 -0.931746 2.01
    endloop
  endfacet
  facet normal 0 0 -1
    outer loop
      vertex -6.85145 -8.34851 2.01
      vertex -4.81466 -0.931746 2.01
      vertex -6.00016 -8.97987 2.01
    endloop
  endfacet
  facet normal 0 0 -1
    outer loop
      vertex -4.81466 -0.931746 2.01
      vertex -6.85145 -8.34851 2.01
      vertex -4.90688 -0.945425 2.01
    endloop
  endfacet
  facet normal 0 0 -1
    outer loop
      vertex -7.63675 -7.63675 2.01
      vertex -4.90688 -0.945425 2.01
      vertex -6.85145 -8.34851 2.01
    endloop
  endfacet
  facet normal 0 0 -1
    outer loop
      vertex -4.90688 -0.945425 2.01
      vertex -7.63675 -7.63675 2.01
      vertex -5 -0.95 2.01
    endloop
  endfacet
  facet normal 0 0 -1
    outer loop
      vertex -8.34851 -6.85145 2.01
      vertex -5 -0.95 2.01
      vertex -7.63675 -7.63675 2.01
    endloop
  endfacet
  facet normal 0 0 -1
    outer loop
      vertex -8.97987 -6.00016 2.01
      vertex -5 -0.95 2.01
      vertex -8.34851 -6.85145 2.01
    endloop
  endfacet
  facet normal 0 0 -1
    outer loop
      vertex -9.52475 -5.09108 2.01
      vertex -5 -0.95 2.01
      vertex -8.97987 -6.00016 2.01
    endloop
  endfacet
  facet normal 0 0 -1
    outer loop
      vertex -9.9779 -4.13298 2.01
      vertex -5 -0.95 2.01
      vertex -9.52475 -5.09108 2.01
    endloop
  endfacet
  facet normal -0 0 -1
    outer loop
      vertex -5 -0.95 2.01
      vertex -9.9779 -4.13298 2.01
      vertex -9.5 -0.95 2.01
    endloop
  endfacet
  facet normal 0 0 -1
    outer loop
      vertex -10.335 -3.13507 2.01
      vertex -9.5 -0.95 2.01
      vertex -9.9779 -4.13298 2.01
    endloop
  endfacet
  facet normal 0 0 -1
    outer loop
      vertex -10.5925 -2.10697 2.01
      vertex -9.5 -0.95 2.01
      vertex -10.335 -3.13507 2.01
    endloop
  endfacet
  facet normal -0 0 -1
    outer loop
      vertex -9.5 -0.95 2.01
      vertex -10.5925 -2.10697 2.01
      vertex -9.59312 -0.945425 2.01
    endloop
  endfacet
  facet normal -0 0 -1
    outer loop
      vertex -9.59312 -0.945425 2.01
      vertex -10.5925 -2.10697 2.01
      vertex -9.68534 -0.931746 2.01
    endloop
  endfacet
  facet normal -0 0 -1
    outer loop
      vertex -9.68534 -0.931746 2.01
      vertex -10.5925 -2.10697 2.01
      vertex -9.77577 -0.909093 2.01
    endloop
  endfacet
  facet normal -0 0 -1
    outer loop
      vertex -9.77577 -0.909093 2.01
      vertex -10.5925 -2.10697 2.01
      vertex -9.86355 -0.877686 2.01
    endloop
  endfacet
  facet normal 0 0 -1
    outer loop
      vertex -10.748 -1.05858 2.01
      vertex -9.86355 -0.877686 2.01
      vertex -10.5925 -2.10697 2.01
    endloop
  endfacet
  facet normal -0 0 -1
    outer loop
      vertex -9.86355 -0.877686 2.01
      vertex -10.748 -1.05858 2.01
      vertex -9.94783 -0.837825 2.01
    endloop
  endfacet
  facet normal -0 0 -1
    outer loop
      vertex -9.94783 -0.837825 2.01
      vertex -10.748 -1.05858 2.01
      vertex -10.0278 -0.789896 2.01
    endloop
  endfacet
  facet normal -0 0 -1
    outer loop
      vertex -10.0278 -0.789896 2.01
      vertex -10.748 -1.05858 2.01
      vertex -10.1027 -0.73436 2.01
    endloop
  endfacet
  facet normal -0 0 -1
    outer loop
      vertex -10.1027 -0.73436 2.01
      vertex -10.748 -1.05858 2.01
      vertex -10.1718 -0.671751 2.01
    endloop
  endfacet
  facet normal -0 0 -1
    outer loop
      vertex -10.1718 -0.671751 2.01
      vertex -10.748 -1.05858 2.01
      vertex -10.2344 -0.602674 2.01
    endloop
  endfacet
  facet normal -0 0 -1
    outer loop
      vertex -10.2344 -0.602674 2.01
      vertex -10.748 -1.05858 2.01
      vertex -10.2899 -0.527791 2.01
    endloop
  endfacet
  facet normal -0 0 -1
    outer loop
      vertex -10.2899 -0.527791 2.01
      vertex -10.748 -1.05858 2.01
      vertex -10.3378 -0.447826 2.01
    endloop
  endfacet
  facet normal -0 0 -1
    outer loop
      vertex -10.3378 -0.447826 2.01
      vertex -10.748 -1.05858 2.01
      vertex -10.3777 -0.363549 2.01
    endloop
  endfacet
  facet normal 0 0 -1
    outer loop
      vertex -10.8 0 2.01
      vertex -10.3777 -0.363549 2.01
      vertex -10.748 -1.05858 2.01
    endloop
  endfacet
  facet normal 0 0 -1
    outer loop
      vertex -10.3777 -0.363549 2.01
      vertex -10.8 0 2.01
      vertex -10.4091 -0.27577 2.01
    endloop
  endfacet
  facet normal 0 0 -1
    outer loop
      vertex -10.4091 -0.27577 2.01
      vertex -10.8 0 2.01
      vertex -10.4317 -0.185335 2.01
    endloop
  endfacet
  facet normal 0 0 -1
    outer loop
      vertex 0.945425 9.59312 2.01
      vertex 2.10697 10.5925 2.01
      vertex 0.95 9.5 2.01
    endloop
  endfacet
  facet normal 0 0 -1
    outer loop
      vertex 0.931746 9.68534 2.01
      vertex 2.10697 10.5925 2.01
      vertex 0.945425 9.59312 2.01
    endloop
  endfacet
  facet normal 0 0 -1
    outer loop
      vertex 0.909093 9.77577 2.01
      vertex 2.10697 10.5925 2.01
      vertex 0.931746 9.68534 2.01
    endloop
  endfacet
  facet normal 0 0 -1
    outer loop
      vertex 0.877686 9.86355 2.01
      vertex 2.10697 10.5925 2.01
      vertex 0.909093 9.77577 2.01
    endloop
  endfacet
  facet normal -0 0 -1
    outer loop
      vertex 2.10697 10.5925 2.01
      vertex 0.877686 9.86355 2.01
      vertex 1.05858 10.748 2.01
    endloop
  endfacet
  facet normal 0 0 -1
    outer loop
      vertex 0.837825 9.94783 2.01
      vertex 1.05858 10.748 2.01
      vertex 0.877686 9.86355 2.01
    endloop
  endfacet
  facet normal 0 0 -1
    outer loop
      vertex 0.789896 10.0278 2.01
      vertex 1.05858 10.748 2.01
      vertex 0.837825 9.94783 2.01
    endloop
  endfacet
  facet normal 0 0 -1
    outer loop
      vertex 0.73436 10.1027 2.01
      vertex 1.05858 10.748 2.01
      vertex 0.789896 10.0278 2.01
    endloop
  endfacet
  facet normal 0 0 -1
    outer loop
      vertex 0.671751 10.1718 2.01
      vertex 1.05858 10.748 2.01
      vertex 0.73436 10.1027 2.01
    endloop
  endfacet
  facet normal 0 0 -1
    outer loop
      vertex 0.602674 10.2344 2.01
      vertex 1.05858 10.748 2.01
      vertex 0.671751 10.1718 2.01
    endloop
  endfacet
  facet normal 0 0 -1
    outer loop
      vertex 0.527791 10.2899 2.01
      vertex 1.05858 10.748 2.01
      vertex 0.602674 10.2344 2.01
    endloop
  endfacet
  facet normal 0 0 -1
    outer loop
      vertex 0.447826 10.3378 2.01
      vertex 1.05858 10.748 2.01
      vertex 0.527791 10.2899 2.01
    endloop
  endfacet
  facet normal 0 0 -1
    outer loop
      vertex 0.363549 10.3777 2.01
      vertex 1.05858 10.748 2.01
      vertex 0.447826 10.3378 2.01
    endloop
  endfacet
  facet normal 0 0 -1
    outer loop
      vertex 0 10.8 2.01
      vertex 0.363549 10.3777 2.01
      vertex 0.27577 10.4091 2.01
    endloop
  endfacet
  facet normal 0 0 -1
    outer loop
      vertex 0 10.8 2.01
      vertex 0.27577 10.4091 2.01
      vertex 0.185335 10.4317 2.01
    endloop
  endfacet
  facet normal 0 0 -1
    outer loop
      vertex 0 10.8 2.01
      vertex 0.185335 10.4317 2.01
      vertex 0.0931158 10.4454 2.01
    endloop
  endfacet
  facet normal 0 0 -1
    outer loop
      vertex 0 10.8 2.01
      vertex 0.0931158 10.4454 2.01
      vertex 0 10.45 2.01
    endloop
  endfacet
  facet normal 0 0 -1
    outer loop
      vertex 0.363549 10.3777 2.01
      vertex 0 10.8 2.01
      vertex 1.05858 10.748 2.01
    endloop
  endfacet
  facet normal 0 0 -1
    outer loop
      vertex -0.0931158 10.4454 2.01
      vertex 0 10.8 2.01
      vertex 0 10.45 2.01
    endloop
  endfacet
  facet normal 0 0 -1
    outer loop
      vertex -0.185335 10.4317 2.01
      vertex 0 10.8 2.01
      vertex -0.0931158 10.4454 2.01
    endloop
  endfacet
  facet normal 0 0 -1
    outer loop
      vertex -0.27577 10.4091 2.01
      vertex 0 10.8 2.01
      vertex -0.185335 10.4317 2.01
    endloop
  endfacet
  facet normal 0 0 -1
    outer loop
      vertex -0.363549 10.3777 2.01
      vertex 0 10.8 2.01
      vertex -0.27577 10.4091 2.01
    endloop
  endfacet
  facet normal 0 0 -1
    outer loop
      vertex -1.05858 10.748 2.01
      vertex -0.363549 10.3777 2.01
      vertex -0.447826 10.3378 2.01
    endloop
  endfacet
  facet normal 0 0 -1
    outer loop
      vertex -1.05858 10.748 2.01
      vertex -0.447826 10.3378 2.01
      vertex -0.527791 10.2899 2.01
    endloop
  endfacet
  facet normal 0 0 -1
    outer loop
      vertex -1.05858 10.748 2.01
      vertex -0.527791 10.2899 2.01
      vertex -0.602674 10.2344 2.01
    endloop
  endfacet
  facet normal 0 0 -1
    outer loop
      vertex -1.05858 10.748 2.01
      vertex -0.602674 10.2344 2.01
      vertex -0.671751 10.1718 2.01
    endloop
  endfacet
  facet normal 0 0 -1
    outer loop
      vertex -0.363549 10.3777 2.01
      vertex -1.05858 10.748 2.01
      vertex 0 10.8 2.01
    endloop
  endfacet
  facet normal 0 0 -1
    outer loop
      vertex -0.73436 10.1027 2.01
      vertex -1.05858 10.748 2.01
      vertex -0.671751 10.1718 2.01
    endloop
  endfacet
  facet normal 0 0 -1
    outer loop
      vertex -0.789896 10.0278 2.01
      vertex -1.05858 10.748 2.01
      vertex -0.73436 10.1027 2.01
    endloop
  endfacet
  facet normal 0 0 -1
    outer loop
      vertex -0.837825 9.94783 2.01
      vertex -1.05858 10.748 2.01
      vertex -0.789896 10.0278 2.01
    endloop
  endfacet
  facet normal 0 0 -1
    outer loop
      vertex -0.877686 9.86355 2.01
      vertex -1.05858 10.748 2.01
      vertex -0.837825 9.94783 2.01
    endloop
  endfacet
  facet normal 0 0 -1
    outer loop
      vertex -0.909093 9.77577 2.01
      vertex -1.05858 10.748 2.01
      vertex -0.877686 9.86355 2.01
    endloop
  endfacet
  facet normal 0 0 -1
    outer loop
      vertex -0.931746 9.68534 2.01
      vertex -1.05858 10.748 2.01
      vertex -0.909093 9.77577 2.01
    endloop
  endfacet
  facet normal 0 0 -1
    outer loop
      vertex -0.945425 9.59312 2.01
      vertex -1.05858 10.748 2.01
      vertex -0.931746 9.68534 2.01
    endloop
  endfacet
  facet normal 0 0 -1
    outer loop
      vertex -1.05858 10.748 2.01
      vertex -0.945425 9.59312 2.01
      vertex -0.95 9.5 2.01
    endloop
  endfacet
  facet normal 0 0 -1
    outer loop
      vertex 10.3777 -0.363549 2.01
      vertex 10.8 0 2.01
      vertex 10.748 -1.05858 2.01
    endloop
  endfacet
  facet normal 0 0 -1
    outer loop
      vertex 9.86355 -0.877686 2.01
      vertex 10.748 -1.05858 2.01
      vertex 10.5925 -2.10697 2.01
    endloop
  endfacet
  facet normal -0 0 -1
    outer loop
      vertex 10.8 0 2.01
      vertex 10.4454 -0.0931158 2.01
      vertex 10.45 0 2.01
    endloop
  endfacet
  facet normal 0 0 -1
    outer loop
      vertex 10.4317 0.185335 2.01
      vertex 10.8 0 2.01
      vertex 10.4454 0.0931158 2.01
    endloop
  endfacet
  facet normal 0 0 -1
    outer loop
      vertex 10.4454 0.0931158 2.01
      vertex 10.8 0 2.01
      vertex 10.45 0 2.01
    endloop
  endfacet
  facet normal 0 0 -1
    outer loop
      vertex 10.8 0 2.01
      vertex 10.4317 -0.185335 2.01
      vertex 10.4454 -0.0931158 2.01
    endloop
  endfacet
  facet normal 0 0 -1
    outer loop
      vertex 10.8 0 2.01
      vertex 10.4091 -0.27577 2.01
      vertex 10.4317 -0.185335 2.01
    endloop
  endfacet
  facet normal 0 0 -1
    outer loop
      vertex 10.8 0 2.01
      vertex 10.3777 -0.363549 2.01
      vertex 10.4091 -0.27577 2.01
    endloop
  endfacet
  facet normal 0 0 -1
    outer loop
      vertex 10.748 -1.05858 2.01
      vertex 10.3378 -0.447826 2.01
      vertex 10.3777 -0.363549 2.01
    endloop
  endfacet
  facet normal 0 0 -1
    outer loop
      vertex 9.5 -0.95 2.01
      vertex 10.5925 -2.10697 2.01
      vertex 10.335 -3.13507 2.01
    endloop
  endfacet
  facet normal 0 0 -1
    outer loop
      vertex 10.748 -1.05858 2.01
      vertex 10.2899 -0.527791 2.01
      vertex 10.3378 -0.447826 2.01
    endloop
  endfacet
  facet normal 0 0 -1
    outer loop
      vertex 10.748 -1.05858 2.01
      vertex 10.2344 -0.602674 2.01
      vertex 10.2899 -0.527791 2.01
    endloop
  endfacet
  facet normal 0 0 -1
    outer loop
      vertex 10.748 -1.05858 2.01
      vertex 10.1718 -0.671751 2.01
      vertex 10.2344 -0.602674 2.01
    endloop
  endfacet
  facet normal 0 0 -1
    outer loop
      vertex 10.748 -1.05858 2.01
      vertex 10.1027 -0.73436 2.01
      vertex 10.1718 -0.671751 2.01
    endloop
  endfacet
  facet normal 0 0 -1
    outer loop
      vertex 10.748 -1.05858 2.01
      vertex 10.0278 -0.789896 2.01
      vertex 10.1027 -0.73436 2.01
    endloop
  endfacet
  facet normal 0 0 -1
    outer loop
      vertex 9.5 -0.95 2.01
      vertex 10.335 -3.13507 2.01
      vertex 9.9779 -4.13298 2.01
    endloop
  endfacet
  facet normal 0 0 -1
    outer loop
      vertex 10.748 -1.05858 2.01
      vertex 9.94783 -0.837825 2.01
      vertex 10.0278 -0.789896 2.01
    endloop
  endfacet
  facet normal 0 0 -1
    outer loop
      vertex 10.748 -1.05858 2.01
      vertex 9.86355 -0.877686 2.01
      vertex 9.94783 -0.837825 2.01
    endloop
  endfacet
  facet normal 0 0 -1
    outer loop
      vertex 10.5925 -2.10697 2.01
      vertex 9.77577 -0.909093 2.01
      vertex 9.86355 -0.877686 2.01
    endloop
  endfacet
  facet normal 0 0 -1
    outer loop
      vertex 10.5925 -2.10697 2.01
      vertex 9.68534 -0.931746 2.01
      vertex 9.77577 -0.909093 2.01
    endloop
  endfacet
  facet normal 0 0 -1
    outer loop
      vertex 10.5925 -2.10697 2.01
      vertex 9.59312 -0.945425 2.01
      vertex 9.68534 -0.931746 2.01
    endloop
  endfacet
  facet normal 0 0 -1
    outer loop
      vertex 5 -0.95 2.01
      vertex 9.9779 -4.13298 2.01
      vertex 9.52475 -5.09108 2.01
    endloop
  endfacet
  facet normal 0 0 -1
    outer loop
      vertex 10.5925 -2.10697 2.01
      vertex 9.5 -0.95 2.01
      vertex 9.59312 -0.945425 2.01
    endloop
  endfacet
  facet normal 0 0 -1
    outer loop
      vertex 5 -0.95 2.01
      vertex 9.52475 -5.09108 2.01
      vertex 8.97987 -6.00016 2.01
    endloop
  endfacet
  facet normal 0 0 -1
    outer loop
      vertex 5 -0.95 2.01
      vertex 8.97987 -6.00016 2.01
      vertex 8.34851 -6.85145 2.01
    endloop
  endfacet
  facet normal 0 0 -1
    outer loop
      vertex 5 -0.95 2.01
      vertex 8.34851 -6.85145 2.01
      vertex 7.63675 -7.63675 2.01
    endloop
  endfacet
  facet normal 0 0 -1
    outer loop
      vertex 0.95 -5 2.01
      vertex 7.63675 -7.63675 2.01
      vertex 6.85145 -8.34851 2.01
    endloop
  endfacet
  facet normal 0 0 -1
    outer loop
      vertex 0.95 -5 2.01
      vertex 6.85145 -8.34851 2.01
      vertex 6.00016 -8.97987 2.01
    endloop
  endfacet
  facet normal 0 0 -1
    outer loop
      vertex 0.95 -5 2.01
      vertex 6.00016 -8.97987 2.01
      vertex 5.09108 -9.52475 2.01
    endloop
  endfacet
  facet normal 0 0 -1
    outer loop
      vertex 9.9779 -4.13298 2.01
      vertex 5 -0.95 2.01
      vertex 9.5 -0.95 2.01
    endloop
  endfacet
  facet normal 0 0 -1
    outer loop
      vertex 7.63675 -7.63675 2.01
      vertex 0.95 -5 2.01
      vertex 5 -0.95 2.01
    endloop
  endfacet
  facet normal -0 0 -1
    outer loop
      vertex 5 -0.95 2.01
      vertex 0.95 -5 2.01
      vertex 4.90688 -0.945425 2.01
    endloop
  endfacet
  facet normal 0 0 -1
    outer loop
      vertex 0.945425 -4.90688 2.01
      vertex 4.90688 -0.945425 2.01
      vertex 0.95 -5 2.01
    endloop
  endfacet
  facet normal -0 0 -1
    outer loop
      vertex 4.90688 -0.945425 2.01
      vertex 0.945425 -4.90688 2.01
      vertex 4.81466 -0.931746 2.01
    endloop
  endfacet
  facet normal 0 0 -1
    outer loop
      vertex 0.931746 -4.81466 2.01
      vertex 4.81466 -0.931746 2.01
      vertex 0.945425 -4.90688 2.01
    endloop
  endfacet
  facet normal -0 0 -1
    outer loop
      vertex 4.81466 -0.931746 2.01
      vertex 0.931746 -4.81466 2.01
      vertex 4.72423 -0.909093 2.01
    endloop
  endfacet
  facet normal 0 0 -1
    outer loop
      vertex 0.909093 -4.72423 2.01
      vertex 4.72423 -0.909093 2.01
      vertex 0.931746 -4.81466 2.01
    endloop
  endfacet
  facet normal 0 -0 -1
    outer loop
      vertex 1.63196 -1.63196 2.01
      vertex 4.72423 -0.909093 2.01
      vertex 0.909093 -4.72423 2.01
    endloop
  endfacet
  facet normal -0 0 -1
    outer loop
      vertex 4.72423 -0.909093 2.01
      vertex 1.63196 -1.63196 2.01
      vertex 4.63645 -0.877686 2.01
    endloop
  endfacet
  facet normal 0 -0 -1
    outer loop
      vertex 1.78254 -1.46583 2.01
      vertex 4.63645 -0.877686 2.01
      vertex 1.63196 -1.63196 2.01
    endloop
  endfacet
  facet normal 0 -0 -1
    outer loop
      vertex 1.78407 -1.46415 2.01
      vertex 4.63645 -0.877686 2.01
      vertex 1.78254 -1.46583 2.01
    endloop
  endfacet
  facet normal 0 0 -1
    outer loop
      vertex 0.95 -5 2.01
      vertex 5.09108 -9.52475 2.01
      vertex 4.13298 -9.9779 2.01
    endloop
  endfacet
  facet normal -0 0 -1
    outer loop
      vertex 4.63645 -0.877686 2.01
      vertex 1.78407 -1.46415 2.01
      vertex 4.55217 -0.837825 2.01
    endloop
  endfacet
  facet normal 0 -0 -1
    outer loop
      vertex 1.78542 -1.46232 2.01
      vertex 4.55217 -0.837825 2.01
      vertex 1.78407 -1.46415 2.01
    endloop
  endfacet
  facet normal 0 -0 -1
    outer loop
      vertex 1.91899 -1.28223 2.01
      vertex 4.55217 -0.837825 2.01
      vertex 1.78542 -1.46232 2.01
    endloop
  endfacet
  facet normal -0 0 -1
    outer loop
      vertex 4.55217 -0.837825 2.01
      vertex 1.91899 -1.28223 2.01
      vertex 4.47221 -0.789896 2.01
    endloop
  endfacet
  facet normal 0 -0 -1
    outer loop
      vertex 2.03543 -1.08796 2.01
      vertex 4.39733 -0.73436 2.01
      vertex 2.03426 -1.08991 2.01
    endloop
  endfacet
  facet normal 0 0 -1
    outer loop
      vertex 0.95 -9.5 2.01
      vertex 4.13298 -9.9779 2.01
      vertex 3.13507 -10.335 2.01
    endloop
  endfacet
  facet normal 0 0 -1
    outer loop
      vertex 10.4091 0.27577 2.01
      vertex 10.8 0 2.01
      vertex 10.4317 0.185335 2.01
    endloop
  endfacet
  facet normal 0 0 -1
    outer loop
      vertex 10.3777 0.363549 2.01
      vertex 10.8 0 2.01
      vertex 10.4091 0.27577 2.01
    endloop
  endfacet
  facet normal 0 0 -1
    outer loop
      vertex 10.8 0 2.01
      vertex 10.3777 0.363549 2.01
      vertex 10.748 1.05858 2.01
    endloop
  endfacet
  facet normal 0 0 -1
    outer loop
      vertex 10.3378 0.447826 2.01
      vertex 10.748 1.05858 2.01
      vertex 10.3777 0.363549 2.01
    endloop
  endfacet
  facet normal 0 0 -1
    outer loop
      vertex 10.2899 0.527791 2.01
      vertex 10.748 1.05858 2.01
      vertex 10.3378 0.447826 2.01
    endloop
  endfacet
  facet normal 0 0 -1
    outer loop
      vertex 10.2344 0.602674 2.01
      vertex 10.748 1.05858 2.01
      vertex 10.2899 0.527791 2.01
    endloop
  endfacet
  facet normal 0 0 -1
    outer loop
      vertex 10.1718 0.671751 2.01
      vertex 10.748 1.05858 2.01
      vertex 10.2344 0.602674 2.01
    endloop
  endfacet
  facet normal 0 0 -1
    outer loop
      vertex 10.1027 0.73436 2.01
      vertex 10.748 1.05858 2.01
      vertex 10.1718 0.671751 2.01
    endloop
  endfacet
  facet normal 0 0 -1
    outer loop
      vertex 10.0278 0.789896 2.01
      vertex 10.748 1.05858 2.01
      vertex 10.1027 0.73436 2.01
    endloop
  endfacet
  facet normal 0 0 -1
    outer loop
      vertex 9.94783 0.837825 2.01
      vertex 10.748 1.05858 2.01
      vertex 10.0278 0.789896 2.01
    endloop
  endfacet
  facet normal 0 0 -1
    outer loop
      vertex 9.86355 0.877686 2.01
      vertex 10.748 1.05858 2.01
      vertex 9.94783 0.837825 2.01
    endloop
  endfacet
  facet normal -0 0 -1
    outer loop
      vertex 10.748 1.05858 2.01
      vertex 9.86355 0.877686 2.01
      vertex 10.5925 2.10697 2.01
    endloop
  endfacet
  facet normal 0 0 -1
    outer loop
      vertex 9.77577 0.909093 2.01
      vertex 10.5925 2.10697 2.01
      vertex 9.86355 0.877686 2.01
    endloop
  endfacet
  facet normal 0 0 -1
    outer loop
      vertex 9.68534 0.931746 2.01
      vertex 10.5925 2.10697 2.01
      vertex 9.77577 0.909093 2.01
    endloop
  endfacet
  facet normal 0 0 -1
    outer loop
      vertex 9.59312 0.945425 2.01
      vertex 10.5925 2.10697 2.01
      vertex 9.68534 0.931746 2.01
    endloop
  endfacet
  facet normal 0 0 -1
    outer loop
      vertex 9.5 0.95 2.01
      vertex 10.5925 2.10697 2.01
      vertex 9.59312 0.945425 2.01
    endloop
  endfacet
  facet normal -0 0 -1
    outer loop
      vertex 10.5925 2.10697 2.01
      vertex 9.5 0.95 2.01
      vertex 10.335 3.13507 2.01
    endloop
  endfacet
  facet normal -0 0 -1
    outer loop
      vertex 10.335 3.13507 2.01
      vertex 9.5 0.95 2.01
      vertex 9.9779 4.13298 2.01
    endloop
  endfacet
  facet normal 0 0 -1
    outer loop
      vertex 5 0.95 2.01
      vertex 9.9779 4.13298 2.01
      vertex 9.5 0.95 2.01
    endloop
  endfacet
  facet normal -0 0 -1
    outer loop
      vertex 9.9779 4.13298 2.01
      vertex 5 0.95 2.01
      vertex 9.52475 5.09108 2.01
    endloop
  endfacet
  facet normal -0 0 -1
    outer loop
      vertex 9.52475 5.09108 2.01
      vertex 5 0.95 2.01
      vertex 8.97987 6.00016 2.01
    endloop
  endfacet
  facet normal -0 0 -1
    outer loop
      vertex 8.97987 6.00016 2.01
      vertex 5 0.95 2.01
      vertex 8.34851 6.85145 2.01
    endloop
  endfacet
  facet normal -0 0 -1
    outer loop
      vertex 8.34851 6.85145 2.01
      vertex 5 0.95 2.01
      vertex 7.63675 7.63675 2.01
    endloop
  endfacet
  facet normal 0 0 -1
    outer loop
      vertex 4.90688 0.945425 2.01
      vertex 7.63675 7.63675 2.01
      vertex 5 0.95 2.01
    endloop
  endfacet
  facet normal -0 0 -1
    outer loop
      vertex 7.63675 7.63675 2.01
      vertex 4.90688 0.945425 2.01
      vertex 6.85145 8.34851 2.01
    endloop
  endfacet
  facet normal 0 0 -1
    outer loop
      vertex 4.81466 0.931746 2.01
      vertex 6.85145 8.34851 2.01
      vertex 4.90688 0.945425 2.01
    endloop
  endfacet
  facet normal -0 0 -1
    outer loop
      vertex 6.85145 8.34851 2.01
      vertex 4.81466 0.931746 2.01
      vertex 6.00016 8.97987 2.01
    endloop
  endfacet
  facet normal 0 0 -1
    outer loop
      vertex 4.72423 0.909093 2.01
      vertex 6.00016 8.97987 2.01
      vertex 4.81466 0.931746 2.01
    endloop
  endfacet
  facet normal -0 0 -1
    outer loop
      vertex 6.00016 8.97987 2.01
      vertex 4.72423 0.909093 2.01
      vertex 5.09108 9.52475 2.01
    endloop
  endfacet
  facet normal 0 0 -1
    outer loop
      vertex 4.63645 0.877686 2.01
      vertex 5.09108 9.52475 2.01
      vertex 4.72423 0.909093 2.01
    endloop
  endfacet
  facet normal 0 0 -1
    outer loop
      vertex 4.55217 0.837825 2.01
      vertex 5.09108 9.52475 2.01
      vertex 4.63645 0.877686 2.01
    endloop
  endfacet
  facet normal 0 0 -1
    outer loop
      vertex 4.16217 0.447826 2.01
      vertex 2.20857 0.669961 2.01
      vertex 4.2101 0.527791 2.01
    endloop
  endfacet
  facet normal 0 0 -1
    outer loop
      vertex 2.20857 0.669961 2.01
      vertex 4.12231 0.363549 2.01
      vertex 2.26305 0.452464 2.01
    endloop
  endfacet
  facet normal 0 0 -1
    outer loop
      vertex 2.26305 0.452464 2.01
      vertex 4.12231 0.363549 2.01
      vertex 2.2636 0.450258 2.01
    endloop
  endfacet
  facet normal 0 0 -1
    outer loop
      vertex 4.09091 0.27577 2.01
      vertex 2.2636 0.450258 2.01
      vertex 4.12231 0.363549 2.01
    endloop
  endfacet
  facet normal 0 0 -1
    outer loop
      vertex 2.2636 0.450258 2.01
      vertex 4.09091 0.27577 2.01
      vertex 2.26393 0.448008 2.01
    endloop
  endfacet
  facet normal 0 0 -1
    outer loop
      vertex 2.26393 0.448008 2.01
      vertex 4.09091 0.27577 2.01
      vertex 2.29683 0.226218 2.01
    endloop
  endfacet
  facet normal 0 0 -1
    outer loop
      vertex 4.55217 0.837825 2.01
      vertex 4.13298 9.9779 2.01
      vertex 5.09108 9.52475 2.01
    endloop
  endfacet
  facet normal 0 0 -1
    outer loop
      vertex 4.06825 0.185335 2.01
      vertex 2.29683 0.226218 2.01
      vertex 4.09091 0.27577 2.01
    endloop
  endfacet
  facet normal 0 0 -1
    outer loop
      vertex 2.29683 0.226218 2.01
      vertex 4.06825 0.185335 2.01
      vertex 2.29694 0.223946 2.01
    endloop
  endfacet
  facet normal 0 0 -1
    outer loop
      vertex 4.05457 0.0931158 2.01
      vertex 2.29694 0.223946 2.01
      vertex 4.06825 0.185335 2.01
    endloop
  endfacet
  facet normal 0 0 -1
    outer loop
      vertex 2.29694 0.223946 2.01
      vertex 4.05457 0.0931158 2.01
      vertex 2.30795 0 2.01
    endloop
  endfacet
  facet normal 0 0 -1
    outer loop
      vertex 2.30795 0 2.01
      vertex 4.05457 0.0931158 2.01
      vertex 4.05 0 2.01
    endloop
  endfacet
  facet normal 0 -0 -1
    outer loop
      vertex 2.13129 -0.885269 2.01
      vertex 4.32825 -0.671751 2.01
      vertex 2.03543 -1.08796 2.01
    endloop
  endfacet
  facet normal 0 0 -1
    outer loop
      vertex 4.12231 0.363549 2.01
      vertex 2.20857 0.669961 2.01
      vertex 4.16217 0.447826 2.01
    endloop
  endfacet
  facet normal 0 0 -1
    outer loop
      vertex 2.13303 0.881071 2.01
      vertex 4.2101 0.527791 2.01
      vertex 2.20857 0.669961 2.01
    endloop
  endfacet
  facet normal 0 0 -1
    outer loop
      vertex 4.05457 -0.0931158 2.01
      vertex 2.30795 0 2.01
      vertex 4.05 0 2.01
    endloop
  endfacet
  facet normal 0 -0 -1
    outer loop
      vertex 2.30795 0 2.01
      vertex 4.05457 -0.0931158 2.01
      vertex 2.29694 -0.223946 2.01
    endloop
  endfacet
  facet normal 0 -0 -1
    outer loop
      vertex 2.29694 -0.223946 2.01
      vertex 4.05457 -0.0931158 2.01
      vertex 2.29683 -0.226218 2.01
    endloop
  endfacet
  facet normal -0 0 -1
    outer loop
      vertex 4.06825 -0.185335 2.01
      vertex 2.29683 -0.226218 2.01
      vertex 4.05457 -0.0931158 2.01
    endloop
  endfacet
  facet normal 0 0 -1
    outer loop
      vertex 4.09091 -0.27577 2.01
      vertex 2.29683 -0.226218 2.01
      vertex 4.06825 -0.185335 2.01
    endloop
  endfacet
  facet normal 0 -0 -1
    outer loop
      vertex 2.29683 -0.226218 2.01
      vertex 4.09091 -0.27577 2.01
      vertex 2.26393 -0.448008 2.01
    endloop
  endfacet
  facet normal 0 -0 -1
    outer loop
      vertex 2.26393 -0.448008 2.01
      vertex 4.09091 -0.27577 2.01
      vertex 2.2636 -0.450258 2.01
    endloop
  endfacet
  facet normal -0 0 -1
    outer loop
      vertex 4.12231 -0.363549 2.01
      vertex 2.2636 -0.450258 2.01
      vertex 4.09091 -0.27577 2.01
    endloop
  endfacet
  facet normal 0 -0 -1
    outer loop
      vertex 2.2636 -0.450258 2.01
      vertex 4.12231 -0.363549 2.01
      vertex 2.26305 -0.452464 2.01
    endloop
  endfacet
  facet normal 0 0 -1
    outer loop
      vertex 0.95 -9.5 2.01
      vertex 3.13507 -10.335 2.01
      vertex 2.10697 -10.5925 2.01
    endloop
  endfacet
  facet normal 0 -0 -1
    outer loop
      vertex 2.26305 -0.452464 2.01
      vertex 4.12231 -0.363549 2.01
      vertex 2.20857 -0.669961 2.01
    endloop
  endfacet
  facet normal -0 0 -1
    outer loop
      vertex 4.32825 -0.671751 2.01
      vertex 2.13129 -0.885269 2.01
      vertex 4.26564 -0.602674 2.01
    endloop
  endfacet
  facet normal -0 0 -1
    outer loop
      vertex 4.16217 -0.447826 2.01
      vertex 2.20857 -0.669961 2.01
      vertex 4.12231 -0.363549 2.01
    endloop
  endfacet
  facet normal -0 0 -1
    outer loop
      vertex 4.2101 -0.527791 2.01
      vertex 2.20857 -0.669961 2.01
      vertex 4.16217 -0.447826 2.01
    endloop
  endfacet
  facet normal 0 -0 -1
    outer loop
      vertex 2.13226 -0.883213 2.01
      vertex 4.26564 -0.602674 2.01
      vertex 2.13129 -0.885269 2.01
    endloop
  endfacet
  facet normal 0 -0 -1
    outer loop
      vertex 2.20857 -0.669961 2.01
      vertex 4.2101 -0.527791 2.01
      vertex 2.13303 -0.881071 2.01
    endloop
  endfacet
  facet normal 0 -0 -1
    outer loop
      vertex 2.13303 -0.881071 2.01
      vertex 4.2101 -0.527791 2.01
      vertex 2.13226 -0.883213 2.01
    endloop
  endfacet
  facet normal -0 0 -1
    outer loop
      vertex 4.26564 -0.602674 2.01
      vertex 2.13226 -0.883213 2.01
      vertex 4.2101 -0.527791 2.01
    endloop
  endfacet
  facet normal -0 0 -1
    outer loop
      vertex 4.39733 -0.73436 2.01
      vertex 2.03543 -1.08796 2.01
      vertex 4.32825 -0.671751 2.01
    endloop
  endfacet
  facet normal 0 -0 -1
    outer loop
      vertex 2.03426 -1.08991 2.01
      vertex 4.39733 -0.73436 2.01
      vertex 1.91899 -1.28223 2.01
    endloop
  endfacet
  facet normal -0 0 -1
    outer loop
      vertex 4.47221 -0.789896 2.01
      vertex 1.91899 -1.28223 2.01
      vertex 4.39733 -0.73436 2.01
    endloop
  endfacet
  facet normal 0 0 -1
    outer loop
      vertex 0.877686 -4.63645 2.01
      vertex 1.63196 -1.63196 2.01
      vertex 0.909093 -4.72423 2.01
    endloop
  endfacet
  facet normal 0 0 -1
    outer loop
      vertex 1.63196 -1.63196 2.01
      vertex 0.877686 -4.63645 2.01
      vertex 1.46583 -1.78254 2.01
    endloop
  endfacet
  facet normal 0 0 -1
    outer loop
      vertex 0.877686 -9.86355 2.01
      vertex 2.10697 -10.5925 2.01
      vertex 1.05858 -10.748 2.01
    endloop
  endfacet
  facet normal 0 0 -1
    outer loop
      vertex 4.13298 -9.9779 2.01
      vertex 0.95 -9.5 2.01
      vertex 0.95 -5 2.01
    endloop
  endfacet
  facet normal 0 0 -1
    outer loop
      vertex 1.46583 -1.78254 2.01
      vertex 0.877686 -4.63645 2.01
      vertex 1.46415 -1.78407 2.01
    endloop
  endfacet
  facet normal 0 0 -1
    outer loop
      vertex 0.837825 -4.55217 2.01
      vertex 1.46415 -1.78407 2.01
      vertex 0.877686 -4.63645 2.01
    endloop
  endfacet
  facet normal 0 0 -1
    outer loop
      vertex 1.46415 -1.78407 2.01
      vertex 0.837825 -4.55217 2.01
      vertex 1.46232 -1.78542 2.01
    endloop
  endfacet
  facet normal 0 0 -1
    outer loop
      vertex 1.46232 -1.78542 2.01
      vertex 0.837825 -4.55217 2.01
      vertex 1.28223 -1.91899 2.01
    endloop
  endfacet
  facet normal 0 0 -1
    outer loop
      vertex 0.789896 -4.47221 2.01
      vertex 1.28223 -1.91899 2.01
      vertex 0.837825 -4.55217 2.01
    endloop
  endfacet
  facet normal 0 0 -1
    outer loop
      vertex 0.73436 -4.39733 2.01
      vertex 1.28223 -1.91899 2.01
      vertex 0.789896 -4.47221 2.01
    endloop
  endfacet
  facet normal 0 0 -1
    outer loop
      vertex 1.28223 -1.91899 2.01
      vertex 0.73436 -4.39733 2.01
      vertex 1.08991 -2.03426 2.01
    endloop
  endfacet
  facet normal 0 0 -1
    outer loop
      vertex 1.08991 -2.03426 2.01
      vertex 0.73436 -4.39733 2.01
      vertex 1.08796 -2.03543 2.01
    endloop
  endfacet
  facet normal 0 0 -1
    outer loop
      vertex 0.671751 -4.32825 2.01
      vertex 1.08796 -2.03543 2.01
      vertex 0.73436 -4.39733 2.01
    endloop
  endfacet
  facet normal 0 0 -1
    outer loop
      vertex 1.08796 -2.03543 2.01
      vertex 0.671751 -4.32825 2.01
      vertex 0.885269 -2.13129 2.01
    endloop
  endfacet
  facet normal 0 0 -1
    outer loop
      vertex 0.602674 -4.26564 2.01
      vertex 0.885269 -2.13129 2.01
      vertex 0.671751 -4.32825 2.01
    endloop
  endfacet
  facet normal 0 0 -1
    outer loop
      vertex 0.885269 -2.13129 2.01
      vertex 0.602674 -4.26564 2.01
      vertex 0.883213 -2.13226 2.01
    endloop
  endfacet
  facet normal 0 0 -1
    outer loop
      vertex 0.883213 -2.13226 2.01
      vertex 0.602674 -4.26564 2.01
      vertex 0.881071 -2.13303 2.01
    endloop
  endfacet
  facet normal 0 0 -1
    outer loop
      vertex 0.527791 -4.2101 2.01
      vertex 0.881071 -2.13303 2.01
      vertex 0.602674 -4.26564 2.01
    endloop
  endfacet
  facet normal 0 0 -1
    outer loop
      vertex 0.881071 -2.13303 2.01
      vertex 0.527791 -4.2101 2.01
      vertex 0.669961 -2.20857 2.01
    endloop
  endfacet
  facet normal 0 0 -1
    outer loop
      vertex 0.447826 -4.16217 2.01
      vertex 0.669961 -2.20857 2.01
      vertex 0.527791 -4.2101 2.01
    endloop
  endfacet
  facet normal 0 0 -1
    outer loop
      vertex 0.363549 -4.12231 2.01
      vertex 0.669961 -2.20857 2.01
      vertex 0.447826 -4.16217 2.01
    endloop
  endfacet
  facet normal 0 0 -1
    outer loop
      vertex 0.669961 -2.20857 2.01
      vertex 0.363549 -4.12231 2.01
      vertex 0.452464 -2.26305 2.01
    endloop
  endfacet
  facet normal 0 0 -1
    outer loop
      vertex 0.452464 -2.26305 2.01
      vertex 0.363549 -4.12231 2.01
      vertex 0.450258 -2.2636 2.01
    endloop
  endfacet
  facet normal 0 0 -1
    outer loop
      vertex 0.27577 -4.09091 2.01
      vertex 0.450258 -2.2636 2.01
      vertex 0.363549 -4.12231 2.01
    endloop
  endfacet
  facet normal 0 0 -1
    outer loop
      vertex 0.450258 -2.2636 2.01
      vertex 0.27577 -4.09091 2.01
      vertex 0.448008 -2.26393 2.01
    endloop
  endfacet
  facet normal 0 0 -1
    outer loop
      vertex 0.27577 -4.09091 2.01
      vertex 0.226218 -2.29683 2.01
      vertex 0.448008 -2.26393 2.01
    endloop
  endfacet
  facet normal 0 0 -1
    outer loop
      vertex 0.185335 -4.06825 2.01
      vertex 0.226218 -2.29683 2.01
      vertex 0.27577 -4.09091 2.01
    endloop
  endfacet
  facet normal 0 0 -1
    outer loop
      vertex 0.226218 -2.29683 2.01
      vertex 0.185335 -4.06825 2.01
      vertex 0.223946 -2.29694 2.01
    endloop
  endfacet
  facet normal 0 0 -1
    outer loop
      vertex 0.0931158 -4.05457 2.01
      vertex 0.223946 -2.29694 2.01
      vertex 0.185335 -4.06825 2.01
    endloop
  endfacet
  facet normal 0 0 -1
    outer loop
      vertex 0 -2.30795 2.01
      vertex 0.0931158 -4.05457 2.01
      vertex 0 -4.05 2.01
    endloop
  endfacet
  facet normal 0 0 -1
    outer loop
      vertex 0.0931158 -4.05457 2.01
      vertex 0 -2.30795 2.01
      vertex 0.223946 -2.29694 2.01
    endloop
  endfacet
  facet normal 0 0 -1
    outer loop
      vertex -0.0931158 -4.05457 2.01
      vertex 0 -2.30795 2.01
      vertex 0 -4.05 2.01
    endloop
  endfacet
  facet normal 0 0 -1
    outer loop
      vertex -0.223946 -2.29694 2.01
      vertex -0.0931158 -4.05457 2.01
      vertex -0.185335 -4.06825 2.01
    endloop
  endfacet
  facet normal 0 0 -1
    outer loop
      vertex -0.0931158 -4.05457 2.01
      vertex -0.223946 -2.29694 2.01
      vertex 0 -2.30795 2.01
    endloop
  endfacet
  facet normal 0 0 -1
    outer loop
      vertex -0.185335 -4.06825 2.01
      vertex -0.226218 -2.29683 2.01
      vertex -0.223946 -2.29694 2.01
    endloop
  endfacet
  facet normal 0 0 -1
    outer loop
      vertex -0.27577 -4.09091 2.01
      vertex -0.226218 -2.29683 2.01
      vertex -0.185335 -4.06825 2.01
    endloop
  endfacet
  facet normal 0 0 -1
    outer loop
      vertex -0.450258 -2.2636 2.01
      vertex -0.27577 -4.09091 2.01
      vertex -0.363549 -4.12231 2.01
    endloop
  endfacet
  facet normal 0 0 -1
    outer loop
      vertex -0.669961 -2.20857 2.01
      vertex -0.363549 -4.12231 2.01
      vertex -0.447826 -4.16217 2.01
    endloop
  endfacet
  facet normal 0 0 -1
    outer loop
      vertex -0.27577 -4.09091 2.01
      vertex -0.448008 -2.26393 2.01
      vertex -0.226218 -2.29683 2.01
    endloop
  endfacet
  facet normal 0 0 -1
    outer loop
      vertex -0.27577 -4.09091 2.01
      vertex -0.450258 -2.2636 2.01
      vertex -0.448008 -2.26393 2.01
    endloop
  endfacet
  facet normal 0 0 -1
    outer loop
      vertex -0.363549 -4.12231 2.01
      vertex -0.452464 -2.26305 2.01
      vertex -0.450258 -2.2636 2.01
    endloop
  endfacet
  facet normal 0 0 -1
    outer loop
      vertex -0.669961 -2.20857 2.01
      vertex -0.447826 -4.16217 2.01
      vertex -0.527791 -4.2101 2.01
    endloop
  endfacet
  facet normal 0 0 -1
    outer loop
      vertex -0.881071 -2.13303 2.01
      vertex -0.527791 -4.2101 2.01
      vertex -0.602674 -4.26564 2.01
    endloop
  endfacet
  facet normal 0 0 -1
    outer loop
      vertex -0.363549 -4.12231 2.01
      vertex -0.669961 -2.20857 2.01
      vertex -0.452464 -2.26305 2.01
    endloop
  endfacet
  facet normal 0 0 -1
    outer loop
      vertex -0.885269 -2.13129 2.01
      vertex -0.602674 -4.26564 2.01
      vertex -0.671751 -4.32825 2.01
    endloop
  endfacet
  facet normal 0 0 -1
    outer loop
      vertex -1.08796 -2.03543 2.01
      vertex -0.671751 -4.32825 2.01
      vertex -0.73436 -4.39733 2.01
    endloop
  endfacet
  facet normal 0 0 -1
    outer loop
      vertex -1.28223 -1.91899 2.01
      vertex -0.73436 -4.39733 2.01
      vertex -0.789896 -4.47221 2.01
    endloop
  endfacet
  facet normal 0 0 -1
    outer loop
      vertex -1.28223 -1.91899 2.01
      vertex -0.789896 -4.47221 2.01
      vertex -0.837825 -4.55217 2.01
    endloop
  endfacet
  facet normal 0 0 -1
    outer loop
      vertex -1.46415 -1.78407 2.01
      vertex -0.837825 -4.55217 2.01
      vertex -0.877686 -4.63645 2.01
    endloop
  endfacet
  facet normal 0 0 -1
    outer loop
      vertex -0.527791 -4.2101 2.01
      vertex -0.881071 -2.13303 2.01
      vertex -0.669961 -2.20857 2.01
    endloop
  endfacet
  facet normal 0 0 -1
    outer loop
      vertex -0.602674 -4.26564 2.01
      vertex -0.883213 -2.13226 2.01
      vertex -0.881071 -2.13303 2.01
    endloop
  endfacet
  facet normal 0 0 -1
    outer loop
      vertex -0.602674 -4.26564 2.01
      vertex -0.885269 -2.13129 2.01
      vertex -0.883213 -2.13226 2.01
    endloop
  endfacet
  facet normal 0 0 -1
    outer loop
      vertex -1.63196 -1.63196 2.01
      vertex -0.877686 -4.63645 2.01
      vertex -0.909093 -4.72423 2.01
    endloop
  endfacet
  facet normal 0 0 -1
    outer loop
      vertex -4.47221 -0.789896 2.01
      vertex -0.909093 -4.72423 2.01
      vertex -0.931746 -4.81466 2.01
    endloop
  endfacet
  facet normal 0 0 -1
    outer loop
      vertex -4.47221 -0.789896 2.01
      vertex -0.931746 -4.81466 2.01
      vertex -0.945425 -4.90688 2.01
    endloop
  endfacet
  facet normal 0 0 -1
    outer loop
      vertex -4.47221 -0.789896 2.01
      vertex -0.945425 -4.90688 2.01
      vertex -0.95 -5 2.01
    endloop
  endfacet
  facet normal 0 0 -1
    outer loop
      vertex -0.671751 -4.32825 2.01
      vertex -1.08796 -2.03543 2.01
      vertex -0.885269 -2.13129 2.01
    endloop
  endfacet
  facet normal 0 0 -1
    outer loop
      vertex -3.13507 -10.335 2.01
      vertex -0.95 -9.5 2.01
      vertex -2.10697 -10.5925 2.01
    endloop
  endfacet
  facet normal -0 0 -1
    outer loop
      vertex -0.95 -9.5 2.01
      vertex -3.13507 -10.335 2.01
      vertex -0.95 -5 2.01
    endloop
  endfacet
  facet normal 0 0 -1
    outer loop
      vertex -4.47221 -0.789896 2.01
      vertex -0.95 -5 2.01
      vertex -3.13507 -10.335 2.01
    endloop
  endfacet
  facet normal 0 0 -1
    outer loop
      vertex -0.73436 -4.39733 2.01
      vertex -1.08991 -2.03426 2.01
      vertex -1.08796 -2.03543 2.01
    endloop
  endfacet
  facet normal 0 0 -1
    outer loop
      vertex -0.73436 -4.39733 2.01
      vertex -1.28223 -1.91899 2.01
      vertex -1.08991 -2.03426 2.01
    endloop
  endfacet
  facet normal 0 0 -1
    outer loop
      vertex -0.837825 -4.55217 2.01
      vertex -1.46232 -1.78542 2.01
      vertex -1.28223 -1.91899 2.01
    endloop
  endfacet
  facet normal 0 0 -1
    outer loop
      vertex -0.837825 -4.55217 2.01
      vertex -1.46415 -1.78407 2.01
      vertex -1.46232 -1.78542 2.01
    endloop
  endfacet
  facet normal 0 0 -1
    outer loop
      vertex -0.877686 -4.63645 2.01
      vertex -1.46583 -1.78254 2.01
      vertex -1.46415 -1.78407 2.01
    endloop
  endfacet
  facet normal 0 0 -1
    outer loop
      vertex -0.877686 -4.63645 2.01
      vertex -1.63196 -1.63196 2.01
      vertex -1.46583 -1.78254 2.01
    endloop
  endfacet
  facet normal 0 0 -1
    outer loop
      vertex -4.47221 -0.789896 2.01
      vertex -1.63196 -1.63196 2.01
      vertex -0.909093 -4.72423 2.01
    endloop
  endfacet
  facet normal 0 0 -1
    outer loop
      vertex -1.63196 -1.63196 2.01
      vertex -4.47221 -0.789896 2.01
      vertex -1.78254 -1.46583 2.01
    endloop
  endfacet
  facet normal 0 0 -1
    outer loop
      vertex -1.78254 -1.46583 2.01
      vertex -4.47221 -0.789896 2.01
      vertex -1.78407 -1.46415 2.01
    endloop
  endfacet
  facet normal 0 0 -1
    outer loop
      vertex -1.78407 -1.46415 2.01
      vertex -4.47221 -0.789896 2.01
      vertex -1.78542 -1.46232 2.01
    endloop
  endfacet
  facet normal 0 0 -1
    outer loop
      vertex -1.78542 -1.46232 2.01
      vertex -4.47221 -0.789896 2.01
      vertex -1.91899 -1.28223 2.01
    endloop
  endfacet
  facet normal 0 -0 -1
    outer loop
      vertex -4.39733 -0.73436 2.01
      vertex -1.91899 -1.28223 2.01
      vertex -4.47221 -0.789896 2.01
    endloop
  endfacet
  facet normal 0 0 -1
    outer loop
      vertex -1.91899 -1.28223 2.01
      vertex -4.39733 -0.73436 2.01
      vertex -2.03426 -1.08991 2.01
    endloop
  endfacet
  facet normal 0 0 -1
    outer loop
      vertex -2.03426 -1.08991 2.01
      vertex -4.39733 -0.73436 2.01
      vertex -2.03543 -1.08796 2.01
    endloop
  endfacet
  facet normal 0 -0 -1
    outer loop
      vertex -4.32825 -0.671751 2.01
      vertex -2.03543 -1.08796 2.01
      vertex -4.39733 -0.73436 2.01
    endloop
  endfacet
  facet normal 0 0 -1
    outer loop
      vertex -2.03543 -1.08796 2.01
      vertex -4.32825 -0.671751 2.01
      vertex -2.13129 -0.885269 2.01
    endloop
  endfacet
  facet normal 0 -0 -1
    outer loop
      vertex -4.26564 -0.602674 2.01
      vertex -2.13129 -0.885269 2.01
      vertex -4.32825 -0.671751 2.01
    endloop
  endfacet
  facet normal 0 0 -1
    outer loop
      vertex -2.13129 -0.885269 2.01
      vertex -4.26564 -0.602674 2.01
      vertex -2.13226 -0.883213 2.01
    endloop
  endfacet
  facet normal 0 0 -1
    outer loop
      vertex -2.13226 -0.883213 2.01
      vertex -4.26564 -0.602674 2.01
      vertex -2.13303 -0.881071 2.01
    endloop
  endfacet
  facet normal 0 -0 -1
    outer loop
      vertex -4.2101 -0.527791 2.01
      vertex -2.13303 -0.881071 2.01
      vertex -4.26564 -0.602674 2.01
    endloop
  endfacet
  facet normal 0 0 -1
    outer loop
      vertex -2.13303 -0.881071 2.01
      vertex -4.2101 -0.527791 2.01
      vertex -2.20857 -0.669961 2.01
    endloop
  endfacet
  facet normal 0 -0 -1
    outer loop
      vertex -4.16217 -0.447826 2.01
      vertex -2.20857 -0.669961 2.01
      vertex -4.2101 -0.527791 2.01
    endloop
  endfacet
  facet normal 0.427557 -0.903988 0
    outer loop
      vertex -5.09108 9.52475 0
      vertex -4.13298 9.9779 2.01
      vertex -5.09108 9.52475 2.01
    endloop
  endfacet
  facet normal 0.427557 -0.903988 0
    outer loop
      vertex -4.13298 9.9779 2.01
      vertex -5.09108 9.52475 0
      vertex -4.13298 9.9779 0
    endloop
  endfacet
  facet normal -0.989178 0.146718 0
    outer loop
      vertex 10.5925 -2.10697 0
      vertex 10.748 -1.05858 2.01
      vertex 10.748 -1.05858 0
    endloop
  endfacet
  facet normal -0.989178 0.146718 0
    outer loop
      vertex 10.748 -1.05858 2.01
      vertex 10.5925 -2.10697 0
      vertex 10.5925 -2.10697 2.01
    endloop
  endfacet
  facet normal -0.998796 0.0490632 0
    outer loop
      vertex 10.748 -1.05858 0
      vertex 10.8 0 2.01
      vertex 10.8 0 0
    endloop
  endfacet
  facet normal -0.998796 0.0490632 0
    outer loop
      vertex 10.8 0 2.01
      vertex 10.748 -1.05858 0
      vertex 10.748 -1.05858 2.01
    endloop
  endfacet
  facet normal 0.146718 0.989178 -0
    outer loop
      vertex -1.05858 -10.748 0
      vertex -2.10697 -10.5925 2.01
      vertex -1.05858 -10.748 2.01
    endloop
  endfacet
  facet normal 0.146718 0.989178 0
    outer loop
      vertex -2.10697 -10.5925 2.01
      vertex -1.05858 -10.748 0
      vertex -2.10697 -10.5925 0
    endloop
  endfacet
  facet normal 0.903988 0.427557 0
    outer loop
      vertex -9.52475 -5.09108 2.01
      vertex -9.9779 -4.13298 0
      vertex -9.9779 -4.13298 2.01
    endloop
  endfacet
  facet normal 0.903988 0.427557 0
    outer loop
      vertex -9.9779 -4.13298 0
      vertex -9.52475 -5.09108 2.01
      vertex -9.52475 -5.09108 0
    endloop
  endfacet
  facet normal 0.970037 0.242957 0
    outer loop
      vertex -10.335 -3.13507 2.01
      vertex -10.5925 -2.10697 0
      vertex -10.5925 -2.10697 2.01
    endloop
  endfacet
  facet normal 0.970037 0.242957 0
    outer loop
      vertex -10.5925 -2.10697 0
      vertex -10.335 -3.13507 2.01
      vertex -10.335 -3.13507 0
    endloop
  endfacet
  facet normal 0.998796 0.0490632 0
    outer loop
      vertex -10.748 -1.05858 2.01
      vertex -10.8 0 0
      vertex -10.8 0 2.01
    endloop
  endfacet
  facet normal 0.998796 0.0490632 0
    outer loop
      vertex -10.8 0 0
      vertex -10.748 -1.05858 2.01
      vertex -10.748 -1.05858 0
    endloop
  endfacet
  facet normal -0.941531 0.336925 0
    outer loop
      vertex 9.9779 -4.13298 0
      vertex 10.335 -3.13507 2.01
      vertex 10.335 -3.13507 0
    endloop
  endfacet
  facet normal -0.941531 0.336925 0
    outer loop
      vertex 10.335 -3.13507 2.01
      vertex 9.9779 -4.13298 0
      vertex 9.9779 -4.13298 2.01
    endloop
  endfacet
  facet normal -0.970037 0.242957 0
    outer loop
      vertex 10.335 -3.13507 0
      vertex 10.5925 -2.10697 2.01
      vertex 10.5925 -2.10697 0
    endloop
  endfacet
  facet normal -0.970037 0.242957 0
    outer loop
      vertex 10.5925 -2.10697 2.01
      vertex 10.335 -3.13507 0
      vertex 10.335 -3.13507 2.01
    endloop
  endfacet
  facet normal -0.803207 0.595699 0
    outer loop
      vertex 8.34851 -6.85145 0
      vertex 8.97987 -6.00016 2.01
      vertex 8.97987 -6.00016 0
    endloop
  endfacet
  facet normal -0.803207 0.595699 0
    outer loop
      vertex 8.97987 -6.00016 2.01
      vertex 8.34851 -6.85145 0
      vertex 8.34851 -6.85145 2.01
    endloop
  endfacet
  facet normal 0.0490632 0.998796 -0
    outer loop
      vertex 0 -10.8 0
      vertex -1.05858 -10.748 2.01
      vertex 0 -10.8 2.01
    endloop
  endfacet
  facet normal 0.0490632 0.998796 0
    outer loop
      vertex -1.05858 -10.748 2.01
      vertex 0 -10.8 0
      vertex -1.05858 -10.748 0
    endloop
  endfacet
  facet normal 0.336925 0.941531 -0
    outer loop
      vertex -3.13507 -10.335 0
      vertex -4.13298 -9.9779 2.01
      vertex -3.13507 -10.335 2.01
    endloop
  endfacet
  facet normal 0.336925 0.941531 0
    outer loop
      vertex -4.13298 -9.9779 2.01
      vertex -3.13507 -10.335 0
      vertex -4.13298 -9.9779 0
    endloop
  endfacet
  facet normal 0.514102 0.857729 -0
    outer loop
      vertex -5.09108 -9.52475 0
      vertex -6.00016 -8.97987 2.01
      vertex -5.09108 -9.52475 2.01
    endloop
  endfacet
  facet normal 0.514102 0.857729 0
    outer loop
      vertex -6.00016 -8.97987 2.01
      vertex -5.09108 -9.52475 0
      vertex -6.00016 -8.97987 0
    endloop
  endfacet
  facet normal 0.671562 0.740949 -0
    outer loop
      vertex -6.85145 -8.34851 0
      vertex -7.63675 -7.63675 2.01
      vertex -6.85145 -8.34851 2.01
    endloop
  endfacet
  facet normal 0.671562 0.740949 0
    outer loop
      vertex -7.63675 -7.63675 2.01
      vertex -6.85145 -8.34851 0
      vertex -7.63675 -7.63675 0
    endloop
  endfacet
  facet normal 0.740949 0.671562 0
    outer loop
      vertex -7.63675 -7.63675 2.01
      vertex -8.34851 -6.85145 0
      vertex -8.34851 -6.85145 2.01
    endloop
  endfacet
  facet normal 0.740949 0.671562 0
    outer loop
      vertex -8.34851 -6.85145 0
      vertex -7.63675 -7.63675 2.01
      vertex -7.63675 -7.63675 0
    endloop
  endfacet
  facet normal 0.857729 0.514102 0
    outer loop
      vertex -8.97987 -6.00016 2.01
      vertex -9.52475 -5.09108 0
      vertex -9.52475 -5.09108 2.01
    endloop
  endfacet
  facet normal 0.857729 0.514102 0
    outer loop
      vertex -9.52475 -5.09108 0
      vertex -8.97987 -6.00016 2.01
      vertex -8.97987 -6.00016 0
    endloop
  endfacet
  facet normal 0.989178 0.146718 0
    outer loop
      vertex -10.5925 -2.10697 2.01
      vertex -10.748 -1.05858 0
      vertex -10.748 -1.05858 2.01
    endloop
  endfacet
  facet normal 0.989178 0.146718 0
    outer loop
      vertex -10.748 -1.05858 0
      vertex -10.5925 -2.10697 2.01
      vertex -10.5925 -2.10697 0
    endloop
  endfacet
  facet normal -0.242957 0.970037 0
    outer loop
      vertex 3.13507 -10.335 0
      vertex 2.10697 -10.5925 2.01
      vertex 3.13507 -10.335 2.01
    endloop
  endfacet
  facet normal -0.242957 0.970037 0
    outer loop
      vertex 2.10697 -10.5925 2.01
      vertex 3.13507 -10.335 0
      vertex 2.10697 -10.5925 0
    endloop
  endfacet
  facet normal -0.336925 0.941531 0
    outer loop
      vertex 4.13298 -9.9779 0
      vertex 3.13507 -10.335 2.01
      vertex 4.13298 -9.9779 2.01
    endloop
  endfacet
  facet normal -0.336925 0.941531 0
    outer loop
      vertex 3.13507 -10.335 2.01
      vertex 4.13298 -9.9779 0
      vertex 3.13507 -10.335 0
    endloop
  endfacet
  facet normal -0.671562 0.740949 0
    outer loop
      vertex 7.63675 -7.63675 0
      vertex 6.85145 -8.34851 2.01
      vertex 7.63675 -7.63675 2.01
    endloop
  endfacet
  facet normal -0.671562 0.740949 0
    outer loop
      vertex 6.85145 -8.34851 2.01
      vertex 7.63675 -7.63675 0
      vertex 6.85145 -8.34851 0
    endloop
  endfacet
  facet normal -0.595699 0.803207 0
    outer loop
      vertex 6.85145 -8.34851 0
      vertex 6.00016 -8.97987 2.01
      vertex 6.85145 -8.34851 2.01
    endloop
  endfacet
  facet normal -0.595699 0.803207 0
    outer loop
      vertex 6.00016 -8.97987 2.01
      vertex 6.85145 -8.34851 0
      vertex 6.00016 -8.97987 0
    endloop
  endfacet
  facet normal -0.740949 0.671562 0
    outer loop
      vertex 7.63675 -7.63675 0
      vertex 8.34851 -6.85145 2.01
      vertex 8.34851 -6.85145 0
    endloop
  endfacet
  facet normal -0.740949 0.671562 0
    outer loop
      vertex 8.34851 -6.85145 2.01
      vertex 7.63675 -7.63675 0
      vertex 7.63675 -7.63675 2.01
    endloop
  endfacet
  facet normal -0.0490632 0.998796 0
    outer loop
      vertex 1.05858 -10.748 0
      vertex 0 -10.8 2.01
      vertex 1.05858 -10.748 2.01
    endloop
  endfacet
  facet normal -0.0490632 0.998796 0
    outer loop
      vertex 0 -10.8 2.01
      vertex 1.05858 -10.748 0
      vertex 0 -10.8 0
    endloop
  endfacet
  facet normal 0.242957 0.970037 -0
    outer loop
      vertex -2.10697 -10.5925 0
      vertex -3.13507 -10.335 2.01
      vertex -2.10697 -10.5925 2.01
    endloop
  endfacet
  facet normal 0.242957 0.970037 0
    outer loop
      vertex -3.13507 -10.335 2.01
      vertex -2.10697 -10.5925 0
      vertex -3.13507 -10.335 0
    endloop
  endfacet
  facet normal 0.427557 0.903988 -0
    outer loop
      vertex -4.13298 -9.9779 0
      vertex -5.09108 -9.52475 2.01
      vertex -4.13298 -9.9779 2.01
    endloop
  endfacet
  facet normal 0.427557 0.903988 0
    outer loop
      vertex -5.09108 -9.52475 2.01
      vertex -4.13298 -9.9779 0
      vertex -5.09108 -9.52475 0
    endloop
  endfacet
  facet normal 0.595699 0.803207 -0
    outer loop
      vertex -6.00016 -8.97987 0
      vertex -6.85145 -8.34851 2.01
      vertex -6.00016 -8.97987 2.01
    endloop
  endfacet
  facet normal 0.595699 0.803207 0
    outer loop
      vertex -6.85145 -8.34851 2.01
      vertex -6.00016 -8.97987 0
      vertex -6.85145 -8.34851 0
    endloop
  endfacet
  facet normal 0.94148 0 -0.337069
    outer loop
      vertex -0.808394 20.95 18.9348
      vertex -0.837322 23.95 18.854
      vertex -0.808394 23.95 18.9348
    endloop
  endfacet
  facet normal 0.94148 0 -0.337069
    outer loop
      vertex -0.837322 23.95 18.854
      vertex -0.808394 20.95 18.9348
      vertex -0.837322 20.95 18.854
    endloop
  endfacet
  facet normal -0.94148 0 0.337069
    outer loop
      vertex 0.808394 20.95 17.2652
      vertex 0.837322 23.95 17.346
      vertex 0.808394 23.95 17.2652
    endloop
  endfacet
  facet normal -0.94148 0 0.337069
    outer loop
      vertex 0.837322 23.95 17.346
      vertex 0.808394 20.95 17.2652
      vertex 0.837322 20.95 17.346
    endloop
  endfacet
  facet normal 0.857565 -0 0.514376
    outer loop
      vertex -0.771681 20.95 17.1875
      vertex -0.727535 23.95 17.1139
      vertex -0.771681 23.95 17.1875
    endloop
  endfacet
  facet normal 0.857565 0 0.514376
    outer loop
      vertex -0.727535 23.95 17.1139
      vertex -0.771681 20.95 17.1875
      vertex -0.727535 20.95 17.1139
    endloop
  endfacet
  facet normal 0.427423 0 0.904052
    outer loop
      vertex -0.412472 23.95 16.8283
      vertex -0.334847 20.95 16.7916
      vertex -0.334847 23.95 16.7916
    endloop
  endfacet
  facet normal 0.427423 0 0.904052
    outer loop
      vertex -0.334847 20.95 16.7916
      vertex -0.412472 23.95 16.8283
      vertex -0.412472 20.95 16.8283
    endloop
  endfacet
  facet normal -0.998796 0 0.0490551
    outer loop
      vertex 0.870786 20.95 17.5142
      vertex 0.875 23.95 17.6
      vertex 0.870786 23.95 17.5142
    endloop
  endfacet
  facet normal -0.998796 0 0.0490551
    outer loop
      vertex 0.875 23.95 17.6
      vertex 0.870786 20.95 17.5142
      vertex 0.875 20.95 17.6
    endloop
  endfacet
  facet normal -1 0 0
    outer loop
      vertex 0.875 20.95 17.6
      vertex 0.875 23.95 18.6
      vertex 0.875 23.95 17.6
    endloop
  endfacet
  facet normal -1 -0 0
    outer loop
      vertex 0.875 23.95 18.6
      vertex 0.875 20.95 17.6
      vertex 0.875 20.95 18.6
    endloop
  endfacet
  facet normal -0.0489125 0 -0.998803
    outer loop
      vertex 0 20.95 19.475
      vertex 0.0857649 23.95 19.4708
      vertex 0.0857649 20.95 19.4708
    endloop
  endfacet
  facet normal -0.0489125 0 -0.998803
    outer loop
      vertex 0.0857649 23.95 19.4708
      vertex 0 20.95 19.475
      vertex 0 23.95 19.475
    endloop
  endfacet
  facet normal 0.146736 0 0.989176
    outer loop
      vertex -0.170704 23.95 16.7418
      vertex -0.0857649 20.95 16.7292
      vertex -0.0857649 23.95 16.7292
    endloop
  endfacet
  facet normal 0.146736 0 0.989176
    outer loop
      vertex -0.0857649 20.95 16.7292
      vertex -0.170704 23.95 16.7418
      vertex -0.170704 20.95 16.7418
    endloop
  endfacet
  facet normal 0.740822 0 -0.671702
    outer loop
      vertex -0.618718 20.95 19.2187
      vertex -0.676384 23.95 19.1551
      vertex -0.618718 23.95 19.2187
    endloop
  endfacet
  facet normal 0.740822 0 -0.671702
    outer loop
      vertex -0.676384 23.95 19.1551
      vertex -0.618718 20.95 19.2187
      vertex -0.676384 20.95 19.1551
    endloop
  endfacet
  facet normal 0.514576 0 -0.857445
    outer loop
      vertex -0.486123 20.95 19.3275
      vertex -0.412472 23.95 19.3717
      vertex -0.412472 20.95 19.3717
    endloop
  endfacet
  facet normal 0.514576 0 -0.857445
    outer loop
      vertex -0.412472 23.95 19.3717
      vertex -0.486123 20.95 19.3275
      vertex -0.486123 23.95 19.3275
    endloop
  endfacet
  facet normal 0.989168 0 -0.146791
    outer loop
      vertex -0.858187 20.95 18.7707
      vertex -0.870786 23.95 18.6858
      vertex -0.858187 23.95 18.7707
    endloop
  endfacet
  facet normal 0.989168 0 -0.146791
    outer loop
      vertex -0.870786 23.95 18.6858
      vertex -0.858187 20.95 18.7707
      vertex -0.870786 20.95 18.6858
    endloop
  endfacet
  facet normal 1 -0 0
    outer loop
      vertex -0.875 20.95 18.6
      vertex -0.875 23.95 17.6
      vertex -0.875 23.95 18.6
    endloop
  endfacet
  facet normal 1 0 0
    outer loop
      vertex -0.875 23.95 17.6
      vertex -0.875 20.95 18.6
      vertex -0.875 20.95 17.6
    endloop
  endfacet
  facet normal 0.94148 -0 0.337069
    outer loop
      vertex -0.837322 20.95 17.346
      vertex -0.808394 23.95 17.2652
      vertex -0.837322 23.95 17.346
    endloop
  endfacet
  facet normal 0.94148 0 0.337069
    outer loop
      vertex -0.808394 23.95 17.2652
      vertex -0.837322 20.95 17.346
      vertex -0.808394 20.95 17.2652
    endloop
  endfacet
  facet normal 0.67178 0 0.740751
    outer loop
      vertex -0.618718 23.95 16.9813
      vertex -0.555094 20.95 16.9236
      vertex -0.555094 23.95 16.9236
    endloop
  endfacet
  facet normal 0.67178 0 0.740751
    outer loop
      vertex -0.555094 20.95 16.9236
      vertex -0.618718 23.95 16.9813
      vertex -0.618718 20.95 16.9813
    endloop
  endfacet
  facet normal -0.989168 0 0.146791
    outer loop
      vertex 0.858187 20.95 17.4293
      vertex 0.870786 23.95 17.5142
      vertex 0.858187 23.95 17.4293
    endloop
  endfacet
  facet normal -0.989168 0 0.146791
    outer loop
      vertex 0.870786 23.95 17.5142
      vertex 0.858187 20.95 17.4293
      vertex 0.870786 20.95 17.5142
    endloop
  endfacet
  facet normal -0.336602 0 0.941647
    outer loop
      vertex 0.253999 23.95 16.7627
      vertex 0.334847 20.95 16.7916
      vertex 0.334847 23.95 16.7916
    endloop
  endfacet
  facet normal -0.336602 0 0.941647
    outer loop
      vertex 0.334847 20.95 16.7916
      vertex 0.253999 23.95 16.7627
      vertex 0.253999 20.95 16.7627
    endloop
  endfacet
  facet normal -0.0489125 0 0.998803
    outer loop
      vertex 0 23.95 16.725
      vertex 0.0857649 20.95 16.7292
      vertex 0.0857649 23.95 16.7292
    endloop
  endfacet
  facet normal -0.0489125 0 0.998803
    outer loop
      vertex 0.0857649 20.95 16.7292
      vertex 0 23.95 16.725
      vertex 0 20.95 16.725
    endloop
  endfacet
  facet normal -0.595306 0 0.803499
    outer loop
      vertex 0.486123 23.95 16.8725
      vertex 0.555094 20.95 16.9236
      vertex 0.555094 23.95 16.9236
    endloop
  endfacet
  facet normal -0.595306 0 0.803499
    outer loop
      vertex 0.555094 20.95 16.9236
      vertex 0.486123 23.95 16.8725
      vertex 0.486123 20.95 16.8725
    endloop
  endfacet
  facet normal -0.904153 0 0.427209
    outer loop
      vertex 0.771681 20.95 17.1875
      vertex 0.808394 23.95 17.2652
      vertex 0.771681 23.95 17.1875
    endloop
  endfacet
  facet normal -0.904153 0 0.427209
    outer loop
      vertex 0.808394 23.95 17.2652
      vertex 0.771681 20.95 17.1875
      vertex 0.808394 20.95 17.2652
    endloop
  endfacet
  facet normal -0.904153 0 -0.427209
    outer loop
      vertex 0.808394 20.95 18.9348
      vertex 0.771681 23.95 19.0125
      vertex 0.808394 23.95 18.9348
    endloop
  endfacet
  facet normal -0.904153 -0 -0.427209
    outer loop
      vertex 0.771681 23.95 19.0125
      vertex 0.808394 20.95 18.9348
      vertex 0.771681 20.95 19.0125
    endloop
  endfacet
  facet normal -0.243371 0 -0.969933
    outer loop
      vertex 0.170704 20.95 19.4582
      vertex 0.253999 23.95 19.4373
      vertex 0.253999 20.95 19.4373
    endloop
  endfacet
  facet normal -0.243371 0 -0.969933
    outer loop
      vertex 0.253999 23.95 19.4373
      vertex 0.170704 20.95 19.4582
      vertex 0.170704 23.95 19.4582
    endloop
  endfacet
  facet normal 0.0489125 0 -0.998803
    outer loop
      vertex -0.0857649 20.95 19.4708
      vertex 0 23.95 19.475
      vertex 0 20.95 19.475
    endloop
  endfacet
  facet normal 0.0489125 0 -0.998803
    outer loop
      vertex 0 23.95 19.475
      vertex -0.0857649 20.95 19.4708
      vertex -0.0857649 23.95 19.4708
    endloop
  endfacet
  facet normal 0.146736 0 -0.989176
    outer loop
      vertex -0.170704 20.95 19.4582
      vertex -0.0857649 23.95 19.4708
      vertex -0.0857649 20.95 19.4708
    endloop
  endfacet
  facet normal 0.146736 0 -0.989176
    outer loop
      vertex -0.0857649 23.95 19.4708
      vertex -0.170704 20.95 19.4582
      vertex -0.170704 23.95 19.4582
    endloop
  endfacet
  facet normal 0.0489125 0 0.998803
    outer loop
      vertex -0.0857649 23.95 16.7292
      vertex 0 20.95 16.725
      vertex 0 23.95 16.725
    endloop
  endfacet
  facet normal 0.0489125 0 0.998803
    outer loop
      vertex 0 20.95 16.725
      vertex -0.0857649 23.95 16.7292
      vertex -0.0857649 20.95 16.7292
    endloop
  endfacet
  facet normal 0.595306 0 -0.803499
    outer loop
      vertex -0.555094 20.95 19.2764
      vertex -0.486123 23.95 19.3275
      vertex -0.486123 20.95 19.3275
    endloop
  endfacet
  facet normal 0.595306 0 -0.803499
    outer loop
      vertex -0.486123 23.95 19.3275
      vertex -0.555094 20.95 19.2764
      vertex -0.555094 23.95 19.2764
    endloop
  endfacet
  facet normal 0.803335 0 -0.595527
    outer loop
      vertex -0.676384 20.95 19.1551
      vertex -0.727535 23.95 19.0861
      vertex -0.676384 23.95 19.1551
    endloop
  endfacet
  facet normal 0.803335 0 -0.595527
    outer loop
      vertex -0.727535 23.95 19.0861
      vertex -0.676384 20.95 19.1551
      vertex -0.727535 20.95 19.0861
    endloop
  endfacet
  facet normal 0.243371 0 -0.969933
    outer loop
      vertex -0.253999 20.95 19.4373
      vertex -0.170704 23.95 19.4582
      vertex -0.170704 20.95 19.4582
    endloop
  endfacet
  facet normal 0.243371 0 -0.969933
    outer loop
      vertex -0.170704 23.95 19.4582
      vertex -0.253999 20.95 19.4373
      vertex -0.253999 23.95 19.4373
    endloop
  endfacet
  facet normal 0.970033 0 -0.242974
    outer loop
      vertex -0.837322 20.95 18.854
      vertex -0.858187 23.95 18.7707
      vertex -0.837322 23.95 18.854
    endloop
  endfacet
  facet normal 0.970033 0 -0.242974
    outer loop
      vertex -0.858187 23.95 18.7707
      vertex -0.837322 20.95 18.854
      vertex -0.858187 20.95 18.7707
    endloop
  endfacet
  facet normal 0.998796 0 -0.0490551
    outer loop
      vertex -0.870786 20.95 18.6858
      vertex -0.875 23.95 18.6
      vertex -0.870786 23.95 18.6858
    endloop
  endfacet
  facet normal 0.998796 0 -0.0490551
    outer loop
      vertex -0.875 23.95 18.6
      vertex -0.870786 20.95 18.6858
      vertex -0.875 20.95 18.6
    endloop
  endfacet
  facet normal 0.998796 -0 0.0490551
    outer loop
      vertex -0.875 20.95 17.6
      vertex -0.870786 23.95 17.5142
      vertex -0.875 23.95 17.6
    endloop
  endfacet
  facet normal 0.998796 0 0.0490551
    outer loop
      vertex -0.870786 23.95 17.5142
      vertex -0.875 20.95 17.6
      vertex -0.870786 20.95 17.5142
    endloop
  endfacet
  facet normal 0.336602 0 0.941647
    outer loop
      vertex -0.334847 23.95 16.7916
      vertex -0.253999 20.95 16.7627
      vertex -0.253999 23.95 16.7627
    endloop
  endfacet
  facet normal 0.336602 0 0.941647
    outer loop
      vertex -0.253999 20.95 16.7627
      vertex -0.334847 23.95 16.7916
      vertex -0.334847 20.95 16.7916
    endloop
  endfacet
  facet normal 0.243371 0 0.969933
    outer loop
      vertex -0.253999 23.95 16.7627
      vertex -0.170704 20.95 16.7418
      vertex -0.170704 23.95 16.7418
    endloop
  endfacet
  facet normal 0.243371 0 0.969933
    outer loop
      vertex -0.170704 20.95 16.7418
      vertex -0.253999 23.95 16.7627
      vertex -0.253999 20.95 16.7627
    endloop
  endfacet
  facet normal 0.989168 -0 0.146791
    outer loop
      vertex -0.870786 20.95 17.5142
      vertex -0.858187 23.95 17.4293
      vertex -0.870786 23.95 17.5142
    endloop
  endfacet
  facet normal 0.989168 0 0.146791
    outer loop
      vertex -0.858187 23.95 17.4293
      vertex -0.870786 20.95 17.5142
      vertex -0.858187 20.95 17.4293
    endloop
  endfacet
  facet normal 0.970033 -0 0.242974
    outer loop
      vertex -0.858187 20.95 17.4293
      vertex -0.837322 23.95 17.346
      vertex -0.858187 23.95 17.4293
    endloop
  endfacet
  facet normal 0.970033 0 0.242974
    outer loop
      vertex -0.837322 23.95 17.346
      vertex -0.858187 20.95 17.4293
      vertex -0.837322 20.95 17.346
    endloop
  endfacet
  facet normal 0.740822 -0 0.671702
    outer loop
      vertex -0.676384 20.95 17.0449
      vertex -0.618718 23.95 16.9813
      vertex -0.676384 23.95 17.0449
    endloop
  endfacet
  facet normal 0.740822 0 0.671702
    outer loop
      vertex -0.618718 23.95 16.9813
      vertex -0.676384 20.95 17.0449
      vertex -0.618718 20.95 16.9813
    endloop
  endfacet
  facet normal 0.803335 -0 0.595527
    outer loop
      vertex -0.727535 20.95 17.1139
      vertex -0.676384 23.95 17.0449
      vertex -0.727535 23.95 17.1139
    endloop
  endfacet
  facet normal 0.803335 0 0.595527
    outer loop
      vertex -0.676384 23.95 17.0449
      vertex -0.727535 20.95 17.1139
      vertex -0.676384 20.95 17.0449
    endloop
  endfacet
  facet normal 0.904153 -0 0.427209
    outer loop
      vertex -0.808394 20.95 17.2652
      vertex -0.771681 23.95 17.1875
      vertex -0.808394 23.95 17.2652
    endloop
  endfacet
  facet normal 0.904153 0 0.427209
    outer loop
      vertex -0.771681 23.95 17.1875
      vertex -0.808394 20.95 17.2652
      vertex -0.771681 20.95 17.1875
    endloop
  endfacet
  facet normal 0.514576 0 0.857445
    outer loop
      vertex -0.486123 23.95 16.8725
      vertex -0.412472 20.95 16.8283
      vertex -0.412472 23.95 16.8283
    endloop
  endfacet
  facet normal 0.514576 0 0.857445
    outer loop
      vertex -0.412472 20.95 16.8283
      vertex -0.486123 23.95 16.8725
      vertex -0.486123 20.95 16.8725
    endloop
  endfacet
  facet normal 0.595306 0 0.803499
    outer loop
      vertex -0.555094 23.95 16.9236
      vertex -0.486123 20.95 16.8725
      vertex -0.486123 23.95 16.8725
    endloop
  endfacet
  facet normal 0.595306 0 0.803499
    outer loop
      vertex -0.486123 20.95 16.8725
      vertex -0.555094 23.95 16.9236
      vertex -0.555094 20.95 16.9236
    endloop
  endfacet
  facet normal -0.970033 0 0.242974
    outer loop
      vertex 0.837322 20.95 17.346
      vertex 0.858187 23.95 17.4293
      vertex 0.837322 23.95 17.346
    endloop
  endfacet
  facet normal -0.970033 0 0.242974
    outer loop
      vertex 0.858187 23.95 17.4293
      vertex 0.837322 20.95 17.346
      vertex 0.858187 20.95 17.4293
    endloop
  endfacet
  facet normal -0.427423 0 0.904052
    outer loop
      vertex 0.334847 23.95 16.7916
      vertex 0.412472 20.95 16.8283
      vertex 0.412472 23.95 16.8283
    endloop
  endfacet
  facet normal -0.427423 0 0.904052
    outer loop
      vertex 0.412472 20.95 16.8283
      vertex 0.334847 23.95 16.7916
      vertex 0.334847 20.95 16.7916
    endloop
  endfacet
  facet normal -0.146736 0 0.989176
    outer loop
      vertex 0.0857649 23.95 16.7292
      vertex 0.170704 20.95 16.7418
      vertex 0.170704 23.95 16.7418
    endloop
  endfacet
  facet normal -0.146736 0 0.989176
    outer loop
      vertex 0.170704 20.95 16.7418
      vertex 0.0857649 23.95 16.7292
      vertex 0.0857649 20.95 16.7292
    endloop
  endfacet
  facet normal -0.67178 0 0.740751
    outer loop
      vertex 0.555094 23.95 16.9236
      vertex 0.618718 20.95 16.9813
      vertex 0.618718 23.95 16.9813
    endloop
  endfacet
  facet normal -0.67178 0 0.740751
    outer loop
      vertex 0.618718 20.95 16.9813
      vertex 0.555094 23.95 16.9236
      vertex 0.555094 20.95 16.9236
    endloop
  endfacet
  facet normal -0.803335 0 0.595527
    outer loop
      vertex 0.676384 20.95 17.0449
      vertex 0.727535 23.95 17.1139
      vertex 0.676384 23.95 17.0449
    endloop
  endfacet
  facet normal -0.803335 0 0.595527
    outer loop
      vertex 0.727535 23.95 17.1139
      vertex 0.676384 20.95 17.0449
      vertex 0.727535 20.95 17.1139
    endloop
  endfacet
  facet normal -0.998796 0 -0.0490551
    outer loop
      vertex 0.875 20.95 18.6
      vertex 0.870786 23.95 18.6858
      vertex 0.875 23.95 18.6
    endloop
  endfacet
  facet normal -0.998796 -0 -0.0490551
    outer loop
      vertex 0.870786 23.95 18.6858
      vertex 0.875 20.95 18.6
      vertex 0.870786 20.95 18.6858
    endloop
  endfacet
  facet normal -0.970033 0 -0.242974
    outer loop
      vertex 0.858187 20.95 18.7707
      vertex 0.837322 23.95 18.854
      vertex 0.858187 23.95 18.7707
    endloop
  endfacet
  facet normal -0.970033 -0 -0.242974
    outer loop
      vertex 0.837322 23.95 18.854
      vertex 0.858187 20.95 18.7707
      vertex 0.837322 20.95 18.854
    endloop
  endfacet
  facet normal -0.595306 0 -0.803499
    outer loop
      vertex 0.486123 20.95 19.3275
      vertex 0.555094 23.95 19.2764
      vertex 0.555094 20.95 19.2764
    endloop
  endfacet
  facet normal -0.595306 0 -0.803499
    outer loop
      vertex 0.555094 23.95 19.2764
      vertex 0.486123 20.95 19.3275
      vertex 0.486123 23.95 19.3275
    endloop
  endfacet
  facet normal -0.427423 0 -0.904052
    outer loop
      vertex 0.334847 20.95 19.4084
      vertex 0.412472 23.95 19.3717
      vertex 0.412472 20.95 19.3717
    endloop
  endfacet
  facet normal -0.427423 0 -0.904052
    outer loop
      vertex 0.412472 23.95 19.3717
      vertex 0.334847 20.95 19.4084
      vertex 0.334847 23.95 19.4084
    endloop
  endfacet
  facet normal -0.514576 0 -0.857445
    outer loop
      vertex 0.412472 20.95 19.3717
      vertex 0.486123 23.95 19.3275
      vertex 0.486123 20.95 19.3275
    endloop
  endfacet
  facet normal -0.514576 0 -0.857445
    outer loop
      vertex 0.486123 23.95 19.3275
      vertex 0.412472 20.95 19.3717
      vertex 0.412472 23.95 19.3717
    endloop
  endfacet
  facet normal -0.146736 0 -0.989176
    outer loop
      vertex 0.0857649 20.95 19.4708
      vertex 0.170704 23.95 19.4582
      vertex 0.170704 20.95 19.4582
    endloop
  endfacet
  facet normal -0.146736 0 -0.989176
    outer loop
      vertex 0.170704 23.95 19.4582
      vertex 0.0857649 20.95 19.4708
      vertex 0.0857649 23.95 19.4708
    endloop
  endfacet
  facet normal 0.904153 0 -0.427209
    outer loop
      vertex -0.771681 20.95 19.0125
      vertex -0.808394 23.95 18.9348
      vertex -0.771681 23.95 19.0125
    endloop
  endfacet
  facet normal 0.904153 0 -0.427209
    outer loop
      vertex -0.808394 23.95 18.9348
      vertex -0.771681 20.95 19.0125
      vertex -0.808394 20.95 18.9348
    endloop
  endfacet
  facet normal 0.67178 0 -0.740751
    outer loop
      vertex -0.618718 20.95 19.2187
      vertex -0.555094 23.95 19.2764
      vertex -0.555094 20.95 19.2764
    endloop
  endfacet
  facet normal 0.67178 0 -0.740751
    outer loop
      vertex -0.555094 23.95 19.2764
      vertex -0.618718 20.95 19.2187
      vertex -0.618718 23.95 19.2187
    endloop
  endfacet
  facet normal 0.857565 0 -0.514376
    outer loop
      vertex -0.727535 20.95 19.0861
      vertex -0.771681 23.95 19.0125
      vertex -0.727535 23.95 19.0861
    endloop
  endfacet
  facet normal 0.857565 0 -0.514376
    outer loop
      vertex -0.771681 23.95 19.0125
      vertex -0.727535 20.95 19.0861
      vertex -0.771681 20.95 19.0125
    endloop
  endfacet
  facet normal 0.427423 0 -0.904052
    outer loop
      vertex -0.412472 20.95 19.3717
      vertex -0.334847 23.95 19.4084
      vertex -0.334847 20.95 19.4084
    endloop
  endfacet
  facet normal 0.427423 0 -0.904052
    outer loop
      vertex -0.334847 23.95 19.4084
      vertex -0.412472 20.95 19.3717
      vertex -0.412472 23.95 19.3717
    endloop
  endfacet
  facet normal 0.336602 0 -0.941647
    outer loop
      vertex -0.334847 20.95 19.4084
      vertex -0.253999 23.95 19.4373
      vertex -0.253999 20.95 19.4373
    endloop
  endfacet
  facet normal 0.336602 0 -0.941647
    outer loop
      vertex -0.253999 23.95 19.4373
      vertex -0.334847 20.95 19.4084
      vertex -0.334847 23.95 19.4084
    endloop
  endfacet
  facet normal -0.514576 0 0.857445
    outer loop
      vertex 0.412472 23.95 16.8283
      vertex 0.486123 20.95 16.8725
      vertex 0.486123 23.95 16.8725
    endloop
  endfacet
  facet normal -0.514576 0 0.857445
    outer loop
      vertex 0.486123 20.95 16.8725
      vertex 0.412472 23.95 16.8283
      vertex 0.412472 20.95 16.8283
    endloop
  endfacet
  facet normal -0.243371 0 0.969933
    outer loop
      vertex 0.170704 23.95 16.7418
      vertex 0.253999 20.95 16.7627
      vertex 0.253999 23.95 16.7627
    endloop
  endfacet
  facet normal -0.243371 0 0.969933
    outer loop
      vertex 0.253999 20.95 16.7627
      vertex 0.170704 23.95 16.7418
      vertex 0.170704 20.95 16.7418
    endloop
  endfacet
  facet normal -0.740822 0 0.671702
    outer loop
      vertex 0.618718 20.95 16.9813
      vertex 0.676384 23.95 17.0449
      vertex 0.618718 23.95 16.9813
    endloop
  endfacet
  facet normal -0.740822 0 0.671702
    outer loop
      vertex 0.676384 23.95 17.0449
      vertex 0.618718 20.95 16.9813
      vertex 0.676384 20.95 17.0449
    endloop
  endfacet
  facet normal -0.857565 0 0.514376
    outer loop
      vertex 0.727535 20.95 17.1139
      vertex 0.771681 23.95 17.1875
      vertex 0.727535 23.95 17.1139
    endloop
  endfacet
  facet normal -0.857565 0 0.514376
    outer loop
      vertex 0.771681 23.95 17.1875
      vertex 0.727535 20.95 17.1139
      vertex 0.771681 20.95 17.1875
    endloop
  endfacet
  facet normal -0.803335 0 -0.595527
    outer loop
      vertex 0.727535 20.95 19.0861
      vertex 0.676384 23.95 19.1551
      vertex 0.727535 23.95 19.0861
    endloop
  endfacet
  facet normal -0.803335 -0 -0.595527
    outer loop
      vertex 0.676384 23.95 19.1551
      vertex 0.727535 20.95 19.0861
      vertex 0.676384 20.95 19.1551
    endloop
  endfacet
  facet normal -0.989168 0 -0.146791
    outer loop
      vertex 0.870786 20.95 18.6858
      vertex 0.858187 23.95 18.7707
      vertex 0.870786 23.95 18.6858
    endloop
  endfacet
  facet normal -0.989168 -0 -0.146791
    outer loop
      vertex 0.858187 23.95 18.7707
      vertex 0.870786 20.95 18.6858
      vertex 0.858187 20.95 18.7707
    endloop
  endfacet
  facet normal -0.94148 0 -0.337069
    outer loop
      vertex 0.837322 20.95 18.854
      vertex 0.808394 23.95 18.9348
      vertex 0.837322 23.95 18.854
    endloop
  endfacet
  facet normal -0.94148 -0 -0.337069
    outer loop
      vertex 0.808394 23.95 18.9348
      vertex 0.837322 20.95 18.854
      vertex 0.808394 20.95 18.9348
    endloop
  endfacet
  facet normal -0.336602 0 -0.941647
    outer loop
      vertex 0.253999 20.95 19.4373
      vertex 0.334847 23.95 19.4084
      vertex 0.334847 20.95 19.4084
    endloop
  endfacet
  facet normal -0.336602 0 -0.941647
    outer loop
      vertex 0.334847 23.95 19.4084
      vertex 0.253999 20.95 19.4373
      vertex 0.253999 23.95 19.4373
    endloop
  endfacet
  facet normal -0.857565 0 -0.514376
    outer loop
      vertex 0.771681 20.95 19.0125
      vertex 0.727535 23.95 19.0861
      vertex 0.771681 23.95 19.0125
    endloop
  endfacet
  facet normal -0.857565 -0 -0.514376
    outer loop
      vertex 0.727535 23.95 19.0861
      vertex 0.771681 20.95 19.0125
      vertex 0.727535 20.95 19.0861
    endloop
  endfacet
  facet normal -0.740822 0 -0.671702
    outer loop
      vertex 0.676384 20.95 19.1551
      vertex 0.618718 23.95 19.2187
      vertex 0.676384 23.95 19.1551
    endloop
  endfacet
  facet normal -0.740822 -0 -0.671702
    outer loop
      vertex 0.618718 23.95 19.2187
      vertex 0.676384 20.95 19.1551
      vertex 0.618718 20.95 19.2187
    endloop
  endfacet
  facet normal -0.67178 0 -0.740751
    outer loop
      vertex 0.555094 20.95 19.2764
      vertex 0.618718 23.95 19.2187
      vertex 0.618718 20.95 19.2187
    endloop
  endfacet
  facet normal -0.67178 0 -0.740751
    outer loop
      vertex 0.618718 23.95 19.2187
      vertex 0.555094 20.95 19.2764
      vertex 0.555094 23.95 19.2764
    endloop
  endfacet
  facet normal 0.0489125 0 0.998803
    outer loop
      vertex -0.0857649 23.95 44.5292
      vertex 0 20.95 44.525
      vertex 0 23.95 44.525
    endloop
  endfacet
  facet normal 0.0489125 0 0.998803
    outer loop
      vertex 0 20.95 44.525
      vertex -0.0857649 23.95 44.5292
      vertex -0.0857649 20.95 44.5292
    endloop
  endfacet
  facet normal 0.336602 0 0.941647
    outer loop
      vertex -0.334847 23.95 44.5916
      vertex -0.253999 20.95 44.5627
      vertex -0.253999 23.95 44.5627
    endloop
  endfacet
  facet normal 0.336602 0 0.941647
    outer loop
      vertex -0.253999 20.95 44.5627
      vertex -0.334847 23.95 44.5916
      vertex -0.334847 20.95 44.5916
    endloop
  endfacet
  facet normal 0.146736 0 0.989176
    outer loop
      vertex -0.170704 23.95 44.5418
      vertex -0.0857649 20.95 44.5292
      vertex -0.0857649 23.95 44.5292
    endloop
  endfacet
  facet normal 0.146736 0 0.989176
    outer loop
      vertex -0.0857649 20.95 44.5292
      vertex -0.170704 23.95 44.5418
      vertex -0.170704 20.95 44.5418
    endloop
  endfacet
  facet normal 0.998796 -0 0.0490551
    outer loop
      vertex -0.875 20.95 45.4
      vertex -0.870786 23.95 45.3142
      vertex -0.875 23.95 45.4
    endloop
  endfacet
  facet normal 0.998796 0 0.0490551
    outer loop
      vertex -0.870786 23.95 45.3142
      vertex -0.875 20.95 45.4
      vertex -0.870786 20.95 45.3142
    endloop
  endfacet
  facet normal 0.803335 0 -0.595527
    outer loop
      vertex -0.676384 20.95 46.9551
      vertex -0.727535 23.95 46.8861
      vertex -0.676384 23.95 46.9551
    endloop
  endfacet
  facet normal 0.803335 0 -0.595527
    outer loop
      vertex -0.727535 23.95 46.8861
      vertex -0.676384 20.95 46.9551
      vertex -0.727535 20.95 46.8861
    endloop
  endfacet
  facet normal 0.243371 0 0.969933
    outer loop
      vertex -0.253999 23.95 44.5627
      vertex -0.170704 20.95 44.5418
      vertex -0.170704 23.95 44.5418
    endloop
  endfacet
  facet normal 0.243371 0 0.969933
    outer loop
      vertex -0.170704 20.95 44.5418
      vertex -0.253999 23.95 44.5627
      vertex -0.253999 20.95 44.5627
    endloop
  endfacet
  facet normal -0.904153 0 -0.427209
    outer loop
      vertex 0.808394 20.95 46.7348
      vertex 0.771681 23.95 46.8125
      vertex 0.808394 23.95 46.7348
    endloop
  endfacet
  facet normal -0.904153 -0 -0.427209
    outer loop
      vertex 0.771681 23.95 46.8125
      vertex 0.808394 20.95 46.7348
      vertex 0.771681 20.95 46.8125
    endloop
  endfacet
  facet normal 0.427423 0 0.904052
    outer loop
      vertex -0.412472 23.95 44.6283
      vertex -0.334847 20.95 44.5916
      vertex -0.334847 23.95 44.5916
    endloop
  endfacet
  facet normal 0.427423 0 0.904052
    outer loop
      vertex -0.334847 20.95 44.5916
      vertex -0.412472 23.95 44.6283
      vertex -0.412472 20.95 44.6283
    endloop
  endfacet
  facet normal 0.740822 -0 0.671702
    outer loop
      vertex -0.676384 20.95 44.8449
      vertex -0.618718 23.95 44.7813
      vertex -0.676384 23.95 44.8449
    endloop
  endfacet
  facet normal 0.740822 0 0.671702
    outer loop
      vertex -0.618718 23.95 44.7813
      vertex -0.676384 20.95 44.8449
      vertex -0.618718 20.95 44.7813
    endloop
  endfacet
  facet normal 0.514576 0 0.857445
    outer loop
      vertex -0.486123 23.95 44.6725
      vertex -0.412472 20.95 44.6283
      vertex -0.412472 23.95 44.6283
    endloop
  endfacet
  facet normal 0.514576 0 0.857445
    outer loop
      vertex -0.412472 20.95 44.6283
      vertex -0.486123 23.95 44.6725
      vertex -0.486123 20.95 44.6725
    endloop
  endfacet
  facet normal 0.998796 0 -0.0490551
    outer loop
      vertex -0.870786 20.95 46.4858
      vertex -0.875 23.95 46.4
      vertex -0.870786 23.95 46.4858
    endloop
  endfacet
  facet normal 0.998796 0 -0.0490551
    outer loop
      vertex -0.875 23.95 46.4
      vertex -0.870786 20.95 46.4858
      vertex -0.875 20.95 46.4
    endloop
  endfacet
  facet normal 0.336602 0 -0.941647
    outer loop
      vertex -0.334847 20.95 47.2084
      vertex -0.253999 23.95 47.2373
      vertex -0.253999 20.95 47.2373
    endloop
  endfacet
  facet normal 0.336602 0 -0.941647
    outer loop
      vertex -0.253999 23.95 47.2373
      vertex -0.334847 20.95 47.2084
      vertex -0.334847 23.95 47.2084
    endloop
  endfacet
  facet normal -0.336602 0 -0.941647
    outer loop
      vertex 0.253999 20.95 47.2373
      vertex 0.334847 23.95 47.2084
      vertex 0.334847 20.95 47.2084
    endloop
  endfacet
  facet normal -0.336602 0 -0.941647
    outer loop
      vertex 0.334847 23.95 47.2084
      vertex 0.253999 20.95 47.2373
      vertex 0.253999 23.95 47.2373
    endloop
  endfacet
  facet normal -0.998796 0 0.0490551
    outer loop
      vertex 0.870786 20.95 45.3142
      vertex 0.875 23.95 45.4
      vertex 0.870786 23.95 45.3142
    endloop
  endfacet
  facet normal -0.998796 0 0.0490551
    outer loop
      vertex 0.875 23.95 45.4
      vertex 0.870786 20.95 45.3142
      vertex 0.875 20.95 45.4
    endloop
  endfacet
  facet normal -0.146736 0 -0.989176
    outer loop
      vertex 0.0857649 20.95 47.2708
      vertex 0.170704 23.95 47.2582
      vertex 0.170704 20.95 47.2582
    endloop
  endfacet
  facet normal -0.146736 0 -0.989176
    outer loop
      vertex 0.170704 23.95 47.2582
      vertex 0.0857649 20.95 47.2708
      vertex 0.0857649 23.95 47.2708
    endloop
  endfacet
  facet normal -0.0489125 0 -0.998803
    outer loop
      vertex 0 20.95 47.275
      vertex 0.0857649 23.95 47.2708
      vertex 0.0857649 20.95 47.2708
    endloop
  endfacet
  facet normal -0.0489125 0 -0.998803
    outer loop
      vertex 0.0857649 23.95 47.2708
      vertex 0 20.95 47.275
      vertex 0 23.95 47.275
    endloop
  endfacet
  facet normal 0.0489125 0 -0.998803
    outer loop
      vertex -0.0857649 20.95 47.2708
      vertex 0 23.95 47.275
      vertex 0 20.95 47.275
    endloop
  endfacet
  facet normal 0.0489125 0 -0.998803
    outer loop
      vertex 0 23.95 47.275
      vertex -0.0857649 20.95 47.2708
      vertex -0.0857649 23.95 47.2708
    endloop
  endfacet
  facet normal 0.989168 -0 0.146791
    outer loop
      vertex -0.870786 20.95 45.3142
      vertex -0.858187 23.95 45.2293
      vertex -0.870786 23.95 45.3142
    endloop
  endfacet
  facet normal 0.989168 0 0.146791
    outer loop
      vertex -0.858187 23.95 45.2293
      vertex -0.870786 20.95 45.3142
      vertex -0.858187 20.95 45.2293
    endloop
  endfacet
  facet normal 0.94148 -0 0.337069
    outer loop
      vertex -0.837322 20.95 45.146
      vertex -0.808394 23.95 45.0652
      vertex -0.837322 23.95 45.146
    endloop
  endfacet
  facet normal 0.94148 0 0.337069
    outer loop
      vertex -0.808394 23.95 45.0652
      vertex -0.837322 20.95 45.146
      vertex -0.808394 20.95 45.0652
    endloop
  endfacet
  facet normal 1 -0 0
    outer loop
      vertex -0.875 20.95 46.4
      vertex -0.875 23.95 45.4
      vertex -0.875 23.95 46.4
    endloop
  endfacet
  facet normal 1 0 0
    outer loop
      vertex -0.875 23.95 45.4
      vertex -0.875 20.95 46.4
      vertex -0.875 20.95 45.4
    endloop
  endfacet
  facet normal 0.989168 0 -0.146791
    outer loop
      vertex -0.858187 20.95 46.5707
      vertex -0.870786 23.95 46.4858
      vertex -0.858187 23.95 46.5707
    endloop
  endfacet
  facet normal 0.989168 0 -0.146791
    outer loop
      vertex -0.870786 23.95 46.4858
      vertex -0.858187 20.95 46.5707
      vertex -0.870786 20.95 46.4858
    endloop
  endfacet
  facet normal 0.514576 0 -0.857445
    outer loop
      vertex -0.486123 20.95 47.1275
      vertex -0.412472 23.95 47.1717
      vertex -0.412472 20.95 47.1717
    endloop
  endfacet
  facet normal 0.514576 0 -0.857445
    outer loop
      vertex -0.412472 23.95 47.1717
      vertex -0.486123 20.95 47.1275
      vertex -0.486123 23.95 47.1275
    endloop
  endfacet
  facet normal 0.427423 0 -0.904052
    outer loop
      vertex -0.412472 20.95 47.1717
      vertex -0.334847 23.95 47.2084
      vertex -0.334847 20.95 47.2084
    endloop
  endfacet
  facet normal 0.427423 0 -0.904052
    outer loop
      vertex -0.334847 23.95 47.2084
      vertex -0.412472 20.95 47.1717
      vertex -0.412472 23.95 47.1717
    endloop
  endfacet
  facet normal -0.243371 0 -0.969933
    outer loop
      vertex 0.170704 20.95 47.2582
      vertex 0.253999 23.95 47.2373
      vertex 0.253999 20.95 47.2373
    endloop
  endfacet
  facet normal -0.243371 0 -0.969933
    outer loop
      vertex 0.253999 23.95 47.2373
      vertex 0.170704 20.95 47.2582
      vertex 0.170704 23.95 47.2582
    endloop
  endfacet
  facet normal -0.67178 0 -0.740751
    outer loop
      vertex 0.555094 20.95 47.0764
      vertex 0.618718 23.95 47.0187
      vertex 0.618718 20.95 47.0187
    endloop
  endfacet
  facet normal -0.67178 0 -0.740751
    outer loop
      vertex 0.618718 23.95 47.0187
      vertex 0.555094 20.95 47.0764
      vertex 0.555094 23.95 47.0764
    endloop
  endfacet
  facet normal -0.857565 0 -0.514376
    outer loop
      vertex 0.771681 20.95 46.8125
      vertex 0.727535 23.95 46.8861
      vertex 0.771681 23.95 46.8125
    endloop
  endfacet
  facet normal -0.857565 -0 -0.514376
    outer loop
      vertex 0.727535 23.95 46.8861
      vertex 0.771681 20.95 46.8125
      vertex 0.727535 20.95 46.8861
    endloop
  endfacet
  facet normal -0.998796 0 -0.0490551
    outer loop
      vertex 0.875 20.95 46.4
      vertex 0.870786 23.95 46.4858
      vertex 0.875 23.95 46.4
    endloop
  endfacet
  facet normal -0.998796 -0 -0.0490551
    outer loop
      vertex 0.870786 23.95 46.4858
      vertex 0.875 20.95 46.4
      vertex 0.870786 20.95 46.4858
    endloop
  endfacet
  facet normal -1 0 0
    outer loop
      vertex 0.875 20.95 45.4
      vertex 0.875 23.95 46.4
      vertex 0.875 23.95 45.4
    endloop
  endfacet
  facet normal -1 -0 0
    outer loop
      vertex 0.875 23.95 46.4
      vertex 0.875 20.95 45.4
      vertex 0.875 20.95 46.4
    endloop
  endfacet
  facet normal -0.0489125 0 0.998803
    outer loop
      vertex 0 23.95 44.525
      vertex 0.0857649 20.95 44.5292
      vertex 0.0857649 23.95 44.5292
    endloop
  endfacet
  facet normal -0.0489125 0 0.998803
    outer loop
      vertex 0.0857649 20.95 44.5292
      vertex 0 23.95 44.525
      vertex 0 20.95 44.525
    endloop
  endfacet
  facet normal -0.595306 0 0.803499
    outer loop
      vertex 0.486123 23.95 44.6725
      vertex 0.555094 20.95 44.7236
      vertex 0.555094 23.95 44.7236
    endloop
  endfacet
  facet normal -0.595306 0 0.803499
    outer loop
      vertex 0.555094 20.95 44.7236
      vertex 0.486123 23.95 44.6725
      vertex 0.486123 20.95 44.6725
    endloop
  endfacet
  facet normal -0.857565 0 0.514376
    outer loop
      vertex 0.727535 20.95 44.9139
      vertex 0.771681 23.95 44.9875
      vertex 0.727535 23.95 44.9139
    endloop
  endfacet
  facet normal -0.857565 0 0.514376
    outer loop
      vertex 0.771681 23.95 44.9875
      vertex 0.727535 20.95 44.9139
      vertex 0.771681 20.95 44.9875
    endloop
  endfacet
  facet normal 0.595306 0 0.803499
    outer loop
      vertex -0.555094 23.95 44.7236
      vertex -0.486123 20.95 44.6725
      vertex -0.486123 23.95 44.6725
    endloop
  endfacet
  facet normal 0.595306 0 0.803499
    outer loop
      vertex -0.486123 20.95 44.6725
      vertex -0.555094 23.95 44.7236
      vertex -0.555094 20.95 44.7236
    endloop
  endfacet
  facet normal 0.67178 0 0.740751
    outer loop
      vertex -0.618718 23.95 44.7813
      vertex -0.555094 20.95 44.7236
      vertex -0.555094 23.95 44.7236
    endloop
  endfacet
  facet normal 0.67178 0 0.740751
    outer loop
      vertex -0.555094 20.95 44.7236
      vertex -0.618718 23.95 44.7813
      vertex -0.618718 20.95 44.7813
    endloop
  endfacet
  facet normal 0.803335 -0 0.595527
    outer loop
      vertex -0.727535 20.95 44.9139
      vertex -0.676384 23.95 44.8449
      vertex -0.727535 23.95 44.9139
    endloop
  endfacet
  facet normal 0.803335 0 0.595527
    outer loop
      vertex -0.676384 23.95 44.8449
      vertex -0.727535 20.95 44.9139
      vertex -0.676384 20.95 44.8449
    endloop
  endfacet
  facet normal 0.857565 -0 0.514376
    outer loop
      vertex -0.771681 20.95 44.9875
      vertex -0.727535 23.95 44.9139
      vertex -0.771681 23.95 44.9875
    endloop
  endfacet
  facet normal 0.857565 0 0.514376
    outer loop
      vertex -0.727535 23.95 44.9139
      vertex -0.771681 20.95 44.9875
      vertex -0.727535 20.95 44.9139
    endloop
  endfacet
  facet normal 0.904153 -0 0.427209
    outer loop
      vertex -0.808394 20.95 45.0652
      vertex -0.771681 23.95 44.9875
      vertex -0.808394 23.95 45.0652
    endloop
  endfacet
  facet normal 0.904153 0 0.427209
    outer loop
      vertex -0.771681 23.95 44.9875
      vertex -0.808394 20.95 45.0652
      vertex -0.771681 20.95 44.9875
    endloop
  endfacet
  facet normal 0.970033 -0 0.242974
    outer loop
      vertex -0.858187 20.95 45.2293
      vertex -0.837322 23.95 45.146
      vertex -0.858187 23.95 45.2293
    endloop
  endfacet
  facet normal 0.970033 0 0.242974
    outer loop
      vertex -0.837322 23.95 45.146
      vertex -0.858187 20.95 45.2293
      vertex -0.837322 20.95 45.146
    endloop
  endfacet
  facet normal 0.857565 0 -0.514376
    outer loop
      vertex -0.727535 20.95 46.8861
      vertex -0.771681 23.95 46.8125
      vertex -0.727535 23.95 46.8861
    endloop
  endfacet
  facet normal 0.857565 0 -0.514376
    outer loop
      vertex -0.771681 23.95 46.8125
      vertex -0.727535 20.95 46.8861
      vertex -0.771681 20.95 46.8125
    endloop
  endfacet
  facet normal 0.904153 0 -0.427209
    outer loop
      vertex -0.771681 20.95 46.8125
      vertex -0.808394 23.95 46.7348
      vertex -0.771681 23.95 46.8125
    endloop
  endfacet
  facet normal 0.904153 0 -0.427209
    outer loop
      vertex -0.808394 23.95 46.7348
      vertex -0.771681 20.95 46.8125
      vertex -0.808394 20.95 46.7348
    endloop
  endfacet
  facet normal 0.146736 0 -0.989176
    outer loop
      vertex -0.170704 20.95 47.2582
      vertex -0.0857649 23.95 47.2708
      vertex -0.0857649 20.95 47.2708
    endloop
  endfacet
  facet normal 0.146736 0 -0.989176
    outer loop
      vertex -0.0857649 23.95 47.2708
      vertex -0.170704 20.95 47.2582
      vertex -0.170704 23.95 47.2582
    endloop
  endfacet
  facet normal 0.595306 0 -0.803499
    outer loop
      vertex -0.555094 20.95 47.0764
      vertex -0.486123 23.95 47.1275
      vertex -0.486123 20.95 47.1275
    endloop
  endfacet
  facet normal 0.595306 0 -0.803499
    outer loop
      vertex -0.486123 23.95 47.1275
      vertex -0.555094 20.95 47.0764
      vertex -0.555094 23.95 47.0764
    endloop
  endfacet
  facet normal -0.514576 0 -0.857445
    outer loop
      vertex 0.412472 20.95 47.1717
      vertex 0.486123 23.95 47.1275
      vertex 0.486123 20.95 47.1275
    endloop
  endfacet
  facet normal -0.514576 0 -0.857445
    outer loop
      vertex 0.486123 23.95 47.1275
      vertex 0.412472 20.95 47.1717
      vertex 0.412472 23.95 47.1717
    endloop
  endfacet
  facet normal -0.595306 0 -0.803499
    outer loop
      vertex 0.486123 20.95 47.1275
      vertex 0.555094 23.95 47.0764
      vertex 0.555094 20.95 47.0764
    endloop
  endfacet
  facet normal -0.595306 0 -0.803499
    outer loop
      vertex 0.555094 23.95 47.0764
      vertex 0.486123 20.95 47.1275
      vertex 0.486123 23.95 47.1275
    endloop
  endfacet
  facet normal -0.740822 0 -0.671702
    outer loop
      vertex 0.676384 20.95 46.9551
      vertex 0.618718 23.95 47.0187
      vertex 0.676384 23.95 46.9551
    endloop
  endfacet
  facet normal -0.740822 -0 -0.671702
    outer loop
      vertex 0.618718 23.95 47.0187
      vertex 0.676384 20.95 46.9551
      vertex 0.618718 20.95 47.0187
    endloop
  endfacet
  facet normal -0.970033 0 -0.242974
    outer loop
      vertex 0.858187 20.95 46.5707
      vertex 0.837322 23.95 46.654
      vertex 0.858187 23.95 46.5707
    endloop
  endfacet
  facet normal -0.970033 -0 -0.242974
    outer loop
      vertex 0.837322 23.95 46.654
      vertex 0.858187 20.95 46.5707
      vertex 0.837322 20.95 46.654
    endloop
  endfacet
  facet normal -0.94148 0 -0.337069
    outer loop
      vertex 0.837322 20.95 46.654
      vertex 0.808394 23.95 46.7348
      vertex 0.837322 23.95 46.654
    endloop
  endfacet
  facet normal -0.94148 -0 -0.337069
    outer loop
      vertex 0.808394 23.95 46.7348
      vertex 0.837322 20.95 46.654
      vertex 0.808394 20.95 46.7348
    endloop
  endfacet
  facet normal -0.989168 0 -0.146791
    outer loop
      vertex 0.870786 20.95 46.4858
      vertex 0.858187 23.95 46.5707
      vertex 0.870786 23.95 46.4858
    endloop
  endfacet
  facet normal -0.989168 -0 -0.146791
    outer loop
      vertex 0.858187 23.95 46.5707
      vertex 0.870786 20.95 46.4858
      vertex 0.858187 20.95 46.5707
    endloop
  endfacet
  facet normal -0.514576 0 0.857445
    outer loop
      vertex 0.412472 23.95 44.6283
      vertex 0.486123 20.95 44.6725
      vertex 0.486123 23.95 44.6725
    endloop
  endfacet
  facet normal -0.514576 0 0.857445
    outer loop
      vertex 0.486123 20.95 44.6725
      vertex 0.412472 23.95 44.6283
      vertex 0.412472 20.95 44.6283
    endloop
  endfacet
  facet normal -0.336602 0 0.941647
    outer loop
      vertex 0.253999 23.95 44.5627
      vertex 0.334847 20.95 44.5916
      vertex 0.334847 23.95 44.5916
    endloop
  endfacet
  facet normal -0.336602 0 0.941647
    outer loop
      vertex 0.334847 20.95 44.5916
      vertex 0.253999 23.95 44.5627
      vertex 0.253999 20.95 44.5627
    endloop
  endfacet
  facet normal -0.243371 0 0.969933
    outer loop
      vertex 0.170704 23.95 44.5418
      vertex 0.253999 20.95 44.5627
      vertex 0.253999 23.95 44.5627
    endloop
  endfacet
  facet normal -0.243371 0 0.969933
    outer loop
      vertex 0.253999 20.95 44.5627
      vertex 0.170704 23.95 44.5418
      vertex 0.170704 20.95 44.5418
    endloop
  endfacet
  facet normal -0.904153 0 0.427209
    outer loop
      vertex 0.771681 20.95 44.9875
      vertex 0.808394 23.95 45.0652
      vertex 0.771681 23.95 44.9875
    endloop
  endfacet
  facet normal -0.904153 0 0.427209
    outer loop
      vertex 0.808394 23.95 45.0652
      vertex 0.771681 20.95 44.9875
      vertex 0.808394 20.95 45.0652
    endloop
  endfacet
  facet normal -0.970033 0 0.242974
    outer loop
      vertex 0.837322 20.95 45.146
      vertex 0.858187 23.95 45.2293
      vertex 0.837322 23.95 45.146
    endloop
  endfacet
  facet normal -0.970033 0 0.242974
    outer loop
      vertex 0.858187 23.95 45.2293
      vertex 0.837322 20.95 45.146
      vertex 0.858187 20.95 45.2293
    endloop
  endfacet
  facet normal -0.94148 0 0.337069
    outer loop
      vertex 0.808394 20.95 45.0652
      vertex 0.837322 23.95 45.146
      vertex 0.808394 23.95 45.0652
    endloop
  endfacet
  facet normal -0.94148 0 0.337069
    outer loop
      vertex 0.837322 23.95 45.146
      vertex 0.808394 20.95 45.0652
      vertex 0.837322 20.95 45.146
    endloop
  endfacet
  facet normal -0.989168 0 0.146791
    outer loop
      vertex 0.858187 20.95 45.2293
      vertex 0.870786 23.95 45.3142
      vertex 0.858187 23.95 45.2293
    endloop
  endfacet
  facet normal -0.989168 0 0.146791
    outer loop
      vertex 0.870786 23.95 45.3142
      vertex 0.858187 20.95 45.2293
      vertex 0.870786 20.95 45.3142
    endloop
  endfacet
  facet normal 0.970033 0 -0.242974
    outer loop
      vertex -0.837322 20.95 46.654
      vertex -0.858187 23.95 46.5707
      vertex -0.837322 23.95 46.654
    endloop
  endfacet
  facet normal 0.970033 0 -0.242974
    outer loop
      vertex -0.858187 23.95 46.5707
      vertex -0.837322 20.95 46.654
      vertex -0.858187 20.95 46.5707
    endloop
  endfacet
  facet normal 0.94148 0 -0.337069
    outer loop
      vertex -0.808394 20.95 46.7348
      vertex -0.837322 23.95 46.654
      vertex -0.808394 23.95 46.7348
    endloop
  endfacet
  facet normal 0.94148 0 -0.337069
    outer loop
      vertex -0.837322 23.95 46.654
      vertex -0.808394 20.95 46.7348
      vertex -0.837322 20.95 46.654
    endloop
  endfacet
  facet normal 0.243371 0 -0.969933
    outer loop
      vertex -0.253999 20.95 47.2373
      vertex -0.170704 23.95 47.2582
      vertex -0.170704 20.95 47.2582
    endloop
  endfacet
  facet normal 0.243371 0 -0.969933
    outer loop
      vertex -0.170704 23.95 47.2582
      vertex -0.253999 20.95 47.2373
      vertex -0.253999 23.95 47.2373
    endloop
  endfacet
  facet normal 0.740822 0 -0.671702
    outer loop
      vertex -0.618718 20.95 47.0187
      vertex -0.676384 23.95 46.9551
      vertex -0.618718 23.95 47.0187
    endloop
  endfacet
  facet normal 0.740822 0 -0.671702
    outer loop
      vertex -0.676384 23.95 46.9551
      vertex -0.618718 20.95 47.0187
      vertex -0.676384 20.95 46.9551
    endloop
  endfacet
  facet normal 0.67178 0 -0.740751
    outer loop
      vertex -0.618718 20.95 47.0187
      vertex -0.555094 23.95 47.0764
      vertex -0.555094 20.95 47.0764
    endloop
  endfacet
  facet normal 0.67178 0 -0.740751
    outer loop
      vertex -0.555094 23.95 47.0764
      vertex -0.618718 20.95 47.0187
      vertex -0.618718 23.95 47.0187
    endloop
  endfacet
  facet normal -0.427423 0 -0.904052
    outer loop
      vertex 0.334847 20.95 47.2084
      vertex 0.412472 23.95 47.1717
      vertex 0.412472 20.95 47.1717
    endloop
  endfacet
  facet normal -0.427423 0 -0.904052
    outer loop
      vertex 0.412472 23.95 47.1717
      vertex 0.334847 20.95 47.2084
      vertex 0.334847 23.95 47.2084
    endloop
  endfacet
  facet normal -0.803335 0 -0.595527
    outer loop
      vertex 0.727535 20.95 46.8861
      vertex 0.676384 23.95 46.9551
      vertex 0.727535 23.95 46.8861
    endloop
  endfacet
  facet normal -0.803335 -0 -0.595527
    outer loop
      vertex 0.676384 23.95 46.9551
      vertex 0.727535 20.95 46.8861
      vertex 0.676384 20.95 46.9551
    endloop
  endfacet
  facet normal -0.67178 0 0.740751
    outer loop
      vertex 0.555094 23.95 44.7236
      vertex 0.618718 20.95 44.7813
      vertex 0.618718 23.95 44.7813
    endloop
  endfacet
  facet normal -0.67178 0 0.740751
    outer loop
      vertex 0.618718 20.95 44.7813
      vertex 0.555094 23.95 44.7236
      vertex 0.555094 20.95 44.7236
    endloop
  endfacet
  facet normal -0.427423 0 0.904052
    outer loop
      vertex 0.334847 23.95 44.5916
      vertex 0.412472 20.95 44.6283
      vertex 0.412472 23.95 44.6283
    endloop
  endfacet
  facet normal -0.427423 0 0.904052
    outer loop
      vertex 0.412472 20.95 44.6283
      vertex 0.334847 23.95 44.5916
      vertex 0.334847 20.95 44.5916
    endloop
  endfacet
  facet normal -0.803335 0 0.595527
    outer loop
      vertex 0.676384 20.95 44.8449
      vertex 0.727535 23.95 44.9139
      vertex 0.676384 23.95 44.8449
    endloop
  endfacet
  facet normal -0.803335 0 0.595527
    outer loop
      vertex 0.727535 23.95 44.9139
      vertex 0.676384 20.95 44.8449
      vertex 0.727535 20.95 44.9139
    endloop
  endfacet
  facet normal -0.740822 0 0.671702
    outer loop
      vertex 0.618718 20.95 44.7813
      vertex 0.676384 23.95 44.8449
      vertex 0.618718 23.95 44.7813
    endloop
  endfacet
  facet normal -0.740822 0 0.671702
    outer loop
      vertex 0.676384 23.95 44.8449
      vertex 0.618718 20.95 44.7813
      vertex 0.676384 20.95 44.8449
    endloop
  endfacet
  facet normal -0.146736 0 0.989176
    outer loop
      vertex 0.0857649 23.95 44.5292
      vertex 0.170704 20.95 44.5418
      vertex 0.170704 23.95 44.5418
    endloop
  endfacet
  facet normal -0.146736 0 0.989176
    outer loop
      vertex 0.170704 20.95 44.5418
      vertex 0.0857649 23.95 44.5292
      vertex 0.0857649 20.95 44.5292
    endloop
  endfacet
  facet normal 0 0 -1
    outer loop
      vertex -6.7 20.95 44.1
      vertex 6.7 23.95 44.1
      vertex 6.7 20.95 44.1
    endloop
  endfacet
  facet normal -0 0 -1
    outer loop
      vertex 6.7 23.95 44.1
      vertex -6.7 20.95 44.1
      vertex -6.7 23.95 44.1
    endloop
  endfacet
  facet normal -0 0 1
    outer loop
      vertex -6.7 23.95 19.9
      vertex 6.7 20.95 19.9
      vertex 6.7 23.95 19.9
    endloop
  endfacet
  facet normal 0 0 1
    outer loop
      vertex 6.7 20.95 19.9
      vertex -6.7 23.95 19.9
      vertex -6.7 20.95 19.9
    endloop
  endfacet
  facet normal -1 0 0
    outer loop
      vertex 6.7 20.95 19.9
      vertex 6.7 23.95 44.1
      vertex 6.7 23.95 19.9
    endloop
  endfacet
  facet normal -1 -0 0
    outer loop
      vertex 6.7 23.95 44.1
      vertex 6.7 20.95 19.9
      vertex 6.7 20.95 44.1
    endloop
  endfacet
  facet normal 1 -0 0
    outer loop
      vertex -6.7 20.95 44.1
      vertex -6.7 23.95 19.9
      vertex -6.7 23.95 44.1
    endloop
  endfacet
  facet normal 1 0 0
    outer loop
      vertex -6.7 23.95 19.9
      vertex -6.7 20.95 44.1
      vertex -6.7 20.95 19.9
    endloop
  endfacet
  facet normal -0.500011 -0.866019 0
    outer loop
      vertex 11.3072 21.1846 0
      vertex 12.6928 20.3846 1.75
      vertex 11.3072 21.1846 1.75
    endloop
  endfacet
  facet normal -0.500011 -0.866019 -0
    outer loop
      vertex 12.6928 20.3846 1.75
      vertex 11.3072 21.1846 0
      vertex 12.6928 20.3846 0
    endloop
  endfacet
  facet normal 0 0 -1
    outer loop
      vertex 10.6928 16.9205 1.75
      vertex 11.3072 21.1846 1.75
      vertex 12.6928 20.3846 1.75
    endloop
  endfacet
  facet normal 0 0 -1
    outer loop
      vertex 11.3072 21.1846 1.75
      vertex 10.6928 16.9205 1.75
      vertex 9.30718 17.7205 1.75
    endloop
  endfacet
  facet normal 0.866023 -0.500004 0
    outer loop
      vertex 9.30718 17.7205 1.75
      vertex 11.3072 21.1846 0
      vertex 11.3072 21.1846 1.75
    endloop
  endfacet
  facet normal 0.866023 -0.500004 0
    outer loop
      vertex 11.3072 21.1846 0
      vertex 9.30718 17.7205 1.75
      vertex 9.30718 17.7205 0
    endloop
  endfacet
  facet normal 0.500006 0.866022 -0
    outer loop
      vertex 10.6928 16.9205 0
      vertex 9.30718 17.7205 1.75
      vertex 10.6928 16.9205 1.75
    endloop
  endfacet
  facet normal 0.500006 0.866022 0
    outer loop
      vertex 9.30718 17.7205 1.75
      vertex 10.6928 16.9205 0
      vertex 9.30718 17.7205 0
    endloop
  endfacet
  facet normal -0.866025 0.5 0
    outer loop
      vertex 10.6928 16.9205 0
      vertex 12.6928 20.3846 1.75
      vertex 12.6928 20.3846 0
    endloop
  endfacet
  facet normal -0.866025 0.5 0
    outer loop
      vertex 12.6928 20.3846 1.75
      vertex 10.6928 16.9205 0
      vertex 10.6928 16.9205 1.75
    endloop
  endfacet
  facet normal 0 0 -1
    outer loop
      vertex -10.6928 16.9205 1.75
      vertex -11.3072 21.1846 1.75
      vertex -9.30718 17.7205 1.75
    endloop
  endfacet
  facet normal 0 -0 -1
    outer loop
      vertex -11.3072 21.1846 1.75
      vertex -10.6928 16.9205 1.75
      vertex -12.6928 20.3846 1.75
    endloop
  endfacet
  facet normal 0.500011 -0.866019 0
    outer loop
      vertex -12.6928 20.3846 0
      vertex -11.3072 21.1846 1.75
      vertex -12.6928 20.3846 1.75
    endloop
  endfacet
  facet normal 0.500011 -0.866019 0
    outer loop
      vertex -11.3072 21.1846 1.75
      vertex -12.6928 20.3846 0
      vertex -11.3072 21.1846 0
    endloop
  endfacet
  facet normal -0.866023 -0.500004 0
    outer loop
      vertex -9.30718 17.7205 0
      vertex -11.3072 21.1846 1.75
      vertex -11.3072 21.1846 0
    endloop
  endfacet
  facet normal -0.866023 -0.500004 0
    outer loop
      vertex -11.3072 21.1846 1.75
      vertex -9.30718 17.7205 0
      vertex -9.30718 17.7205 1.75
    endloop
  endfacet
  facet normal -0.500006 0.866022 0
    outer loop
      vertex -9.30718 17.7205 0
      vertex -10.6928 16.9205 1.75
      vertex -9.30718 17.7205 1.75
    endloop
  endfacet
  facet normal -0.500006 0.866022 0
    outer loop
      vertex -10.6928 16.9205 1.75
      vertex -9.30718 17.7205 0
      vertex -10.6928 16.9205 0
    endloop
  endfacet
  facet normal 0.866025 0.5 0
    outer loop
      vertex -10.6928 16.9205 1.75
      vertex -12.6928 20.3846 0
      vertex -12.6928 20.3846 1.75
    endloop
  endfacet
  facet normal 0.866025 0.5 0
    outer loop
      vertex -12.6928 20.3846 0
      vertex -10.6928 16.9205 1.75
      vertex -10.6928 16.9205 0
    endloop
  endfacet
  facet normal 0 0 -1
    outer loop
      vertex -11.3072 -21.1846 1.75
      vertex -10.6928 -16.9205 1.75
      vertex -9.30718 -17.7205 1.75
    endloop
  endfacet
  facet normal 0 0 -1
    outer loop
      vertex -10.6928 -16.9205 1.75
      vertex -11.3072 -21.1846 1.75
      vertex -12.6928 -20.3846 1.75
    endloop
  endfacet
  facet normal -0.500006 -0.866022 0
    outer loop
      vertex -10.6928 -16.9205 0
      vertex -9.30718 -17.7205 1.75
      vertex -10.6928 -16.9205 1.75
    endloop
  endfacet
  facet normal -0.500006 -0.866022 -0
    outer loop
      vertex -9.30718 -17.7205 1.75
      vertex -10.6928 -16.9205 0
      vertex -9.30718 -17.7205 0
    endloop
  endfacet
  facet normal 0.500011 0.866019 -0
    outer loop
      vertex -11.3072 -21.1846 0
      vertex -12.6928 -20.3846 1.75
      vertex -11.3072 -21.1846 1.75
    endloop
  endfacet
  facet normal 0.500011 0.866019 0
    outer loop
      vertex -12.6928 -20.3846 1.75
      vertex -11.3072 -21.1846 0
      vertex -12.6928 -20.3846 0
    endloop
  endfacet
  facet normal 0.866025 -0.5 0
    outer loop
      vertex -12.6928 -20.3846 1.75
      vertex -10.6928 -16.9205 0
      vertex -10.6928 -16.9205 1.75
    endloop
  endfacet
  facet normal 0.866025 -0.5 0
    outer loop
      vertex -10.6928 -16.9205 0
      vertex -12.6928 -20.3846 1.75
      vertex -12.6928 -20.3846 0
    endloop
  endfacet
  facet normal -0.866023 0.500004 0
    outer loop
      vertex -11.3072 -21.1846 0
      vertex -9.30718 -17.7205 1.75
      vertex -9.30718 -17.7205 0
    endloop
  endfacet
  facet normal -0.866023 0.500004 0
    outer loop
      vertex -9.30718 -17.7205 1.75
      vertex -11.3072 -21.1846 0
      vertex -11.3072 -21.1846 1.75
    endloop
  endfacet
  facet normal 0.500006 -0.866022 0
    outer loop
      vertex 9.30718 -17.7205 0
      vertex 10.6928 -16.9205 1.75
      vertex 9.30718 -17.7205 1.75
    endloop
  endfacet
  facet normal 0.500006 -0.866022 0
    outer loop
      vertex 10.6928 -16.9205 1.75
      vertex 9.30718 -17.7205 0
      vertex 10.6928 -16.9205 0
    endloop
  endfacet
  facet normal 0 0 -1
    outer loop
      vertex 11.3072 -21.1846 1.75
      vertex 10.6928 -16.9205 1.75
      vertex 12.6928 -20.3846 1.75
    endloop
  endfacet
  facet normal 0 -0 -1
    outer loop
      vertex 10.6928 -16.9205 1.75
      vertex 11.3072 -21.1846 1.75
      vertex 9.30718 -17.7205 1.75
    endloop
  endfacet
  facet normal -0.500011 0.866019 0
    outer loop
      vertex 12.6928 -20.3846 0
      vertex 11.3072 -21.1846 1.75
      vertex 12.6928 -20.3846 1.75
    endloop
  endfacet
  facet normal -0.500011 0.866019 0
    outer loop
      vertex 11.3072 -21.1846 1.75
      vertex 12.6928 -20.3846 0
      vertex 11.3072 -21.1846 0
    endloop
  endfacet
  facet normal 0.866023 0.500004 0
    outer loop
      vertex 11.3072 -21.1846 1.75
      vertex 9.30718 -17.7205 0
      vertex 9.30718 -17.7205 1.75
    endloop
  endfacet
  facet normal 0.866023 0.500004 0
    outer loop
      vertex 9.30718 -17.7205 0
      vertex 11.3072 -21.1846 1.75
      vertex 11.3072 -21.1846 0
    endloop
  endfacet
  facet normal -0.866025 -0.5 0
    outer loop
      vertex 12.6928 -20.3846 0
      vertex 10.6928 -16.9205 1.75
      vertex 10.6928 -16.9205 0
    endloop
  endfacet
  facet normal -0.866025 -0.5 0
    outer loop
      vertex 10.6928 -16.9205 1.75
      vertex 12.6928 -20.3846 0
      vertex 12.6928 -20.3846 1.75
    endloop
  endfacet
  facet normal -0.782309 -0.0384612 0.621701
    outer loop
      vertex 2.30795 0 2.01
      vertex 3.49198 0.00149287 3.5
      vertex 2.29694 0.223946 2.01
    endloop
  endfacet
  facet normal -0.782363 -0.0366846 0.621742
    outer loop
      vertex 3.49198 0.00149287 3.5
      vertex 2.30795 0 2.01
      vertex 3.49205 0 3.5
    endloop
  endfacet
  facet normal 0.782363 0.0366846 0.621742
    outer loop
      vertex -3.49198 -0.00149287 3.5
      vertex -2.30795 0 2.01
      vertex -3.49205 0 3.5
    endloop
  endfacet
  facet normal 0.782309 0.0384612 0.621701
    outer loop
      vertex -2.30795 0 2.01
      vertex -3.49198 -0.00149287 3.5
      vertex -2.29694 -0.223946 2.01
    endloop
  endfacet
  facet normal 0.0384612 -0.782309 0.621701
    outer loop
      vertex 0 2.30795 2.01
      vertex -0.00149287 3.49198 3.5
      vertex -0.223946 2.29694 2.01
    endloop
  endfacet
  facet normal 0.0366846 -0.782363 0.621742
    outer loop
      vertex -0.00149287 3.49198 3.5
      vertex 0 2.30795 2.01
      vertex 0 3.49205 3.5
    endloop
  endfacet
  facet normal -0.782346 0.0378777 0.621691
    outer loop
      vertex 3.47524 -0.342281 3.5
      vertex 2.29694 -0.223946 2.01
      vertex 2.29683 -0.226218 2.01
    endloop
  endfacet
  facet normal -0.782308 0.0384281 0.621705
    outer loop
      vertex 2.29694 -0.223946 2.01
      vertex 3.47524 -0.342281 3.5
      vertex 3.49198 -0.00149287 3.5
    endloop
  endfacet
  facet normal -0.0384612 0.782309 0.621701
    outer loop
      vertex 0 -2.30795 2.01
      vertex 0.00149287 -3.49198 3.5
      vertex 0.223946 -2.29694 2.01
    endloop
  endfacet
  facet normal -0.0366846 0.782363 0.621742
    outer loop
      vertex 0.00149287 -3.49198 3.5
      vertex 0 -2.30795 2.01
      vertex 0 -3.49205 3.5
    endloop
  endfacet
  facet normal 0.782346 -0.0378777 0.621691
    outer loop
      vertex -3.47524 0.342281 3.5
      vertex -2.29694 0.223946 2.01
      vertex -2.29683 0.226218 2.01
    endloop
  endfacet
  facet normal 0.782308 -0.0384281 0.621705
    outer loop
      vertex -2.29694 0.223946 2.01
      vertex -3.47524 0.342281 3.5
      vertex -3.49198 0.00149287 3.5
    endloop
  endfacet
  facet normal -0.774845 0.113644 0.621852
    outer loop
      vertex 2.2636 -0.450258 2.01
      vertex 3.47502 -0.343759 3.5
      vertex 2.26393 -0.448008 2.01
    endloop
  endfacet
  facet normal -0.774774 0.11494 0.621702
    outer loop
      vertex 3.47502 -0.343759 3.5
      vertex 2.2636 -0.450258 2.01
      vertex 3.42495 -0.681265 3.5
    endloop
  endfacet
  facet normal 0.526015 0.580335 0.621707
    outer loop
      vertex -1.63196 -1.63196 2.01
      vertex -2.46815 -2.47026 3.5
      vertex -1.46583 -1.78254 2.01
    endloop
  endfacet
  facet normal 0.529677 0.576876 0.621816
    outer loop
      vertex -2.46815 -2.47026 3.5
      vertex -1.63196 -1.63196 2.01
      vertex -2.46925 -2.46925 3.5
    endloop
  endfacet
  facet normal 0.737176 0.264998 0.621568
    outer loop
      vertex -3.34118 -1.0151 3.5
      vertex -2.13226 -0.883213 2.01
      vertex -2.13303 -0.881071 2.01
    endloop
  endfacet
  facet normal 0.737469 0.263859 0.621705
    outer loop
      vertex -2.13226 -0.883213 2.01
      vertex -3.34118 -1.0151 3.5
      vertex -3.22624 -1.33635 3.5
    endloop
  endfacet
  facet normal 0.774774 -0.11494 0.621702
    outer loop
      vertex -3.47502 0.343759 3.5
      vertex -2.2636 0.450258 2.01
      vertex -3.42495 0.681265 3.5
    endloop
  endfacet
  facet normal 0.774845 -0.113644 0.621852
    outer loop
      vertex -2.2636 0.450258 2.01
      vertex -3.47502 0.343759 3.5
      vertex -2.26393 0.448008 2.01
    endloop
  endfacet
  facet normal -0.525985 -0.580367 0.621702
    outer loop
      vertex 2.21533 2.69939 3.5
      vertex 1.46583 1.78254 2.01
      vertex 2.46815 2.47026 3.5
    endloop
  endfacet
  facet normal -0.527414 -0.579121 0.621654
    outer loop
      vertex 1.46583 1.78254 2.01
      vertex 2.21533 2.69939 3.5
      vertex 1.46415 1.78407 2.01
    endloop
  endfacet
  facet normal -0.759784 -0.190305 0.621701
    outer loop
      vertex 2.26305 0.452464 2.01
      vertex 3.42495 0.681265 3.5
      vertex 3.34205 1.01224 3.5
    endloop
  endfacet
  facet normal -0.759974 -0.189477 0.621722
    outer loop
      vertex 3.42495 0.681265 3.5
      vertex 2.26305 0.452464 2.01
      vertex 2.2636 0.450258 2.01
    endloop
  endfacet
  facet normal -0.580335 0.526015 0.621707
    outer loop
      vertex 1.63196 -1.63196 2.01
      vertex 2.47026 -2.46815 3.5
      vertex 1.78254 -1.46583 2.01
    endloop
  endfacet
  facet normal -0.576876 0.529677 0.621816
    outer loop
      vertex 2.47026 -2.46815 3.5
      vertex 1.63196 -1.63196 2.01
      vertex 2.46925 -2.46925 3.5
    endloop
  endfacet
  facet normal 0.402984 0.67164 0.621694
    outer loop
      vertex -1.08991 -2.03426 2.01
      vertex -1.64614 -3.07972 3.5
      vertex -1.08796 -2.03543 2.01
    endloop
  endfacet
  facet normal 0.402683 0.671812 0.621703
    outer loop
      vertex -1.64614 -3.07972 3.5
      vertex -1.08991 -2.03426 2.01
      vertex -1.9388 -2.9043 3.5
    endloop
  endfacet
  facet normal 0.576876 -0.529677 0.621816
    outer loop
      vertex -2.47026 2.46815 3.5
      vertex -1.63196 1.63196 2.01
      vertex -2.46925 2.46925 3.5
    endloop
  endfacet
  facet normal 0.580335 -0.526015 0.621707
    outer loop
      vertex -1.63196 1.63196 2.01
      vertex -2.47026 2.46815 3.5
      vertex -1.78254 1.46583 2.01
    endloop
  endfacet
  facet normal 0.334881 -0.708052 0.621705
    outer loop
      vertex -0.885269 2.13129 2.01
      vertex -1.33635 3.22624 3.5
      vertex -1.64479 3.08036 3.5
    endloop
  endfacet
  facet normal 0.334197 -0.708359 0.621723
    outer loop
      vertex -1.33635 3.22624 3.5
      vertex -0.885269 2.13129 2.01
      vertex -0.883213 2.13226 2.01
    endloop
  endfacet
  facet normal -0.0384281 -0.782308 0.621705
    outer loop
      vertex 0.223946 2.29694 2.01
      vertex 0.342281 3.47524 3.5
      vertex 0.00149287 3.49198 3.5
    endloop
  endfacet
  facet normal -0.0378777 -0.782346 0.621691
    outer loop
      vertex 0.342281 3.47524 3.5
      vertex 0.223946 2.29694 2.01
      vertex 0.226218 2.29683 2.01
    endloop
  endfacet
  facet normal -0.113644 -0.774845 0.621852
    outer loop
      vertex 0.450258 2.2636 2.01
      vertex 0.343759 3.47502 3.5
      vertex 0.448008 2.26393 2.01
    endloop
  endfacet
  facet normal -0.11494 -0.774774 0.621702
    outer loop
      vertex 0.343759 3.47502 3.5
      vertex 0.450258 2.2636 2.01
      vertex 0.681265 3.42495 3.5
    endloop
  endfacet
  facet normal -0.529677 -0.576876 0.621816
    outer loop
      vertex 2.46815 2.47026 3.5
      vertex 1.63196 1.63196 2.01
      vertex 2.46925 2.46925 3.5
    endloop
  endfacet
  facet normal -0.526015 -0.580335 0.621707
    outer loop
      vertex 1.63196 1.63196 2.01
      vertex 2.46815 2.47026 3.5
      vertex 1.46583 1.78254 2.01
    endloop
  endfacet
  facet normal -0.737469 -0.263859 0.621705
    outer loop
      vertex 2.13226 0.883213 2.01
      vertex 3.34118 1.0151 3.5
      vertex 3.22624 1.33635 3.5
    endloop
  endfacet
  facet normal -0.737176 -0.264998 0.621568
    outer loop
      vertex 3.34118 1.0151 3.5
      vertex 2.13226 0.883213 2.01
      vertex 2.13303 0.881071 2.01
    endloop
  endfacet
  facet normal -0.782346 -0.0378777 0.621691
    outer loop
      vertex 2.29694 0.223946 2.01
      vertex 3.47524 0.342281 3.5
      vertex 2.29683 0.226218 2.01
    endloop
  endfacet
  facet normal -0.782308 -0.0384281 0.621705
    outer loop
      vertex 3.47524 0.342281 3.5
      vertex 2.29694 0.223946 2.01
      vertex 3.49198 0.00149287 3.5
    endloop
  endfacet
  facet normal -0.737176 0.264998 0.621568
    outer loop
      vertex 2.13226 -0.883213 2.01
      vertex 3.34118 -1.0151 3.5
      vertex 2.13303 -0.881071 2.01
    endloop
  endfacet
  facet normal -0.737469 0.263859 0.621705
    outer loop
      vertex 3.34118 -1.0151 3.5
      vertex 2.13226 -0.883213 2.01
      vertex 3.22624 -1.33635 3.5
    endloop
  endfacet
  facet normal -0.774724 0.115317 0.621695
    outer loop
      vertex 2.29683 -0.226218 2.01
      vertex 3.47502 -0.343759 3.5
      vertex 3.47524 -0.342281 3.5
    endloop
  endfacet
  facet normal -0.774774 0.114929 0.621705
    outer loop
      vertex 3.47502 -0.343759 3.5
      vertex 2.29683 -0.226218 2.01
      vertex 2.26393 -0.448008 2.01
    endloop
  endfacet
  facet normal -0.11494 0.774774 0.621702
    outer loop
      vertex 0.450258 -2.2636 2.01
      vertex 0.343759 -3.47502 3.5
      vertex 0.681265 -3.42495 3.5
    endloop
  endfacet
  facet normal -0.113644 0.774845 0.621852
    outer loop
      vertex 0.343759 -3.47502 3.5
      vertex 0.450258 -2.2636 2.01
      vertex 0.448008 -2.26393 2.01
    endloop
  endfacet
  facet normal 0.774845 0.113644 0.621852
    outer loop
      vertex -3.47502 -0.343759 3.5
      vertex -2.2636 -0.450258 2.01
      vertex -2.26393 -0.448008 2.01
    endloop
  endfacet
  facet normal 0.774774 0.11494 0.621702
    outer loop
      vertex -2.2636 -0.450258 2.01
      vertex -3.47502 -0.343759 3.5
      vertex -3.42495 -0.681265 3.5
    endloop
  endfacet
  facet normal 0.579121 0.527414 0.621654
    outer loop
      vertex -2.69939 -2.21533 3.5
      vertex -1.78254 -1.46583 2.01
      vertex -1.78407 -1.46415 2.01
    endloop
  endfacet
  facet normal 0.580367 0.525985 0.621702
    outer loop
      vertex -1.78254 -1.46583 2.01
      vertex -2.69939 -2.21533 3.5
      vertex -2.47026 -2.46815 3.5
    endloop
  endfacet
  facet normal 0.629105 0.466598 0.621702
    outer loop
      vertex -2.90354 -1.94008 3.5
      vertex -1.78542 -1.46232 2.01
      vertex -1.91899 -1.28223 2.01
    endloop
  endfacet
  facet normal 0.62911 0.46659 0.621703
    outer loop
      vertex -1.78542 -1.46232 2.01
      vertex -2.90354 -1.94008 3.5
      vertex -2.90265 -1.94128 3.5
    endloop
  endfacet
  facet normal 0.189477 0.759974 0.621722
    outer loop
      vertex -0.452464 -2.26305 2.01
      vertex -0.681265 -3.42495 3.5
      vertex -0.450258 -2.2636 2.01
    endloop
  endfacet
  facet normal 0.190305 0.759784 0.621701
    outer loop
      vertex -0.681265 -3.42495 3.5
      vertex -0.452464 -2.26305 2.01
      vertex -1.01224 -3.34205 3.5
    endloop
  endfacet
  facet normal 0.466598 0.629105 0.621702
    outer loop
      vertex -1.46232 -1.78542 2.01
      vertex -1.94008 -2.90354 3.5
      vertex -1.28223 -1.91899 2.01
    endloop
  endfacet
  facet normal 0.46659 0.62911 0.621703
    outer loop
      vertex -1.94008 -2.90354 3.5
      vertex -1.46232 -1.78542 2.01
      vertex -1.94128 -2.90265 3.5
    endloop
  endfacet
  facet normal 0.737469 -0.263859 0.621705
    outer loop
      vertex -3.34118 1.0151 3.5
      vertex -2.13226 0.883213 2.01
      vertex -3.22624 1.33635 3.5
    endloop
  endfacet
  facet normal 0.737176 -0.264998 0.621568
    outer loop
      vertex -2.13226 0.883213 2.01
      vertex -3.34118 1.0151 3.5
      vertex -2.13303 0.881071 2.01
    endloop
  endfacet
  facet normal 0.774752 -0.115322 0.621659
    outer loop
      vertex -3.47524 0.342281 3.5
      vertex -2.26393 0.448008 2.01
      vertex -3.47502 0.343759 3.5
    endloop
  endfacet
  facet normal 0.774774 -0.114929 0.621705
    outer loop
      vertex -2.26393 0.448008 2.01
      vertex -3.47524 0.342281 3.5
      vertex -2.29683 0.226218 2.01
    endloop
  endfacet
  facet normal 0.527414 -0.579121 0.621654
    outer loop
      vertex -2.21533 2.69939 3.5
      vertex -1.46583 1.78254 2.01
      vertex -1.46415 1.78407 2.01
    endloop
  endfacet
  facet normal 0.525985 -0.580367 0.621702
    outer loop
      vertex -1.46583 1.78254 2.01
      vertex -2.21533 2.69939 3.5
      vertex -2.46815 2.47026 3.5
    endloop
  endfacet
  facet normal 0.46659 -0.62911 0.621703
    outer loop
      vertex -1.46232 1.78542 2.01
      vertex -1.94008 2.90354 3.5
      vertex -1.94128 2.90265 3.5
    endloop
  endfacet
  facet normal 0.466598 -0.629105 0.621702
    outer loop
      vertex -1.94008 2.90354 3.5
      vertex -1.46232 1.78542 2.01
      vertex -1.28223 1.91899 2.01
    endloop
  endfacet
  facet normal 0.263859 -0.737469 0.621705
    outer loop
      vertex -0.883213 2.13226 2.01
      vertex -1.0151 3.34118 3.5
      vertex -1.33635 3.22624 3.5
    endloop
  endfacet
  facet normal 0.264998 -0.737176 0.621568
    outer loop
      vertex -1.0151 3.34118 3.5
      vertex -0.883213 2.13226 2.01
      vertex -0.881071 2.13303 2.01
    endloop
  endfacet
  facet normal 0.190305 -0.759784 0.621701
    outer loop
      vertex -0.452464 2.26305 2.01
      vertex -0.681265 3.42495 3.5
      vertex -1.01224 3.34205 3.5
    endloop
  endfacet
  facet normal 0.189477 -0.759974 0.621722
    outer loop
      vertex -0.681265 3.42495 3.5
      vertex -0.452464 2.26305 2.01
      vertex -0.450258 2.2636 2.01
    endloop
  endfacet
  facet normal -0.264998 -0.737176 0.621568
    outer loop
      vertex 0.883213 2.13226 2.01
      vertex 1.0151 3.34118 3.5
      vertex 0.881071 2.13303 2.01
    endloop
  endfacet
  facet normal -0.263859 -0.737469 0.621705
    outer loop
      vertex 1.0151 3.34118 3.5
      vertex 0.883213 2.13226 2.01
      vertex 1.33635 3.22624 3.5
    endloop
  endfacet
  facet normal -0.115317 -0.774724 0.621695
    outer loop
      vertex 0.226218 2.29683 2.01
      vertex 0.343759 3.47502 3.5
      vertex 0.342281 3.47524 3.5
    endloop
  endfacet
  facet normal -0.114929 -0.774774 0.621705
    outer loop
      vertex 0.343759 3.47502 3.5
      vertex 0.226218 2.29683 2.01
      vertex 0.448008 2.26393 2.01
    endloop
  endfacet
  facet normal -0.263881 -0.737463 0.621703
    outer loop
      vertex 0.881071 2.13303 2.01
      vertex 1.01369 3.34169 3.5
      vertex 0.669961 2.20857 2.01
    endloop
  endfacet
  facet normal -0.266498 -0.736788 0.621388
    outer loop
      vertex 1.01369 3.34169 3.5
      vertex 0.881071 2.13303 2.01
      vertex 1.0151 3.34118 3.5
    endloop
  endfacet
  facet normal -0.580367 -0.525985 0.621702
    outer loop
      vertex 1.78254 1.46583 2.01
      vertex 2.69939 2.21533 3.5
      vertex 2.47026 2.46815 3.5
    endloop
  endfacet
  facet normal -0.579121 -0.527414 0.621654
    outer loop
      vertex 2.69939 2.21533 3.5
      vertex 1.78254 1.46583 2.01
      vertex 1.78407 1.46415 2.01
    endloop
  endfacet
  facet normal -0.62911 -0.46659 0.621703
    outer loop
      vertex 1.78542 1.46232 2.01
      vertex 2.90354 1.94008 3.5
      vertex 2.90265 1.94128 3.5
    endloop
  endfacet
  facet normal -0.629105 -0.466598 0.621702
    outer loop
      vertex 2.90354 1.94008 3.5
      vertex 1.78542 1.46232 2.01
      vertex 1.91899 1.28223 2.01
    endloop
  endfacet
  facet normal -0.629105 -0.4666 0.6217
    outer loop
      vertex 1.78407 1.46415 2.01
      vertex 2.90265 1.94128 3.5
      vertex 2.69939 2.21533 3.5
    endloop
  endfacet
  facet normal -0.630155 -0.464869 0.621934
    outer loop
      vertex 2.90265 1.94128 3.5
      vertex 1.78407 1.46415 2.01
      vertex 1.78542 1.46232 2.01
    endloop
  endfacet
  facet normal -0.707737 -0.33552 0.62172
    outer loop
      vertex 2.03543 1.08796 2.01
      vertex 3.08036 1.64479 3.5
      vertex 3.07972 1.64614 3.5
    endloop
  endfacet
  facet normal -0.70806 -0.334868 0.621703
    outer loop
      vertex 3.08036 1.64479 3.5
      vertex 2.03543 1.08796 2.01
      vertex 2.13129 0.885269 2.01
    endloop
  endfacet
  facet normal -0.760205 -0.188741 0.621664
    outer loop
      vertex 2.20857 0.669961 2.01
      vertex 3.34205 1.01224 3.5
      vertex 3.34169 1.01369 3.5
    endloop
  endfacet
  facet normal -0.759781 -0.190315 0.621702
    outer loop
      vertex 3.34205 1.01224 3.5
      vertex 2.20857 0.669961 2.01
      vertex 2.26305 0.452464 2.01
    endloop
  endfacet
  facet normal -0.736788 -0.266498 0.621388
    outer loop
      vertex 2.13303 0.881071 2.01
      vertex 3.34169 1.01369 3.5
      vertex 3.34118 1.0151 3.5
    endloop
  endfacet
  facet normal -0.737463 -0.263881 0.621703
    outer loop
      vertex 3.34169 1.01369 3.5
      vertex 2.13303 0.881071 2.01
      vertex 2.20857 0.669961 2.01
    endloop
  endfacet
  facet normal -0.774845 -0.113644 0.621852
    outer loop
      vertex 3.47502 0.343759 3.5
      vertex 2.2636 0.450258 2.01
      vertex 2.26393 0.448008 2.01
    endloop
  endfacet
  facet normal -0.774774 -0.11494 0.621702
    outer loop
      vertex 2.2636 0.450258 2.01
      vertex 3.47502 0.343759 3.5
      vertex 3.42495 0.681265 3.5
    endloop
  endfacet
  facet normal -0.774752 -0.115322 0.621659
    outer loop
      vertex 2.26393 0.448008 2.01
      vertex 3.47524 0.342281 3.5
      vertex 3.47502 0.343759 3.5
    endloop
  endfacet
  facet normal -0.774774 -0.114929 0.621705
    outer loop
      vertex 3.47524 0.342281 3.5
      vertex 2.26393 0.448008 2.01
      vertex 2.29683 0.226218 2.01
    endloop
  endfacet
  facet normal -0.782363 0.0366846 0.621742
    outer loop
      vertex 2.30795 0 2.01
      vertex 3.49198 -0.00149287 3.5
      vertex 3.49205 0 3.5
    endloop
  endfacet
  facet normal -0.782309 0.0384612 0.621701
    outer loop
      vertex 3.49198 -0.00149287 3.5
      vertex 2.30795 0 2.01
      vertex 2.29694 -0.223946 2.01
    endloop
  endfacet
  facet normal -0.759974 0.189477 0.621722
    outer loop
      vertex 2.26305 -0.452464 2.01
      vertex 3.42495 -0.681265 3.5
      vertex 2.2636 -0.450258 2.01
    endloop
  endfacet
  facet normal -0.759784 0.190305 0.621701
    outer loop
      vertex 3.42495 -0.681265 3.5
      vertex 2.26305 -0.452464 2.01
      vertex 3.34205 -1.01224 3.5
    endloop
  endfacet
  facet normal -0.67164 0.402984 0.621694
    outer loop
      vertex 2.03426 -1.08991 2.01
      vertex 3.07972 -1.64614 3.5
      vertex 2.03543 -1.08796 2.01
    endloop
  endfacet
  facet normal -0.671812 0.402683 0.621703
    outer loop
      vertex 3.07972 -1.64614 3.5
      vertex 2.03426 -1.08991 2.01
      vertex 2.9043 -1.9388 3.5
    endloop
  endfacet
  facet normal -0.115322 0.774752 0.621659
    outer loop
      vertex 0.448008 -2.26393 2.01
      vertex 0.342281 -3.47524 3.5
      vertex 0.343759 -3.47502 3.5
    endloop
  endfacet
  facet normal -0.114929 0.774774 0.621705
    outer loop
      vertex 0.342281 -3.47524 3.5
      vertex 0.448008 -2.26393 2.01
      vertex 0.226218 -2.29683 2.01
    endloop
  endfacet
  facet normal -0.0378777 0.782346 0.621691
    outer loop
      vertex 0.223946 -2.29694 2.01
      vertex 0.342281 -3.47524 3.5
      vertex 0.226218 -2.29683 2.01
    endloop
  endfacet
  facet normal -0.0384281 0.782308 0.621705
    outer loop
      vertex 0.342281 -3.47524 3.5
      vertex 0.223946 -2.29694 2.01
      vertex 0.00149287 -3.49198 3.5
    endloop
  endfacet
  facet normal -0.402683 0.671812 0.621703
    outer loop
      vertex 1.08991 -2.03426 2.01
      vertex 1.64614 -3.07972 3.5
      vertex 1.9388 -2.9043 3.5
    endloop
  endfacet
  facet normal -0.402984 0.67164 0.621694
    outer loop
      vertex 1.64614 -3.07972 3.5
      vertex 1.08991 -2.03426 2.01
      vertex 1.08796 -2.03543 2.01
    endloop
  endfacet
  facet normal -0.529677 0.576876 0.621816
    outer loop
      vertex 1.63196 -1.63196 2.01
      vertex 2.46815 -2.47026 3.5
      vertex 2.46925 -2.46925 3.5
    endloop
  endfacet
  facet normal -0.526015 0.580335 0.621707
    outer loop
      vertex 2.46815 -2.47026 3.5
      vertex 1.63196 -1.63196 2.01
      vertex 1.46583 -1.78254 2.01
    endloop
  endfacet
  facet normal -0.33552 0.707737 0.62172
    outer loop
      vertex 1.08796 -2.03543 2.01
      vertex 1.64479 -3.08036 3.5
      vertex 1.64614 -3.07972 3.5
    endloop
  endfacet
  facet normal -0.334868 0.70806 0.621703
    outer loop
      vertex 1.64479 -3.08036 3.5
      vertex 1.08796 -2.03543 2.01
      vertex 0.885269 -2.13129 2.01
    endloop
  endfacet
  facet normal -0.334881 0.708052 0.621705
    outer loop
      vertex 0.885269 -2.13129 2.01
      vertex 1.33635 -3.22624 3.5
      vertex 1.64479 -3.08036 3.5
    endloop
  endfacet
  facet normal -0.334197 0.708359 0.621723
    outer loop
      vertex 1.33635 -3.22624 3.5
      vertex 0.885269 -2.13129 2.01
      vertex 0.883213 -2.13226 2.01
    endloop
  endfacet
  facet normal -0.266498 0.736788 0.621388
    outer loop
      vertex 0.881071 -2.13303 2.01
      vertex 1.01369 -3.34169 3.5
      vertex 1.0151 -3.34118 3.5
    endloop
  endfacet
  facet normal -0.263881 0.737463 0.621703
    outer loop
      vertex 1.01369 -3.34169 3.5
      vertex 0.881071 -2.13303 2.01
      vertex 0.669961 -2.20857 2.01
    endloop
  endfacet
  facet normal -0.263859 0.737469 0.621705
    outer loop
      vertex 0.883213 -2.13226 2.01
      vertex 1.0151 -3.34118 3.5
      vertex 1.33635 -3.22624 3.5
    endloop
  endfacet
  facet normal -0.264998 0.737176 0.621568
    outer loop
      vertex 1.0151 -3.34118 3.5
      vertex 0.883213 -2.13226 2.01
      vertex 0.881071 -2.13303 2.01
    endloop
  endfacet
  facet normal 0.774724 0.115317 0.621695
    outer loop
      vertex -3.47502 -0.343759 3.5
      vertex -2.29683 -0.226218 2.01
      vertex -3.47524 -0.342281 3.5
    endloop
  endfacet
  facet normal 0.774774 0.114929 0.621705
    outer loop
      vertex -2.29683 -0.226218 2.01
      vertex -3.47502 -0.343759 3.5
      vertex -2.26393 -0.448008 2.01
    endloop
  endfacet
  facet normal 0.782308 0.0384281 0.621705
    outer loop
      vertex -3.47524 -0.342281 3.5
      vertex -2.29694 -0.223946 2.01
      vertex -3.49198 -0.00149287 3.5
    endloop
  endfacet
  facet normal 0.782346 0.0378777 0.621691
    outer loop
      vertex -2.29694 -0.223946 2.01
      vertex -3.47524 -0.342281 3.5
      vertex -2.29683 -0.226218 2.01
    endloop
  endfacet
  facet normal 0.630155 0.464869 0.621934
    outer loop
      vertex -2.90265 -1.94128 3.5
      vertex -1.78407 -1.46415 2.01
      vertex -1.78542 -1.46232 2.01
    endloop
  endfacet
  facet normal 0.629105 0.4666 0.6217
    outer loop
      vertex -1.78407 -1.46415 2.01
      vertex -2.90265 -1.94128 3.5
      vertex -2.69939 -2.21533 3.5
    endloop
  endfacet
  facet normal 0.70806 0.334868 0.621703
    outer loop
      vertex -3.08036 -1.64479 3.5
      vertex -2.03543 -1.08796 2.01
      vertex -2.13129 -0.885269 2.01
    endloop
  endfacet
  facet normal 0.707737 0.33552 0.62172
    outer loop
      vertex -2.03543 -1.08796 2.01
      vertex -3.08036 -1.64479 3.5
      vertex -3.07972 -1.64614 3.5
    endloop
  endfacet
  facet normal 0.737463 0.263881 0.621703
    outer loop
      vertex -3.34169 -1.01369 3.5
      vertex -2.13303 -0.881071 2.01
      vertex -2.20857 -0.669961 2.01
    endloop
  endfacet
  facet normal 0.736788 0.266498 0.621388
    outer loop
      vertex -2.13303 -0.881071 2.01
      vertex -3.34169 -1.01369 3.5
      vertex -3.34118 -1.0151 3.5
    endloop
  endfacet
  facet normal 0.464869 0.630155 0.621934
    outer loop
      vertex -1.46415 -1.78407 2.01
      vertex -1.94128 -2.90265 3.5
      vertex -1.46232 -1.78542 2.01
    endloop
  endfacet
  facet normal 0.4666 0.629105 0.6217
    outer loop
      vertex -1.94128 -2.90265 3.5
      vertex -1.46415 -1.78407 2.01
      vertex -2.21533 -2.69939 3.5
    endloop
  endfacet
  facet normal 0.527414 0.579121 0.621654
    outer loop
      vertex -1.46583 -1.78254 2.01
      vertex -2.21533 -2.69939 3.5
      vertex -1.46415 -1.78407 2.01
    endloop
  endfacet
  facet normal 0.525985 0.580367 0.621702
    outer loop
      vertex -2.21533 -2.69939 3.5
      vertex -1.46583 -1.78254 2.01
      vertex -2.46815 -2.47026 3.5
    endloop
  endfacet
  facet normal 0.190315 0.759781 0.621702
    outer loop
      vertex -0.669961 -2.20857 2.01
      vertex -1.01224 -3.34205 3.5
      vertex -0.452464 -2.26305 2.01
    endloop
  endfacet
  facet normal 0.188741 0.760205 0.621664
    outer loop
      vertex -1.01224 -3.34205 3.5
      vertex -0.669961 -2.20857 2.01
      vertex -1.01369 -3.34169 3.5
    endloop
  endfacet
  facet normal 0.113644 0.774845 0.621852
    outer loop
      vertex -0.450258 -2.2636 2.01
      vertex -0.343759 -3.47502 3.5
      vertex -0.448008 -2.26393 2.01
    endloop
  endfacet
  facet normal 0.11494 0.774774 0.621702
    outer loop
      vertex -0.343759 -3.47502 3.5
      vertex -0.450258 -2.2636 2.01
      vertex -0.681265 -3.42495 3.5
    endloop
  endfacet
  facet normal 0.263881 0.737463 0.621703
    outer loop
      vertex -0.881071 -2.13303 2.01
      vertex -1.01369 -3.34169 3.5
      vertex -0.669961 -2.20857 2.01
    endloop
  endfacet
  facet normal 0.266498 0.736788 0.621388
    outer loop
      vertex -1.01369 -3.34169 3.5
      vertex -0.881071 -2.13303 2.01
      vertex -1.0151 -3.34118 3.5
    endloop
  endfacet
  facet normal 0.264998 0.737176 0.621568
    outer loop
      vertex -0.883213 -2.13226 2.01
      vertex -1.0151 -3.34118 3.5
      vertex -0.881071 -2.13303 2.01
    endloop
  endfacet
  facet normal 0.263859 0.737469 0.621705
    outer loop
      vertex -1.0151 -3.34118 3.5
      vertex -0.883213 -2.13226 2.01
      vertex -1.33635 -3.22624 3.5
    endloop
  endfacet
  facet normal 0.334868 0.70806 0.621703
    outer loop
      vertex -1.08796 -2.03543 2.01
      vertex -1.64479 -3.08036 3.5
      vertex -0.885269 -2.13129 2.01
    endloop
  endfacet
  facet normal 0.33552 0.707737 0.62172
    outer loop
      vertex -1.64479 -3.08036 3.5
      vertex -1.08796 -2.03543 2.01
      vertex -1.64614 -3.07972 3.5
    endloop
  endfacet
  facet normal 0.334197 0.708359 0.621723
    outer loop
      vertex -0.885269 -2.13129 2.01
      vertex -1.33635 -3.22624 3.5
      vertex -0.883213 -2.13226 2.01
    endloop
  endfacet
  facet normal 0.334881 0.708052 0.621705
    outer loop
      vertex -1.33635 -3.22624 3.5
      vertex -0.885269 -2.13129 2.01
      vertex -1.64479 -3.08036 3.5
    endloop
  endfacet
  facet normal 0.782363 -0.0366846 0.621742
    outer loop
      vertex -2.30795 0 2.01
      vertex -3.49198 0.00149287 3.5
      vertex -3.49205 0 3.5
    endloop
  endfacet
  facet normal 0.782309 -0.0384612 0.621701
    outer loop
      vertex -3.49198 0.00149287 3.5
      vertex -2.30795 0 2.01
      vertex -2.29694 0.223946 2.01
    endloop
  endfacet
  facet normal 0.759784 -0.190305 0.621701
    outer loop
      vertex -3.42495 0.681265 3.5
      vertex -2.26305 0.452464 2.01
      vertex -3.34205 1.01224 3.5
    endloop
  endfacet
  facet normal 0.759974 -0.189477 0.621722
    outer loop
      vertex -2.26305 0.452464 2.01
      vertex -3.42495 0.681265 3.5
      vertex -2.2636 0.450258 2.01
    endloop
  endfacet
  facet normal 0.671812 -0.402683 0.621703
    outer loop
      vertex -3.07972 1.64614 3.5
      vertex -2.03426 1.08991 2.01
      vertex -2.9043 1.9388 3.5
    endloop
  endfacet
  facet normal 0.67164 -0.402984 0.621694
    outer loop
      vertex -2.03426 1.08991 2.01
      vertex -3.07972 1.64614 3.5
      vertex -2.03543 1.08796 2.01
    endloop
  endfacet
  facet normal 0.11494 -0.774774 0.621702
    outer loop
      vertex -0.450258 2.2636 2.01
      vertex -0.343759 3.47502 3.5
      vertex -0.681265 3.42495 3.5
    endloop
  endfacet
  facet normal 0.113644 -0.774845 0.621852
    outer loop
      vertex -0.343759 3.47502 3.5
      vertex -0.450258 2.2636 2.01
      vertex -0.448008 2.26393 2.01
    endloop
  endfacet
  facet normal 0.0378777 -0.782346 0.621691
    outer loop
      vertex -0.223946 2.29694 2.01
      vertex -0.342281 3.47524 3.5
      vertex -0.226218 2.29683 2.01
    endloop
  endfacet
  facet normal 0.0384281 -0.782308 0.621705
    outer loop
      vertex -0.342281 3.47524 3.5
      vertex -0.223946 2.29694 2.01
      vertex -0.00149287 3.49198 3.5
    endloop
  endfacet
  facet normal 0.402683 -0.671812 0.621703
    outer loop
      vertex -1.08991 2.03426 2.01
      vertex -1.64614 3.07972 3.5
      vertex -1.9388 2.9043 3.5
    endloop
  endfacet
  facet normal 0.402984 -0.67164 0.621694
    outer loop
      vertex -1.64614 3.07972 3.5
      vertex -1.08991 2.03426 2.01
      vertex -1.08796 2.03543 2.01
    endloop
  endfacet
  facet normal 0.526015 -0.580335 0.621707
    outer loop
      vertex -2.46815 2.47026 3.5
      vertex -1.63196 1.63196 2.01
      vertex -1.46583 1.78254 2.01
    endloop
  endfacet
  facet normal 0.529677 -0.576876 0.621816
    outer loop
      vertex -1.63196 1.63196 2.01
      vertex -2.46815 2.47026 3.5
      vertex -2.46925 2.46925 3.5
    endloop
  endfacet
  facet normal 0.33552 -0.707737 0.62172
    outer loop
      vertex -1.08796 2.03543 2.01
      vertex -1.64479 3.08036 3.5
      vertex -1.64614 3.07972 3.5
    endloop
  endfacet
  facet normal 0.334868 -0.70806 0.621703
    outer loop
      vertex -1.64479 3.08036 3.5
      vertex -1.08796 2.03543 2.01
      vertex -0.885269 2.13129 2.01
    endloop
  endfacet
  facet normal 0.115322 -0.774752 0.621659
    outer loop
      vertex -0.448008 2.26393 2.01
      vertex -0.342281 3.47524 3.5
      vertex -0.343759 3.47502 3.5
    endloop
  endfacet
  facet normal 0.114929 -0.774774 0.621705
    outer loop
      vertex -0.342281 3.47524 3.5
      vertex -0.448008 2.26393 2.01
      vertex -0.226218 2.29683 2.01
    endloop
  endfacet
  facet normal 0.266498 -0.736788 0.621388
    outer loop
      vertex -0.881071 2.13303 2.01
      vertex -1.01369 3.34169 3.5
      vertex -1.0151 3.34118 3.5
    endloop
  endfacet
  facet normal 0.263881 -0.737463 0.621703
    outer loop
      vertex -1.01369 3.34169 3.5
      vertex -0.881071 2.13303 2.01
      vertex -0.669961 2.20857 2.01
    endloop
  endfacet
  facet normal -0.334868 -0.70806 0.621703
    outer loop
      vertex 1.08796 2.03543 2.01
      vertex 1.64479 3.08036 3.5
      vertex 0.885269 2.13129 2.01
    endloop
  endfacet
  facet normal -0.33552 -0.707737 0.62172
    outer loop
      vertex 1.64479 3.08036 3.5
      vertex 1.08796 2.03543 2.01
      vertex 1.64614 3.07972 3.5
    endloop
  endfacet
  facet normal -0.334197 -0.708359 0.621723
    outer loop
      vertex 0.885269 2.13129 2.01
      vertex 1.33635 3.22624 3.5
      vertex 0.883213 2.13226 2.01
    endloop
  endfacet
  facet normal -0.334881 -0.708052 0.621705
    outer loop
      vertex 1.33635 3.22624 3.5
      vertex 0.885269 2.13129 2.01
      vertex 1.64479 3.08036 3.5
    endloop
  endfacet
  facet normal -0.0366846 -0.782363 0.621742
    outer loop
      vertex 0 2.30795 2.01
      vertex 0.00149287 3.49198 3.5
      vertex 0 3.49205 3.5
    endloop
  endfacet
  facet normal -0.0384612 -0.782309 0.621701
    outer loop
      vertex 0.00149287 3.49198 3.5
      vertex 0 2.30795 2.01
      vertex 0.223946 2.29694 2.01
    endloop
  endfacet
  facet normal -0.189477 -0.759974 0.621722
    outer loop
      vertex 0.452464 2.26305 2.01
      vertex 0.681265 3.42495 3.5
      vertex 0.450258 2.2636 2.01
    endloop
  endfacet
  facet normal -0.190305 -0.759784 0.621701
    outer loop
      vertex 0.681265 3.42495 3.5
      vertex 0.452464 2.26305 2.01
      vertex 1.01224 3.34205 3.5
    endloop
  endfacet
  facet normal -0.671812 -0.402683 0.621703
    outer loop
      vertex 2.03426 1.08991 2.01
      vertex 3.07972 1.64614 3.5
      vertex 2.9043 1.9388 3.5
    endloop
  endfacet
  facet normal -0.67164 -0.402984 0.621694
    outer loop
      vertex 3.07972 1.64614 3.5
      vertex 2.03426 1.08991 2.01
      vertex 2.03543 1.08796 2.01
    endloop
  endfacet
  facet normal -0.576876 -0.529677 0.621816
    outer loop
      vertex 1.63196 1.63196 2.01
      vertex 2.47026 2.46815 3.5
      vertex 2.46925 2.46925 3.5
    endloop
  endfacet
  facet normal -0.580335 -0.526015 0.621707
    outer loop
      vertex 2.47026 2.46815 3.5
      vertex 1.63196 1.63196 2.01
      vertex 1.78254 1.46583 2.01
    endloop
  endfacet
  facet normal -0.708052 -0.334881 0.621705
    outer loop
      vertex 2.13129 0.885269 2.01
      vertex 3.22624 1.33635 3.5
      vertex 3.08036 1.64479 3.5
    endloop
  endfacet
  facet normal -0.708359 -0.334197 0.621723
    outer loop
      vertex 3.22624 1.33635 3.5
      vertex 2.13129 0.885269 2.01
      vertex 2.13226 0.883213 2.01
    endloop
  endfacet
  facet normal -0.759781 0.190315 0.621702
    outer loop
      vertex 2.20857 -0.669961 2.01
      vertex 3.34205 -1.01224 3.5
      vertex 2.26305 -0.452464 2.01
    endloop
  endfacet
  facet normal -0.760205 0.188741 0.621664
    outer loop
      vertex 3.34205 -1.01224 3.5
      vertex 2.20857 -0.669961 2.01
      vertex 3.34169 -1.01369 3.5
    endloop
  endfacet
  facet normal -0.737463 0.263881 0.621703
    outer loop
      vertex 2.13303 -0.881071 2.01
      vertex 3.34169 -1.01369 3.5
      vertex 2.20857 -0.669961 2.01
    endloop
  endfacet
  facet normal -0.736788 0.266498 0.621388
    outer loop
      vertex 3.34169 -1.01369 3.5
      vertex 2.13303 -0.881071 2.01
      vertex 3.34118 -1.0151 3.5
    endloop
  endfacet
  facet normal -0.630155 0.464869 0.621934
    outer loop
      vertex 1.78407 -1.46415 2.01
      vertex 2.90265 -1.94128 3.5
      vertex 1.78542 -1.46232 2.01
    endloop
  endfacet
  facet normal -0.629105 0.4666 0.6217
    outer loop
      vertex 2.90265 -1.94128 3.5
      vertex 1.78407 -1.46415 2.01
      vertex 2.69939 -2.21533 3.5
    endloop
  endfacet
  facet normal -0.579121 0.527414 0.621654
    outer loop
      vertex 1.78254 -1.46583 2.01
      vertex 2.69939 -2.21533 3.5
      vertex 1.78407 -1.46415 2.01
    endloop
  endfacet
  facet normal -0.580367 0.525985 0.621702
    outer loop
      vertex 2.69939 -2.21533 3.5
      vertex 1.78254 -1.46583 2.01
      vertex 2.47026 -2.46815 3.5
    endloop
  endfacet
  facet normal -0.70806 0.334868 0.621703
    outer loop
      vertex 2.03543 -1.08796 2.01
      vertex 3.08036 -1.64479 3.5
      vertex 2.13129 -0.885269 2.01
    endloop
  endfacet
  facet normal -0.707737 0.33552 0.62172
    outer loop
      vertex 3.08036 -1.64479 3.5
      vertex 2.03543 -1.08796 2.01
      vertex 3.07972 -1.64614 3.5
    endloop
  endfacet
  facet normal -0.708359 0.334197 0.621723
    outer loop
      vertex 2.13129 -0.885269 2.01
      vertex 3.22624 -1.33635 3.5
      vertex 2.13226 -0.883213 2.01
    endloop
  endfacet
  facet normal -0.708052 0.334881 0.621705
    outer loop
      vertex 3.22624 -1.33635 3.5
      vertex 2.13129 -0.885269 2.01
      vertex 3.08036 -1.64479 3.5
    endloop
  endfacet
  facet normal -0.188741 0.760205 0.621664
    outer loop
      vertex 0.669961 -2.20857 2.01
      vertex 1.01224 -3.34205 3.5
      vertex 1.01369 -3.34169 3.5
    endloop
  endfacet
  facet normal -0.190315 0.759781 0.621702
    outer loop
      vertex 1.01224 -3.34205 3.5
      vertex 0.669961 -2.20857 2.01
      vertex 0.452464 -2.26305 2.01
    endloop
  endfacet
  facet normal -0.190305 0.759784 0.621701
    outer loop
      vertex 0.452464 -2.26305 2.01
      vertex 0.681265 -3.42495 3.5
      vertex 1.01224 -3.34205 3.5
    endloop
  endfacet
  facet normal -0.189477 0.759974 0.621722
    outer loop
      vertex 0.681265 -3.42495 3.5
      vertex 0.452464 -2.26305 2.01
      vertex 0.450258 -2.2636 2.01
    endloop
  endfacet
  facet normal -0.4666 0.629105 0.6217
    outer loop
      vertex 1.46415 -1.78407 2.01
      vertex 1.94128 -2.90265 3.5
      vertex 2.21533 -2.69939 3.5
    endloop
  endfacet
  facet normal -0.464869 0.630155 0.621934
    outer loop
      vertex 1.94128 -2.90265 3.5
      vertex 1.46415 -1.78407 2.01
      vertex 1.46232 -1.78542 2.01
    endloop
  endfacet
  facet normal -0.525985 0.580367 0.621702
    outer loop
      vertex 1.46583 -1.78254 2.01
      vertex 2.21533 -2.69939 3.5
      vertex 2.46815 -2.47026 3.5
    endloop
  endfacet
  facet normal -0.527414 0.579121 0.621654
    outer loop
      vertex 2.21533 -2.69939 3.5
      vertex 1.46583 -1.78254 2.01
      vertex 1.46415 -1.78407 2.01
    endloop
  endfacet
  facet normal -0.46659 0.62911 0.621703
    outer loop
      vertex 1.46232 -1.78542 2.01
      vertex 1.94008 -2.90354 3.5
      vertex 1.94128 -2.90265 3.5
    endloop
  endfacet
  facet normal -0.466598 0.629105 0.621702
    outer loop
      vertex 1.94008 -2.90354 3.5
      vertex 1.46232 -1.78542 2.01
      vertex 1.28223 -1.91899 2.01
    endloop
  endfacet
  facet normal -0.399914 0.673539 0.621622
    outer loop
      vertex 1.28223 -1.91899 2.01
      vertex 1.9388 -2.9043 3.5
      vertex 1.94008 -2.90354 3.5
    endloop
  endfacet
  facet normal -0.402668 0.671823 0.621701
    outer loop
      vertex 1.9388 -2.9043 3.5
      vertex 1.28223 -1.91899 2.01
      vertex 1.08991 -2.03426 2.01
    endloop
  endfacet
  facet normal 0.759781 0.190315 0.621702
    outer loop
      vertex -3.34205 -1.01224 3.5
      vertex -2.20857 -0.669961 2.01
      vertex -2.26305 -0.452464 2.01
    endloop
  endfacet
  facet normal 0.760205 0.188741 0.621664
    outer loop
      vertex -2.20857 -0.669961 2.01
      vertex -3.34205 -1.01224 3.5
      vertex -3.34169 -1.01369 3.5
    endloop
  endfacet
  facet normal 0.759974 0.189477 0.621722
    outer loop
      vertex -3.42495 -0.681265 3.5
      vertex -2.26305 -0.452464 2.01
      vertex -2.2636 -0.450258 2.01
    endloop
  endfacet
  facet normal 0.759784 0.190305 0.621701
    outer loop
      vertex -2.26305 -0.452464 2.01
      vertex -3.42495 -0.681265 3.5
      vertex -3.34205 -1.01224 3.5
    endloop
  endfacet
  facet normal 0.67164 0.402984 0.621694
    outer loop
      vertex -3.07972 -1.64614 3.5
      vertex -2.03426 -1.08991 2.01
      vertex -2.03543 -1.08796 2.01
    endloop
  endfacet
  facet normal 0.671812 0.402683 0.621703
    outer loop
      vertex -2.03426 -1.08991 2.01
      vertex -3.07972 -1.64614 3.5
      vertex -2.9043 -1.9388 3.5
    endloop
  endfacet
  facet normal 0.580335 0.526015 0.621707
    outer loop
      vertex -2.47026 -2.46815 3.5
      vertex -1.63196 -1.63196 2.01
      vertex -1.78254 -1.46583 2.01
    endloop
  endfacet
  facet normal 0.576876 0.529677 0.621816
    outer loop
      vertex -1.63196 -1.63196 2.01
      vertex -2.47026 -2.46815 3.5
      vertex -2.46925 -2.46925 3.5
    endloop
  endfacet
  facet normal 0.708359 0.334197 0.621723
    outer loop
      vertex -3.22624 -1.33635 3.5
      vertex -2.13129 -0.885269 2.01
      vertex -2.13226 -0.883213 2.01
    endloop
  endfacet
  facet normal 0.708052 0.334881 0.621705
    outer loop
      vertex -2.13129 -0.885269 2.01
      vertex -3.22624 -1.33635 3.5
      vertex -3.08036 -1.64479 3.5
    endloop
  endfacet
  facet normal 0.402668 0.671823 0.621701
    outer loop
      vertex -1.28223 -1.91899 2.01
      vertex -1.9388 -2.9043 3.5
      vertex -1.08991 -2.03426 2.01
    endloop
  endfacet
  facet normal 0.399914 0.673539 0.621622
    outer loop
      vertex -1.9388 -2.9043 3.5
      vertex -1.28223 -1.91899 2.01
      vertex -1.94008 -2.90354 3.5
    endloop
  endfacet
  facet normal 0.115317 0.774724 0.621695
    outer loop
      vertex -0.226218 -2.29683 2.01
      vertex -0.343759 -3.47502 3.5
      vertex -0.342281 -3.47524 3.5
    endloop
  endfacet
  facet normal 0.114929 0.774774 0.621705
    outer loop
      vertex -0.343759 -3.47502 3.5
      vertex -0.226218 -2.29683 2.01
      vertex -0.448008 -2.26393 2.01
    endloop
  endfacet
  facet normal 0.760205 -0.188741 0.621664
    outer loop
      vertex -3.34205 1.01224 3.5
      vertex -2.20857 0.669961 2.01
      vertex -3.34169 1.01369 3.5
    endloop
  endfacet
  facet normal 0.759781 -0.190315 0.621702
    outer loop
      vertex -2.20857 0.669961 2.01
      vertex -3.34205 1.01224 3.5
      vertex -2.26305 0.452464 2.01
    endloop
  endfacet
  facet normal 0.736788 -0.266498 0.621388
    outer loop
      vertex -3.34169 1.01369 3.5
      vertex -2.13303 0.881071 2.01
      vertex -3.34118 1.0151 3.5
    endloop
  endfacet
  facet normal 0.737463 -0.263881 0.621703
    outer loop
      vertex -2.13303 0.881071 2.01
      vertex -3.34169 1.01369 3.5
      vertex -2.20857 0.669961 2.01
    endloop
  endfacet
  facet normal 0.629105 -0.4666 0.6217
    outer loop
      vertex -2.90265 1.94128 3.5
      vertex -1.78407 1.46415 2.01
      vertex -2.69939 2.21533 3.5
    endloop
  endfacet
  facet normal 0.630155 -0.464869 0.621934
    outer loop
      vertex -1.78407 1.46415 2.01
      vertex -2.90265 1.94128 3.5
      vertex -1.78542 1.46232 2.01
    endloop
  endfacet
  facet normal 0.580367 -0.525985 0.621702
    outer loop
      vertex -2.69939 2.21533 3.5
      vertex -1.78254 1.46583 2.01
      vertex -2.47026 2.46815 3.5
    endloop
  endfacet
  facet normal 0.579121 -0.527414 0.621654
    outer loop
      vertex -1.78254 1.46583 2.01
      vertex -2.69939 2.21533 3.5
      vertex -1.78407 1.46415 2.01
    endloop
  endfacet
  facet normal 0.707737 -0.33552 0.62172
    outer loop
      vertex -3.08036 1.64479 3.5
      vertex -2.03543 1.08796 2.01
      vertex -3.07972 1.64614 3.5
    endloop
  endfacet
  facet normal 0.70806 -0.334868 0.621703
    outer loop
      vertex -2.03543 1.08796 2.01
      vertex -3.08036 1.64479 3.5
      vertex -2.13129 0.885269 2.01
    endloop
  endfacet
  facet normal 0.708052 -0.334881 0.621705
    outer loop
      vertex -3.22624 1.33635 3.5
      vertex -2.13129 0.885269 2.01
      vertex -3.08036 1.64479 3.5
    endloop
  endfacet
  facet normal 0.708359 -0.334197 0.621723
    outer loop
      vertex -2.13129 0.885269 2.01
      vertex -3.22624 1.33635 3.5
      vertex -2.13226 0.883213 2.01
    endloop
  endfacet
  facet normal 0.188741 -0.760205 0.621664
    outer loop
      vertex -0.669961 2.20857 2.01
      vertex -1.01224 3.34205 3.5
      vertex -1.01369 3.34169 3.5
    endloop
  endfacet
  facet normal 0.190315 -0.759781 0.621702
    outer loop
      vertex -1.01224 3.34205 3.5
      vertex -0.669961 2.20857 2.01
      vertex -0.452464 2.26305 2.01
    endloop
  endfacet
  facet normal 0.4666 -0.629105 0.6217
    outer loop
      vertex -1.46415 1.78407 2.01
      vertex -1.94128 2.90265 3.5
      vertex -2.21533 2.69939 3.5
    endloop
  endfacet
  facet normal 0.464869 -0.630155 0.621934
    outer loop
      vertex -1.94128 2.90265 3.5
      vertex -1.46415 1.78407 2.01
      vertex -1.46232 1.78542 2.01
    endloop
  endfacet
  facet normal 0.399914 -0.673539 0.621622
    outer loop
      vertex -1.28223 1.91899 2.01
      vertex -1.9388 2.9043 3.5
      vertex -1.94008 2.90354 3.5
    endloop
  endfacet
  facet normal 0.402668 -0.671823 0.621701
    outer loop
      vertex -1.9388 2.9043 3.5
      vertex -1.28223 1.91899 2.01
      vertex -1.08991 2.03426 2.01
    endloop
  endfacet
  facet normal -0.402668 -0.671823 0.621701
    outer loop
      vertex 1.28223 1.91899 2.01
      vertex 1.9388 2.9043 3.5
      vertex 1.08991 2.03426 2.01
    endloop
  endfacet
  facet normal -0.399914 -0.673539 0.621622
    outer loop
      vertex 1.9388 2.9043 3.5
      vertex 1.28223 1.91899 2.01
      vertex 1.94008 2.90354 3.5
    endloop
  endfacet
  facet normal -0.464869 -0.630155 0.621934
    outer loop
      vertex 1.46415 1.78407 2.01
      vertex 1.94128 2.90265 3.5
      vertex 1.46232 1.78542 2.01
    endloop
  endfacet
  facet normal -0.4666 -0.629105 0.6217
    outer loop
      vertex 1.94128 2.90265 3.5
      vertex 1.46415 1.78407 2.01
      vertex 2.21533 2.69939 3.5
    endloop
  endfacet
  facet normal -0.402984 -0.67164 0.621694
    outer loop
      vertex 1.08991 2.03426 2.01
      vertex 1.64614 3.07972 3.5
      vertex 1.08796 2.03543 2.01
    endloop
  endfacet
  facet normal -0.402683 -0.671812 0.621703
    outer loop
      vertex 1.64614 3.07972 3.5
      vertex 1.08991 2.03426 2.01
      vertex 1.9388 2.9043 3.5
    endloop
  endfacet
  facet normal -0.190315 -0.759781 0.621702
    outer loop
      vertex 0.669961 2.20857 2.01
      vertex 1.01224 3.34205 3.5
      vertex 0.452464 2.26305 2.01
    endloop
  endfacet
  facet normal -0.188741 -0.760205 0.621664
    outer loop
      vertex 1.01224 3.34205 3.5
      vertex 0.669961 2.20857 2.01
      vertex 1.01369 3.34169 3.5
    endloop
  endfacet
  facet normal -0.673539 -0.399914 0.621622
    outer loop
      vertex 1.91899 1.28223 2.01
      vertex 2.9043 1.9388 3.5
      vertex 2.90354 1.94008 3.5
    endloop
  endfacet
  facet normal -0.671823 -0.402668 0.621701
    outer loop
      vertex 2.9043 1.9388 3.5
      vertex 1.91899 1.28223 2.01
      vertex 2.03426 1.08991 2.01
    endloop
  endfacet
  facet normal -0.671823 0.402668 0.621701
    outer loop
      vertex 1.91899 -1.28223 2.01
      vertex 2.9043 -1.9388 3.5
      vertex 2.03426 -1.08991 2.01
    endloop
  endfacet
  facet normal -0.673539 0.399914 0.621622
    outer loop
      vertex 2.9043 -1.9388 3.5
      vertex 1.91899 -1.28223 2.01
      vertex 2.90354 -1.94008 3.5
    endloop
  endfacet
  facet normal -0.629105 0.466598 0.621702
    outer loop
      vertex 1.78542 -1.46232 2.01
      vertex 2.90354 -1.94008 3.5
      vertex 1.91899 -1.28223 2.01
    endloop
  endfacet
  facet normal -0.62911 0.46659 0.621703
    outer loop
      vertex 2.90354 -1.94008 3.5
      vertex 1.78542 -1.46232 2.01
      vertex 2.90265 -1.94128 3.5
    endloop
  endfacet
  facet normal 0.671823 0.402668 0.621701
    outer loop
      vertex -2.9043 -1.9388 3.5
      vertex -1.91899 -1.28223 2.01
      vertex -2.03426 -1.08991 2.01
    endloop
  endfacet
  facet normal 0.673539 0.399914 0.621622
    outer loop
      vertex -1.91899 -1.28223 2.01
      vertex -2.9043 -1.9388 3.5
      vertex -2.90354 -1.94008 3.5
    endloop
  endfacet
  facet normal 0.0366846 0.782363 0.621742
    outer loop
      vertex 0 -2.30795 2.01
      vertex -0.00149287 -3.49198 3.5
      vertex 0 -3.49205 3.5
    endloop
  endfacet
  facet normal 0.0384612 0.782309 0.621701
    outer loop
      vertex -0.00149287 -3.49198 3.5
      vertex 0 -2.30795 2.01
      vertex -0.223946 -2.29694 2.01
    endloop
  endfacet
  facet normal 0.0384281 0.782308 0.621705
    outer loop
      vertex -0.223946 -2.29694 2.01
      vertex -0.342281 -3.47524 3.5
      vertex -0.00149287 -3.49198 3.5
    endloop
  endfacet
  facet normal 0.0378777 0.782346 0.621691
    outer loop
      vertex -0.342281 -3.47524 3.5
      vertex -0.223946 -2.29694 2.01
      vertex -0.226218 -2.29683 2.01
    endloop
  endfacet
  facet normal 0.673539 -0.399914 0.621622
    outer loop
      vertex -2.9043 1.9388 3.5
      vertex -1.91899 1.28223 2.01
      vertex -2.90354 1.94008 3.5
    endloop
  endfacet
  facet normal 0.671823 -0.402668 0.621701
    outer loop
      vertex -1.91899 1.28223 2.01
      vertex -2.9043 1.9388 3.5
      vertex -2.03426 1.08991 2.01
    endloop
  endfacet
  facet normal 0.62911 -0.46659 0.621703
    outer loop
      vertex -2.90354 1.94008 3.5
      vertex -1.78542 1.46232 2.01
      vertex -2.90265 1.94128 3.5
    endloop
  endfacet
  facet normal 0.629105 -0.466598 0.621702
    outer loop
      vertex -1.78542 1.46232 2.01
      vertex -2.90354 1.94008 3.5
      vertex -1.91899 1.28223 2.01
    endloop
  endfacet
  facet normal -0.466598 -0.629105 0.621702
    outer loop
      vertex 1.46232 1.78542 2.01
      vertex 1.94008 2.90354 3.5
      vertex 1.28223 1.91899 2.01
    endloop
  endfacet
  facet normal -0.46659 -0.62911 0.621703
    outer loop
      vertex 1.94008 2.90354 3.5
      vertex 1.46232 1.78542 2.01
      vertex 1.94128 2.90265 3.5
    endloop
  endfacet
  facet normal -0.998794 0 -0.0491058
    outer loop
      vertex 1.65 -17.56 37.5
      vertex 1.64205 -16.15 37.6617
      vertex 1.65 -16.15 37.5
    endloop
  endfacet
  facet normal -0.998794 -0 -0.0491058
    outer loop
      vertex 1.64205 -16.15 37.6617
      vertex 1.65 -17.56 37.5
      vertex 1.64205 -17.56 37.6617
    endloop
  endfacet
  facet normal -0.989189 0 -0.146649
    outer loop
      vertex 1.64205 -17.56 37.6617
      vertex 1.6183 -16.15 37.8219
      vertex 1.64205 -16.15 37.6617
    endloop
  endfacet
  facet normal -0.989189 -0 -0.146649
    outer loop
      vertex 1.6183 -16.15 37.8219
      vertex 1.64205 -17.56 37.6617
      vertex 1.6183 -17.56 37.8219
    endloop
  endfacet
  facet normal 0.0487893 0 -0.998809
    outer loop
      vertex -0.161728 -17.56 39.1421
      vertex 0 -16.15 39.15
      vertex 0 -17.56 39.15
    endloop
  endfacet
  facet normal 0.0487893 0 -0.998809
    outer loop
      vertex 0 -16.15 39.15
      vertex -0.161728 -17.56 39.1421
      vertex -0.161728 -16.15 39.1421
    endloop
  endfacet
  facet normal -0.67175 0 -0.740778
    outer loop
      vertex 1.04675 -17.56 38.7755
      vertex 1.16673 -16.15 38.6667
      vertex 1.16673 -17.56 38.6667
    endloop
  endfacet
  facet normal -0.67175 0 -0.740778
    outer loop
      vertex 1.16673 -16.15 38.6667
      vertex 1.04675 -17.56 38.7755
      vertex 1.04675 -16.15 38.7755
    endloop
  endfacet
  facet normal 0.741018 0 -0.671486
    outer loop
      vertex -1.16673 -17.56 38.6667
      vertex -1.27547 -16.15 38.5467
      vertex -1.16673 -16.15 38.6667
    endloop
  endfacet
  facet normal 0.741018 0 -0.671486
    outer loop
      vertex -1.27547 -16.15 38.5467
      vertex -1.16673 -17.56 38.6667
      vertex -1.27547 -17.56 38.5467
    endloop
  endfacet
  facet normal 0.427398 0 -0.904064
    outer loop
      vertex -0.777804 -17.56 38.9552
      vertex -0.631427 -16.15 39.0244
      vertex -0.631427 -17.56 39.0244
    endloop
  endfacet
  facet normal 0.427398 0 -0.904064
    outer loop
      vertex -0.631427 -16.15 39.0244
      vertex -0.777804 -17.56 38.9552
      vertex -0.777804 -16.15 38.9552
    endloop
  endfacet
  facet normal -0.146978 0 0.98914
    outer loop
      vertex 0.161728 -16.15 35.8579
      vertex 0.321898 -17.56 35.8817
      vertex 0.321898 -16.15 35.8817
    endloop
  endfacet
  facet normal -0.146978 0 0.98914
    outer loop
      vertex 0.321898 -17.56 35.8817
      vertex 0.161728 -16.15 35.8579
      vertex 0.161728 -17.56 35.8579
    endloop
  endfacet
  facet normal 0.941504 -0 0.337002
    outer loop
      vertex -1.57895 -17.56 37.021
      vertex -1.5244 -16.15 36.8686
      vertex -1.57895 -16.15 37.021
    endloop
  endfacet
  facet normal 0.941504 0 0.337002
    outer loop
      vertex -1.5244 -16.15 36.8686
      vertex -1.57895 -17.56 37.021
      vertex -1.5244 -17.56 36.8686
    endloop
  endfacet
  facet normal -0.904018 0 -0.427494
    outer loop
      vertex 1.5244 -17.56 38.1314
      vertex 1.45517 -16.15 38.2778
      vertex 1.5244 -16.15 38.1314
    endloop
  endfacet
  facet normal -0.904018 -0 -0.427494
    outer loop
      vertex 1.45517 -16.15 38.2778
      vertex 1.5244 -17.56 38.1314
      vertex 1.45517 -17.56 38.2778
    endloop
  endfacet
  facet normal -0.336616 0 -0.941642
    outer loop
      vertex 0.47897 -17.56 39.0789
      vertex 0.631427 -16.15 39.0244
      vertex 0.631427 -17.56 39.0244
    endloop
  endfacet
  facet normal -0.336616 0 -0.941642
    outer loop
      vertex 0.631427 -16.15 39.0244
      vertex 0.47897 -17.56 39.0789
      vertex 0.47897 -16.15 39.0789
    endloop
  endfacet
  facet normal 0.857738 0 -0.514087
    outer loop
      vertex -1.37192 -17.56 38.4167
      vertex -1.45517 -16.15 38.2778
      vertex -1.37192 -16.15 38.4167
    endloop
  endfacet
  facet normal 0.857738 0 -0.514087
    outer loop
      vertex -1.45517 -16.15 38.2778
      vertex -1.37192 -17.56 38.4167
      vertex -1.45517 -17.56 38.2778
    endloop
  endfacet
  facet normal 0.243303 0 -0.96995
    outer loop
      vertex -0.47897 -17.56 39.0789
      vertex -0.321898 -16.15 39.1183
      vertex -0.321898 -17.56 39.1183
    endloop
  endfacet
  facet normal 0.243303 0 -0.96995
    outer loop
      vertex -0.321898 -16.15 39.1183
      vertex -0.47897 -17.56 39.0789
      vertex -0.47897 -16.15 39.0789
    endloop
  endfacet
  facet normal -0.741018 0 0.671486
    outer loop
      vertex 1.16673 -17.56 36.3333
      vertex 1.27547 -16.15 36.4533
      vertex 1.16673 -16.15 36.3333
    endloop
  endfacet
  facet normal -0.741018 0 0.671486
    outer loop
      vertex 1.27547 -16.15 36.4533
      vertex 1.16673 -17.56 36.3333
      vertex 1.27547 -17.56 36.4533
    endloop
  endfacet
  facet normal 0.67175 0 0.740778
    outer loop
      vertex -1.16673 -16.15 36.3333
      vertex -1.04675 -17.56 36.2245
      vertex -1.04675 -16.15 36.2245
    endloop
  endfacet
  facet normal 0.67175 0 0.740778
    outer loop
      vertex -1.04675 -17.56 36.2245
      vertex -1.16673 -16.15 36.3333
      vertex -1.16673 -17.56 36.3333
    endloop
  endfacet
  facet normal -0.970033 0 -0.242971
    outer loop
      vertex 1.6183 -17.56 37.8219
      vertex 1.57895 -16.15 37.979
      vertex 1.6183 -16.15 37.8219
    endloop
  endfacet
  facet normal -0.970033 -0 -0.242971
    outer loop
      vertex 1.57895 -16.15 37.979
      vertex 1.6183 -17.56 37.8219
      vertex 1.57895 -17.56 37.979
    endloop
  endfacet
  facet normal -0.941504 0 -0.337002
    outer loop
      vertex 1.57895 -17.56 37.979
      vertex 1.5244 -16.15 38.1314
      vertex 1.57895 -16.15 37.979
    endloop
  endfacet
  facet normal -0.941504 -0 -0.337002
    outer loop
      vertex 1.5244 -16.15 38.1314
      vertex 1.57895 -17.56 37.979
      vertex 1.5244 -17.56 38.1314
    endloop
  endfacet
  facet normal -0.146978 0 -0.98914
    outer loop
      vertex 0.161728 -17.56 39.1421
      vertex 0.321898 -16.15 39.1183
      vertex 0.321898 -17.56 39.1183
    endloop
  endfacet
  facet normal -0.146978 0 -0.98914
    outer loop
      vertex 0.321898 -16.15 39.1183
      vertex 0.161728 -17.56 39.1421
      vertex 0.161728 -16.15 39.1421
    endloop
  endfacet
  facet normal 0.989189 0 -0.146649
    outer loop
      vertex -1.6183 -17.56 37.8219
      vertex -1.64205 -16.15 37.6617
      vertex -1.6183 -16.15 37.8219
    endloop
  endfacet
  facet normal 0.989189 0 -0.146649
    outer loop
      vertex -1.64205 -16.15 37.6617
      vertex -1.6183 -17.56 37.8219
      vertex -1.64205 -17.56 37.6617
    endloop
  endfacet
  facet normal 0.941504 0 -0.337002
    outer loop
      vertex -1.5244 -17.56 38.1314
      vertex -1.57895 -16.15 37.979
      vertex -1.5244 -16.15 38.1314
    endloop
  endfacet
  facet normal 0.941504 0 -0.337002
    outer loop
      vertex -1.57895 -16.15 37.979
      vertex -1.5244 -17.56 38.1314
      vertex -1.57895 -17.56 37.979
    endloop
  endfacet
  facet normal 0.904018 0 -0.427494
    outer loop
      vertex -1.45517 -17.56 38.2778
      vertex -1.5244 -16.15 38.1314
      vertex -1.45517 -16.15 38.2778
    endloop
  endfacet
  facet normal 0.904018 0 -0.427494
    outer loop
      vertex -1.5244 -16.15 38.1314
      vertex -1.45517 -17.56 38.2778
      vertex -1.5244 -17.56 38.1314
    endloop
  endfacet
  facet normal 0.595467 0 -0.80338
    outer loop
      vertex -1.04675 -17.56 38.7755
      vertex -0.916691 -16.15 38.8719
      vertex -0.916691 -17.56 38.8719
    endloop
  endfacet
  facet normal 0.595467 0 -0.80338
    outer loop
      vertex -0.916691 -16.15 38.8719
      vertex -1.04675 -17.56 38.7755
      vertex -1.04675 -16.15 38.7755
    endloop
  endfacet
  facet normal 0.146978 0 -0.98914
    outer loop
      vertex -0.321898 -17.56 39.1183
      vertex -0.161728 -16.15 39.1421
      vertex -0.161728 -17.56 39.1421
    endloop
  endfacet
  facet normal 0.146978 0 -0.98914
    outer loop
      vertex -0.161728 -16.15 39.1421
      vertex -0.321898 -17.56 39.1183
      vertex -0.321898 -16.15 39.1183
    endloop
  endfacet
  facet normal -0.337164 0 0.941446
    outer loop
      vertex 0.47897 -16.15 35.921
      vertex 0.631427 -17.56 35.9756
      vertex 0.631427 -16.15 35.9756
    endloop
  endfacet
  facet normal -0.337164 0 0.941446
    outer loop
      vertex 0.631427 -17.56 35.9756
      vertex 0.47897 -16.15 35.921
      vertex 0.47897 -17.56 35.921
    endloop
  endfacet
  facet normal -0.67175 0 0.740778
    outer loop
      vertex 1.04675 -16.15 36.2245
      vertex 1.16673 -17.56 36.3333
      vertex 1.16673 -16.15 36.3333
    endloop
  endfacet
  facet normal -0.67175 0 0.740778
    outer loop
      vertex 1.16673 -17.56 36.3333
      vertex 1.04675 -16.15 36.2245
      vertex 1.04675 -17.56 36.2245
    endloop
  endfacet
  facet normal -0.803103 0 0.59584
    outer loop
      vertex 1.27547 -17.56 36.4533
      vertex 1.37192 -16.15 36.5833
      vertex 1.27547 -16.15 36.4533
    endloop
  endfacet
  facet normal -0.803103 0 0.59584
    outer loop
      vertex 1.37192 -16.15 36.5833
      vertex 1.27547 -17.56 36.4533
      vertex 1.37192 -17.56 36.5833
    endloop
  endfacet
  facet normal -0.857738 0 0.514087
    outer loop
      vertex 1.37192 -17.56 36.5833
      vertex 1.45517 -16.15 36.7222
      vertex 1.37192 -16.15 36.5833
    endloop
  endfacet
  facet normal -0.857738 0 0.514087
    outer loop
      vertex 1.45517 -16.15 36.7222
      vertex 1.37192 -17.56 36.5833
      vertex 1.45517 -17.56 36.7222
    endloop
  endfacet
  facet normal -0.904018 0 0.427494
    outer loop
      vertex 1.45517 -17.56 36.7222
      vertex 1.5244 -16.15 36.8686
      vertex 1.45517 -16.15 36.7222
    endloop
  endfacet
  facet normal -0.904018 0 0.427494
    outer loop
      vertex 1.5244 -16.15 36.8686
      vertex 1.45517 -17.56 36.7222
      vertex 1.5244 -17.56 36.8686
    endloop
  endfacet
  facet normal -0.970033 0 0.242971
    outer loop
      vertex 1.57895 -17.56 37.021
      vertex 1.6183 -16.15 37.1781
      vertex 1.57895 -16.15 37.021
    endloop
  endfacet
  facet normal -0.970033 0 0.242971
    outer loop
      vertex 1.6183 -16.15 37.1781
      vertex 1.57895 -17.56 37.021
      vertex 1.6183 -17.56 37.1781
    endloop
  endfacet
  facet normal 0.51435 0 0.857581
    outer loop
      vertex -0.916691 -16.15 36.1281
      vertex -0.777804 -17.56 36.0448
      vertex -0.777804 -16.15 36.0448
    endloop
  endfacet
  facet normal 0.51435 0 0.857581
    outer loop
      vertex -0.777804 -17.56 36.0448
      vertex -0.916691 -16.15 36.1281
      vertex -0.916691 -17.56 36.1281
    endloop
  endfacet
  facet normal 0.242722 0 0.970096
    outer loop
      vertex -0.47897 -16.15 35.921
      vertex -0.321898 -17.56 35.8817
      vertex -0.321898 -16.15 35.8817
    endloop
  endfacet
  facet normal 0.242722 0 0.970096
    outer loop
      vertex -0.321898 -17.56 35.8817
      vertex -0.47897 -16.15 35.921
      vertex -0.47897 -17.56 35.921
    endloop
  endfacet
  facet normal 0.803103 -0 0.59584
    outer loop
      vertex -1.37192 -17.56 36.5833
      vertex -1.27547 -16.15 36.4533
      vertex -1.37192 -16.15 36.5833
    endloop
  endfacet
  facet normal 0.803103 0 0.59584
    outer loop
      vertex -1.27547 -16.15 36.4533
      vertex -1.37192 -17.56 36.5833
      vertex -1.27547 -17.56 36.4533
    endloop
  endfacet
  facet normal 0.857738 -0 0.514087
    outer loop
      vertex -1.45517 -17.56 36.7222
      vertex -1.37192 -16.15 36.5833
      vertex -1.45517 -16.15 36.7222
    endloop
  endfacet
  facet normal 0.857738 0 0.514087
    outer loop
      vertex -1.37192 -16.15 36.5833
      vertex -1.45517 -17.56 36.7222
      vertex -1.37192 -17.56 36.5833
    endloop
  endfacet
  facet normal 0.904018 -0 0.427494
    outer loop
      vertex -1.5244 -17.56 36.8686
      vertex -1.45517 -16.15 36.7222
      vertex -1.5244 -16.15 36.8686
    endloop
  endfacet
  facet normal 0.904018 0 0.427494
    outer loop
      vertex -1.45517 -16.15 36.7222
      vertex -1.5244 -17.56 36.8686
      vertex -1.45517 -17.56 36.7222
    endloop
  endfacet
  facet normal 0.989189 -0 0.146649
    outer loop
      vertex -1.64205 -17.56 37.3383
      vertex -1.6183 -16.15 37.1781
      vertex -1.64205 -16.15 37.3383
    endloop
  endfacet
  facet normal 0.989189 0 0.146649
    outer loop
      vertex -1.6183 -16.15 37.1781
      vertex -1.64205 -17.56 37.3383
      vertex -1.6183 -17.56 37.1781
    endloop
  endfacet
  facet normal -0.741018 0 -0.671486
    outer loop
      vertex 1.27547 -17.56 38.5467
      vertex 1.16673 -16.15 38.6667
      vertex 1.27547 -16.15 38.5467
    endloop
  endfacet
  facet normal -0.741018 -0 -0.671486
    outer loop
      vertex 1.16673 -16.15 38.6667
      vertex 1.27547 -17.56 38.5467
      vertex 1.16673 -17.56 38.6667
    endloop
  endfacet
  facet normal -0.857738 0 -0.514087
    outer loop
      vertex 1.45517 -17.56 38.2778
      vertex 1.37192 -16.15 38.4167
      vertex 1.45517 -16.15 38.2778
    endloop
  endfacet
  facet normal -0.857738 -0 -0.514087
    outer loop
      vertex 1.37192 -16.15 38.4167
      vertex 1.45517 -17.56 38.2778
      vertex 1.37192 -17.56 38.4167
    endloop
  endfacet
  facet normal -0.803103 0 -0.59584
    outer loop
      vertex 1.37192 -17.56 38.4167
      vertex 1.27547 -16.15 38.5467
      vertex 1.37192 -16.15 38.4167
    endloop
  endfacet
  facet normal -0.803103 -0 -0.59584
    outer loop
      vertex 1.27547 -16.15 38.5467
      vertex 1.37192 -17.56 38.4167
      vertex 1.27547 -17.56 38.5467
    endloop
  endfacet
  facet normal -0.243303 0 -0.96995
    outer loop
      vertex 0.321898 -17.56 39.1183
      vertex 0.47897 -16.15 39.0789
      vertex 0.47897 -17.56 39.0789
    endloop
  endfacet
  facet normal -0.243303 0 -0.96995
    outer loop
      vertex 0.47897 -16.15 39.0789
      vertex 0.321898 -17.56 39.1183
      vertex 0.321898 -16.15 39.1183
    endloop
  endfacet
  facet normal -0.0487893 0 -0.998809
    outer loop
      vertex 0 -17.56 39.15
      vertex 0.161728 -16.15 39.1421
      vertex 0.161728 -17.56 39.1421
    endloop
  endfacet
  facet normal -0.0487893 0 -0.998809
    outer loop
      vertex 0.161728 -16.15 39.1421
      vertex 0 -17.56 39.15
      vertex 0 -16.15 39.15
    endloop
  endfacet
  facet normal -0.427398 0 -0.904064
    outer loop
      vertex 0.631427 -17.56 39.0244
      vertex 0.777804 -16.15 38.9552
      vertex 0.777804 -17.56 38.9552
    endloop
  endfacet
  facet normal -0.427398 0 -0.904064
    outer loop
      vertex 0.777804 -16.15 38.9552
      vertex 0.631427 -17.56 39.0244
      vertex 0.631427 -16.15 39.0244
    endloop
  endfacet
  facet normal -0.595467 0 -0.80338
    outer loop
      vertex 0.916691 -17.56 38.8719
      vertex 1.04675 -16.15 38.7755
      vertex 1.04675 -17.56 38.7755
    endloop
  endfacet
  facet normal -0.595467 0 -0.80338
    outer loop
      vertex 1.04675 -16.15 38.7755
      vertex 0.916691 -17.56 38.8719
      vertex 0.916691 -16.15 38.8719
    endloop
  endfacet
  facet normal -0.51435 0 -0.857581
    outer loop
      vertex 0.777804 -17.56 38.9552
      vertex 0.916691 -16.15 38.8719
      vertex 0.916691 -17.56 38.8719
    endloop
  endfacet
  facet normal -0.51435 0 -0.857581
    outer loop
      vertex 0.916691 -16.15 38.8719
      vertex 0.777804 -17.56 38.9552
      vertex 0.777804 -16.15 38.9552
    endloop
  endfacet
  facet normal 0.803103 0 -0.59584
    outer loop
      vertex -1.27547 -17.56 38.5467
      vertex -1.37192 -16.15 38.4167
      vertex -1.27547 -16.15 38.5467
    endloop
  endfacet
  facet normal 0.803103 0 -0.59584
    outer loop
      vertex -1.37192 -16.15 38.4167
      vertex -1.27547 -17.56 38.5467
      vertex -1.37192 -17.56 38.4167
    endloop
  endfacet
  facet normal 0.970033 0 -0.242971
    outer loop
      vertex -1.57895 -17.56 37.979
      vertex -1.6183 -16.15 37.8219
      vertex -1.57895 -16.15 37.979
    endloop
  endfacet
  facet normal 0.970033 0 -0.242971
    outer loop
      vertex -1.6183 -16.15 37.8219
      vertex -1.57895 -17.56 37.979
      vertex -1.6183 -17.56 37.8219
    endloop
  endfacet
  facet normal 0.998794 0 -0.0491058
    outer loop
      vertex -1.64205 -17.56 37.6617
      vertex -1.65 -16.15 37.5
      vertex -1.64205 -16.15 37.6617
    endloop
  endfacet
  facet normal 0.998794 0 -0.0491058
    outer loop
      vertex -1.65 -16.15 37.5
      vertex -1.64205 -17.56 37.6617
      vertex -1.65 -17.56 37.5
    endloop
  endfacet
  facet normal 0.998794 -0 0.0491058
    outer loop
      vertex -1.65 -17.56 37.5
      vertex -1.64205 -16.15 37.3383
      vertex -1.65 -16.15 37.5
    endloop
  endfacet
  facet normal 0.998794 0 0.0491058
    outer loop
      vertex -1.64205 -16.15 37.3383
      vertex -1.65 -17.56 37.5
      vertex -1.64205 -17.56 37.3383
    endloop
  endfacet
  facet normal 0.67175 0 -0.740778
    outer loop
      vertex -1.16673 -17.56 38.6667
      vertex -1.04675 -16.15 38.7755
      vertex -1.04675 -17.56 38.7755
    endloop
  endfacet
  facet normal 0.67175 0 -0.740778
    outer loop
      vertex -1.04675 -16.15 38.7755
      vertex -1.16673 -17.56 38.6667
      vertex -1.16673 -16.15 38.6667
    endloop
  endfacet
  facet normal 0.51435 0 -0.857581
    outer loop
      vertex -0.916691 -17.56 38.8719
      vertex -0.777804 -16.15 38.9552
      vertex -0.777804 -17.56 38.9552
    endloop
  endfacet
  facet normal 0.51435 0 -0.857581
    outer loop
      vertex -0.777804 -16.15 38.9552
      vertex -0.916691 -17.56 38.8719
      vertex -0.916691 -16.15 38.8719
    endloop
  endfacet
  facet normal 0.336616 0 -0.941642
    outer loop
      vertex -0.631427 -17.56 39.0244
      vertex -0.47897 -16.15 39.0789
      vertex -0.47897 -17.56 39.0789
    endloop
  endfacet
  facet normal 0.336616 0 -0.941642
    outer loop
      vertex -0.47897 -16.15 39.0789
      vertex -0.631427 -17.56 39.0244
      vertex -0.631427 -16.15 39.0244
    endloop
  endfacet
  facet normal -0.242722 0 0.970096
    outer loop
      vertex 0.321898 -16.15 35.8817
      vertex 0.47897 -17.56 35.921
      vertex 0.47897 -16.15 35.921
    endloop
  endfacet
  facet normal -0.242722 0 0.970096
    outer loop
      vertex 0.47897 -17.56 35.921
      vertex 0.321898 -16.15 35.8817
      vertex 0.321898 -17.56 35.8817
    endloop
  endfacet
  facet normal -0.427398 0 0.904064
    outer loop
      vertex 0.631427 -16.15 35.9756
      vertex 0.777804 -17.56 36.0448
      vertex 0.777804 -16.15 36.0448
    endloop
  endfacet
  facet normal -0.427398 0 0.904064
    outer loop
      vertex 0.777804 -17.56 36.0448
      vertex 0.631427 -16.15 35.9756
      vertex 0.631427 -17.56 35.9756
    endloop
  endfacet
  facet normal -0.51435 0 0.857581
    outer loop
      vertex 0.777804 -16.15 36.0448
      vertex 0.916691 -17.56 36.1281
      vertex 0.916691 -16.15 36.1281
    endloop
  endfacet
  facet normal -0.51435 0 0.857581
    outer loop
      vertex 0.916691 -17.56 36.1281
      vertex 0.777804 -16.15 36.0448
      vertex 0.777804 -17.56 36.0448
    endloop
  endfacet
  facet normal -0.595467 0 0.80338
    outer loop
      vertex 0.916691 -16.15 36.1281
      vertex 1.04675 -17.56 36.2245
      vertex 1.04675 -16.15 36.2245
    endloop
  endfacet
  facet normal -0.595467 0 0.80338
    outer loop
      vertex 1.04675 -17.56 36.2245
      vertex 0.916691 -16.15 36.1281
      vertex 0.916691 -17.56 36.1281
    endloop
  endfacet
  facet normal -0.941504 0 0.337002
    outer loop
      vertex 1.5244 -17.56 36.8686
      vertex 1.57895 -16.15 37.021
      vertex 1.5244 -16.15 36.8686
    endloop
  endfacet
  facet normal -0.941504 0 0.337002
    outer loop
      vertex 1.57895 -16.15 37.021
      vertex 1.5244 -17.56 36.8686
      vertex 1.57895 -17.56 37.021
    endloop
  endfacet
  facet normal 0.595467 0 0.80338
    outer loop
      vertex -1.04675 -16.15 36.2245
      vertex -0.916691 -17.56 36.1281
      vertex -0.916691 -16.15 36.1281
    endloop
  endfacet
  facet normal 0.595467 0 0.80338
    outer loop
      vertex -0.916691 -17.56 36.1281
      vertex -1.04675 -16.15 36.2245
      vertex -1.04675 -17.56 36.2245
    endloop
  endfacet
  facet normal 0.427398 0 0.904064
    outer loop
      vertex -0.777804 -16.15 36.0448
      vertex -0.631427 -17.56 35.9756
      vertex -0.631427 -16.15 35.9756
    endloop
  endfacet
  facet normal 0.427398 0 0.904064
    outer loop
      vertex -0.631427 -17.56 35.9756
      vertex -0.777804 -16.15 36.0448
      vertex -0.777804 -17.56 36.0448
    endloop
  endfacet
  facet normal 0.337164 0 0.941446
    outer loop
      vertex -0.631427 -16.15 35.9756
      vertex -0.47897 -17.56 35.921
      vertex -0.47897 -16.15 35.921
    endloop
  endfacet
  facet normal 0.337164 0 0.941446
    outer loop
      vertex -0.47897 -17.56 35.921
      vertex -0.631427 -16.15 35.9756
      vertex -0.631427 -17.56 35.9756
    endloop
  endfacet
  facet normal 0.146978 0 0.98914
    outer loop
      vertex -0.321898 -16.15 35.8817
      vertex -0.161728 -17.56 35.8579
      vertex -0.161728 -16.15 35.8579
    endloop
  endfacet
  facet normal 0.146978 0 0.98914
    outer loop
      vertex -0.161728 -17.56 35.8579
      vertex -0.321898 -16.15 35.8817
      vertex -0.321898 -17.56 35.8817
    endloop
  endfacet
  facet normal 0.0487893 0 0.998809
    outer loop
      vertex -0.161728 -16.15 35.8579
      vertex 0 -17.56 35.85
      vertex 0 -16.15 35.85
    endloop
  endfacet
  facet normal 0.0487893 0 0.998809
    outer loop
      vertex 0 -17.56 35.85
      vertex -0.161728 -16.15 35.8579
      vertex -0.161728 -17.56 35.8579
    endloop
  endfacet
  facet normal -0.0487893 0 0.998809
    outer loop
      vertex 0 -16.15 35.85
      vertex 0.161728 -17.56 35.8579
      vertex 0.161728 -16.15 35.8579
    endloop
  endfacet
  facet normal -0.0487893 0 0.998809
    outer loop
      vertex 0.161728 -17.56 35.8579
      vertex 0 -16.15 35.85
      vertex 0 -17.56 35.85
    endloop
  endfacet
  facet normal 0.741018 -0 0.671486
    outer loop
      vertex -1.27547 -17.56 36.4533
      vertex -1.16673 -16.15 36.3333
      vertex -1.27547 -16.15 36.4533
    endloop
  endfacet
  facet normal 0.741018 0 0.671486
    outer loop
      vertex -1.16673 -16.15 36.3333
      vertex -1.27547 -17.56 36.4533
      vertex -1.16673 -17.56 36.3333
    endloop
  endfacet
  facet normal 0.970033 -0 0.242971
    outer loop
      vertex -1.6183 -17.56 37.1781
      vertex -1.57895 -16.15 37.021
      vertex -1.6183 -16.15 37.1781
    endloop
  endfacet
  facet normal 0.970033 0 0.242971
    outer loop
      vertex -1.57895 -16.15 37.021
      vertex -1.6183 -17.56 37.1781
      vertex -1.57895 -17.56 37.021
    endloop
  endfacet
  facet normal -0.989189 0 0.146649
    outer loop
      vertex 1.6183 -17.56 37.1781
      vertex 1.64205 -16.15 37.3383
      vertex 1.6183 -16.15 37.1781
    endloop
  endfacet
  facet normal -0.989189 0 0.146649
    outer loop
      vertex 1.64205 -16.15 37.3383
      vertex 1.6183 -17.56 37.1781
      vertex 1.64205 -17.56 37.3383
    endloop
  endfacet
  facet normal -0.998794 0 0.0491058
    outer loop
      vertex 1.64205 -17.56 37.3383
      vertex 1.65 -16.15 37.5
      vertex 1.64205 -16.15 37.3383
    endloop
  endfacet
  facet normal -0.998794 0 0.0491058
    outer loop
      vertex 1.65 -16.15 37.5
      vertex 1.64205 -17.56 37.3383
      vertex 1.65 -17.56 37.5
    endloop
  endfacet
  facet normal -0.595707 0 0.803202
    outer loop
      vertex 1.8056 -17.56 34.7977
      vertex 2.06178 -19.15 34.9877
      vertex 2.06178 -17.56 34.9877
    endloop
  endfacet
  facet normal -0.595707 0 0.803202
    outer loop
      vertex 2.06178 -19.15 34.9877
      vertex 1.8056 -17.56 34.7977
      vertex 1.8056 -19.15 34.7977
    endloop
  endfacet
  facet normal -0.998796 0 -0.049062
    outer loop
      vertex 3.25 -19.15 37.5
      vertex 3.23435 -17.56 37.8186
      vertex 3.25 -17.56 37.5
    endloop
  endfacet
  facet normal -0.998796 -0 -0.049062
    outer loop
      vertex 3.23435 -17.56 37.8186
      vertex 3.25 -19.15 37.5
      vertex 3.23435 -19.15 37.8186
    endloop
  endfacet
  facet normal -0.513952 0 0.857819
    outer loop
      vertex 1.53204 -17.56 34.6338
      vertex 1.8056 -19.15 34.7977
      vertex 1.8056 -17.56 34.7977
    endloop
  endfacet
  facet normal -0.513952 0 0.857819
    outer loop
      vertex 1.8056 -19.15 34.7977
      vertex 1.53204 -17.56 34.6338
      vertex 1.53204 -19.15 34.6338
    endloop
  endfacet
  facet normal 0.337036 0 0.941492
    outer loop
      vertex -1.24372 -17.56 34.4974
      vertex -0.943425 -19.15 34.3899
      vertex -0.943425 -17.56 34.3899
    endloop
  endfacet
  facet normal 0.337036 0 0.941492
    outer loop
      vertex -0.943425 -19.15 34.3899
      vertex -1.24372 -17.56 34.4974
      vertex -1.24372 -19.15 34.4974
    endloop
  endfacet
  facet normal 0.903972 -0 0.427592
    outer loop
      vertex -3.00261 -19.15 36.2563
      vertex -2.86624 -17.56 35.968
      vertex -3.00261 -17.56 36.2563
    endloop
  endfacet
  facet normal 0.903972 0 0.427592
    outer loop
      vertex -2.86624 -17.56 35.968
      vertex -3.00261 -19.15 36.2563
      vertex -2.86624 -19.15 35.968
    endloop
  endfacet
  facet normal 0.903972 0 -0.427592
    outer loop
      vertex -2.86624 -19.15 39.032
      vertex -3.00261 -17.56 38.7437
      vertex -2.86624 -17.56 39.032
    endloop
  endfacet
  facet normal 0.903972 0 -0.427592
    outer loop
      vertex -3.00261 -17.56 38.7437
      vertex -2.86624 -19.15 39.032
      vertex -3.00261 -19.15 38.7437
    endloop
  endfacet
  facet normal -0.970039 0 0.242949
    outer loop
      vertex 3.11006 -19.15 36.5566
      vertex 3.18755 -17.56 36.866
      vertex 3.11006 -17.56 36.5566
    endloop
  endfacet
  facet normal -0.970039 0 0.242949
    outer loop
      vertex 3.18755 -17.56 36.866
      vertex 3.11006 -19.15 36.5566
      vertex 3.18755 -19.15 36.866
    endloop
  endfacet
  facet normal -0.941543 0 0.336892
    outer loop
      vertex 3.00261 -19.15 36.2563
      vertex 3.11006 -17.56 36.5566
      vertex 3.00261 -17.56 36.2563
    endloop
  endfacet
  facet normal -0.941543 0 0.336892
    outer loop
      vertex 3.11006 -17.56 36.5566
      vertex 3.00261 -19.15 36.2563
      vertex 3.11006 -19.15 36.5566
    endloop
  endfacet
  facet normal -0.740935 0 0.671576
    outer loop
      vertex 2.2981 -19.15 35.2019
      vertex 2.51228 -17.56 35.4382
      vertex 2.2981 -17.56 35.2019
    endloop
  endfacet
  facet normal -0.740935 0 0.671576
    outer loop
      vertex 2.51228 -17.56 35.4382
      vertex 2.2981 -19.15 35.2019
      vertex 2.51228 -19.15 35.4382
    endloop
  endfacet
  facet normal -0.427644 0 0.903947
    outer loop
      vertex 1.24372 -17.56 34.4974
      vertex 1.53204 -19.15 34.6338
      vertex 1.53204 -17.56 34.6338
    endloop
  endfacet
  facet normal -0.427644 0 0.903947
    outer loop
      vertex 1.53204 -19.15 34.6338
      vertex 1.24372 -17.56 34.4974
      vertex 1.24372 -19.15 34.4974
    endloop
  endfacet
  facet normal 0.595707 0 0.803202
    outer loop
      vertex -2.06178 -17.56 34.9877
      vertex -1.8056 -19.15 34.7977
      vertex -1.8056 -17.56 34.7977
    endloop
  endfacet
  facet normal 0.595707 0 0.803202
    outer loop
      vertex -1.8056 -19.15 34.7977
      vertex -2.06178 -17.56 34.9877
      vertex -2.06178 -19.15 34.9877
    endloop
  endfacet
  facet normal -0.857769 0 -0.514035
    outer loop
      vertex 2.86624 -19.15 39.032
      vertex 2.70228 -17.56 39.3056
      vertex 2.86624 -17.56 39.032
    endloop
  endfacet
  facet normal -0.857769 -0 -0.514035
    outer loop
      vertex 2.70228 -17.56 39.3056
      vertex 2.86624 -19.15 39.032
      vertex 2.70228 -19.15 39.3056
    endloop
  endfacet
  facet normal -0.242992 0 -0.970028
    outer loop
      vertex 0.634043 -19.15 40.6876
      vertex 0.943425 -17.56 40.6101
      vertex 0.943425 -19.15 40.6101
    endloop
  endfacet
  facet normal -0.242992 0 -0.970028
    outer loop
      vertex 0.943425 -17.56 40.6101
      vertex 0.634043 -19.15 40.6876
      vertex 0.634043 -17.56 40.6876
    endloop
  endfacet
  facet normal -0.740935 0 -0.671576
    outer loop
      vertex 2.51228 -19.15 39.5618
      vertex 2.2981 -17.56 39.7981
      vertex 2.51228 -17.56 39.5618
    endloop
  endfacet
  facet normal -0.740935 -0 -0.671576
    outer loop
      vertex 2.2981 -17.56 39.7981
      vertex 2.51228 -19.15 39.5618
      vertex 2.2981 -19.15 39.7981
    endloop
  endfacet
  facet normal 0.0489125 0 -0.998803
    outer loop
      vertex -0.318555 -19.15 40.7344
      vertex 0 -17.56 40.75
      vertex 0 -19.15 40.75
    endloop
  endfacet
  facet normal 0.0489125 0 -0.998803
    outer loop
      vertex 0 -17.56 40.75
      vertex -0.318555 -19.15 40.7344
      vertex -0.318555 -17.56 40.7344
    endloop
  endfacet
  facet normal 0.513952 0 -0.857819
    outer loop
      vertex -1.8056 -19.15 40.2023
      vertex -1.53204 -17.56 40.3662
      vertex -1.53204 -19.15 40.3662
    endloop
  endfacet
  facet normal 0.513952 0 -0.857819
    outer loop
      vertex -1.53204 -17.56 40.3662
      vertex -1.8056 -19.15 40.2023
      vertex -1.8056 -17.56 40.2023
    endloop
  endfacet
  facet normal 0.595707 0 -0.803202
    outer loop
      vertex -2.06178 -19.15 40.0123
      vertex -1.8056 -17.56 40.2023
      vertex -1.8056 -19.15 40.2023
    endloop
  endfacet
  facet normal 0.595707 0 -0.803202
    outer loop
      vertex -1.8056 -17.56 40.2023
      vertex -2.06178 -19.15 40.0123
      vertex -2.06178 -17.56 40.0123
    endloop
  endfacet
  facet normal 0.740935 0 -0.671576
    outer loop
      vertex -2.2981 -19.15 39.7981
      vertex -2.51228 -17.56 39.5618
      vertex -2.2981 -17.56 39.7981
    endloop
  endfacet
  facet normal 0.740935 0 -0.671576
    outer loop
      vertex -2.51228 -17.56 39.5618
      vertex -2.2981 -19.15 39.7981
      vertex -2.51228 -19.15 39.5618
    endloop
  endfacet
  facet normal -0.98917 0 0.146776
    outer loop
      vertex 3.18755 -19.15 36.866
      vertex 3.23435 -17.56 37.1814
      vertex 3.18755 -17.56 36.866
    endloop
  endfacet
  facet normal -0.98917 0 0.146776
    outer loop
      vertex 3.23435 -17.56 37.1814
      vertex 3.18755 -19.15 36.866
      vertex 3.23435 -19.15 37.1814
    endloop
  endfacet
  facet normal -0.903972 0 0.427592
    outer loop
      vertex 2.86624 -19.15 35.968
      vertex 3.00261 -17.56 36.2563
      vertex 2.86624 -17.56 35.968
    endloop
  endfacet
  facet normal -0.903972 0 0.427592
    outer loop
      vertex 3.00261 -17.56 36.2563
      vertex 2.86624 -19.15 35.968
      vertex 3.00261 -19.15 36.2563
    endloop
  endfacet
  facet normal -0.857769 0 0.514035
    outer loop
      vertex 2.70228 -19.15 35.6944
      vertex 2.86624 -17.56 35.968
      vertex 2.70228 -17.56 35.6944
    endloop
  endfacet
  facet normal -0.857769 0 0.514035
    outer loop
      vertex 2.86624 -17.56 35.968
      vertex 2.70228 -19.15 35.6944
      vertex 2.86624 -19.15 35.968
    endloop
  endfacet
  facet normal -0.803224 0 0.595677
    outer loop
      vertex 2.51228 -19.15 35.4382
      vertex 2.70228 -17.56 35.6944
      vertex 2.51228 -17.56 35.4382
    endloop
  endfacet
  facet normal -0.803224 0 0.595677
    outer loop
      vertex 2.70228 -17.56 35.6944
      vertex 2.51228 -19.15 35.4382
      vertex 2.70228 -19.15 35.6944
    endloop
  endfacet
  facet normal -0.67158 0 0.740932
    outer loop
      vertex 2.06178 -17.56 34.9877
      vertex 2.2981 -19.15 35.2019
      vertex 2.2981 -17.56 35.2019
    endloop
  endfacet
  facet normal -0.67158 0 0.740932
    outer loop
      vertex 2.2981 -19.15 35.2019
      vertex 2.06178 -17.56 34.9877
      vertex 2.06178 -19.15 34.9877
    endloop
  endfacet
  facet normal 0.0489125 0 0.998803
    outer loop
      vertex -0.318555 -17.56 34.2656
      vertex 0 -19.15 34.25
      vertex 0 -17.56 34.25
    endloop
  endfacet
  facet normal 0.0489125 0 0.998803
    outer loop
      vertex 0 -19.15 34.25
      vertex -0.318555 -17.56 34.2656
      vertex -0.318555 -19.15 34.2656
    endloop
  endfacet
  facet normal -0.337036 0 0.941492
    outer loop
      vertex 0.943425 -17.56 34.3899
      vertex 1.24372 -19.15 34.4974
      vertex 1.24372 -17.56 34.4974
    endloop
  endfacet
  facet normal -0.337036 0 0.941492
    outer loop
      vertex 1.24372 -19.15 34.4974
      vertex 0.943425 -17.56 34.3899
      vertex 0.943425 -19.15 34.3899
    endloop
  endfacet
  facet normal -0.146736 0 0.989176
    outer loop
      vertex 0.318555 -17.56 34.2656
      vertex 0.634043 -19.15 34.3124
      vertex 0.634043 -17.56 34.3124
    endloop
  endfacet
  facet normal -0.146736 0 0.989176
    outer loop
      vertex 0.634043 -19.15 34.3124
      vertex 0.318555 -17.56 34.2656
      vertex 0.318555 -19.15 34.2656
    endloop
  endfacet
  facet normal 0.998796 -0 0.049062
    outer loop
      vertex -3.25 -19.15 37.5
      vertex -3.23435 -17.56 37.1814
      vertex -3.25 -17.56 37.5
    endloop
  endfacet
  facet normal 0.998796 0 0.049062
    outer loop
      vertex -3.23435 -17.56 37.1814
      vertex -3.25 -19.15 37.5
      vertex -3.23435 -19.15 37.1814
    endloop
  endfacet
  facet normal 0.970039 -0 0.242949
    outer loop
      vertex -3.18755 -19.15 36.866
      vertex -3.11006 -17.56 36.5566
      vertex -3.18755 -17.56 36.866
    endloop
  endfacet
  facet normal 0.970039 0 0.242949
    outer loop
      vertex -3.11006 -17.56 36.5566
      vertex -3.18755 -19.15 36.866
      vertex -3.11006 -19.15 36.5566
    endloop
  endfacet
  facet normal 0.740935 -0 0.671576
    outer loop
      vertex -2.51228 -19.15 35.4382
      vertex -2.2981 -17.56 35.2019
      vertex -2.51228 -17.56 35.4382
    endloop
  endfacet
  facet normal 0.740935 0 0.671576
    outer loop
      vertex -2.2981 -17.56 35.2019
      vertex -2.51228 -19.15 35.4382
      vertex -2.2981 -19.15 35.2019
    endloop
  endfacet
  facet normal 0.803224 -0 0.595677
    outer loop
      vertex -2.70228 -19.15 35.6944
      vertex -2.51228 -17.56 35.4382
      vertex -2.70228 -17.56 35.6944
    endloop
  endfacet
  facet normal 0.803224 0 0.595677
    outer loop
      vertex -2.51228 -17.56 35.4382
      vertex -2.70228 -19.15 35.6944
      vertex -2.51228 -19.15 35.4382
    endloop
  endfacet
  facet normal 0.146736 0 0.989176
    outer loop
      vertex -0.634043 -17.56 34.3124
      vertex -0.318555 -19.15 34.2656
      vertex -0.318555 -17.56 34.2656
    endloop
  endfacet
  facet normal 0.146736 0 0.989176
    outer loop
      vertex -0.318555 -19.15 34.2656
      vertex -0.634043 -17.56 34.3124
      vertex -0.634043 -19.15 34.3124
    endloop
  endfacet
  facet normal 0.242992 0 0.970028
    outer loop
      vertex -0.943425 -17.56 34.3899
      vertex -0.634043 -19.15 34.3124
      vertex -0.634043 -17.56 34.3124
    endloop
  endfacet
  facet normal 0.242992 0 0.970028
    outer loop
      vertex -0.634043 -19.15 34.3124
      vertex -0.943425 -17.56 34.3899
      vertex -0.943425 -19.15 34.3899
    endloop
  endfacet
  facet normal 0.427644 0 0.903947
    outer loop
      vertex -1.53204 -17.56 34.6338
      vertex -1.24372 -19.15 34.4974
      vertex -1.24372 -17.56 34.4974
    endloop
  endfacet
  facet normal 0.427644 0 0.903947
    outer loop
      vertex -1.24372 -19.15 34.4974
      vertex -1.53204 -17.56 34.6338
      vertex -1.53204 -19.15 34.6338
    endloop
  endfacet
  facet normal 0.513952 0 0.857819
    outer loop
      vertex -1.8056 -17.56 34.7977
      vertex -1.53204 -19.15 34.6338
      vertex -1.53204 -17.56 34.6338
    endloop
  endfacet
  facet normal 0.513952 0 0.857819
    outer loop
      vertex -1.53204 -19.15 34.6338
      vertex -1.8056 -17.56 34.7977
      vertex -1.8056 -19.15 34.7977
    endloop
  endfacet
  facet normal 0.67158 0 0.740932
    outer loop
      vertex -2.2981 -17.56 35.2019
      vertex -2.06178 -19.15 34.9877
      vertex -2.06178 -17.56 34.9877
    endloop
  endfacet
  facet normal 0.67158 0 0.740932
    outer loop
      vertex -2.06178 -19.15 34.9877
      vertex -2.2981 -17.56 35.2019
      vertex -2.2981 -19.15 35.2019
    endloop
  endfacet
  facet normal -0.998796 0 0.049062
    outer loop
      vertex 3.23435 -19.15 37.1814
      vertex 3.25 -17.56 37.5
      vertex 3.23435 -17.56 37.1814
    endloop
  endfacet
  facet normal -0.998796 0 0.049062
    outer loop
      vertex 3.25 -17.56 37.5
      vertex 3.23435 -19.15 37.1814
      vertex 3.25 -19.15 37.5
    endloop
  endfacet
  facet normal -0.98917 0 -0.146776
    outer loop
      vertex 3.23435 -19.15 37.8186
      vertex 3.18755 -17.56 38.134
      vertex 3.23435 -17.56 37.8186
    endloop
  endfacet
  facet normal -0.98917 -0 -0.146776
    outer loop
      vertex 3.18755 -17.56 38.134
      vertex 3.23435 -19.15 37.8186
      vertex 3.18755 -19.15 38.134
    endloop
  endfacet
  facet normal -0.0489125 0 -0.998803
    outer loop
      vertex 0 -19.15 40.75
      vertex 0.318555 -17.56 40.7344
      vertex 0.318555 -19.15 40.7344
    endloop
  endfacet
  facet normal -0.0489125 0 -0.998803
    outer loop
      vertex 0.318555 -17.56 40.7344
      vertex 0 -19.15 40.75
      vertex 0 -17.56 40.75
    endloop
  endfacet
  facet normal -0.803224 0 -0.595677
    outer loop
      vertex 2.70228 -19.15 39.3056
      vertex 2.51228 -17.56 39.5618
      vertex 2.70228 -17.56 39.3056
    endloop
  endfacet
  facet normal -0.803224 -0 -0.595677
    outer loop
      vertex 2.51228 -17.56 39.5618
      vertex 2.70228 -19.15 39.3056
      vertex 2.51228 -19.15 39.5618
    endloop
  endfacet
  facet normal -0.146736 0 -0.989176
    outer loop
      vertex 0.318555 -19.15 40.7344
      vertex 0.634043 -17.56 40.6876
      vertex 0.634043 -19.15 40.6876
    endloop
  endfacet
  facet normal -0.146736 0 -0.989176
    outer loop
      vertex 0.634043 -17.56 40.6876
      vertex 0.318555 -19.15 40.7344
      vertex 0.318555 -17.56 40.7344
    endloop
  endfacet
  facet normal -0.427644 0 -0.903947
    outer loop
      vertex 1.24372 -19.15 40.5026
      vertex 1.53204 -17.56 40.3662
      vertex 1.53204 -19.15 40.3662
    endloop
  endfacet
  facet normal -0.427644 0 -0.903947
    outer loop
      vertex 1.53204 -17.56 40.3662
      vertex 1.24372 -19.15 40.5026
      vertex 1.24372 -17.56 40.5026
    endloop
  endfacet
  facet normal 0.242992 0 -0.970028
    outer loop
      vertex -0.943425 -19.15 40.6101
      vertex -0.634043 -17.56 40.6876
      vertex -0.634043 -19.15 40.6876
    endloop
  endfacet
  facet normal 0.242992 0 -0.970028
    outer loop
      vertex -0.634043 -17.56 40.6876
      vertex -0.943425 -19.15 40.6101
      vertex -0.943425 -17.56 40.6101
    endloop
  endfacet
  facet normal 0.337036 0 -0.941492
    outer loop
      vertex -1.24372 -19.15 40.5026
      vertex -0.943425 -17.56 40.6101
      vertex -0.943425 -19.15 40.6101
    endloop
  endfacet
  facet normal 0.337036 0 -0.941492
    outer loop
      vertex -0.943425 -17.56 40.6101
      vertex -1.24372 -19.15 40.5026
      vertex -1.24372 -17.56 40.5026
    endloop
  endfacet
  facet normal 0.146736 0 -0.989176
    outer loop
      vertex -0.634043 -19.15 40.6876
      vertex -0.318555 -17.56 40.7344
      vertex -0.318555 -19.15 40.7344
    endloop
  endfacet
  facet normal 0.146736 0 -0.989176
    outer loop
      vertex -0.318555 -17.56 40.7344
      vertex -0.634043 -19.15 40.6876
      vertex -0.634043 -17.56 40.6876
    endloop
  endfacet
  facet normal 0.427644 0 -0.903947
    outer loop
      vertex -1.53204 -19.15 40.3662
      vertex -1.24372 -17.56 40.5026
      vertex -1.24372 -19.15 40.5026
    endloop
  endfacet
  facet normal 0.427644 0 -0.903947
    outer loop
      vertex -1.24372 -17.56 40.5026
      vertex -1.53204 -19.15 40.3662
      vertex -1.53204 -17.56 40.3662
    endloop
  endfacet
  facet normal 0.67158 0 -0.740932
    outer loop
      vertex -2.2981 -19.15 39.7981
      vertex -2.06178 -17.56 40.0123
      vertex -2.06178 -19.15 40.0123
    endloop
  endfacet
  facet normal 0.67158 0 -0.740932
    outer loop
      vertex -2.06178 -17.56 40.0123
      vertex -2.2981 -19.15 39.7981
      vertex -2.2981 -17.56 39.7981
    endloop
  endfacet
  facet normal 0.970039 0 -0.242949
    outer loop
      vertex -3.11006 -19.15 38.4434
      vertex -3.18755 -17.56 38.134
      vertex -3.11006 -17.56 38.4434
    endloop
  endfacet
  facet normal 0.970039 0 -0.242949
    outer loop
      vertex -3.18755 -17.56 38.134
      vertex -3.11006 -19.15 38.4434
      vertex -3.18755 -19.15 38.134
    endloop
  endfacet
  facet normal 0.998796 0 -0.049062
    outer loop
      vertex -3.23435 -19.15 37.8186
      vertex -3.25 -17.56 37.5
      vertex -3.23435 -17.56 37.8186
    endloop
  endfacet
  facet normal 0.998796 0 -0.049062
    outer loop
      vertex -3.25 -17.56 37.5
      vertex -3.23435 -19.15 37.8186
      vertex -3.25 -19.15 37.5
    endloop
  endfacet
  facet normal 0.803224 0 -0.595677
    outer loop
      vertex -2.51228 -19.15 39.5618
      vertex -2.70228 -17.56 39.3056
      vertex -2.51228 -17.56 39.5618
    endloop
  endfacet
  facet normal 0.803224 0 -0.595677
    outer loop
      vertex -2.70228 -17.56 39.3056
      vertex -2.51228 -19.15 39.5618
      vertex -2.70228 -19.15 39.3056
    endloop
  endfacet
  facet normal -0.0489125 0 0.998803
    outer loop
      vertex 0 -17.56 34.25
      vertex 0.318555 -19.15 34.2656
      vertex 0.318555 -17.56 34.2656
    endloop
  endfacet
  facet normal -0.0489125 0 0.998803
    outer loop
      vertex 0.318555 -19.15 34.2656
      vertex 0 -17.56 34.25
      vertex 0 -19.15 34.25
    endloop
  endfacet
  facet normal -0.242992 0 0.970028
    outer loop
      vertex 0.634043 -17.56 34.3124
      vertex 0.943425 -19.15 34.3899
      vertex 0.943425 -17.56 34.3899
    endloop
  endfacet
  facet normal -0.242992 0 0.970028
    outer loop
      vertex 0.943425 -19.15 34.3899
      vertex 0.634043 -17.56 34.3124
      vertex 0.634043 -19.15 34.3124
    endloop
  endfacet
  facet normal 0 -1 0
    outer loop
      vertex 0 -17.56 39.15
      vertex 0 -17.56 40.75
      vertex -0.318555 -17.56 40.7344
    endloop
  endfacet
  facet normal 0 -1 0
    outer loop
      vertex -0.161728 -17.56 39.1421
      vertex -0.318555 -17.56 40.7344
      vertex -0.634043 -17.56 40.6876
    endloop
  endfacet
  facet normal 0 -1 0
    outer loop
      vertex 0 -17.56 40.75
      vertex 0 -17.56 39.15
      vertex 0.318555 -17.56 40.7344
    endloop
  endfacet
  facet normal 0 -1 0
    outer loop
      vertex -0.321898 -17.56 39.1183
      vertex -0.634043 -17.56 40.6876
      vertex -0.943425 -17.56 40.6101
    endloop
  endfacet
  facet normal 0 -1 0
    outer loop
      vertex 0.161728 -17.56 39.1421
      vertex 0.318555 -17.56 40.7344
      vertex 0 -17.56 39.15
    endloop
  endfacet
  facet normal 0 -1 0
    outer loop
      vertex -0.47897 -17.56 39.0789
      vertex -0.943425 -17.56 40.6101
      vertex -1.24372 -17.56 40.5026
    endloop
  endfacet
  facet normal 0 -1 -0
    outer loop
      vertex 0.318555 -17.56 40.7344
      vertex 0.161728 -17.56 39.1421
      vertex 0.634043 -17.56 40.6876
    endloop
  endfacet
  facet normal 0 -1 0
    outer loop
      vertex -0.631427 -17.56 39.0244
      vertex -1.24372 -17.56 40.5026
      vertex -1.53204 -17.56 40.3662
    endloop
  endfacet
  facet normal 0 -1 0
    outer loop
      vertex 0.321898 -17.56 39.1183
      vertex 0.634043 -17.56 40.6876
      vertex 0.161728 -17.56 39.1421
    endloop
  endfacet
  facet normal 0 -1 0
    outer loop
      vertex -0.777804 -17.56 38.9552
      vertex -1.53204 -17.56 40.3662
      vertex -1.8056 -17.56 40.2023
    endloop
  endfacet
  facet normal 0 -1 -0
    outer loop
      vertex 0.634043 -17.56 40.6876
      vertex 0.321898 -17.56 39.1183
      vertex 0.943425 -17.56 40.6101
    endloop
  endfacet
  facet normal 0 -1 0
    outer loop
      vertex -0.916691 -17.56 38.8719
      vertex -1.8056 -17.56 40.2023
      vertex -2.06178 -17.56 40.0123
    endloop
  endfacet
  facet normal 0 -1 0
    outer loop
      vertex 0.47897 -17.56 39.0789
      vertex 0.943425 -17.56 40.6101
      vertex 0.321898 -17.56 39.1183
    endloop
  endfacet
  facet normal 0 -1 0
    outer loop
      vertex -1.04675 -17.56 38.7755
      vertex -2.06178 -17.56 40.0123
      vertex -2.2981 -17.56 39.7981
    endloop
  endfacet
  facet normal 0 -1 -0
    outer loop
      vertex 0.943425 -17.56 40.6101
      vertex 0.47897 -17.56 39.0789
      vertex 1.24372 -17.56 40.5026
    endloop
  endfacet
  facet normal 0 -1 0
    outer loop
      vertex -1.16673 -17.56 38.6667
      vertex -2.2981 -17.56 39.7981
      vertex -2.51228 -17.56 39.5618
    endloop
  endfacet
  facet normal 0 -1 0
    outer loop
      vertex 0.631427 -17.56 39.0244
      vertex 1.24372 -17.56 40.5026
      vertex 0.47897 -17.56 39.0789
    endloop
  endfacet
  facet normal 0 -1 0
    outer loop
      vertex -1.27547 -17.56 38.5467
      vertex -2.51228 -17.56 39.5618
      vertex -2.70228 -17.56 39.3056
    endloop
  endfacet
  facet normal 0 -1 -0
    outer loop
      vertex 1.24372 -17.56 40.5026
      vertex 0.631427 -17.56 39.0244
      vertex 1.53204 -17.56 40.3662
    endloop
  endfacet
  facet normal 0 -1 0
    outer loop
      vertex 0.777804 -17.56 38.9552
      vertex 1.53204 -17.56 40.3662
      vertex 0.631427 -17.56 39.0244
    endloop
  endfacet
  facet normal 0 -1 0
    outer loop
      vertex -0.318555 -17.56 40.7344
      vertex -0.161728 -17.56 39.1421
      vertex 0 -17.56 39.15
    endloop
  endfacet
  facet normal 0 -1 0
    outer loop
      vertex -0.634043 -17.56 40.6876
      vertex -0.321898 -17.56 39.1183
      vertex -0.161728 -17.56 39.1421
    endloop
  endfacet
  facet normal 0 -1 0
    outer loop
      vertex -0.943425 -17.56 40.6101
      vertex -0.47897 -17.56 39.0789
      vertex -0.321898 -17.56 39.1183
    endloop
  endfacet
  facet normal 0 -1 0
    outer loop
      vertex -1.37192 -17.56 38.4167
      vertex -2.70228 -17.56 39.3056
      vertex -2.86624 -17.56 39.032
    endloop
  endfacet
  facet normal 0 -1 0
    outer loop
      vertex -1.24372 -17.56 40.5026
      vertex -0.631427 -17.56 39.0244
      vertex -0.47897 -17.56 39.0789
    endloop
  endfacet
  facet normal 0 -1 0
    outer loop
      vertex -1.53204 -17.56 40.3662
      vertex -0.777804 -17.56 38.9552
      vertex -0.631427 -17.56 39.0244
    endloop
  endfacet
  facet normal 0 -1 0
    outer loop
      vertex -1.8056 -17.56 40.2023
      vertex -0.916691 -17.56 38.8719
      vertex -0.777804 -17.56 38.9552
    endloop
  endfacet
  facet normal 0 -1 0
    outer loop
      vertex -2.06178 -17.56 40.0123
      vertex -1.04675 -17.56 38.7755
      vertex -0.916691 -17.56 38.8719
    endloop
  endfacet
  facet normal 0 -1 0
    outer loop
      vertex -1.45517 -17.56 38.2778
      vertex -2.86624 -17.56 39.032
      vertex -3.00261 -17.56 38.7437
    endloop
  endfacet
  facet normal 0 -1 0
    outer loop
      vertex -2.2981 -17.56 39.7981
      vertex -1.16673 -17.56 38.6667
      vertex -1.04675 -17.56 38.7755
    endloop
  endfacet
  facet normal 0 -1 0
    outer loop
      vertex -2.51228 -17.56 39.5618
      vertex -1.27547 -17.56 38.5467
      vertex -1.16673 -17.56 38.6667
    endloop
  endfacet
  facet normal 0 -1 0
    outer loop
      vertex -1.5244 -17.56 38.1314
      vertex -3.00261 -17.56 38.7437
      vertex -3.11006 -17.56 38.4434
    endloop
  endfacet
  facet normal 0 -1 0
    outer loop
      vertex -2.70228 -17.56 39.3056
      vertex -1.37192 -17.56 38.4167
      vertex -1.27547 -17.56 38.5467
    endloop
  endfacet
  facet normal 0 -1 0
    outer loop
      vertex -2.86624 -17.56 39.032
      vertex -1.45517 -17.56 38.2778
      vertex -1.37192 -17.56 38.4167
    endloop
  endfacet
  facet normal 0 -1 0
    outer loop
      vertex -1.57895 -17.56 37.979
      vertex -3.11006 -17.56 38.4434
      vertex -3.18755 -17.56 38.134
    endloop
  endfacet
  facet normal 0 -1 0
    outer loop
      vertex -3.00261 -17.56 38.7437
      vertex -1.5244 -17.56 38.1314
      vertex -1.45517 -17.56 38.2778
    endloop
  endfacet
  facet normal 0 -1 0
    outer loop
      vertex -3.11006 -17.56 38.4434
      vertex -1.57895 -17.56 37.979
      vertex -1.5244 -17.56 38.1314
    endloop
  endfacet
  facet normal 0 -1 0
    outer loop
      vertex -3.18755 -17.56 38.134
      vertex -1.6183 -17.56 37.8219
      vertex -1.57895 -17.56 37.979
    endloop
  endfacet
  facet normal 0 -1 0
    outer loop
      vertex -3.23435 -17.56 37.8186
      vertex -1.6183 -17.56 37.8219
      vertex -3.18755 -17.56 38.134
    endloop
  endfacet
  facet normal 0 -1 0
    outer loop
      vertex -3.23435 -17.56 37.8186
      vertex -1.64205 -17.56 37.6617
      vertex -1.6183 -17.56 37.8219
    endloop
  endfacet
  facet normal 0 -1 0
    outer loop
      vertex -3.25 -17.56 37.5
      vertex -1.64205 -17.56 37.6617
      vertex -3.23435 -17.56 37.8186
    endloop
  endfacet
  facet normal 0 -1 0
    outer loop
      vertex -3.25 -17.56 37.5
      vertex -1.65 -17.56 37.5
      vertex -1.64205 -17.56 37.6617
    endloop
  endfacet
  facet normal 0 -1 0
    outer loop
      vertex -3.25 -17.56 37.5
      vertex -1.64205 -17.56 37.3383
      vertex -1.65 -17.56 37.5
    endloop
  endfacet
  facet normal 0 -1 0
    outer loop
      vertex -3.23435 -17.56 37.1814
      vertex -1.64205 -17.56 37.3383
      vertex -3.25 -17.56 37.5
    endloop
  endfacet
  facet normal 0 -1 0
    outer loop
      vertex -3.23435 -17.56 37.1814
      vertex -1.6183 -17.56 37.1781
      vertex -1.64205 -17.56 37.3383
    endloop
  endfacet
  facet normal 0 -1 0
    outer loop
      vertex -3.18755 -17.56 36.866
      vertex -1.6183 -17.56 37.1781
      vertex -3.23435 -17.56 37.1814
    endloop
  endfacet
  facet normal 0 -1 -0
    outer loop
      vertex -1.6183 -17.56 37.1781
      vertex -3.18755 -17.56 36.866
      vertex -1.57895 -17.56 37.021
    endloop
  endfacet
  facet normal 0 -1 0
    outer loop
      vertex -3.11006 -17.56 36.5566
      vertex -1.57895 -17.56 37.021
      vertex -3.18755 -17.56 36.866
    endloop
  endfacet
  facet normal 0 -1 -0
    outer loop
      vertex -1.57895 -17.56 37.021
      vertex -3.11006 -17.56 36.5566
      vertex -1.5244 -17.56 36.8686
    endloop
  endfacet
  facet normal 0 -1 0
    outer loop
      vertex -3.00261 -17.56 36.2563
      vertex -1.5244 -17.56 36.8686
      vertex -3.11006 -17.56 36.5566
    endloop
  endfacet
  facet normal 0 -1 -0
    outer loop
      vertex -1.5244 -17.56 36.8686
      vertex -3.00261 -17.56 36.2563
      vertex -1.45517 -17.56 36.7222
    endloop
  endfacet
  facet normal 0 -1 0
    outer loop
      vertex -2.86624 -17.56 35.968
      vertex -1.45517 -17.56 36.7222
      vertex -3.00261 -17.56 36.2563
    endloop
  endfacet
  facet normal 0 -1 -0
    outer loop
      vertex -1.45517 -17.56 36.7222
      vertex -2.86624 -17.56 35.968
      vertex -1.37192 -17.56 36.5833
    endloop
  endfacet
  facet normal 0 -1 0
    outer loop
      vertex -2.70228 -17.56 35.6944
      vertex -1.37192 -17.56 36.5833
      vertex -2.86624 -17.56 35.968
    endloop
  endfacet
  facet normal 0 -1 -0
    outer loop
      vertex -1.37192 -17.56 36.5833
      vertex -2.70228 -17.56 35.6944
      vertex -1.27547 -17.56 36.4533
    endloop
  endfacet
  facet normal 0 -1 0
    outer loop
      vertex -2.51228 -17.56 35.4382
      vertex -1.27547 -17.56 36.4533
      vertex -2.70228 -17.56 35.6944
    endloop
  endfacet
  facet normal 0 -1 -0
    outer loop
      vertex -1.27547 -17.56 36.4533
      vertex -2.51228 -17.56 35.4382
      vertex -1.16673 -17.56 36.3333
    endloop
  endfacet
  facet normal 0 -1 0
    outer loop
      vertex -2.2981 -17.56 35.2019
      vertex -1.16673 -17.56 36.3333
      vertex -2.51228 -17.56 35.4382
    endloop
  endfacet
  facet normal 0 -1 -0
    outer loop
      vertex -1.16673 -17.56 36.3333
      vertex -2.2981 -17.56 35.2019
      vertex -1.04675 -17.56 36.2245
    endloop
  endfacet
  facet normal 0 -1 0
    outer loop
      vertex -2.06178 -17.56 34.9877
      vertex -1.04675 -17.56 36.2245
      vertex -2.2981 -17.56 35.2019
    endloop
  endfacet
  facet normal 0 -1 -0
    outer loop
      vertex -1.04675 -17.56 36.2245
      vertex -2.06178 -17.56 34.9877
      vertex -0.916691 -17.56 36.1281
    endloop
  endfacet
  facet normal 0 -1 0
    outer loop
      vertex -1.8056 -17.56 34.7977
      vertex -0.916691 -17.56 36.1281
      vertex -2.06178 -17.56 34.9877
    endloop
  endfacet
  facet normal 0 -1 -0
    outer loop
      vertex -0.916691 -17.56 36.1281
      vertex -1.8056 -17.56 34.7977
      vertex -0.777804 -17.56 36.0448
    endloop
  endfacet
  facet normal 0 -1 0
    outer loop
      vertex -1.53204 -17.56 34.6338
      vertex -0.777804 -17.56 36.0448
      vertex -1.8056 -17.56 34.7977
    endloop
  endfacet
  facet normal 0 -1 -0
    outer loop
      vertex 1.53204 -17.56 40.3662
      vertex 0.777804 -17.56 38.9552
      vertex 1.8056 -17.56 40.2023
    endloop
  endfacet
  facet normal 0 -1 0
    outer loop
      vertex 0.916691 -17.56 38.8719
      vertex 1.8056 -17.56 40.2023
      vertex 0.777804 -17.56 38.9552
    endloop
  endfacet
  facet normal 0 -1 -0
    outer loop
      vertex 1.8056 -17.56 40.2023
      vertex 0.916691 -17.56 38.8719
      vertex 2.06178 -17.56 40.0123
    endloop
  endfacet
  facet normal 0 -1 0
    outer loop
      vertex 1.04675 -17.56 38.7755
      vertex 2.06178 -17.56 40.0123
      vertex 0.916691 -17.56 38.8719
    endloop
  endfacet
  facet normal 0 -1 -0
    outer loop
      vertex 2.06178 -17.56 40.0123
      vertex 1.04675 -17.56 38.7755
      vertex 2.2981 -17.56 39.7981
    endloop
  endfacet
  facet normal 0 -1 0
    outer loop
      vertex 1.16673 -17.56 38.6667
      vertex 2.2981 -17.56 39.7981
      vertex 1.04675 -17.56 38.7755
    endloop
  endfacet
  facet normal 0 -1 -0
    outer loop
      vertex 2.2981 -17.56 39.7981
      vertex 1.16673 -17.56 38.6667
      vertex 2.51228 -17.56 39.5618
    endloop
  endfacet
  facet normal 0 -1 0
    outer loop
      vertex 1.27547 -17.56 38.5467
      vertex 2.51228 -17.56 39.5618
      vertex 1.16673 -17.56 38.6667
    endloop
  endfacet
  facet normal 0 -1 -0
    outer loop
      vertex 2.51228 -17.56 39.5618
      vertex 1.27547 -17.56 38.5467
      vertex 2.70228 -17.56 39.3056
    endloop
  endfacet
  facet normal 0 -1 0
    outer loop
      vertex 1.37192 -17.56 38.4167
      vertex 2.70228 -17.56 39.3056
      vertex 1.27547 -17.56 38.5467
    endloop
  endfacet
  facet normal 0 -1 -0
    outer loop
      vertex 2.70228 -17.56 39.3056
      vertex 1.37192 -17.56 38.4167
      vertex 2.86624 -17.56 39.032
    endloop
  endfacet
  facet normal 0 -1 0
    outer loop
      vertex 1.45517 -17.56 38.2778
      vertex 2.86624 -17.56 39.032
      vertex 1.37192 -17.56 38.4167
    endloop
  endfacet
  facet normal 0 -1 -0
    outer loop
      vertex 2.86624 -17.56 39.032
      vertex 1.45517 -17.56 38.2778
      vertex 3.00261 -17.56 38.7437
    endloop
  endfacet
  facet normal 0 -1 0
    outer loop
      vertex 1.5244 -17.56 38.1314
      vertex 3.00261 -17.56 38.7437
      vertex 1.45517 -17.56 38.2778
    endloop
  endfacet
  facet normal 0 -1 -0
    outer loop
      vertex 3.00261 -17.56 38.7437
      vertex 1.5244 -17.56 38.1314
      vertex 3.11006 -17.56 38.4434
    endloop
  endfacet
  facet normal 0 -1 0
    outer loop
      vertex 1.57895 -17.56 37.979
      vertex 3.11006 -17.56 38.4434
      vertex 1.5244 -17.56 38.1314
    endloop
  endfacet
  facet normal 0 -1 -0
    outer loop
      vertex 3.11006 -17.56 38.4434
      vertex 1.57895 -17.56 37.979
      vertex 3.18755 -17.56 38.134
    endloop
  endfacet
  facet normal 0 -1 0
    outer loop
      vertex 1.6183 -17.56 37.8219
      vertex 3.18755 -17.56 38.134
      vertex 1.57895 -17.56 37.979
    endloop
  endfacet
  facet normal 0 -1 0
    outer loop
      vertex 1.6183 -17.56 37.8219
      vertex 3.23435 -17.56 37.8186
      vertex 3.18755 -17.56 38.134
    endloop
  endfacet
  facet normal 0 -1 0
    outer loop
      vertex 1.64205 -17.56 37.6617
      vertex 3.23435 -17.56 37.8186
      vertex 1.6183 -17.56 37.8219
    endloop
  endfacet
  facet normal 0 -1 0
    outer loop
      vertex 1.65 -17.56 37.5
      vertex 3.23435 -17.56 37.8186
      vertex 1.64205 -17.56 37.6617
    endloop
  endfacet
  facet normal 0 -1 0
    outer loop
      vertex 1.65 -17.56 37.5
      vertex 3.25 -17.56 37.5
      vertex 3.23435 -17.56 37.8186
    endloop
  endfacet
  facet normal 0 -1 0
    outer loop
      vertex 1.64205 -17.56 37.3383
      vertex 3.25 -17.56 37.5
      vertex 1.65 -17.56 37.5
    endloop
  endfacet
  facet normal 0 -1 0
    outer loop
      vertex 1.64205 -17.56 37.3383
      vertex 3.23435 -17.56 37.1814
      vertex 3.25 -17.56 37.5
    endloop
  endfacet
  facet normal 0 -1 0
    outer loop
      vertex 1.6183 -17.56 37.1781
      vertex 3.23435 -17.56 37.1814
      vertex 1.64205 -17.56 37.3383
    endloop
  endfacet
  facet normal 0 -1 0
    outer loop
      vertex 3.18755 -17.56 36.866
      vertex 1.6183 -17.56 37.1781
      vertex 1.57895 -17.56 37.021
    endloop
  endfacet
  facet normal 0 -1 0
    outer loop
      vertex 3.11006 -17.56 36.5566
      vertex 1.57895 -17.56 37.021
      vertex 1.5244 -17.56 36.8686
    endloop
  endfacet
  facet normal 0 -1 0
    outer loop
      vertex 1.6183 -17.56 37.1781
      vertex 3.18755 -17.56 36.866
      vertex 3.23435 -17.56 37.1814
    endloop
  endfacet
  facet normal 0 -1 0
    outer loop
      vertex 3.00261 -17.56 36.2563
      vertex 1.5244 -17.56 36.8686
      vertex 1.45517 -17.56 36.7222
    endloop
  endfacet
  facet normal 0 -1 0
    outer loop
      vertex 2.86624 -17.56 35.968
      vertex 1.45517 -17.56 36.7222
      vertex 1.37192 -17.56 36.5833
    endloop
  endfacet
  facet normal 0 -1 0
    outer loop
      vertex 1.57895 -17.56 37.021
      vertex 3.11006 -17.56 36.5566
      vertex 3.18755 -17.56 36.866
    endloop
  endfacet
  facet normal 0 -1 0
    outer loop
      vertex 2.70228 -17.56 35.6944
      vertex 1.37192 -17.56 36.5833
      vertex 1.27547 -17.56 36.4533
    endloop
  endfacet
  facet normal 0 -1 0
    outer loop
      vertex 2.51228 -17.56 35.4382
      vertex 1.27547 -17.56 36.4533
      vertex 1.16673 -17.56 36.3333
    endloop
  endfacet
  facet normal 0 -1 0
    outer loop
      vertex 1.5244 -17.56 36.8686
      vertex 3.00261 -17.56 36.2563
      vertex 3.11006 -17.56 36.5566
    endloop
  endfacet
  facet normal 0 -1 0
    outer loop
      vertex 2.2981 -17.56 35.2019
      vertex 1.16673 -17.56 36.3333
      vertex 1.04675 -17.56 36.2245
    endloop
  endfacet
  facet normal 0 -1 0
    outer loop
      vertex 2.06178 -17.56 34.9877
      vertex 1.04675 -17.56 36.2245
      vertex 0.916691 -17.56 36.1281
    endloop
  endfacet
  facet normal 0 -1 0
    outer loop
      vertex 1.8056 -17.56 34.7977
      vertex 0.916691 -17.56 36.1281
      vertex 0.777804 -17.56 36.0448
    endloop
  endfacet
  facet normal 0 -1 0
    outer loop
      vertex 1.53204 -17.56 34.6338
      vertex 0.777804 -17.56 36.0448
      vertex 0.631427 -17.56 35.9756
    endloop
  endfacet
  facet normal 0 -1 0
    outer loop
      vertex 1.45517 -17.56 36.7222
      vertex 2.86624 -17.56 35.968
      vertex 3.00261 -17.56 36.2563
    endloop
  endfacet
  facet normal 0 -1 0
    outer loop
      vertex 1.24372 -17.56 34.4974
      vertex 0.631427 -17.56 35.9756
      vertex 0.47897 -17.56 35.921
    endloop
  endfacet
  facet normal 0 -1 0
    outer loop
      vertex 0.943425 -17.56 34.3899
      vertex 0.47897 -17.56 35.921
      vertex 0.321898 -17.56 35.8817
    endloop
  endfacet
  facet normal 0 -1 0
    outer loop
      vertex 0.634043 -17.56 34.3124
      vertex 0.321898 -17.56 35.8817
      vertex 0.161728 -17.56 35.8579
    endloop
  endfacet
  facet normal 0 -1 0
    outer loop
      vertex 0.318555 -17.56 34.2656
      vertex 0.161728 -17.56 35.8579
      vertex 0 -17.56 35.85
    endloop
  endfacet
  facet normal 0 -1 -0
    outer loop
      vertex -0.777804 -17.56 36.0448
      vertex -1.53204 -17.56 34.6338
      vertex -0.631427 -17.56 35.9756
    endloop
  endfacet
  facet normal 0 -1 0
    outer loop
      vertex 1.37192 -17.56 36.5833
      vertex 2.70228 -17.56 35.6944
      vertex 2.86624 -17.56 35.968
    endloop
  endfacet
  facet normal 0 -1 0
    outer loop
      vertex -1.24372 -17.56 34.4974
      vertex -0.631427 -17.56 35.9756
      vertex -1.53204 -17.56 34.6338
    endloop
  endfacet
  facet normal 0 -1 0
    outer loop
      vertex 1.27547 -17.56 36.4533
      vertex 2.51228 -17.56 35.4382
      vertex 2.70228 -17.56 35.6944
    endloop
  endfacet
  facet normal 0 -1 -0
    outer loop
      vertex -0.631427 -17.56 35.9756
      vertex -1.24372 -17.56 34.4974
      vertex -0.47897 -17.56 35.921
    endloop
  endfacet
  facet normal 0 -1 0
    outer loop
      vertex 1.16673 -17.56 36.3333
      vertex 2.2981 -17.56 35.2019
      vertex 2.51228 -17.56 35.4382
    endloop
  endfacet
  facet normal 0 -1 0
    outer loop
      vertex -0.943425 -17.56 34.3899
      vertex -0.47897 -17.56 35.921
      vertex -1.24372 -17.56 34.4974
    endloop
  endfacet
  facet normal 0 -1 0
    outer loop
      vertex 1.04675 -17.56 36.2245
      vertex 2.06178 -17.56 34.9877
      vertex 2.2981 -17.56 35.2019
    endloop
  endfacet
  facet normal 0 -1 -0
    outer loop
      vertex -0.47897 -17.56 35.921
      vertex -0.943425 -17.56 34.3899
      vertex -0.321898 -17.56 35.8817
    endloop
  endfacet
  facet normal 0 -1 0
    outer loop
      vertex 0.916691 -17.56 36.1281
      vertex 1.8056 -17.56 34.7977
      vertex 2.06178 -17.56 34.9877
    endloop
  endfacet
  facet normal 0 -1 0
    outer loop
      vertex -0.634043 -17.56 34.3124
      vertex -0.321898 -17.56 35.8817
      vertex -0.943425 -17.56 34.3899
    endloop
  endfacet
  facet normal 0 -1 0
    outer loop
      vertex 0.777804 -17.56 36.0448
      vertex 1.53204 -17.56 34.6338
      vertex 1.8056 -17.56 34.7977
    endloop
  endfacet
  facet normal 0 -1 -0
    outer loop
      vertex -0.321898 -17.56 35.8817
      vertex -0.634043 -17.56 34.3124
      vertex -0.161728 -17.56 35.8579
    endloop
  endfacet
  facet normal 0 -1 0
    outer loop
      vertex 0.631427 -17.56 35.9756
      vertex 1.24372 -17.56 34.4974
      vertex 1.53204 -17.56 34.6338
    endloop
  endfacet
  facet normal 0 -1 0
    outer loop
      vertex -0.318555 -17.56 34.2656
      vertex -0.161728 -17.56 35.8579
      vertex -0.634043 -17.56 34.3124
    endloop
  endfacet
  facet normal 0 -1 0
    outer loop
      vertex 0.47897 -17.56 35.921
      vertex 0.943425 -17.56 34.3899
      vertex 1.24372 -17.56 34.4974
    endloop
  endfacet
  facet normal 0 -1 -0
    outer loop
      vertex -0.161728 -17.56 35.8579
      vertex -0.318555 -17.56 34.2656
      vertex 0 -17.56 35.85
    endloop
  endfacet
  facet normal 0 -1 0
    outer loop
      vertex 0.321898 -17.56 35.8817
      vertex 0.634043 -17.56 34.3124
      vertex 0.943425 -17.56 34.3899
    endloop
  endfacet
  facet normal 0 -1 0
    outer loop
      vertex 0 -17.56 34.25
      vertex 0 -17.56 35.85
      vertex -0.318555 -17.56 34.2656
    endloop
  endfacet
  facet normal 0 -1 0
    outer loop
      vertex 0.161728 -17.56 35.8579
      vertex 0.318555 -17.56 34.2656
      vertex 0.634043 -17.56 34.3124
    endloop
  endfacet
  facet normal 0 -1 0
    outer loop
      vertex 0 -17.56 35.85
      vertex 0 -17.56 34.25
      vertex 0.318555 -17.56 34.2656
    endloop
  endfacet
  facet normal 0.98917 -0 0.146776
    outer loop
      vertex -3.23435 -19.15 37.1814
      vertex -3.18755 -17.56 36.866
      vertex -3.23435 -17.56 37.1814
    endloop
  endfacet
  facet normal 0.98917 0 0.146776
    outer loop
      vertex -3.18755 -17.56 36.866
      vertex -3.23435 -19.15 37.1814
      vertex -3.18755 -19.15 36.866
    endloop
  endfacet
  facet normal 0.941543 -0 0.336892
    outer loop
      vertex -3.11006 -19.15 36.5566
      vertex -3.00261 -17.56 36.2563
      vertex -3.11006 -17.56 36.5566
    endloop
  endfacet
  facet normal 0.941543 0 0.336892
    outer loop
      vertex -3.00261 -17.56 36.2563
      vertex -3.11006 -19.15 36.5566
      vertex -3.00261 -19.15 36.2563
    endloop
  endfacet
  facet normal 0.857769 -0 0.514035
    outer loop
      vertex -2.86624 -19.15 35.968
      vertex -2.70228 -17.56 35.6944
      vertex -2.86624 -17.56 35.968
    endloop
  endfacet
  facet normal 0.857769 0 0.514035
    outer loop
      vertex -2.70228 -17.56 35.6944
      vertex -2.86624 -19.15 35.968
      vertex -2.70228 -19.15 35.6944
    endloop
  endfacet
  facet normal -0.970039 0 -0.242949
    outer loop
      vertex 3.18755 -19.15 38.134
      vertex 3.11006 -17.56 38.4434
      vertex 3.18755 -17.56 38.134
    endloop
  endfacet
  facet normal -0.970039 -0 -0.242949
    outer loop
      vertex 3.11006 -17.56 38.4434
      vertex 3.18755 -19.15 38.134
      vertex 3.11006 -19.15 38.4434
    endloop
  endfacet
  facet normal -0.903972 0 -0.427592
    outer loop
      vertex 3.00261 -19.15 38.7437
      vertex 2.86624 -17.56 39.032
      vertex 3.00261 -17.56 38.7437
    endloop
  endfacet
  facet normal -0.903972 -0 -0.427592
    outer loop
      vertex 2.86624 -17.56 39.032
      vertex 3.00261 -19.15 38.7437
      vertex 2.86624 -19.15 39.032
    endloop
  endfacet
  facet normal -0.337036 0 -0.941492
    outer loop
      vertex 0.943425 -19.15 40.6101
      vertex 1.24372 -17.56 40.5026
      vertex 1.24372 -19.15 40.5026
    endloop
  endfacet
  facet normal -0.337036 0 -0.941492
    outer loop
      vertex 1.24372 -17.56 40.5026
      vertex 0.943425 -19.15 40.6101
      vertex 0.943425 -17.56 40.6101
    endloop
  endfacet
  facet normal -0.595707 0 -0.803202
    outer loop
      vertex 1.8056 -19.15 40.2023
      vertex 2.06178 -17.56 40.0123
      vertex 2.06178 -19.15 40.0123
    endloop
  endfacet
  facet normal -0.595707 0 -0.803202
    outer loop
      vertex 2.06178 -17.56 40.0123
      vertex 1.8056 -19.15 40.2023
      vertex 1.8056 -17.56 40.2023
    endloop
  endfacet
  facet normal -0.67158 0 -0.740932
    outer loop
      vertex 2.06178 -19.15 40.0123
      vertex 2.2981 -17.56 39.7981
      vertex 2.2981 -19.15 39.7981
    endloop
  endfacet
  facet normal -0.67158 0 -0.740932
    outer loop
      vertex 2.2981 -17.56 39.7981
      vertex 2.06178 -19.15 40.0123
      vertex 2.06178 -17.56 40.0123
    endloop
  endfacet
  facet normal -0.513952 0 -0.857819
    outer loop
      vertex 1.53204 -19.15 40.3662
      vertex 1.8056 -17.56 40.2023
      vertex 1.8056 -19.15 40.2023
    endloop
  endfacet
  facet normal -0.513952 0 -0.857819
    outer loop
      vertex 1.8056 -17.56 40.2023
      vertex 1.53204 -19.15 40.3662
      vertex 1.53204 -17.56 40.3662
    endloop
  endfacet
  facet normal 0.98917 0 -0.146776
    outer loop
      vertex -3.18755 -19.15 38.134
      vertex -3.23435 -17.56 37.8186
      vertex -3.18755 -17.56 38.134
    endloop
  endfacet
  facet normal 0.98917 0 -0.146776
    outer loop
      vertex -3.23435 -17.56 37.8186
      vertex -3.18755 -19.15 38.134
      vertex -3.23435 -19.15 37.8186
    endloop
  endfacet
  facet normal 0.941543 0 -0.336892
    outer loop
      vertex -3.00261 -19.15 38.7437
      vertex -3.11006 -17.56 38.4434
      vertex -3.00261 -17.56 38.7437
    endloop
  endfacet
  facet normal 0.941543 0 -0.336892
    outer loop
      vertex -3.11006 -17.56 38.4434
      vertex -3.00261 -19.15 38.7437
      vertex -3.11006 -19.15 38.4434
    endloop
  endfacet
  facet normal 0.857769 0 -0.514035
    outer loop
      vertex -2.70228 -19.15 39.3056
      vertex -2.86624 -17.56 39.032
      vertex -2.70228 -17.56 39.3056
    endloop
  endfacet
  facet normal 0.857769 0 -0.514035
    outer loop
      vertex -2.86624 -17.56 39.032
      vertex -2.70228 -19.15 39.3056
      vertex -2.86624 -19.15 39.032
    endloop
  endfacet
  facet normal -0.941543 0 -0.336892
    outer loop
      vertex 3.11006 -19.15 38.4434
      vertex 3.00261 -17.56 38.7437
      vertex 3.11006 -17.56 38.4434
    endloop
  endfacet
  facet normal -0.941543 -0 -0.336892
    outer loop
      vertex 3.00261 -17.56 38.7437
      vertex 3.11006 -19.15 38.4434
      vertex 3.00261 -19.15 38.7437
    endloop
  endfacet
endsolid OpenSCAD_Model
